#
# There is insufficient memory for the Java Runtime Environment to continue.
# Native memory allocation (mmap) failed to map 2256535552 bytes for G1 virtual space
# Possible reasons:
#   The system is out of physical RAM or swap space
#   The process is running with CompressedOops enabled, and the Java Heap may be blocking the growth of the native heap
# Possible solutions:
#   Reduce memory load on the system
#   Increase physical memory or swap space
#   Check if swap backing store is full
#   Decrease Java heap size (-Xmx/-Xms)
#   Decrease number of Java threads
#   Decrease Java thread stack sizes (-Xss)
#   Set larger code cache with -XX:ReservedCodeCacheSize=
#   JVM is running with Zero Based Compressed Oops mode in which the Java heap is
#     placed in the first 32GB address space. The Java Heap base address is the
#     maximum limit for the native heap growth. Please use -XX:HeapBaseMinAddress
#     to set the Java Heap base and to place the Java Heap above 32GB virtual address.
# This output file may be truncated or incomplete.
#
#  Out of Memory Error (os_windows.cpp:3552), pid=25696, tid=24248
#
# JRE version: Java(TM) SE Runtime Environment (17.0.19+9) (build 17.0.19+9-LTS-183)
# Java VM: Java HotSpot(TM) 64-Bit Server VM (17.0.19+9-LTS-183, mixed mode, sharing, tiered, compressed oops, compressed class ptrs, g1 gc, windows-amd64)
# No core dump will be written. Minidumps are not enabled by default on client versions of Windows
#

---------------  S U M M A R Y ------------

Command Line: -Xmx8g -XX:+IgnoreUnrecognizedVMOptions --add-modules=jdk.incubator.vector --add-opens=java.base/java.lang=ALL-UNNAMED --add-opens=java.base/java.lang.invoke=ALL-UNNAMED --add-opens=java.base/java.lang.reflect=ALL-UNNAMED --add-opens=java.base/java.io=ALL-UNNAMED --add-opens=java.base/java.net=ALL-UNNAMED --add-opens=java.base/java.nio=ALL-UNNAMED --add-opens=java.base/java.util=ALL-UNNAMED --add-opens=java.base/java.util.concurrent=ALL-UNNAMED --add-opens=java.base/java.util.concurrent.atomic=ALL-UNNAMED --add-opens=java.base/jdk.internal.ref=ALL-UNNAMED --add-opens=java.base/sun.nio.ch=ALL-UNNAMED --add-opens=java.base/sun.nio.cs=ALL-UNNAMED --add-opens=java.base/sun.security.action=ALL-UNNAMED --add-opens=java.base/sun.util.calendar=ALL-UNNAMED --add-opens=java.security.jgss/sun.security.krb5=ALL-UNNAMED -Dio.netty.tryReflectionSetAccessible=true -Dio.netty.allocator.type=pooled -Dio.netty.handler.ssl.defaultEndpointVerificationAlgorithm=NONE --sun-misc-unsafe-memory-access=allow --enable-native-access=ALL-UNNAMED -Dderby.connection.requireAuthentication=false org.apache.spark.deploy.SparkSubmit --conf spark.executor.memory=8g --conf spark.master=local[*] --conf spark.driver.memory=8g --conf spark.app.name=MeuNotebook --conf spark.driver.bindAddress=127.0.0.1 --conf spark.network.auth.enabled=false --conf spark.driver.host=127.0.0.1 pyspark-shell

Host: Intel(R) Core(TM) Ultra 5 135U, 14 cores, 15G,  Windows 11 , 64 bit Build 22621 (10.0.22621.7376)
Time: Thu Aug  6 11:48:36 2026 Hora oficial do Brasil elapsed time: 22.364175 seconds (0d 0h 0m 22s)

---------------  T H R E A D  ---------------

Current thread (0x000002455de6e940):  VMThread "VM Thread" [stack: 0x0000007d87900000,0x0000007d87a00000] [id=24248]

Stack: [0x0000007d87900000,0x0000007d87a00000]
Native frames: (J=compiled Java code, j=interpreted, Vv=VM code, C=native code)
V  [jvm.dll+0x67ee4a]
V  [jvm.dll+0x7dedab]
V  [jvm.dll+0x7e06ee]
V  [jvm.dll+0x7e0d73]
V  [jvm.dll+0x247b9f]
V  [jvm.dll+0x67be49]
V  [jvm.dll+0x670bb2]
V  [jvm.dll+0x306ee0]
V  [jvm.dll+0x306d82]
V  [jvm.dll+0x30e516]
V  [jvm.dll+0x35e08e]
V  [jvm.dll+0x35e2bd]
V  [jvm.dll+0x2ddd78]
V  [jvm.dll+0x2dc1b9]
V  [jvm.dll+0x2db98c]
V  [jvm.dll+0x31e6bb]
V  [jvm.dll+0x7e557b]
V  [jvm.dll+0x7e62a4]
V  [jvm.dll+0x7e67ce]
V  [jvm.dll+0x7e6bc5]
V  [jvm.dll+0x7e6c9e]
V  [jvm.dll+0x78ff8a]
V  [jvm.dll+0x67dd25]
C  [ucrtbase.dll+0x29333]
C  [KERNEL32.DLL+0x1259d]
C  [ntdll.dll+0x5afb8]

VM_Operation (0x0000007d8b0fbc70): G1CollectForAllocation, mode: safepoint, requested by thread 0x00000245a6ada260


---------------  P R O C E S S  ---------------

Threads class SMR info:
_java_thread_list=0x00000245af7139c0, length=142, elements={
0x000002453343bc50, 0x0000024560a39cb0, 0x0000024560a3ab20, 0x0000024560a4d300,
0x0000024560a4ecc0, 0x0000024560a4f670, 0x0000024560a53520, 0x0000024560a586e0,
0x0000024560a61190, 0x0000024560a84330, 0x000002455de63140, 0x0000024560d2f6a0,
0x00000245a8c0bd80, 0x00000245a7eba890, 0x00000245a8788970, 0x00000245a8787b00,
0x00000245a8787630, 0x00000245a87867c0, 0x00000245a8785480, 0x00000245a8788e40,
0x00000245a87884a0, 0x00000245a8785950, 0x00000245a8785e20, 0x00000245a8786c90,
0x00000245a8787fd0, 0x00000245a8adfe50, 0x00000245a8ade640, 0x00000245a8adeb10,
0x00000245a8ad8fa0, 0x00000245a8adefe0, 0x00000245a8adf4b0, 0x00000245a8ae0320,
0x00000245a8ad9940, 0x00000245a8adb150, 0x00000245a8add300, 0x00000245a8adf980,
0x00000245a8ada2e0, 0x00000245a8ad9e10, 0x00000245a8adbfc0, 0x00000245a8ad9470,
0x00000245a8adce30, 0x00000245a8add7d0, 0x00000245a8ad8ad0, 0x00000245a8ada7b0,
0x00000245a8adc490, 0x00000245a8adac80, 0x00000245a8adb620, 0x00000245a8adc960,
0x00000245a8addca0, 0x00000245a8ade170, 0x00000245a8cc7ab0, 0x00000245a8ccc7b0,
0x00000245a8cc7f80, 0x00000245a8ccb470, 0x00000245a8cc9c60, 0x00000245a8cc9790,
0x00000245a8cca130, 0x00000245a8cc5dd0, 0x00000245a8cc8450, 0x00000245a8cc62a0,
0x00000245a8ccc2e0, 0x00000245a8ccaad0, 0x00000245a8cca600, 0x00000245a9d80cb0,
0x00000245a9d824c0, 0x00000245a9d7eb00, 0x00000245a9d7f4a0, 0x00000245af627500,
0x00000245af620b20, 0x00000245af626b60, 0x00000245af626690, 0x00000245af627030,
0x00000245af620ff0, 0x00000245af6244e0, 0x00000245af6214c0, 0x00000245af621990,
0x00000245af625820, 0x00000245af6249b0, 0x00000245af621e60, 0x00000245af7ec620,
0x00000245af7ebc80, 0x00000245af7eae10, 0x00000245af7eb7b0, 0x00000245af9d0fb0,
0x00000245af513db0, 0x00000245af7ea610, 0x00000245af7e92d0, 0x00000245af7e9c70,
0x00000245af5150f0, 0x00000245a65aada0, 0x00000245af5138e0, 0x00000245a65ab270,
0x00000245af47c9b0, 0x00000245a71a0210, 0x00000245af5ad840, 0x00000245af5af050,
0x00000245af47c4e0, 0x00000245af9d1e20, 0x00000245af514c20, 0x00000245af514750,
0x00000245af47c010, 0x00000245a65ab740, 0x00000245af9d1950, 0x00000245af9d0610,
0x00000245a71a0bb0, 0x00000245a65abc10, 0x00000245aab5a410, 0x00000245aab59a70,
0x00000245aab5ca90, 0x00000245a65aa400, 0x00000245af7e97a0, 0x00000245af7ea140,
0x00000245aab5c5c0, 0x00000245a65aa8d0, 0x00000245af7e8e00, 0x00000245af420390,
0x00000245aaac8c40, 0x00000245af4c47d0, 0x00000245af5add10, 0x00000245af5ae1e0,
0x00000245af4c17b0, 0x00000245aab5b750, 0x00000245af41f050, 0x00000245af41f9f0,
0x00000245af41f520, 0x00000245aab5b280, 0x00000245af4c5170, 0x00000245af4c1c80,
0x00000245af41eb80, 0x00000245af41fec0, 0x00000245af9d0ae0, 0x00000245af9d1480,
0x00000245a71a1080, 0x00000245aa906880, 0x00000245af622330, 0x00000245af6279d0,
0x00000245af6231a0, 0x00000245aa9063b0, 0x00000245a71a1550, 0x00000245a71a1a20,
0x00000245af5ae6b0, 0x00000245a6ada260
}

Java Threads: ( => current thread )
  0x000002453343bc50 JavaThread "main" [_thread_in_native, id=23348, stack(0x0000007d87300000,0x0000007d87400000)]
  0x0000024560a39cb0 JavaThread "Reference Handler" daemon [_thread_blocked, id=10432, stack(0x0000007d87a00000,0x0000007d87b00000)]
  0x0000024560a3ab20 JavaThread "Finalizer" daemon [_thread_blocked, id=26096, stack(0x0000007d87b00000,0x0000007d87c00000)]
  0x0000024560a4d300 JavaThread "Signal Dispatcher" daemon [_thread_blocked, id=25024, stack(0x0000007d87c00000,0x0000007d87d00000)]
  0x0000024560a4ecc0 JavaThread "Attach Listener" daemon [_thread_blocked, id=31312, stack(0x0000007d87d00000,0x0000007d87e00000)]
  0x0000024560a4f670 JavaThread "Service Thread" daemon [_thread_blocked, id=13732, stack(0x0000007d87e00000,0x0000007d87f00000)]
  0x0000024560a53520 JavaThread "Monitor Deflation Thread" daemon [_thread_blocked, id=36036, stack(0x0000007d87f00000,0x0000007d88000000)]
  0x0000024560a586e0 JavaThread "C2 CompilerThread0" daemon [_thread_blocked, id=36996, stack(0x0000007d88000000,0x0000007d88100000)]
  0x0000024560a61190 JavaThread "C1 CompilerThread0" daemon [_thread_blocked, id=12564, stack(0x0000007d88100000,0x0000007d88200000)]
  0x0000024560a84330 JavaThread "Sweeper thread" daemon [_thread_blocked, id=2040, stack(0x0000007d88200000,0x0000007d88300000)]
  0x000002455de63140 JavaThread "Common-Cleaner" daemon [_thread_blocked, id=3176, stack(0x0000007d88300000,0x0000007d88400000)]
  0x0000024560d2f6a0 JavaThread "Notification Thread" daemon [_thread_blocked, id=5056, stack(0x0000007d88500000,0x0000007d88600000)]
  0x00000245a8c0bd80 JavaThread "Thread-1" [_thread_in_native, id=12168, stack(0x0000007d89400000,0x0000007d89500000)]
  0x00000245a7eba890 JavaThread "Thread-2" [_thread_in_native, id=39436, stack(0x0000007d89500000,0x0000007d89600000)]
  0x00000245a8788970 JavaThread "rpc-boss-3-1" daemon [_thread_in_native, id=29020, stack(0x0000007d89600000,0x0000007d89700000)]
  0x00000245a8787b00 JavaThread "dispatcher-event-loop-0" daemon [_thread_blocked, id=16400, stack(0x0000007d88400000,0x0000007d88500000)]
  0x00000245a8787630 JavaThread "dispatcher-event-loop-1" daemon [_thread_blocked, id=28092, stack(0x0000007d88b00000,0x0000007d88c00000)]
  0x00000245a87867c0 JavaThread "dispatcher-event-loop-2" daemon [_thread_blocked, id=40668, stack(0x0000007d89700000,0x0000007d89800000)]
  0x00000245a8785480 JavaThread "dispatcher-event-loop-3" daemon [_thread_blocked, id=20624, stack(0x0000007d89800000,0x0000007d89900000)]
  0x00000245a8788e40 JavaThread "dispatcher-event-loop-4" daemon [_thread_blocked, id=31052, stack(0x0000007d89900000,0x0000007d89a00000)]
  0x00000245a87884a0 JavaThread "dispatcher-event-loop-5" daemon [_thread_blocked, id=924, stack(0x0000007d89a00000,0x0000007d89b00000)]
  0x00000245a8785950 JavaThread "dispatcher-event-loop-6" daemon [_thread_blocked, id=32156, stack(0x0000007d89b00000,0x0000007d89c00000)]
  0x00000245a8785e20 JavaThread "dispatcher-event-loop-7" daemon [_thread_blocked, id=22268, stack(0x0000007d89c00000,0x0000007d89d00000)]
  0x00000245a8786c90 JavaThread "dispatcher-event-loop-8" daemon [_thread_blocked, id=7892, stack(0x0000007d89d00000,0x0000007d89e00000)]
  0x00000245a8787fd0 JavaThread "dispatcher-event-loop-9" daemon [_thread_blocked, id=33600, stack(0x0000007d89e00000,0x0000007d89f00000)]
  0x00000245a8adfe50 JavaThread "dispatcher-event-loop-10" daemon [_thread_blocked, id=23848, stack(0x0000007d89f00000,0x0000007d8a000000)]
  0x00000245a8ade640 JavaThread "dispatcher-event-loop-11" daemon [_thread_blocked, id=3324, stack(0x0000007d8a000000,0x0000007d8a100000)]
  0x00000245a8adeb10 JavaThread "dispatcher-event-loop-12" daemon [_thread_blocked, id=33204, stack(0x0000007d8a100000,0x0000007d8a200000)]
  0x00000245a8ad8fa0 JavaThread "dispatcher-event-loop-13" daemon [_thread_blocked, id=19228, stack(0x0000007d8a200000,0x0000007d8a300000)]
  0x00000245a8adefe0 JavaThread "map-output-dispatcher-0" daemon [_thread_blocked, id=22712, stack(0x0000007d8a300000,0x0000007d8a400000)]
  0x00000245a8adf4b0 JavaThread "map-output-dispatcher-1" daemon [_thread_blocked, id=25892, stack(0x0000007d8a400000,0x0000007d8a500000)]
  0x00000245a8ae0320 JavaThread "map-output-dispatcher-2" daemon [_thread_blocked, id=36696, stack(0x0000007d8a500000,0x0000007d8a600000)]
  0x00000245a8ad9940 JavaThread "map-output-dispatcher-3" daemon [_thread_blocked, id=3676, stack(0x0000007d8a600000,0x0000007d8a700000)]
  0x00000245a8adb150 JavaThread "map-output-dispatcher-4" daemon [_thread_blocked, id=19336, stack(0x0000007d8a700000,0x0000007d8a800000)]
  0x00000245a8add300 JavaThread "map-output-dispatcher-5" daemon [_thread_blocked, id=5156, stack(0x0000007d8a800000,0x0000007d8a900000)]
  0x00000245a8adf980 JavaThread "map-output-dispatcher-6" daemon [_thread_blocked, id=13472, stack(0x0000007d8a900000,0x0000007d8aa00000)]
  0x00000245a8ada2e0 JavaThread "map-output-dispatcher-7" daemon [_thread_blocked, id=20192, stack(0x0000007d8aa00000,0x0000007d8ab00000)]
  0x00000245a8ad9e10 JavaThread "dispatcher-BlockManagerMaster" daemon [_thread_blocked, id=38208, stack(0x0000007d8ab00000,0x0000007d8ac00000)]
  0x00000245a8adbfc0 JavaThread "dispatcher-BlockManagerEndpoint1" daemon [_thread_blocked, id=29552, stack(0x0000007d8ac00000,0x0000007d8ad00000)]
  0x00000245a8ad9470 JavaThread "RemoteBlock-temp-file-clean-thread" daemon [_thread_blocked, id=32384, stack(0x0000007d8ad00000,0x0000007d8ae00000)]
  0x00000245a8adce30 JavaThread "refresh progress" daemon [_thread_blocked, id=26616, stack(0x0000007d8ae00000,0x0000007d8af00000)]
  0x00000245a8add7d0 JavaThread "Thread-4" [_thread_in_native, id=12144, stack(0x0000007d8b100000,0x0000007d8b200000)]
  0x00000245a8ad8ad0 JavaThread "SparkUI-48" daemon [_thread_in_native, id=18504, stack(0x0000007d8b200000,0x0000007d8b300000)]
  0x00000245a8ada7b0 JavaThread "SparkUI-49" daemon [_thread_in_native, id=40080, stack(0x0000007d8b300000,0x0000007d8b400000)]
  0x00000245a8adc490 JavaThread "SparkUI-50" daemon [_thread_in_native, id=34536, stack(0x0000007d8b400000,0x0000007d8b500000)]
  0x00000245a8adac80 JavaThread "SparkUI-51" daemon [_thread_in_native, id=32444, stack(0x0000007d8b500000,0x0000007d8b600000)]
  0x00000245a8adb620 JavaThread "SparkUI-52" daemon [_thread_in_native, id=39580, stack(0x0000007d8b600000,0x0000007d8b700000)]
  0x00000245a8adc960 JavaThread "SparkUI-53" daemon [_thread_in_native, id=22524, stack(0x0000007d8b700000,0x0000007d8b800000)]
  0x00000245a8addca0 JavaThread "SparkUI-54" daemon [_thread_in_native, id=32480, stack(0x0000007d8b800000,0x0000007d8b900000)]
  0x00000245a8ade170 JavaThread "SparkUI-55-acceptor-0@720dc98a-osjs.ServerConnector@7cca29bb{HTTP/1.1, (http/1.1)}{127.0.0.1:4041}" daemon [_thread_in_native, id=28508, stack(0x0000007d8b900000,0x0000007d8ba00000)]
  0x00000245a8cc7ab0 JavaThread "dispatcher-HeartbeatReceiver" daemon [_thread_blocked, id=27068, stack(0x0000007d8ba00000,0x0000007d8bb00000)]
  0x00000245a8ccc7b0 JavaThread "heartbeat-receiver-event-loop-thread" daemon [_thread_blocked, id=28104, stack(0x0000007d8bb00000,0x0000007d8bc00000)]
  0x00000245a8cc7f80 JavaThread "netty-rpc-env-timeout" daemon [_thread_blocked, id=8916, stack(0x0000007d8bc00000,0x0000007d8bd00000)]
  0x00000245a8ccb470 JavaThread "dag-scheduler-event-loop" daemon [_thread_blocked, id=22980, stack(0x0000007d8bd00000,0x0000007d8be00000)]
  0x00000245a8cc9c60 JavaThread "driver-heartbeater" daemon [_thread_blocked, id=10804, stack(0x0000007d8be00000,0x0000007d8bf00000)]
  0x00000245a8cc9790 JavaThread "executor-kill-mark-cleanup" daemon [_thread_blocked, id=27532, stack(0x0000007d8bf00000,0x0000007d8c000000)]
  0x00000245a8cca130 JavaThread "executor-heartbeater" daemon [_thread_blocked, id=38852, stack(0x0000007d8c000000,0x0000007d8c100000)]
  0x00000245a8cc5dd0 JavaThread "shuffle-boss-6-1" daemon [_thread_blocked, id=28436, stack(0x0000007d8c100000,0x0000007d8c200000)]
  0x00000245a8cc8450 JavaThread "Spark Context Cleaner" daemon [_thread_blocked, id=12532, stack(0x0000007d8c200000,0x0000007d8c300000)]
  0x00000245a8cc62a0 JavaThread "context-cleaner-periodic-gc" daemon [_thread_blocked, id=11376, stack(0x0000007d8c300000,0x0000007d8c400000)]
  0x00000245a8ccc2e0 JavaThread "spark-listener-group-appStatus" daemon [_thread_blocked, id=35692, stack(0x0000007d8c400000,0x0000007d8c500000)]
  0x00000245a8ccaad0 JavaThread "spark-listener-group-executorManagement" daemon [_thread_blocked, id=12724, stack(0x0000007d8c500000,0x0000007d8c600000)]
  0x00000245a8cca600 JavaThread "element-tracking-store-worker" daemon [_thread_blocked, id=3344, stack(0x0000007d8c600000,0x0000007d8c700000)]
  0x00000245a9d80cb0 JavaThread "org.apache.hadoop.fs.FileSystem$Statistics$StatisticsDataReferenceCleaner" daemon [_thread_blocked, id=12796, stack(0x0000007d8af00000,0x0000007d8b000000)]
  0x00000245a9d824c0 JavaThread "Cleaner-0" daemon [_thread_blocked, id=21220, stack(0x0000007d8c700000,0x0000007d8c800000)]
  0x00000245a9d7eb00 JavaThread "Executor task idle worker#71" daemon [_thread_blocked, id=5228, stack(0x0000007d8d100000,0x0000007d8d200000)]
  0x00000245a9d7f4a0 JavaThread "Executor task idle worker#72" daemon [_thread_blocked, id=720, stack(0x0000007d8d200000,0x0000007d8d300000)]
  0x00000245af627500 JavaThread "Executor task idle worker#73" daemon [_thread_blocked, id=15276, stack(0x0000007d8d300000,0x0000007d8d400000)]
  0x00000245af620b20 JavaThread "Executor task idle worker#74" daemon [_thread_blocked, id=4064, stack(0x0000007d8d400000,0x0000007d8d500000)]
  0x00000245af626b60 JavaThread "Executor task idle worker#75" daemon [_thread_blocked, id=30540, stack(0x0000007d8d500000,0x0000007d8d600000)]
  0x00000245af626690 JavaThread "Executor task idle worker#76" daemon [_thread_blocked, id=12612, stack(0x0000007d8d600000,0x0000007d8d700000)]
  0x00000245af627030 JavaThread "Executor task idle worker#77" daemon [_thread_blocked, id=7356, stack(0x0000007d8d700000,0x0000007d8d800000)]
  0x00000245af620ff0 JavaThread "Executor task idle worker#78" daemon [_thread_blocked, id=11140, stack(0x0000007d8d800000,0x0000007d8d900000)]
  0x00000245af6244e0 JavaThread "Executor task idle worker#79" daemon [_thread_blocked, id=22612, stack(0x0000007d8d900000,0x0000007d8da00000)]
  0x00000245af6214c0 JavaThread "Executor task idle worker#80" daemon [_thread_blocked, id=16552, stack(0x0000007d8da00000,0x0000007d8db00000)]
  0x00000245af621990 JavaThread "Executor task idle worker#81" daemon [_thread_blocked, id=12908, stack(0x0000007d8db00000,0x0000007d8dc00000)]
  0x00000245af625820 JavaThread "Executor task idle worker#82" daemon [_thread_blocked, id=34208, stack(0x0000007d8dc00000,0x0000007d8dd00000)]
  0x00000245af6249b0 JavaThread "Executor task idle worker#83" daemon [_thread_blocked, id=15076, stack(0x0000007d8dd00000,0x0000007d8de00000)]
  0x00000245af621e60 JavaThread "Executor task idle worker#84" daemon [_thread_blocked, id=26740, stack(0x0000007d8de00000,0x0000007d8df00000)]
  0x00000245af7ec620 JavaThread "task-result-getter-0" daemon [_thread_blocked, id=31924, stack(0x0000007d8df00000,0x0000007d8e000000)]
  0x00000245af7ebc80 JavaThread "task-result-getter-1" daemon [_thread_blocked, id=19676, stack(0x0000007d8e000000,0x0000007d8e100000)]
  0x00000245af7eae10 JavaThread "task-result-getter-2" daemon [_thread_blocked, id=20360, stack(0x0000007d8e100000,0x0000007d8e200000)]
  0x00000245af7eb7b0 JavaThread "task-result-getter-3" daemon [_thread_blocked, id=19076, stack(0x0000007d8e200000,0x0000007d8e300000)]
  0x00000245af9d0fb0 JavaThread "shuffle-client-5-1" daemon [_thread_in_native, id=39872, stack(0x0000007d8e300000,0x0000007d8e400000)]
  0x00000245af513db0 JavaThread "shuffle-server-7-1" daemon [_thread_in_native, id=14752, stack(0x0000007d8e500000,0x0000007d8e600000)]
  0x00000245af7ea610 JavaThread "block-manager-storage-async-thread-pool-0" daemon [_thread_blocked, id=18564, stack(0x0000007d8d000000,0x0000007d8d100000)]
  0x00000245af7e92d0 JavaThread "block-manager-storage-async-thread-pool-1" daemon [_thread_blocked, id=23180, stack(0x0000007d8e600000,0x0000007d8e700000)]
  0x00000245af7e9c70 JavaThread "block-manager-storage-async-thread-pool-2" daemon [_thread_blocked, id=3756, stack(0x0000007d8e700000,0x0000007d8e800000)]
  0x00000245af5150f0 JavaThread "block-manager-storage-async-thread-pool-3" daemon [_thread_blocked, id=23880, stack(0x0000007d8e800000,0x0000007d8e900000)]
  0x00000245a65aada0 JavaThread "block-manager-storage-async-thread-pool-4" daemon [_thread_blocked, id=30572, stack(0x0000007d8e900000,0x0000007d8ea00000)]
  0x00000245af5138e0 JavaThread "block-manager-storage-async-thread-pool-5" daemon [_thread_blocked, id=30832, stack(0x0000007d8ea00000,0x0000007d8eb00000)]
  0x00000245a65ab270 JavaThread "block-manager-storage-async-thread-pool-6" daemon [_thread_blocked, id=28820, stack(0x0000007d8eb00000,0x0000007d8ec00000)]
  0x00000245af47c9b0 JavaThread "block-manager-ask-thread-pool-0" daemon [_thread_blocked, id=24180, stack(0x0000007d8ec00000,0x0000007d8ed00000)]
  0x00000245a71a0210 JavaThread "block-manager-ask-thread-pool-1" daemon [_thread_blocked, id=39788, stack(0x0000007d8ed00000,0x0000007d8ee00000)]
  0x00000245af5ad840 JavaThread "block-manager-storage-async-thread-pool-7" daemon [_thread_blocked, id=26984, stack(0x0000007d8ee00000,0x0000007d8ef00000)]
  0x00000245af5af050 JavaThread "block-manager-storage-async-thread-pool-8" daemon [_thread_blocked, id=38464, stack(0x0000007d8ef00000,0x0000007d8f000000)]
  0x00000245af47c4e0 JavaThread "block-manager-storage-async-thread-pool-9" daemon [_thread_blocked, id=12572, stack(0x0000007d8f000000,0x0000007d8f100000)]
  0x00000245af9d1e20 JavaThread "block-manager-ask-thread-pool-2" daemon [_thread_blocked, id=17468, stack(0x0000007d8f100000,0x0000007d8f200000)]
  0x00000245af514c20 JavaThread "block-manager-storage-async-thread-pool-10" daemon [_thread_blocked, id=36596, stack(0x0000007d8f200000,0x0000007d8f300000)]
  0x00000245af514750 JavaThread "block-manager-storage-async-thread-pool-11" daemon [_thread_blocked, id=26916, stack(0x0000007d8f300000,0x0000007d8f400000)]
  0x00000245af47c010 JavaThread "block-manager-ask-thread-pool-3" daemon [_thread_blocked, id=19836, stack(0x0000007d8f400000,0x0000007d8f500000)]
  0x00000245a65ab740 JavaThread "block-manager-storage-async-thread-pool-12" daemon [_thread_blocked, id=16312, stack(0x0000007d8f500000,0x0000007d8f600000)]
  0x00000245af9d1950 JavaThread "block-manager-storage-async-thread-pool-13" daemon [_thread_blocked, id=2056, stack(0x0000007d8f600000,0x0000007d8f700000)]
  0x00000245af9d0610 JavaThread "block-manager-storage-async-thread-pool-14" daemon [_thread_blocked, id=38796, stack(0x0000007d8f700000,0x0000007d8f800000)]
  0x00000245a71a0bb0 JavaThread "block-manager-ask-thread-pool-4" daemon [_thread_blocked, id=26872, stack(0x0000007d8f800000,0x0000007d8f900000)]
  0x00000245a65abc10 JavaThread "block-manager-storage-async-thread-pool-15" daemon [_thread_blocked, id=36336, stack(0x0000007d8f900000,0x0000007d8fa00000)]
  0x00000245aab5a410 JavaThread "block-manager-storage-async-thread-pool-16" daemon [_thread_blocked, id=36488, stack(0x0000007d8fa00000,0x0000007d8fb00000)]
  0x00000245aab59a70 JavaThread "block-manager-storage-async-thread-pool-17" daemon [_thread_blocked, id=19008, stack(0x0000007d8fb00000,0x0000007d8fc00000)]
  0x00000245aab5ca90 JavaThread "block-manager-ask-thread-pool-5" daemon [_thread_blocked, id=40344, stack(0x0000007d8fc00000,0x0000007d8fd00000)]
  0x00000245a65aa400 JavaThread "block-manager-storage-async-thread-pool-18" daemon [_thread_blocked, id=8420, stack(0x0000007d8fd00000,0x0000007d8fe00000)]
  0x00000245af7e97a0 JavaThread "block-manager-storage-async-thread-pool-19" daemon [_thread_blocked, id=23184, stack(0x0000007d8fe00000,0x0000007d8ff00000)]
  0x00000245af7ea140 JavaThread "block-manager-storage-async-thread-pool-20" daemon [_thread_blocked, id=40652, stack(0x0000007d8ff00000,0x0000007d90000000)]
  0x00000245aab5c5c0 JavaThread "block-manager-ask-thread-pool-6" daemon [_thread_blocked, id=4444, stack(0x0000007d90000000,0x0000007d90100000)]
  0x00000245a65aa8d0 JavaThread "block-manager-storage-async-thread-pool-21" daemon [_thread_blocked, id=14668, stack(0x0000007d90100000,0x0000007d90200000)]
  0x00000245af7e8e00 JavaThread "block-manager-storage-async-thread-pool-22" daemon [_thread_blocked, id=13048, stack(0x0000007d90200000,0x0000007d90300000)]
  0x00000245af420390 JavaThread "block-manager-storage-async-thread-pool-23" daemon [_thread_blocked, id=26760, stack(0x0000007d90300000,0x0000007d90400000)]
  0x00000245aaac8c40 JavaThread "block-manager-ask-thread-pool-7" daemon [_thread_blocked, id=15196, stack(0x0000007d90400000,0x0000007d90500000)]
  0x00000245af4c47d0 JavaThread "block-manager-storage-async-thread-pool-24" daemon [_thread_blocked, id=30888, stack(0x0000007d90500000,0x0000007d90600000)]
  0x00000245af5add10 JavaThread "block-manager-storage-async-thread-pool-25" daemon [_thread_blocked, id=27668, stack(0x0000007d90600000,0x0000007d90700000)]
  0x00000245af5ae1e0 JavaThread "block-manager-storage-async-thread-pool-26" daemon [_thread_blocked, id=7268, stack(0x0000007d90700000,0x0000007d90800000)]
  0x00000245af4c17b0 JavaThread "block-manager-ask-thread-pool-8" daemon [_thread_blocked, id=23484, stack(0x0000007d90800000,0x0000007d90900000)]
  0x00000245aab5b750 JavaThread "block-manager-storage-async-thread-pool-27" daemon [_thread_blocked, id=14536, stack(0x0000007d90900000,0x0000007d90a00000)]
  0x00000245af41f050 JavaThread "block-manager-storage-async-thread-pool-28" daemon [_thread_blocked, id=708, stack(0x0000007d90a00000,0x0000007d90b00000)]
  0x00000245af41f9f0 JavaThread "block-manager-storage-async-thread-pool-29" daemon [_thread_blocked, id=6836, stack(0x0000007d90b00000,0x0000007d90c00000)]
  0x00000245af41f520 JavaThread "block-manager-ask-thread-pool-9" daemon [_thread_blocked, id=40008, stack(0x0000007d90c00000,0x0000007d90d00000)]
  0x00000245aab5b280 JavaThread "block-manager-storage-async-thread-pool-30" daemon [_thread_blocked, id=25472, stack(0x0000007d90d00000,0x0000007d90e00000)]
  0x00000245af4c5170 JavaThread "block-manager-storage-async-thread-pool-31" daemon [_thread_blocked, id=32412, stack(0x0000007d90e00000,0x0000007d90f00000)]
  0x00000245af4c1c80 JavaThread "block-manager-storage-async-thread-pool-32" daemon [_thread_blocked, id=15624, stack(0x0000007d90f00000,0x0000007d91000000)]
  0x00000245af41eb80 JavaThread "block-manager-ask-thread-pool-10" daemon [_thread_blocked, id=35908, stack(0x0000007d91000000,0x0000007d91100000)]
  0x00000245af41fec0 JavaThread "block-manager-storage-async-thread-pool-33" daemon [_thread_blocked, id=21496, stack(0x0000007d91100000,0x0000007d91200000)]
  0x00000245af9d0ae0 JavaThread "block-manager-storage-async-thread-pool-34" daemon [_thread_blocked, id=28348, stack(0x0000007d91200000,0x0000007d91300000)]
  0x00000245af9d1480 JavaThread "block-manager-storage-async-thread-pool-35" daemon [_thread_blocked, id=8220, stack(0x0000007d91300000,0x0000007d91400000)]
  0x00000245a71a1080 JavaThread "block-manager-ask-thread-pool-11" daemon [_thread_blocked, id=40028, stack(0x0000007d91400000,0x0000007d91500000)]
  0x00000245aa906880 JavaThread "block-manager-storage-async-thread-pool-36" daemon [_thread_blocked, id=16080, stack(0x0000007d91500000,0x0000007d91600000)]
  0x00000245af622330 JavaThread "block-manager-storage-async-thread-pool-37" daemon [_thread_blocked, id=20452, stack(0x0000007d91600000,0x0000007d91700000)]
  0x00000245af6279d0 JavaThread "block-manager-storage-async-thread-pool-38" daemon [_thread_blocked, id=31820, stack(0x0000007d91700000,0x0000007d91800000)]
  0x00000245af6231a0 JavaThread "block-manager-ask-thread-pool-12" daemon [_thread_blocked, id=28268, stack(0x0000007d91800000,0x0000007d91900000)]
  0x00000245aa9063b0 JavaThread "block-manager-storage-async-thread-pool-39" daemon [_thread_blocked, id=26836, stack(0x0000007d91900000,0x0000007d91a00000)]
  0x00000245a71a1550 JavaThread "block-manager-storage-async-thread-pool-40" daemon [_thread_blocked, id=38448, stack(0x0000007d91a00000,0x0000007d91b00000)]
  0x00000245a71a1a20 JavaThread "block-manager-storage-async-thread-pool-41" daemon [_thread_blocked, id=4108, stack(0x0000007d91b00000,0x0000007d91c00000)]
  0x00000245af5ae6b0 JavaThread "block-manager-ask-thread-pool-13" daemon [_thread_blocked, id=40544, stack(0x0000007d91c00000,0x0000007d91d00000)]
  0x00000245a6ada260 JavaThread "serve-Arrow" daemon [_thread_blocked, id=21892, stack(0x0000007d8b000000,0x0000007d8b100000)]

Other Threads:
=>0x000002455de6e940 VMThread "VM Thread" [stack: 0x0000007d87900000,0x0000007d87a00000] [id=24248]
  0x0000024560d31b80 WatcherThread [stack: 0x0000007d88600000,0x0000007d88700000] [id=1008]
  0x000002455dcb19b0 GCTaskThread "GC Thread#0" [stack: 0x0000007d87400000,0x0000007d87500000] [id=5008]
  0x00000245a653c030 GCTaskThread "GC Thread#1" [stack: 0x0000007d88700000,0x0000007d88800000] [id=11020]
  0x00000245a653c2f0 GCTaskThread "GC Thread#2" [stack: 0x0000007d88800000,0x0000007d88900000] [id=27676]
  0x0000024560db6340 GCTaskThread "GC Thread#3" [stack: 0x0000007d88900000,0x0000007d88a00000] [id=31020]
  0x0000024560db6600 GCTaskThread "GC Thread#4" [stack: 0x0000007d88a00000,0x0000007d88b00000] [id=37400]
  0x00000245a85f80f0 GCTaskThread "GC Thread#5" [stack: 0x0000007d88c00000,0x0000007d88d00000] [id=1644]
  0x00000245a85f7b70 GCTaskThread "GC Thread#6" [stack: 0x0000007d88d00000,0x0000007d88e00000] [id=39552]
  0x00000245a85f83b0 GCTaskThread "GC Thread#7" [stack: 0x0000007d88e00000,0x0000007d88f00000] [id=40796]
  0x00000245a8a1d6e0 GCTaskThread "GC Thread#8" [stack: 0x0000007d88f00000,0x0000007d89000000] [id=21224]
  0x00000245a8a1d9a0 GCTaskThread "GC Thread#9" [stack: 0x0000007d89000000,0x0000007d89100000] [id=25280]
  0x00000245a8a1d160 GCTaskThread "GC Thread#10" [stack: 0x0000007d89100000,0x0000007d89200000] [id=28240]
  0x00000245334b8670 ConcurrentGCThread "G1 Main Marker" [stack: 0x0000007d87500000,0x0000007d87600000] [id=11204]
  0x00000245334b9820 ConcurrentGCThread "G1 Conc#0" [stack: 0x0000007d87600000,0x0000007d87700000] [id=32892]
  0x00000245a8a1c660 ConcurrentGCThread "G1 Conc#1" [stack: 0x0000007d89200000,0x0000007d89300000] [id=34440]
  0x00000245a8a1dc60 ConcurrentGCThread "G1 Conc#2" [stack: 0x0000007d89300000,0x0000007d89400000] [id=18796]
  0x00000245334dea20 ConcurrentGCThread "G1 Refine#0" [stack: 0x0000007d87700000,0x0000007d87800000] [id=4440]
  0x00000245a9db7f60 ConcurrentGCThread "G1 Refine#1" [stack: 0x0000007d8c800000,0x0000007d8c900000] [id=38260]
  0x00000245a9db5f10 ConcurrentGCThread "G1 Refine#2" [stack: 0x0000007d8c900000,0x0000007d8ca00000] [id=32680]
  0x00000245a9db7690 ConcurrentGCThread "G1 Refine#3" [stack: 0x0000007d8ca00000,0x0000007d8cb00000] [id=29476]
  0x00000245a9db5350 ConcurrentGCThread "G1 Refine#4" [stack: 0x0000007d8cb00000,0x0000007d8cc00000] [id=26244]
  0x00000245a9db8540 ConcurrentGCThread "G1 Refine#5" [stack: 0x0000007d8cc00000,0x0000007d8cd00000] [id=29920]
  0x00000245a9db5c20 ConcurrentGCThread "G1 Refine#6" [stack: 0x0000007d8cd00000,0x0000007d8ce00000] [id=15008]
  0x00000245a9db5930 ConcurrentGCThread "G1 Refine#7" [stack: 0x0000007d8ce00000,0x0000007d8cf00000] [id=30724]
  0x00000245afd2b0f0 ConcurrentGCThread "G1 Refine#8" [stack: 0x0000007d91e00000,0x0000007d91f00000] [id=14396]
  0x00000245afd2bfa0 ConcurrentGCThread "G1 Refine#9" [stack: 0x0000007d91f00000,0x0000007d92000000] [id=33728]
  0x00000245afd2a820 ConcurrentGCThread "G1 Refine#10" [stack: 0x0000007d92000000,0x0000007d92100000] [id=30212]
  0x000002455dd275d0 ConcurrentGCThread "G1 Service" [stack: 0x0000007d87800000,0x0000007d87900000] [id=23016]

Threads with active compile tasks:

VM state: at safepoint (normal execution)

VM Mutex/Monitor currently owned by a thread:  ([mutex/lock_event])
[0x00000245334369d0] Threads_lock - owner thread: 0x000002455de6e940
[0x0000024533436790] Heap_lock - owner thread: 0x00000245a6ada260

Heap address: 0x0000000600000000, size: 8192 MB, Compressed Oops mode: Zero based, Oop shift amount: 3

CDS archive(s) mapped at: [0x0000024561000000-0x0000024561bd0000-0x0000024561bd0000), size 12386304, SharedBaseAddress: 0x0000024561000000, ArchiveRelocationMode: 1.
Compressed class space mapped at: 0x0000024562000000-0x00000245a2000000, reserved size: 1073741824
Narrow klass base: 0x0000024561000000, Narrow klass shift: 0, Narrow klass range: 0x100000000

GC Precious Log:
 CPUs: 14 total, 14 available
 Memory: 15785M
 Large Page Support: Disabled
 NUMA Support: Disabled
 Compressed Oops: Enabled (Zero based)
 Heap Region Size: 4M
 Heap Min Capacity: 8M
 Heap Initial Capacity: 248M
 Heap Max Capacity: 8G
 Pre-touch: Disabled
 Parallel Workers: 11
 Concurrent Workers: 3
 Concurrent Refinement Workers: 11
 Periodic GC: Disabled

Heap:
 garbage-first heap   total 2875392K, used 2173637K [0x0000000600000000, 0x0000000800000000)
  region size 4096K, 10 young (40960K), 10 survivors (40960K)
 Metaspace       used 124353K, committed 125504K, reserved 1179648K
  class space    used 16153K, committed 16704K, reserved 1048576K

Heap Regions: E=young(eden), S=young(survivor), O=old, HS=humongous(starts), HC=humongous(continues), CS=collection set, F=free, OA=open archive, CA=closed archive, TAMS=top-at-mark-start (previous, next)
|   0|0x0000000600000000, 0x0000000600400000, 0x0000000600400000|100%|HS|  |TAMS 0x0000000600400000, 0x0000000600400000| Complete 
|   1|0x0000000600400000, 0x0000000600800000, 0x0000000600800000|100%| O|  |TAMS 0x0000000600800000, 0x0000000600800000| Untracked 
|   2|0x0000000600800000, 0x0000000600c00000, 0x0000000600c00000|100%| O|  |TAMS 0x0000000600c00000, 0x0000000600c00000| Untracked 
|   3|0x0000000600c00000, 0x0000000601000000, 0x0000000601000000|100%| O|  |TAMS 0x0000000601000000, 0x0000000601000000| Untracked 
|   4|0x0000000601000000, 0x0000000601400000, 0x0000000601400000|100%| O|  |TAMS 0x0000000601400000, 0x0000000601400000| Untracked 
|   5|0x0000000601400000, 0x0000000601800000, 0x0000000601800000|100%| O|  |TAMS 0x0000000601800000, 0x0000000601800000| Untracked 
|   6|0x0000000601800000, 0x0000000601c00000, 0x0000000601c00000|100%| O|  |TAMS 0x0000000601c00000, 0x0000000601c00000| Untracked 
|   7|0x0000000601c00000, 0x0000000602000000, 0x0000000602000000|100%| O|  |TAMS 0x0000000602000000, 0x0000000602000000| Untracked 
|   8|0x0000000602000000, 0x0000000602400000, 0x0000000602400000|100%| O|  |TAMS 0x0000000602400000, 0x0000000602400000| Untracked 
|   9|0x0000000602400000, 0x0000000602800000, 0x0000000602800000|100%| O|  |TAMS 0x0000000602800000, 0x0000000602800000| Untracked 
|  10|0x0000000602800000, 0x0000000602c00000, 0x0000000602c00000|100%| O|  |TAMS 0x0000000602c00000, 0x0000000602c00000| Untracked 
|  11|0x0000000602c00000, 0x0000000603000000, 0x0000000603000000|100%| O|  |TAMS 0x0000000603000000, 0x0000000603000000| Untracked 
|  12|0x0000000603000000, 0x0000000603400000, 0x0000000603400000|100%| O|  |TAMS 0x0000000603400000, 0x0000000603400000| Untracked 
|  13|0x0000000603400000, 0x0000000603800000, 0x0000000603800000|100%| O|  |TAMS 0x0000000603800000, 0x0000000603800000| Untracked 
|  14|0x0000000603800000, 0x0000000603c00000, 0x0000000603c00000|100%| O|  |TAMS 0x0000000603c00000, 0x0000000603c00000| Untracked 
|  15|0x0000000603c00000, 0x0000000604000000, 0x0000000604000000|100%| O|  |TAMS 0x0000000604000000, 0x0000000604000000| Untracked 
|  16|0x0000000604000000, 0x0000000604400000, 0x0000000604400000|100%| O|  |TAMS 0x0000000604400000, 0x0000000604400000| Untracked 
|  17|0x0000000604400000, 0x0000000604800000, 0x0000000604800000|100%|HS|  |TAMS 0x0000000604800000, 0x0000000604800000| Complete 
|  18|0x0000000604800000, 0x0000000604c00000, 0x0000000604c00000|100%| O|  |TAMS 0x0000000604c00000, 0x0000000604c00000| Untracked 
|  19|0x0000000604c00000, 0x0000000605000000, 0x0000000605000000|100%| O|  |TAMS 0x0000000605000000, 0x0000000605000000| Untracked 
|  20|0x0000000605000000, 0x0000000605400000, 0x0000000605400000|100%| O|  |TAMS 0x0000000605400000, 0x0000000605400000| Untracked 
|  21|0x0000000605400000, 0x0000000605800000, 0x0000000605800000|100%| O|  |TAMS 0x0000000605800000, 0x0000000605800000| Untracked 
|  22|0x0000000605800000, 0x0000000605c00000, 0x0000000605c00000|100%| O|  |TAMS 0x0000000605c00000, 0x0000000605c00000| Untracked 
|  23|0x0000000605c00000, 0x0000000606000000, 0x0000000606000000|100%| O|  |TAMS 0x0000000606000000, 0x0000000606000000| Untracked 
|  24|0x0000000606000000, 0x0000000606400000, 0x0000000606400000|100%| O|  |TAMS 0x0000000606400000, 0x0000000606400000| Untracked 
|  25|0x0000000606400000, 0x0000000606800000, 0x0000000606800000|100%| O|  |TAMS 0x0000000606800000, 0x0000000606800000| Untracked 
|  26|0x0000000606800000, 0x0000000606c00000, 0x0000000606c00000|100%| O|  |TAMS 0x0000000606c00000, 0x0000000606c00000| Untracked 
|  27|0x0000000606c00000, 0x0000000607000000, 0x0000000607000000|100%| O|  |TAMS 0x0000000607000000, 0x0000000607000000| Untracked 
|  28|0x0000000607000000, 0x0000000607400000, 0x0000000607400000|100%| O|  |TAMS 0x0000000607400000, 0x0000000607400000| Untracked 
|  29|0x0000000607400000, 0x0000000607800000, 0x0000000607800000|100%| O|  |TAMS 0x0000000607800000, 0x0000000607800000| Untracked 
|  30|0x0000000607800000, 0x0000000607c00000, 0x0000000607c00000|100%| O|  |TAMS 0x0000000607c00000, 0x0000000607c00000| Untracked 
|  31|0x0000000607c00000, 0x0000000608000000, 0x0000000608000000|100%| O|  |TAMS 0x0000000608000000, 0x0000000608000000| Untracked 
|  32|0x0000000608000000, 0x0000000608400000, 0x0000000608400000|100%| O|  |TAMS 0x0000000608400000, 0x0000000608400000| Untracked 
|  33|0x0000000608400000, 0x0000000608800000, 0x0000000608800000|100%|HS|  |TAMS 0x0000000608800000, 0x0000000608800000| Complete 
|  34|0x0000000608800000, 0x0000000608c00000, 0x0000000608c00000|100%| O|  |TAMS 0x0000000608c00000, 0x0000000608c00000| Untracked 
|  35|0x0000000608c00000, 0x0000000609000000, 0x0000000609000000|100%|HS|  |TAMS 0x0000000609000000, 0x0000000609000000| Complete 
|  36|0x0000000609000000, 0x0000000609400000, 0x0000000609400000|100%| O|  |TAMS 0x0000000609400000, 0x0000000609400000| Untracked 
|  37|0x0000000609400000, 0x0000000609800000, 0x0000000609800000|100%| O|  |TAMS 0x0000000609800000, 0x0000000609800000| Untracked 
|  38|0x0000000609800000, 0x0000000609c00000, 0x0000000609c00000|100%|HS|  |TAMS 0x0000000609c00000, 0x0000000609c00000| Complete 
|  39|0x0000000609c00000, 0x000000060a000000, 0x000000060a000000|100%| O|  |TAMS 0x000000060a000000, 0x000000060a000000| Untracked 
|  40|0x000000060a000000, 0x000000060a400000, 0x000000060a400000|100%| O|  |TAMS 0x000000060a400000, 0x000000060a400000| Untracked 
|  41|0x000000060a400000, 0x000000060a800000, 0x000000060a800000|100%| O|  |TAMS 0x000000060a800000, 0x000000060a800000| Untracked 
|  42|0x000000060a800000, 0x000000060ac00000, 0x000000060ac00000|100%| O|  |TAMS 0x000000060ac00000, 0x000000060ac00000| Untracked 
|  43|0x000000060ac00000, 0x000000060b000000, 0x000000060b000000|100%| O|  |TAMS 0x000000060b000000, 0x000000060b000000| Untracked 
|  44|0x000000060b000000, 0x000000060b400000, 0x000000060b400000|100%| O|  |TAMS 0x000000060b400000, 0x000000060b400000| Untracked 
|  45|0x000000060b400000, 0x000000060b800000, 0x000000060b800000|100%| O|  |TAMS 0x000000060b800000, 0x000000060b800000| Untracked 
|  46|0x000000060b800000, 0x000000060bc00000, 0x000000060bc00000|100%| O|  |TAMS 0x000000060bc00000, 0x000000060bc00000| Untracked 
|  47|0x000000060bc00000, 0x000000060c000000, 0x000000060c000000|100%| O|  |TAMS 0x000000060c000000, 0x000000060c000000| Untracked 
|  48|0x000000060c000000, 0x000000060c400000, 0x000000060c400000|100%| O|  |TAMS 0x000000060c400000, 0x000000060c400000| Untracked 
|  49|0x000000060c400000, 0x000000060c800000, 0x000000060c800000|100%| O|  |TAMS 0x000000060c800000, 0x000000060c800000| Untracked 
|  50|0x000000060c800000, 0x000000060cc00000, 0x000000060cc00000|100%| O|  |TAMS 0x000000060cc00000, 0x000000060cc00000| Untracked 
|  51|0x000000060cc00000, 0x000000060d000000, 0x000000060d000000|100%| O|  |TAMS 0x000000060d000000, 0x000000060d000000| Untracked 
|  52|0x000000060d000000, 0x000000060d400000, 0x000000060d400000|100%| O|  |TAMS 0x000000060d400000, 0x000000060d400000| Untracked 
|  53|0x000000060d400000, 0x000000060d800000, 0x000000060d800000|100%| O|  |TAMS 0x000000060d800000, 0x000000060d800000| Untracked 
|  54|0x000000060d800000, 0x000000060dc00000, 0x000000060dc00000|100%| O|  |TAMS 0x000000060dc00000, 0x000000060dc00000| Untracked 
|  55|0x000000060dc00000, 0x000000060e000000, 0x000000060e000000|100%| O|  |TAMS 0x000000060e000000, 0x000000060e000000| Untracked 
|  56|0x000000060e000000, 0x000000060e400000, 0x000000060e400000|100%| O|  |TAMS 0x000000060e400000, 0x000000060e400000| Untracked 
|  57|0x000000060e400000, 0x000000060e800000, 0x000000060e800000|100%| O|  |TAMS 0x000000060e800000, 0x000000060e800000| Untracked 
|  58|0x000000060e800000, 0x000000060ec00000, 0x000000060ec00000|100%| O|  |TAMS 0x000000060ec00000, 0x000000060ec00000| Untracked 
|  59|0x000000060ec00000, 0x000000060f000000, 0x000000060f000000|100%| O|  |TAMS 0x000000060f000000, 0x000000060f000000| Untracked 
|  60|0x000000060f000000, 0x000000060f400000, 0x000000060f400000|100%| O|  |TAMS 0x000000060f400000, 0x000000060f400000| Untracked 
|  61|0x000000060f400000, 0x000000060f800000, 0x000000060f800000|100%| O|  |TAMS 0x000000060f800000, 0x000000060f800000| Untracked 
|  62|0x000000060f800000, 0x000000060fc00000, 0x000000060fc00000|100%| O|  |TAMS 0x000000060fc00000, 0x000000060fc00000| Untracked 
|  63|0x000000060fc00000, 0x0000000610000000, 0x0000000610000000|100%| O|  |TAMS 0x0000000610000000, 0x0000000610000000| Untracked 
|  64|0x0000000610000000, 0x0000000610400000, 0x0000000610400000|100%| O|  |TAMS 0x0000000610400000, 0x0000000610400000| Untracked 
|  65|0x0000000610400000, 0x0000000610800000, 0x0000000610800000|100%| O|  |TAMS 0x0000000610800000, 0x0000000610800000| Untracked 
|  66|0x0000000610800000, 0x0000000610c00000, 0x0000000610c00000|100%| O|  |TAMS 0x0000000610c00000, 0x0000000610c00000| Untracked 
|  67|0x0000000610c00000, 0x0000000611000000, 0x0000000611000000|100%| O|  |TAMS 0x0000000611000000, 0x0000000611000000| Untracked 
|  68|0x0000000611000000, 0x0000000611400000, 0x0000000611400000|100%| O|  |TAMS 0x0000000611400000, 0x0000000611400000| Untracked 
|  69|0x0000000611400000, 0x0000000611800000, 0x0000000611800000|100%| O|  |TAMS 0x0000000611800000, 0x0000000611800000| Untracked 
|  70|0x0000000611800000, 0x0000000611c00000, 0x0000000611c00000|100%| O|  |TAMS 0x0000000611c00000, 0x0000000611c00000| Untracked 
|  71|0x0000000611c00000, 0x0000000612000000, 0x0000000612000000|100%| O|  |TAMS 0x0000000612000000, 0x0000000612000000| Untracked 
|  72|0x0000000612000000, 0x0000000612400000, 0x0000000612400000|100%| O|  |TAMS 0x0000000612400000, 0x0000000612400000| Untracked 
|  73|0x0000000612400000, 0x0000000612800000, 0x0000000612800000|100%| O|  |TAMS 0x0000000612800000, 0x0000000612800000| Untracked 
|  74|0x0000000612800000, 0x0000000612c00000, 0x0000000612c00000|100%| O|  |TAMS 0x0000000612c00000, 0x0000000612c00000| Untracked 
|  75|0x0000000612c00000, 0x0000000613000000, 0x0000000613000000|100%| O|  |TAMS 0x0000000613000000, 0x0000000613000000| Untracked 
|  76|0x0000000613000000, 0x0000000613400000, 0x0000000613400000|100%| O|  |TAMS 0x0000000613400000, 0x0000000613400000| Untracked 
|  77|0x0000000613400000, 0x0000000613800000, 0x0000000613800000|100%| O|  |TAMS 0x0000000613800000, 0x0000000613800000| Untracked 
|  78|0x0000000613800000, 0x0000000613c00000, 0x0000000613c00000|100%| O|  |TAMS 0x0000000613c00000, 0x0000000613c00000| Untracked 
|  79|0x0000000613c00000, 0x0000000614000000, 0x0000000614000000|100%| O|  |TAMS 0x0000000614000000, 0x0000000614000000| Untracked 
|  80|0x0000000614000000, 0x0000000614400000, 0x0000000614400000|100%| O|  |TAMS 0x0000000614400000, 0x0000000614400000| Untracked 
|  81|0x0000000614400000, 0x0000000614800000, 0x0000000614800000|100%| O|  |TAMS 0x0000000614400000, 0x0000000614800000| Untracked 
|  82|0x0000000614800000, 0x0000000614c00000, 0x0000000614c00000|100%| O|  |TAMS 0x0000000614c00000, 0x0000000614c00000| Untracked 
|  83|0x0000000614c00000, 0x0000000615000000, 0x0000000615000000|100%| O|  |TAMS 0x0000000615000000, 0x0000000615000000| Untracked 
|  84|0x0000000615000000, 0x0000000615400000, 0x0000000615400000|100%| O|  |TAMS 0x0000000615400000, 0x0000000615400000| Untracked 
|  85|0x0000000615400000, 0x0000000615800000, 0x0000000615800000|100%| O|  |TAMS 0x0000000615800000, 0x0000000615800000| Untracked 
|  86|0x0000000615800000, 0x0000000615c00000, 0x0000000615c00000|100%| O|  |TAMS 0x0000000615c00000, 0x0000000615c00000| Untracked 
|  87|0x0000000615c00000, 0x0000000616000000, 0x0000000616000000|100%| O|  |TAMS 0x0000000616000000, 0x0000000616000000| Untracked 
|  88|0x0000000616000000, 0x0000000616400000, 0x0000000616400000|100%| O|  |TAMS 0x0000000616400000, 0x0000000616400000| Untracked 
|  89|0x0000000616400000, 0x0000000616800000, 0x0000000616800000|100%| O|  |TAMS 0x0000000616800000, 0x0000000616800000| Untracked 
|  90|0x0000000616800000, 0x0000000616c00000, 0x0000000616c00000|100%| O|  |TAMS 0x0000000616c00000, 0x0000000616c00000| Untracked 
|  91|0x0000000616c00000, 0x0000000617000000, 0x0000000617000000|100%| O|  |TAMS 0x0000000617000000, 0x0000000617000000| Untracked 
|  92|0x0000000617000000, 0x0000000617400000, 0x0000000617400000|100%| O|  |TAMS 0x0000000617400000, 0x0000000617400000| Untracked 
|  93|0x0000000617400000, 0x0000000617800000, 0x0000000617800000|100%| O|  |TAMS 0x0000000617800000, 0x0000000617800000| Untracked 
|  94|0x0000000617800000, 0x0000000617c00000, 0x0000000617c00000|100%| O|  |TAMS 0x0000000617c00000, 0x0000000617c00000| Untracked 
|  95|0x0000000617c00000, 0x0000000618000000, 0x0000000618000000|100%| O|  |TAMS 0x0000000618000000, 0x0000000618000000| Untracked 
|  96|0x0000000618000000, 0x0000000618400000, 0x0000000618400000|100%| O|  |TAMS 0x0000000618400000, 0x0000000618400000| Untracked 
|  97|0x0000000618400000, 0x0000000618800000, 0x0000000618800000|100%| O|  |TAMS 0x0000000618800000, 0x0000000618800000| Untracked 
|  98|0x0000000618800000, 0x0000000618c00000, 0x0000000618c00000|100%| O|  |TAMS 0x0000000618c00000, 0x0000000618c00000| Untracked 
|  99|0x0000000618c00000, 0x0000000619000000, 0x0000000619000000|100%| O|  |TAMS 0x0000000619000000, 0x0000000619000000| Untracked 
| 100|0x0000000619000000, 0x0000000619400000, 0x0000000619400000|100%| O|  |TAMS 0x0000000619400000, 0x0000000619400000| Untracked 
| 101|0x0000000619400000, 0x0000000619800000, 0x0000000619800000|100%| O|  |TAMS 0x0000000619800000, 0x0000000619800000| Untracked 
| 102|0x0000000619800000, 0x0000000619c00000, 0x0000000619c00000|100%| O|  |TAMS 0x0000000619c00000, 0x0000000619c00000| Untracked 
| 103|0x0000000619c00000, 0x000000061a000000, 0x000000061a000000|100%| O|  |TAMS 0x000000061a000000, 0x000000061a000000| Untracked 
| 104|0x000000061a000000, 0x000000061a400000, 0x000000061a400000|100%| O|  |TAMS 0x000000061a400000, 0x000000061a400000| Untracked 
| 105|0x000000061a400000, 0x000000061a800000, 0x000000061a800000|100%| O|  |TAMS 0x000000061a800000, 0x000000061a800000| Untracked 
| 106|0x000000061a800000, 0x000000061ac00000, 0x000000061ac00000|100%| O|  |TAMS 0x000000061ac00000, 0x000000061ac00000| Untracked 
| 107|0x000000061ac00000, 0x000000061b000000, 0x000000061b000000|100%| O|  |TAMS 0x000000061b000000, 0x000000061b000000| Untracked 
| 108|0x000000061b000000, 0x000000061b400000, 0x000000061b400000|100%| O|  |TAMS 0x000000061b400000, 0x000000061b400000| Untracked 
| 109|0x000000061b400000, 0x000000061b800000, 0x000000061b800000|100%| O|  |TAMS 0x000000061b800000, 0x000000061b800000| Untracked 
| 110|0x000000061b800000, 0x000000061bc00000, 0x000000061bc00000|100%| O|  |TAMS 0x000000061bc00000, 0x000000061bc00000| Untracked 
| 111|0x000000061bc00000, 0x000000061c000000, 0x000000061c000000|100%| O|  |TAMS 0x000000061c000000, 0x000000061c000000| Untracked 
| 112|0x000000061c000000, 0x000000061c400000, 0x000000061c400000|100%| O|  |TAMS 0x000000061c400000, 0x000000061c400000| Untracked 
| 113|0x000000061c400000, 0x000000061c800000, 0x000000061c800000|100%| O|  |TAMS 0x000000061c800000, 0x000000061c800000| Untracked 
| 114|0x000000061c800000, 0x000000061cc00000, 0x000000061cc00000|100%| O|  |TAMS 0x000000061cc00000, 0x000000061cc00000| Untracked 
| 115|0x000000061cc00000, 0x000000061d000000, 0x000000061d000000|100%| O|  |TAMS 0x000000061d000000, 0x000000061d000000| Untracked 
| 116|0x000000061d000000, 0x000000061d400000, 0x000000061d400000|100%| O|  |TAMS 0x000000061d400000, 0x000000061d400000| Untracked 
| 117|0x000000061d400000, 0x000000061d800000, 0x000000061d800000|100%| O|  |TAMS 0x000000061d800000, 0x000000061d800000| Untracked 
| 118|0x000000061d800000, 0x000000061dc00000, 0x000000061dc00000|100%| O|  |TAMS 0x000000061dc00000, 0x000000061dc00000| Untracked 
| 119|0x000000061dc00000, 0x000000061e000000, 0x000000061e000000|100%| O|  |TAMS 0x000000061e000000, 0x000000061e000000| Untracked 
| 120|0x000000061e000000, 0x000000061e400000, 0x000000061e400000|100%| O|  |TAMS 0x000000061e400000, 0x000000061e400000| Untracked 
| 121|0x000000061e400000, 0x000000061e800000, 0x000000061e800000|100%| O|  |TAMS 0x000000061e800000, 0x000000061e800000| Untracked 
| 122|0x000000061e800000, 0x000000061ec00000, 0x000000061ec00000|100%| O|  |TAMS 0x000000061ec00000, 0x000000061ec00000| Untracked 
| 123|0x000000061ec00000, 0x000000061f000000, 0x000000061f000000|100%| O|  |TAMS 0x000000061f000000, 0x000000061f000000| Untracked 
| 124|0x000000061f000000, 0x000000061f400000, 0x000000061f400000|100%| O|  |TAMS 0x000000061f400000, 0x000000061f400000| Untracked 
| 125|0x000000061f400000, 0x000000061f800000, 0x000000061f800000|100%| O|  |TAMS 0x000000061f800000, 0x000000061f800000| Untracked 
| 126|0x000000061f800000, 0x000000061fc00000, 0x000000061fc00000|100%| O|  |TAMS 0x000000061fc00000, 0x000000061fc00000| Untracked 
| 127|0x000000061fc00000, 0x0000000620000000, 0x0000000620000000|100%| O|  |TAMS 0x0000000620000000, 0x0000000620000000| Untracked 
| 128|0x0000000620000000, 0x0000000620400000, 0x0000000620400000|100%| O|  |TAMS 0x0000000620400000, 0x0000000620400000| Untracked 
| 129|0x0000000620400000, 0x0000000620800000, 0x0000000620800000|100%|HS|  |TAMS 0x0000000620800000, 0x0000000620800000| Complete 
| 130|0x0000000620800000, 0x0000000620c00000, 0x0000000620c00000|100%| O|  |TAMS 0x0000000620c00000, 0x0000000620c00000| Untracked 
| 131|0x0000000620c00000, 0x0000000621000000, 0x0000000621000000|100%| O|  |TAMS 0x0000000621000000, 0x0000000621000000| Untracked 
| 132|0x0000000621000000, 0x0000000621400000, 0x0000000621400000|100%| O|  |TAMS 0x0000000621400000, 0x0000000621400000| Untracked 
| 133|0x0000000621400000, 0x0000000621800000, 0x0000000621800000|100%| O|  |TAMS 0x0000000621800000, 0x0000000621800000| Untracked 
| 134|0x0000000621800000, 0x0000000621c00000, 0x0000000621c00000|100%| O|  |TAMS 0x0000000621c00000, 0x0000000621c00000| Untracked 
| 135|0x0000000621c00000, 0x0000000622000000, 0x0000000622000000|100%| O|  |TAMS 0x0000000622000000, 0x0000000622000000| Untracked 
| 136|0x0000000622000000, 0x0000000622400000, 0x0000000622400000|100%| O|  |TAMS 0x0000000622400000, 0x0000000622400000| Untracked 
| 137|0x0000000622400000, 0x0000000622800000, 0x0000000622800000|100%| O|  |TAMS 0x0000000622800000, 0x0000000622800000| Untracked 
| 138|0x0000000622800000, 0x0000000622c00000, 0x0000000622c00000|100%| O|  |TAMS 0x0000000622c00000, 0x0000000622c00000| Untracked 
| 139|0x0000000622c00000, 0x0000000623000000, 0x0000000623000000|100%| O|  |TAMS 0x0000000623000000, 0x0000000623000000| Untracked 
| 140|0x0000000623000000, 0x0000000623400000, 0x0000000623400000|100%| O|  |TAMS 0x0000000623400000, 0x0000000623400000| Untracked 
| 141|0x0000000623400000, 0x0000000623800000, 0x0000000623800000|100%| O|  |TAMS 0x0000000623800000, 0x0000000623800000| Untracked 
| 142|0x0000000623800000, 0x0000000623c00000, 0x0000000623c00000|100%| O|  |TAMS 0x0000000623c00000, 0x0000000623c00000| Untracked 
| 143|0x0000000623c00000, 0x0000000624000000, 0x0000000624000000|100%| O|  |TAMS 0x0000000624000000, 0x0000000624000000| Untracked 
| 144|0x0000000624000000, 0x0000000624400000, 0x0000000624400000|100%| O|  |TAMS 0x0000000624400000, 0x0000000624400000| Untracked 
| 145|0x0000000624400000, 0x0000000624800000, 0x0000000624800000|100%| O|  |TAMS 0x0000000624800000, 0x0000000624800000| Untracked 
| 146|0x0000000624800000, 0x0000000624c00000, 0x0000000624c00000|100%| O|  |TAMS 0x0000000624c00000, 0x0000000624c00000| Untracked 
| 147|0x0000000624c00000, 0x0000000625000000, 0x0000000625000000|100%| O|  |TAMS 0x0000000625000000, 0x0000000625000000| Untracked 
| 148|0x0000000625000000, 0x0000000625400000, 0x0000000625400000|100%| O|  |TAMS 0x0000000625400000, 0x0000000625400000| Untracked 
| 149|0x0000000625400000, 0x0000000625800000, 0x0000000625800000|100%| O|  |TAMS 0x0000000625800000, 0x0000000625800000| Untracked 
| 150|0x0000000625800000, 0x0000000625c00000, 0x0000000625c00000|100%| O|  |TAMS 0x0000000625c00000, 0x0000000625c00000| Untracked 
| 151|0x0000000625c00000, 0x0000000626000000, 0x0000000626000000|100%| O|  |TAMS 0x0000000625c00000, 0x0000000626000000| Untracked 
| 152|0x0000000626000000, 0x0000000626400000, 0x0000000626400000|100%| O|  |TAMS 0x0000000626400000, 0x0000000626400000| Untracked 
| 153|0x0000000626400000, 0x0000000626800000, 0x0000000626800000|100%| O|  |TAMS 0x0000000626800000, 0x0000000626800000| Untracked 
| 154|0x0000000626800000, 0x0000000626c00000, 0x0000000626c00000|100%| O|  |TAMS 0x0000000626c00000, 0x0000000626c00000| Untracked 
| 155|0x0000000626c00000, 0x0000000627000000, 0x0000000627000000|100%| O|  |TAMS 0x0000000627000000, 0x0000000627000000| Untracked 
| 156|0x0000000627000000, 0x0000000627400000, 0x0000000627400000|100%| O|  |TAMS 0x0000000627400000, 0x0000000627400000| Untracked 
| 157|0x0000000627400000, 0x0000000627800000, 0x0000000627800000|100%| O|  |TAMS 0x0000000627800000, 0x0000000627800000| Untracked 
| 158|0x0000000627800000, 0x0000000627c00000, 0x0000000627c00000|100%| O|  |TAMS 0x0000000627c00000, 0x0000000627c00000| Untracked 
| 159|0x0000000627c00000, 0x0000000628000000, 0x0000000628000000|100%| O|  |TAMS 0x0000000628000000, 0x0000000628000000| Untracked 
| 160|0x0000000628000000, 0x0000000628400000, 0x0000000628400000|100%| O|  |TAMS 0x0000000628400000, 0x0000000628400000| Untracked 
| 161|0x0000000628400000, 0x0000000628800000, 0x0000000628800000|100%| O|  |TAMS 0x0000000628400000, 0x0000000628800000| Untracked 
| 162|0x0000000628800000, 0x0000000628c00000, 0x0000000628c00000|100%| O|  |TAMS 0x0000000628800000, 0x0000000628c00000| Untracked 
| 163|0x0000000628c00000, 0x0000000629000000, 0x0000000629000000|100%| O|  |TAMS 0x0000000628c00000, 0x0000000629000000| Untracked 
| 164|0x0000000629000000, 0x0000000629400000, 0x0000000629400000|100%| O|  |TAMS 0x0000000629000000, 0x0000000629400000| Untracked 
| 165|0x0000000629400000, 0x0000000629800000, 0x0000000629800000|100%| O|  |TAMS 0x0000000629400000, 0x0000000629800000| Untracked 
| 166|0x0000000629800000, 0x0000000629c00000, 0x0000000629c00000|100%| O|  |TAMS 0x0000000629800000, 0x0000000629c00000| Untracked 
| 167|0x0000000629c00000, 0x000000062a000000, 0x000000062a000000|100%| O|  |TAMS 0x0000000629c00000, 0x000000062a000000| Untracked 
| 168|0x000000062a000000, 0x000000062a400000, 0x000000062a400000|100%| O|  |TAMS 0x000000062a000000, 0x000000062a400000| Untracked 
| 169|0x000000062a400000, 0x000000062a800000, 0x000000062a800000|100%| O|  |TAMS 0x000000062a400000, 0x000000062a800000| Untracked 
| 170|0x000000062a800000, 0x000000062ac00000, 0x000000062ac00000|100%| O|  |TAMS 0x000000062a800000, 0x000000062ac00000| Untracked 
| 171|0x000000062ac00000, 0x000000062b000000, 0x000000062b000000|100%| O|  |TAMS 0x000000062ac00000, 0x000000062b000000| Untracked 
| 172|0x000000062b000000, 0x000000062b400000, 0x000000062b400000|100%| O|  |TAMS 0x000000062b000000, 0x000000062b400000| Untracked 
| 173|0x000000062b400000, 0x000000062b800000, 0x000000062b800000|100%| O|  |TAMS 0x000000062b400000, 0x000000062b800000| Untracked 
| 174|0x000000062b800000, 0x000000062bc00000, 0x000000062bc00000|100%| O|  |TAMS 0x000000062b800000, 0x000000062bc00000| Untracked 
| 175|0x000000062bc00000, 0x000000062c000000, 0x000000062c000000|100%| O|  |TAMS 0x000000062bc00000, 0x000000062c000000| Untracked 
| 176|0x000000062c000000, 0x000000062c400000, 0x000000062c400000|100%| O|  |TAMS 0x000000062c000000, 0x000000062c400000| Untracked 
| 177|0x000000062c400000, 0x000000062c800000, 0x000000062c800000|100%| O|  |TAMS 0x000000062c400000, 0x000000062c800000| Untracked 
| 178|0x000000062c800000, 0x000000062cc00000, 0x000000062cc00000|100%| O|  |TAMS 0x000000062c800000, 0x000000062cc00000| Untracked 
| 179|0x000000062cc00000, 0x000000062d000000, 0x000000062d000000|100%| O|  |TAMS 0x000000062cc00000, 0x000000062d000000| Untracked 
| 180|0x000000062d000000, 0x000000062d400000, 0x000000062d400000|100%| O|  |TAMS 0x000000062d000000, 0x000000062d400000| Untracked 
| 181|0x000000062d400000, 0x000000062d800000, 0x000000062d800000|100%| O|  |TAMS 0x000000062d400000, 0x000000062d800000| Untracked 
| 182|0x000000062d800000, 0x000000062dc00000, 0x000000062dc00000|100%| O|  |TAMS 0x000000062d800000, 0x000000062dc00000| Untracked 
| 183|0x000000062dc00000, 0x000000062e000000, 0x000000062e000000|100%| O|  |TAMS 0x000000062dc00000, 0x000000062e000000| Untracked 
| 184|0x000000062e000000, 0x000000062e400000, 0x000000062e400000|100%| O|  |TAMS 0x000000062e000000, 0x000000062e400000| Untracked 
| 185|0x000000062e400000, 0x000000062e800000, 0x000000062e800000|100%| O|  |TAMS 0x000000062e400000, 0x000000062e800000| Untracked 
| 186|0x000000062e800000, 0x000000062ec00000, 0x000000062ec00000|100%| O|  |TAMS 0x000000062e800000, 0x000000062ec00000| Untracked 
| 187|0x000000062ec00000, 0x000000062eeb1600, 0x000000062f000000| 67%| O|  |TAMS 0x000000062ec00000, 0x000000062eeb1600| Untracked 
| 188|0x000000062f000000, 0x000000062f400000, 0x000000062f400000|100%|HS|  |TAMS 0x000000062f000000, 0x000000062f400000| Complete 
| 189|0x000000062f400000, 0x000000062f800000, 0x000000062f800000|100%|HS|  |TAMS 0x000000062f400000, 0x000000062f800000| Complete 
| 190|0x000000062f800000, 0x000000062fc00000, 0x000000062fc00000|100%|HS|  |TAMS 0x000000062f800000, 0x000000062fc00000| Complete 
| 191|0x000000062fc00000, 0x0000000630000000, 0x0000000630000000|100%|HS|  |TAMS 0x000000062fc00000, 0x0000000630000000| Complete 
| 192|0x0000000630000000, 0x0000000630400000, 0x0000000630400000|100%|HS|  |TAMS 0x0000000630000000, 0x0000000630400000| Complete 
| 193|0x0000000630400000, 0x0000000630800000, 0x0000000630800000|100%|HS|  |TAMS 0x0000000630400000, 0x0000000630800000| Complete 
| 194|0x0000000630800000, 0x0000000630c00000, 0x0000000630c00000|100%|HS|  |TAMS 0x0000000630800000, 0x0000000630c00000| Complete 
| 195|0x0000000630c00000, 0x0000000631000000, 0x0000000631000000|100%|HS|  |TAMS 0x0000000630c00000, 0x0000000631000000| Complete 
| 196|0x0000000631000000, 0x0000000631400000, 0x0000000631400000|100%|HS|  |TAMS 0x0000000631000000, 0x0000000631400000| Complete 
| 197|0x0000000631400000, 0x0000000631800000, 0x0000000631800000|100%|HS|  |TAMS 0x0000000631400000, 0x0000000631800000| Complete 
| 198|0x0000000631800000, 0x0000000631c00000, 0x0000000631c00000|100%| O|  |TAMS 0x0000000631800000, 0x0000000631c00000| Untracked 
| 199|0x0000000631c00000, 0x0000000632000000, 0x0000000632000000|100%| O|  |TAMS 0x0000000631c00000, 0x0000000632000000| Untracked 
| 200|0x0000000632000000, 0x0000000632400000, 0x0000000632400000|100%| O|  |TAMS 0x0000000632000000, 0x0000000632400000| Untracked 
| 201|0x0000000632400000, 0x0000000632800000, 0x0000000632800000|100%| O|  |TAMS 0x0000000632400000, 0x0000000632800000| Untracked 
| 202|0x0000000632800000, 0x0000000632c00000, 0x0000000632c00000|100%| O|  |TAMS 0x0000000632800000, 0x0000000632c00000| Untracked 
| 203|0x0000000632c00000, 0x0000000633000000, 0x0000000633000000|100%|HS|  |TAMS 0x0000000632c00000, 0x0000000633000000| Complete 
| 204|0x0000000633000000, 0x0000000633400000, 0x0000000633400000|100%|HC|  |TAMS 0x0000000633000000, 0x0000000633400000| Complete 
| 205|0x0000000633400000, 0x0000000633800000, 0x0000000633800000|100%|HC|  |TAMS 0x0000000633400000, 0x0000000633800000| Complete 
| 206|0x0000000633800000, 0x0000000633c00000, 0x0000000633c00000|100%| O|  |TAMS 0x0000000633800000, 0x0000000633c00000| Untracked 
| 207|0x0000000633c00000, 0x0000000634000000, 0x0000000634000000|100%| O|  |TAMS 0x0000000633c00000, 0x0000000634000000| Untracked 
| 208|0x0000000634000000, 0x0000000634400000, 0x0000000634400000|100%| O|  |TAMS 0x0000000634000000, 0x0000000634400000| Untracked 
| 209|0x0000000634400000, 0x0000000634800000, 0x0000000634800000|100%|HS|  |TAMS 0x0000000634400000, 0x0000000634800000| Complete 
| 210|0x0000000634800000, 0x0000000634c00000, 0x0000000634c00000|100%|HC|  |TAMS 0x0000000634800000, 0x0000000634c00000| Complete 
| 211|0x0000000634c00000, 0x0000000635000000, 0x0000000635000000|100%|HC|  |TAMS 0x0000000634c00000, 0x0000000635000000| Complete 
| 212|0x0000000635000000, 0x0000000635400000, 0x0000000635400000|100%| O|  |TAMS 0x0000000635000000, 0x0000000635400000| Untracked 
| 213|0x0000000635400000, 0x0000000635800000, 0x0000000635800000|100%| O|  |TAMS 0x0000000635400000, 0x0000000635800000| Untracked 
| 214|0x0000000635800000, 0x0000000635c00000, 0x0000000635c00000|100%| O|  |TAMS 0x0000000635800000, 0x0000000635c00000| Untracked 
| 215|0x0000000635c00000, 0x0000000636000000, 0x0000000636000000|100%|HS|  |TAMS 0x0000000635c00000, 0x0000000636000000| Complete 
| 216|0x0000000636000000, 0x0000000636400000, 0x0000000636400000|100%|HC|  |TAMS 0x0000000636000000, 0x0000000636400000| Complete 
| 217|0x0000000636400000, 0x0000000636800000, 0x0000000636800000|100%|HC|  |TAMS 0x0000000636400000, 0x0000000636800000| Complete 
| 218|0x0000000636800000, 0x0000000636c00000, 0x0000000636c00000|100%| O|  |TAMS 0x0000000636800000, 0x0000000636c00000| Untracked 
| 219|0x0000000636c00000, 0x0000000637000000, 0x0000000637000000|100%| O|  |TAMS 0x0000000636c00000, 0x0000000637000000| Untracked 
| 220|0x0000000637000000, 0x0000000637400000, 0x0000000637400000|100%| O|  |TAMS 0x0000000637000000, 0x0000000637400000| Untracked 
| 221|0x0000000637400000, 0x0000000637800000, 0x0000000637800000|100%|HS|  |TAMS 0x0000000637400000, 0x0000000637800000| Complete 
| 222|0x0000000637800000, 0x0000000637c00000, 0x0000000637c00000|100%|HC|  |TAMS 0x0000000637800000, 0x0000000637c00000| Complete 
| 223|0x0000000637c00000, 0x0000000638000000, 0x0000000638000000|100%|HC|  |TAMS 0x0000000637c00000, 0x0000000638000000| Complete 
| 224|0x0000000638000000, 0x0000000638400000, 0x0000000638400000|100%| O|  |TAMS 0x0000000638000000, 0x0000000638400000| Untracked 
| 225|0x0000000638400000, 0x0000000638800000, 0x0000000638800000|100%| O|  |TAMS 0x0000000638400000, 0x0000000638800000| Untracked 
| 226|0x0000000638800000, 0x0000000638c00000, 0x0000000638c00000|100%| O|  |TAMS 0x0000000638800000, 0x0000000638c00000| Untracked 
| 227|0x0000000638c00000, 0x0000000639000000, 0x0000000639000000|100%| O|  |TAMS 0x0000000638c00000, 0x0000000639000000| Untracked 
| 228|0x0000000639000000, 0x0000000639400000, 0x0000000639400000|100%| O|  |TAMS 0x0000000639000000, 0x0000000639400000| Untracked 
| 229|0x0000000639400000, 0x0000000639800000, 0x0000000639800000|100%| O|  |TAMS 0x0000000639400000, 0x0000000639800000| Untracked 
| 230|0x0000000639800000, 0x0000000639c00000, 0x0000000639c00000|100%|HS|  |TAMS 0x0000000639800000, 0x0000000639c00000| Complete 
| 231|0x0000000639c00000, 0x000000063a000000, 0x000000063a000000|100%|HC|  |TAMS 0x0000000639c00000, 0x000000063a000000| Complete 
| 232|0x000000063a000000, 0x000000063a400000, 0x000000063a400000|100%|HC|  |TAMS 0x000000063a000000, 0x000000063a400000| Complete 
| 233|0x000000063a400000, 0x000000063a800000, 0x000000063a800000|100%| O|  |TAMS 0x000000063a400000, 0x000000063a800000| Untracked 
| 234|0x000000063a800000, 0x000000063ac00000, 0x000000063ac00000|100%| O|  |TAMS 0x000000063a800000, 0x000000063ac00000| Untracked 
| 235|0x000000063ac00000, 0x000000063b000000, 0x000000063b000000|100%| O|  |TAMS 0x000000063ac00000, 0x000000063b000000| Untracked 
| 236|0x000000063b000000, 0x000000063b400000, 0x000000063b400000|100%|HS|  |TAMS 0x000000063b000000, 0x000000063b400000| Complete 
| 237|0x000000063b400000, 0x000000063b800000, 0x000000063b800000|100%|HC|  |TAMS 0x000000063b400000, 0x000000063b800000| Complete 
| 238|0x000000063b800000, 0x000000063bc00000, 0x000000063bc00000|100%|HC|  |TAMS 0x000000063b800000, 0x000000063bc00000| Complete 
| 239|0x000000063bc00000, 0x000000063c000000, 0x000000063c000000|100%| O|  |TAMS 0x000000063bc00000, 0x000000063c000000| Untracked 
| 240|0x000000063c000000, 0x000000063c400000, 0x000000063c400000|100%| O|  |TAMS 0x000000063c000000, 0x000000063c400000| Untracked 
| 241|0x000000063c400000, 0x000000063c800000, 0x000000063c800000|100%| O|  |TAMS 0x000000063c400000, 0x000000063c800000| Untracked 
| 242|0x000000063c800000, 0x000000063cc00000, 0x000000063cc00000|100%|HS|  |TAMS 0x000000063c800000, 0x000000063cc00000| Complete 
| 243|0x000000063cc00000, 0x000000063d000000, 0x000000063d000000|100%|HC|  |TAMS 0x000000063cc00000, 0x000000063d000000| Complete 
| 244|0x000000063d000000, 0x000000063d400000, 0x000000063d400000|100%|HC|  |TAMS 0x000000063d000000, 0x000000063d400000| Complete 
| 245|0x000000063d400000, 0x000000063d800000, 0x000000063d800000|100%| O|  |TAMS 0x000000063d400000, 0x000000063d800000| Untracked 
| 246|0x000000063d800000, 0x000000063dc00000, 0x000000063dc00000|100%| O|  |TAMS 0x000000063d800000, 0x000000063dc00000| Untracked 
| 247|0x000000063dc00000, 0x000000063e000000, 0x000000063e000000|100%| O|  |TAMS 0x000000063dc00000, 0x000000063e000000| Untracked 
| 248|0x000000063e000000, 0x000000063e400000, 0x000000063e400000|100%|HS|  |TAMS 0x000000063e000000, 0x000000063e400000| Complete 
| 249|0x000000063e400000, 0x000000063e800000, 0x000000063e800000|100%|HC|  |TAMS 0x000000063e400000, 0x000000063e800000| Complete 
| 250|0x000000063e800000, 0x000000063ec00000, 0x000000063ec00000|100%|HC|  |TAMS 0x000000063e800000, 0x000000063ec00000| Complete 
| 251|0x000000063ec00000, 0x000000063f000000, 0x000000063f000000|100%| O|  |TAMS 0x000000063ec00000, 0x000000063f000000| Untracked 
| 252|0x000000063f000000, 0x000000063f400000, 0x000000063f400000|100%| O|  |TAMS 0x000000063f000000, 0x000000063f400000| Untracked 
| 253|0x000000063f400000, 0x000000063f800000, 0x000000063f800000|100%| O|  |TAMS 0x000000063f400000, 0x000000063f800000| Untracked 
| 254|0x000000063f800000, 0x000000063fc00000, 0x000000063fc00000|100%|HS|  |TAMS 0x000000063f800000, 0x000000063fc00000| Complete 
| 255|0x000000063fc00000, 0x0000000640000000, 0x0000000640000000|100%|HC|  |TAMS 0x000000063fc00000, 0x0000000640000000| Complete 
| 256|0x0000000640000000, 0x0000000640400000, 0x0000000640400000|100%|HC|  |TAMS 0x0000000640000000, 0x0000000640400000| Complete 
| 257|0x0000000640400000, 0x0000000640800000, 0x0000000640800000|100%|HS|  |TAMS 0x0000000640400000, 0x0000000640800000| Complete 
| 258|0x0000000640800000, 0x0000000640c00000, 0x0000000640c00000|100%|HS|  |TAMS 0x0000000640800000, 0x0000000640c00000| Complete 
| 259|0x0000000640c00000, 0x0000000641000000, 0x0000000641000000|100%|HC|  |TAMS 0x0000000640c00000, 0x0000000641000000| Complete 
| 260|0x0000000641000000, 0x0000000641400000, 0x0000000641400000|100%|HS|  |TAMS 0x0000000641000000, 0x0000000641400000| Complete 
| 261|0x0000000641400000, 0x0000000641800000, 0x0000000641800000|100%|HC|  |TAMS 0x0000000641400000, 0x0000000641800000| Complete 
| 262|0x0000000641800000, 0x0000000641c00000, 0x0000000641c00000|100%|HC|  |TAMS 0x0000000641800000, 0x0000000641c00000| Complete 
| 263|0x0000000641c00000, 0x0000000642000000, 0x0000000642000000|100%|HS|  |TAMS 0x0000000641c00000, 0x0000000642000000| Complete 
| 264|0x0000000642000000, 0x0000000642400000, 0x0000000642400000|100%|HS|  |TAMS 0x0000000642000000, 0x0000000642400000| Complete 
| 265|0x0000000642400000, 0x0000000642800000, 0x0000000642800000|100%|HS|  |TAMS 0x0000000642400000, 0x0000000642800000| Complete 
| 266|0x0000000642800000, 0x0000000642c00000, 0x0000000642c00000|100%|HS|  |TAMS 0x0000000642800000, 0x0000000642c00000| Complete 
| 267|0x0000000642c00000, 0x0000000643000000, 0x0000000643000000|100%|HC|  |TAMS 0x0000000642c00000, 0x0000000643000000| Complete 
| 268|0x0000000643000000, 0x0000000643400000, 0x0000000643400000|100%|HC|  |TAMS 0x0000000643000000, 0x0000000643400000| Complete 
| 269|0x0000000643400000, 0x0000000643800000, 0x0000000643800000|100%|HS|  |TAMS 0x0000000643400000, 0x0000000643800000| Complete 
| 270|0x0000000643800000, 0x0000000643c00000, 0x0000000643c00000|100%|HS|  |TAMS 0x0000000643800000, 0x0000000643c00000| Complete 
| 271|0x0000000643c00000, 0x0000000644000000, 0x0000000644000000|100%|HS|  |TAMS 0x0000000643c00000, 0x0000000644000000| Complete 
| 272|0x0000000644000000, 0x0000000644400000, 0x0000000644400000|100%|HS|  |TAMS 0x0000000644000000, 0x0000000644400000| Complete 
| 273|0x0000000644400000, 0x0000000644800000, 0x0000000644800000|100%|HC|  |TAMS 0x0000000644400000, 0x0000000644800000| Complete 
| 274|0x0000000644800000, 0x0000000644c00000, 0x0000000644c00000|100%|HC|  |TAMS 0x0000000644800000, 0x0000000644c00000| Complete 
| 275|0x0000000644c00000, 0x0000000645000000, 0x0000000645000000|100%|HS|  |TAMS 0x0000000644c00000, 0x0000000645000000| Complete 
| 276|0x0000000645000000, 0x0000000645400000, 0x0000000645400000|100%|HS|  |TAMS 0x0000000645000000, 0x0000000645400000| Complete 
| 277|0x0000000645400000, 0x0000000645800000, 0x0000000645800000|100%|HS|  |TAMS 0x0000000645400000, 0x0000000645800000| Complete 
| 278|0x0000000645800000, 0x0000000645c00000, 0x0000000645c00000|100%|HS|  |TAMS 0x0000000645800000, 0x0000000645c00000| Complete 
| 279|0x0000000645c00000, 0x0000000646000000, 0x0000000646000000|100%|HC|  |TAMS 0x0000000645c00000, 0x0000000646000000| Complete 
| 280|0x0000000646000000, 0x0000000646400000, 0x0000000646400000|100%|HC|  |TAMS 0x0000000646000000, 0x0000000646400000| Complete 
| 281|0x0000000646400000, 0x0000000646800000, 0x0000000646800000|100%|HS|  |TAMS 0x0000000646400000, 0x0000000646800000| Complete 
| 282|0x0000000646800000, 0x0000000646c00000, 0x0000000646c00000|100%|HS|  |TAMS 0x0000000646800000, 0x0000000646c00000| Complete 
| 283|0x0000000646c00000, 0x0000000647000000, 0x0000000647000000|100%|HS|  |TAMS 0x0000000646c00000, 0x0000000647000000| Complete 
| 284|0x0000000647000000, 0x0000000647400000, 0x0000000647400000|100%|HS|  |TAMS 0x0000000647000000, 0x0000000647400000| Complete 
| 285|0x0000000647400000, 0x0000000647800000, 0x0000000647800000|100%|HC|  |TAMS 0x0000000647400000, 0x0000000647800000| Complete 
| 286|0x0000000647800000, 0x0000000647c00000, 0x0000000647c00000|100%|HC|  |TAMS 0x0000000647800000, 0x0000000647c00000| Complete 
| 287|0x0000000647c00000, 0x0000000648000000, 0x0000000648000000|100%| O|  |TAMS 0x0000000647c00000, 0x0000000648000000| Untracked 
| 288|0x0000000648000000, 0x0000000648400000, 0x0000000648400000|100%| O|  |TAMS 0x0000000648000000, 0x0000000648400000| Untracked 
| 289|0x0000000648400000, 0x0000000648800000, 0x0000000648800000|100%| O|  |TAMS 0x0000000648400000, 0x0000000648800000| Untracked 
| 290|0x0000000648800000, 0x0000000648c00000, 0x0000000648c00000|100%| O|  |TAMS 0x0000000648800000, 0x0000000648c00000| Untracked 
| 291|0x0000000648c00000, 0x0000000649000000, 0x0000000649000000|100%| O|  |TAMS 0x0000000648c00000, 0x0000000649000000| Untracked 
| 292|0x0000000649000000, 0x0000000649400000, 0x0000000649400000|100%| O|  |TAMS 0x0000000649000000, 0x0000000649400000| Untracked 
| 293|0x0000000649400000, 0x0000000649800000, 0x0000000649800000|100%| O|  |TAMS 0x0000000649400000, 0x0000000649800000| Untracked 
| 294|0x0000000649800000, 0x0000000649c00000, 0x0000000649c00000|100%| O|  |TAMS 0x0000000649800000, 0x0000000649c00000| Untracked 
| 295|0x0000000649c00000, 0x000000064a000000, 0x000000064a000000|100%| O|  |TAMS 0x0000000649c00000, 0x000000064a000000| Untracked 
| 296|0x000000064a000000, 0x000000064a400000, 0x000000064a400000|100%| O|  |TAMS 0x000000064a000000, 0x000000064a400000| Untracked 
| 297|0x000000064a400000, 0x000000064a800000, 0x000000064a800000|100%| O|  |TAMS 0x000000064a400000, 0x000000064a800000| Untracked 
| 298|0x000000064a800000, 0x000000064ac00000, 0x000000064ac00000|100%| O|  |TAMS 0x000000064a800000, 0x000000064ac00000| Untracked 
| 299|0x000000064ac00000, 0x000000064b000000, 0x000000064b000000|100%| O|  |TAMS 0x000000064ac00000, 0x000000064b000000| Untracked 
| 300|0x000000064b000000, 0x000000064b400000, 0x000000064b400000|100%| O|  |TAMS 0x000000064b000000, 0x000000064b400000| Untracked 
| 301|0x000000064b400000, 0x000000064b800000, 0x000000064b800000|100%| O|  |TAMS 0x000000064b400000, 0x000000064b800000| Untracked 
| 302|0x000000064b800000, 0x000000064bc00000, 0x000000064bc00000|100%| O|  |TAMS 0x000000064b800000, 0x000000064bc00000| Untracked 
| 303|0x000000064bc00000, 0x000000064c000000, 0x000000064c000000|100%| O|  |TAMS 0x000000064bc00000, 0x000000064c000000| Untracked 
| 304|0x000000064c000000, 0x000000064c400000, 0x000000064c400000|100%| O|  |TAMS 0x000000064c000000, 0x000000064c400000| Untracked 
| 305|0x000000064c400000, 0x000000064c800000, 0x000000064c800000|100%| O|  |TAMS 0x000000064c400000, 0x000000064c800000| Untracked 
| 306|0x000000064c800000, 0x000000064cc00000, 0x000000064cc00000|100%| O|  |TAMS 0x000000064c800000, 0x000000064cc00000| Untracked 
| 307|0x000000064cc00000, 0x000000064d000000, 0x000000064d000000|100%| O|  |TAMS 0x000000064cc00000, 0x000000064d000000| Untracked 
| 308|0x000000064d000000, 0x000000064d400000, 0x000000064d400000|100%| O|  |TAMS 0x000000064d000000, 0x000000064d400000| Untracked 
| 309|0x000000064d400000, 0x000000064d800000, 0x000000064d800000|100%| O|  |TAMS 0x000000064d400000, 0x000000064d800000| Untracked 
| 310|0x000000064d800000, 0x000000064dc00000, 0x000000064dc00000|100%| O|  |TAMS 0x000000064d800000, 0x000000064dc00000| Untracked 
| 311|0x000000064dc00000, 0x000000064e000000, 0x000000064e000000|100%| O|  |TAMS 0x000000064dc00000, 0x000000064e000000| Untracked 
| 312|0x000000064e000000, 0x000000064e400000, 0x000000064e400000|100%| O|  |TAMS 0x000000064e000000, 0x000000064e400000| Untracked 
| 313|0x000000064e400000, 0x000000064e800000, 0x000000064e800000|100%| O|  |TAMS 0x000000064e400000, 0x000000064e800000| Untracked 
| 314|0x000000064e800000, 0x000000064ec00000, 0x000000064ec00000|100%| O|  |TAMS 0x000000064e800000, 0x000000064ec00000| Untracked 
| 315|0x000000064ec00000, 0x000000064f000000, 0x000000064f000000|100%| O|  |TAMS 0x000000064ec00000, 0x000000064f000000| Untracked 
| 316|0x000000064f000000, 0x000000064f400000, 0x000000064f400000|100%| O|  |TAMS 0x000000064f000000, 0x000000064f400000| Untracked 
| 317|0x000000064f400000, 0x000000064f800000, 0x000000064f800000|100%| O|  |TAMS 0x000000064f400000, 0x000000064f800000| Untracked 
| 318|0x000000064f800000, 0x000000064fc00000, 0x000000064fc00000|100%| O|  |TAMS 0x000000064f800000, 0x000000064fc00000| Untracked 
| 319|0x000000064fc00000, 0x0000000650000000, 0x0000000650000000|100%| O|  |TAMS 0x000000064fc00000, 0x0000000650000000| Untracked 
| 320|0x0000000650000000, 0x0000000650400000, 0x0000000650400000|100%| O|  |TAMS 0x0000000650000000, 0x0000000650400000| Untracked 
| 321|0x0000000650400000, 0x0000000650800000, 0x0000000650800000|100%| O|  |TAMS 0x0000000650400000, 0x0000000650800000| Untracked 
| 322|0x0000000650800000, 0x0000000650c00000, 0x0000000650c00000|100%| O|  |TAMS 0x0000000650800000, 0x0000000650c00000| Untracked 
| 323|0x0000000650c00000, 0x0000000651000000, 0x0000000651000000|100%| O|  |TAMS 0x0000000650c00000, 0x0000000651000000| Untracked 
| 324|0x0000000651000000, 0x0000000651400000, 0x0000000651400000|100%| O|  |TAMS 0x0000000651000000, 0x0000000651400000| Untracked 
| 325|0x0000000651400000, 0x0000000651800000, 0x0000000651800000|100%| O|  |TAMS 0x0000000651400000, 0x0000000651800000| Untracked 
| 326|0x0000000651800000, 0x0000000651c00000, 0x0000000651c00000|100%| O|  |TAMS 0x0000000651800000, 0x0000000651c00000| Untracked 
| 327|0x0000000651c00000, 0x0000000652000000, 0x0000000652000000|100%| O|  |TAMS 0x0000000651c00000, 0x0000000652000000| Untracked 
| 328|0x0000000652000000, 0x0000000652400000, 0x0000000652400000|100%| O|  |TAMS 0x0000000652000000, 0x0000000652400000| Untracked 
| 329|0x0000000652400000, 0x0000000652800000, 0x0000000652800000|100%| O|  |TAMS 0x0000000652400000, 0x0000000652800000| Untracked 
| 330|0x0000000652800000, 0x0000000652c00000, 0x0000000652c00000|100%| O|  |TAMS 0x0000000652800000, 0x0000000652c00000| Untracked 
| 331|0x0000000652c00000, 0x0000000653000000, 0x0000000653000000|100%| O|  |TAMS 0x0000000652c00000, 0x0000000653000000| Untracked 
| 332|0x0000000653000000, 0x0000000653400000, 0x0000000653400000|100%| O|  |TAMS 0x0000000653000000, 0x0000000653400000| Untracked 
| 333|0x0000000653400000, 0x0000000653800000, 0x0000000653800000|100%| O|  |TAMS 0x0000000653400000, 0x0000000653800000| Untracked 
| 334|0x0000000653800000, 0x0000000653c00000, 0x0000000653c00000|100%| O|  |TAMS 0x0000000653800000, 0x0000000653c00000| Untracked 
| 335|0x0000000653c00000, 0x0000000654000000, 0x0000000654000000|100%| O|  |TAMS 0x0000000653c00000, 0x0000000654000000| Untracked 
| 336|0x0000000654000000, 0x0000000654400000, 0x0000000654400000|100%| O|  |TAMS 0x0000000654000000, 0x0000000654400000| Untracked 
| 337|0x0000000654400000, 0x0000000654800000, 0x0000000654800000|100%| O|  |TAMS 0x0000000654400000, 0x0000000654800000| Untracked 
| 338|0x0000000654800000, 0x0000000654c00000, 0x0000000654c00000|100%| O|  |TAMS 0x0000000654800000, 0x0000000654c00000| Untracked 
| 339|0x0000000654c00000, 0x0000000655000000, 0x0000000655000000|100%| O|  |TAMS 0x0000000654c00000, 0x0000000655000000| Untracked 
| 340|0x0000000655000000, 0x0000000655400000, 0x0000000655400000|100%| O|  |TAMS 0x0000000655000000, 0x0000000655400000| Untracked 
| 341|0x0000000655400000, 0x0000000655800000, 0x0000000655800000|100%| O|  |TAMS 0x0000000655400000, 0x0000000655800000| Untracked 
| 342|0x0000000655800000, 0x0000000655c00000, 0x0000000655c00000|100%| O|  |TAMS 0x0000000655800000, 0x0000000655c00000| Untracked 
| 343|0x0000000655c00000, 0x0000000656000000, 0x0000000656000000|100%| O|  |TAMS 0x0000000655c00000, 0x0000000656000000| Untracked 
| 344|0x0000000656000000, 0x0000000656400000, 0x0000000656400000|100%| O|  |TAMS 0x0000000656000000, 0x0000000656400000| Untracked 
| 345|0x0000000656400000, 0x0000000656800000, 0x0000000656800000|100%| O|  |TAMS 0x0000000656400000, 0x0000000656800000| Untracked 
| 346|0x0000000656800000, 0x0000000656c00000, 0x0000000656c00000|100%| O|  |TAMS 0x0000000656800000, 0x0000000656c00000| Untracked 
| 347|0x0000000656c00000, 0x0000000657000000, 0x0000000657000000|100%| O|  |TAMS 0x0000000656c00000, 0x0000000657000000| Untracked 
| 348|0x0000000657000000, 0x0000000657400000, 0x0000000657400000|100%| O|  |TAMS 0x0000000657000000, 0x0000000657400000| Untracked 
| 349|0x0000000657400000, 0x0000000657800000, 0x0000000657800000|100%| O|  |TAMS 0x0000000657400000, 0x0000000657800000| Untracked 
| 350|0x0000000657800000, 0x0000000657c00000, 0x0000000657c00000|100%| O|  |TAMS 0x0000000657800000, 0x0000000657c00000| Untracked 
| 351|0x0000000657c00000, 0x0000000658000000, 0x0000000658000000|100%| O|  |TAMS 0x0000000657c00000, 0x0000000658000000| Untracked 
| 352|0x0000000658000000, 0x0000000658400000, 0x0000000658400000|100%| O|  |TAMS 0x0000000658000000, 0x0000000658400000| Untracked 
| 353|0x0000000658400000, 0x0000000658800000, 0x0000000658800000|100%| O|  |TAMS 0x0000000658400000, 0x0000000658800000| Untracked 
| 354|0x0000000658800000, 0x0000000658c00000, 0x0000000658c00000|100%| O|  |TAMS 0x0000000658800000, 0x0000000658c00000| Untracked 
| 355|0x0000000658c00000, 0x0000000659000000, 0x0000000659000000|100%| O|  |TAMS 0x0000000658c00000, 0x0000000659000000| Untracked 
| 356|0x0000000659000000, 0x0000000659400000, 0x0000000659400000|100%| O|  |TAMS 0x0000000659000000, 0x0000000659400000| Untracked 
| 357|0x0000000659400000, 0x0000000659800000, 0x0000000659800000|100%| O|  |TAMS 0x0000000659400000, 0x0000000659800000| Untracked 
| 358|0x0000000659800000, 0x0000000659c00000, 0x0000000659c00000|100%| O|  |TAMS 0x0000000659800000, 0x0000000659c00000| Untracked 
| 359|0x0000000659c00000, 0x000000065a000000, 0x000000065a000000|100%| O|  |TAMS 0x0000000659c00000, 0x000000065a000000| Untracked 
| 360|0x000000065a000000, 0x000000065a400000, 0x000000065a400000|100%| O|  |TAMS 0x000000065a000000, 0x000000065a400000| Untracked 
| 361|0x000000065a400000, 0x000000065a800000, 0x000000065a800000|100%| O|  |TAMS 0x000000065a400000, 0x000000065a800000| Untracked 
| 362|0x000000065a800000, 0x000000065ac00000, 0x000000065ac00000|100%| O|  |TAMS 0x000000065a800000, 0x000000065ac00000| Untracked 
| 363|0x000000065ac00000, 0x000000065b000000, 0x000000065b000000|100%| O|  |TAMS 0x000000065ac00000, 0x000000065b000000| Untracked 
| 364|0x000000065b000000, 0x000000065b400000, 0x000000065b400000|100%| O|  |TAMS 0x000000065b000000, 0x000000065b400000| Untracked 
| 365|0x000000065b400000, 0x000000065b800000, 0x000000065b800000|100%| O|  |TAMS 0x000000065b400000, 0x000000065b800000| Untracked 
| 366|0x000000065b800000, 0x000000065bc00000, 0x000000065bc00000|100%|HS|  |TAMS 0x000000065b800000, 0x000000065bc00000| Complete 
| 367|0x000000065bc00000, 0x000000065c000000, 0x000000065c000000|100%|HS|  |TAMS 0x000000065bc00000, 0x000000065c000000| Complete 
| 368|0x000000065c000000, 0x000000065c400000, 0x000000065c400000|100%|HS|  |TAMS 0x000000065c000000, 0x000000065c400000| Complete 
| 369|0x000000065c400000, 0x000000065c800000, 0x000000065c800000|100%|HS|  |TAMS 0x000000065c400000, 0x000000065c800000| Complete 
| 370|0x000000065c800000, 0x000000065cc00000, 0x000000065cc00000|100%|HS|  |TAMS 0x000000065c800000, 0x000000065cc00000| Complete 
| 371|0x000000065cc00000, 0x000000065d000000, 0x000000065d000000|100%|HS|  |TAMS 0x000000065cc00000, 0x000000065d000000| Complete 
| 372|0x000000065d000000, 0x000000065d400000, 0x000000065d400000|100%|HS|  |TAMS 0x000000065d000000, 0x000000065d400000| Complete 
| 373|0x000000065d400000, 0x000000065d800000, 0x000000065d800000|100%|HS|  |TAMS 0x000000065d400000, 0x000000065d800000| Complete 
| 374|0x000000065d800000, 0x000000065dc00000, 0x000000065dc00000|100%| O|  |TAMS 0x000000065d800000, 0x000000065dc00000| Untracked 
| 375|0x000000065dc00000, 0x000000065e000000, 0x000000065e000000|100%| O|  |TAMS 0x000000065dc00000, 0x000000065e000000| Untracked 
| 376|0x000000065e000000, 0x000000065e400000, 0x000000065e400000|100%| O|  |TAMS 0x000000065e000000, 0x000000065e400000| Untracked 
| 377|0x000000065e400000, 0x000000065e800000, 0x000000065e800000|100%| O|  |TAMS 0x000000065e400000, 0x000000065e800000| Untracked 
| 378|0x000000065e800000, 0x000000065ec00000, 0x000000065ec00000|100%| O|  |TAMS 0x000000065e800000, 0x000000065ec00000| Untracked 
| 379|0x000000065ec00000, 0x000000065f000000, 0x000000065f000000|100%| O|  |TAMS 0x000000065ec00000, 0x000000065f000000| Untracked 
| 380|0x000000065f000000, 0x000000065f400000, 0x000000065f400000|100%| O|  |TAMS 0x000000065f000000, 0x000000065f400000| Untracked 
| 381|0x000000065f400000, 0x000000065f800000, 0x000000065f800000|100%| O|  |TAMS 0x000000065f400000, 0x000000065f800000| Untracked 
| 382|0x000000065f800000, 0x000000065fc00000, 0x000000065fc00000|100%| O|  |TAMS 0x000000065f800000, 0x000000065fc00000| Untracked 
| 383|0x000000065fc00000, 0x0000000660000000, 0x0000000660000000|100%| O|  |TAMS 0x000000065fc00000, 0x0000000660000000| Untracked 
| 384|0x0000000660000000, 0x0000000660400000, 0x0000000660400000|100%| O|  |TAMS 0x0000000660000000, 0x0000000660400000| Untracked 
| 385|0x0000000660400000, 0x0000000660800000, 0x0000000660800000|100%| O|  |TAMS 0x0000000660400000, 0x0000000660800000| Untracked 
| 386|0x0000000660800000, 0x0000000660c00000, 0x0000000660c00000|100%| O|  |TAMS 0x0000000660800000, 0x0000000660c00000| Untracked 
| 387|0x0000000660c00000, 0x0000000661000000, 0x0000000661000000|100%| O|  |TAMS 0x0000000660c00000, 0x0000000661000000| Untracked 
| 388|0x0000000661000000, 0x0000000661400000, 0x0000000661400000|100%| O|  |TAMS 0x0000000661000000, 0x0000000661400000| Untracked 
| 389|0x0000000661400000, 0x0000000661800000, 0x0000000661800000|100%| O|  |TAMS 0x0000000661400000, 0x0000000661800000| Untracked 
| 390|0x0000000661800000, 0x0000000661c00000, 0x0000000661c00000|100%| O|  |TAMS 0x0000000661800000, 0x0000000661c00000| Untracked 
| 391|0x0000000661c00000, 0x0000000662000000, 0x0000000662000000|100%| O|  |TAMS 0x0000000661c00000, 0x0000000662000000| Untracked 
| 392|0x0000000662000000, 0x0000000662400000, 0x0000000662400000|100%| O|  |TAMS 0x0000000662000000, 0x0000000662400000| Untracked 
| 393|0x0000000662400000, 0x0000000662800000, 0x0000000662800000|100%| O|  |TAMS 0x0000000662400000, 0x0000000662800000| Untracked 
| 394|0x0000000662800000, 0x0000000662c00000, 0x0000000662c00000|100%| O|  |TAMS 0x0000000662800000, 0x0000000662c00000| Untracked 
| 395|0x0000000662c00000, 0x0000000663000000, 0x0000000663000000|100%| O|  |TAMS 0x0000000662c00000, 0x0000000663000000| Untracked 
| 396|0x0000000663000000, 0x0000000663400000, 0x0000000663400000|100%| O|  |TAMS 0x0000000663000000, 0x0000000663400000| Untracked 
| 397|0x0000000663400000, 0x0000000663800000, 0x0000000663800000|100%| O|  |TAMS 0x0000000663400000, 0x0000000663800000| Untracked 
| 398|0x0000000663800000, 0x0000000663c00000, 0x0000000663c00000|100%| O|  |TAMS 0x0000000663800000, 0x0000000663c00000| Untracked 
| 399|0x0000000663c00000, 0x0000000664000000, 0x0000000664000000|100%| O|  |TAMS 0x0000000663c00000, 0x0000000664000000| Untracked 
| 400|0x0000000664000000, 0x0000000664400000, 0x0000000664400000|100%| O|  |TAMS 0x0000000664000000, 0x0000000664400000| Untracked 
| 401|0x0000000664400000, 0x0000000664800000, 0x0000000664800000|100%| O|  |TAMS 0x0000000664400000, 0x0000000664800000| Untracked 
| 402|0x0000000664800000, 0x0000000664c00000, 0x0000000664c00000|100%| O|  |TAMS 0x0000000664800000, 0x0000000664c00000| Untracked 
| 403|0x0000000664c00000, 0x0000000665000000, 0x0000000665000000|100%| O|  |TAMS 0x0000000664c00000, 0x0000000665000000| Untracked 
| 404|0x0000000665000000, 0x0000000665400000, 0x0000000665400000|100%| O|  |TAMS 0x0000000665000000, 0x0000000665400000| Untracked 
| 405|0x0000000665400000, 0x0000000665800000, 0x0000000665800000|100%| O|  |TAMS 0x0000000665400000, 0x0000000665800000| Untracked 
| 406|0x0000000665800000, 0x0000000665c00000, 0x0000000665c00000|100%| O|  |TAMS 0x0000000665800000, 0x0000000665c00000| Untracked 
| 407|0x0000000665c00000, 0x0000000666000000, 0x0000000666000000|100%| O|  |TAMS 0x0000000665c00000, 0x0000000666000000| Untracked 
| 408|0x0000000666000000, 0x0000000666400000, 0x0000000666400000|100%| O|  |TAMS 0x0000000666000000, 0x0000000666400000| Untracked 
| 409|0x0000000666400000, 0x0000000666800000, 0x0000000666800000|100%| O|  |TAMS 0x0000000666400000, 0x0000000666800000| Untracked 
| 410|0x0000000666800000, 0x0000000666c00000, 0x0000000666c00000|100%| O|  |TAMS 0x0000000666800000, 0x0000000666c00000| Untracked 
| 411|0x0000000666c00000, 0x0000000667000000, 0x0000000667000000|100%| O|  |TAMS 0x0000000666c00000, 0x0000000667000000| Untracked 
| 412|0x0000000667000000, 0x0000000667400000, 0x0000000667400000|100%| O|  |TAMS 0x0000000667000000, 0x0000000667400000| Untracked 
| 413|0x0000000667400000, 0x0000000667800000, 0x0000000667800000|100%| O|  |TAMS 0x0000000667400000, 0x0000000667800000| Untracked 
| 414|0x0000000667800000, 0x0000000667c00000, 0x0000000667c00000|100%| O|  |TAMS 0x0000000667800000, 0x0000000667c00000| Untracked 
| 415|0x0000000667c00000, 0x0000000668000000, 0x0000000668000000|100%| O|  |TAMS 0x0000000667c00000, 0x0000000668000000| Untracked 
| 416|0x0000000668000000, 0x0000000668400000, 0x0000000668400000|100%| O|  |TAMS 0x0000000668000000, 0x0000000668400000| Untracked 
| 417|0x0000000668400000, 0x0000000668800000, 0x0000000668800000|100%| O|  |TAMS 0x0000000668400000, 0x0000000668800000| Untracked 
| 418|0x0000000668800000, 0x0000000668c00000, 0x0000000668c00000|100%| O|  |TAMS 0x0000000668800000, 0x0000000668c00000| Untracked 
| 419|0x0000000668c00000, 0x0000000669000000, 0x0000000669000000|100%| O|  |TAMS 0x0000000668c00000, 0x0000000669000000| Untracked 
| 420|0x0000000669000000, 0x0000000669400000, 0x0000000669400000|100%| O|  |TAMS 0x0000000669000000, 0x0000000669400000| Untracked 
| 421|0x0000000669400000, 0x0000000669800000, 0x0000000669800000|100%| O|  |TAMS 0x0000000669400000, 0x0000000669800000| Untracked 
| 422|0x0000000669800000, 0x0000000669c00000, 0x0000000669c00000|100%| O|  |TAMS 0x0000000669800000, 0x0000000669c00000| Untracked 
| 423|0x0000000669c00000, 0x000000066a000000, 0x000000066a000000|100%| O|  |TAMS 0x0000000669c00000, 0x000000066a000000| Untracked 
| 424|0x000000066a000000, 0x000000066a400000, 0x000000066a400000|100%| O|  |TAMS 0x000000066a000000, 0x000000066a400000| Untracked 
| 425|0x000000066a400000, 0x000000066a800000, 0x000000066a800000|100%| O|  |TAMS 0x000000066a400000, 0x000000066a800000| Untracked 
| 426|0x000000066a800000, 0x000000066ac00000, 0x000000066ac00000|100%| O|  |TAMS 0x000000066a800000, 0x000000066ac00000| Untracked 
| 427|0x000000066ac00000, 0x000000066b000000, 0x000000066b000000|100%| O|  |TAMS 0x000000066ac00000, 0x000000066b000000| Untracked 
| 428|0x000000066b000000, 0x000000066b400000, 0x000000066b400000|100%| O|  |TAMS 0x000000066b000000, 0x000000066b400000| Untracked 
| 429|0x000000066b400000, 0x000000066b800000, 0x000000066b800000|100%| O|  |TAMS 0x000000066b400000, 0x000000066b800000| Untracked 
| 430|0x000000066b800000, 0x000000066bc00000, 0x000000066bc00000|100%| O|  |TAMS 0x000000066b800000, 0x000000066bc00000| Untracked 
| 431|0x000000066bc00000, 0x000000066c000000, 0x000000066c000000|100%| O|  |TAMS 0x000000066bc00000, 0x000000066bf0b000| Untracked 
| 432|0x000000066c000000, 0x000000066c400000, 0x000000066c400000|100%| O|  |TAMS 0x000000066c000000, 0x000000066c000000| Untracked 
| 433|0x000000066c400000, 0x000000066c800000, 0x000000066c800000|100%| O|  |TAMS 0x000000066c400000, 0x000000066c400000| Untracked 
| 434|0x000000066c800000, 0x000000066cc00000, 0x000000066cc00000|100%| O|  |TAMS 0x000000066c800000, 0x000000066c800000| Untracked 
| 435|0x000000066cc00000, 0x000000066d000000, 0x000000066d000000|100%| O|  |TAMS 0x000000066cc00000, 0x000000066cc00000| Untracked 
| 436|0x000000066d000000, 0x000000066d400000, 0x000000066d400000|100%| O|  |TAMS 0x000000066d000000, 0x000000066d000000| Untracked 
| 437|0x000000066d400000, 0x000000066d800000, 0x000000066d800000|100%| O|  |TAMS 0x000000066d400000, 0x000000066d400000| Untracked 
| 438|0x000000066d800000, 0x000000066dc00000, 0x000000066dc00000|100%| O|  |TAMS 0x000000066d800000, 0x000000066d800000| Untracked 
| 439|0x000000066dc00000, 0x000000066e000000, 0x000000066e000000|100%| O|  |TAMS 0x000000066dc00000, 0x000000066dc00000| Untracked 
| 440|0x000000066e000000, 0x000000066e400000, 0x000000066e400000|100%| O|  |TAMS 0x000000066e000000, 0x000000066e000000| Untracked 
| 441|0x000000066e400000, 0x000000066e800000, 0x000000066e800000|100%| O|  |TAMS 0x000000066e400000, 0x000000066e400000| Untracked 
| 442|0x000000066e800000, 0x000000066ec00000, 0x000000066ec00000|100%| O|  |TAMS 0x000000066e800000, 0x000000066e800000| Untracked 
| 443|0x000000066ec00000, 0x000000066f000000, 0x000000066f000000|100%| O|  |TAMS 0x000000066ec00000, 0x000000066ec00000| Untracked 
| 444|0x000000066f000000, 0x000000066f400000, 0x000000066f400000|100%| O|  |TAMS 0x000000066f000000, 0x000000066f000000| Untracked 
| 445|0x000000066f400000, 0x000000066f800000, 0x000000066f800000|100%| O|  |TAMS 0x000000066f400000, 0x000000066f400000| Untracked 
| 446|0x000000066f800000, 0x000000066fc00000, 0x000000066fc00000|100%| O|  |TAMS 0x000000066f800000, 0x000000066f800000| Untracked 
| 447|0x000000066fc00000, 0x0000000670000000, 0x0000000670000000|100%| O|  |TAMS 0x000000066fc00000, 0x000000066fc00000| Untracked 
| 448|0x0000000670000000, 0x0000000670400000, 0x0000000670400000|100%| O|  |TAMS 0x0000000670000000, 0x0000000670000000| Untracked 
| 449|0x0000000670400000, 0x0000000670800000, 0x0000000670800000|100%| O|  |TAMS 0x0000000670400000, 0x0000000670400000| Untracked 
| 450|0x0000000670800000, 0x0000000670c00000, 0x0000000670c00000|100%| O|  |TAMS 0x0000000670800000, 0x0000000670800000| Untracked 
| 451|0x0000000670c00000, 0x0000000671000000, 0x0000000671000000|100%| O|  |TAMS 0x0000000670c00000, 0x0000000670c00000| Untracked 
| 452|0x0000000671000000, 0x0000000671400000, 0x0000000671400000|100%| O|  |TAMS 0x0000000671000000, 0x0000000671000000| Untracked 
| 453|0x0000000671400000, 0x0000000671800000, 0x0000000671800000|100%| O|  |TAMS 0x0000000671400000, 0x0000000671400000| Untracked 
| 454|0x0000000671800000, 0x0000000671c00000, 0x0000000671c00000|100%| O|  |TAMS 0x0000000671800000, 0x0000000671800000| Untracked 
| 455|0x0000000671c00000, 0x0000000672000000, 0x0000000672000000|100%| O|  |TAMS 0x0000000671c00000, 0x0000000671c00000| Untracked 
| 456|0x0000000672000000, 0x0000000672400000, 0x0000000672400000|100%| O|  |TAMS 0x0000000672000000, 0x0000000672000000| Untracked 
| 457|0x0000000672400000, 0x0000000672800000, 0x0000000672800000|100%| O|  |TAMS 0x0000000672400000, 0x0000000672400000| Untracked 
| 458|0x0000000672800000, 0x0000000672c00000, 0x0000000672c00000|100%| O|  |TAMS 0x0000000672800000, 0x0000000672800000| Untracked 
| 459|0x0000000672c00000, 0x0000000673000000, 0x0000000673000000|100%| O|  |TAMS 0x0000000672c00000, 0x0000000672c00000| Untracked 
| 460|0x0000000673000000, 0x0000000673400000, 0x0000000673400000|100%| O|  |TAMS 0x0000000673000000, 0x0000000673000000| Untracked 
| 461|0x0000000673400000, 0x0000000673800000, 0x0000000673800000|100%| O|  |TAMS 0x0000000673400000, 0x0000000673400000| Untracked 
| 462|0x0000000673800000, 0x0000000673c00000, 0x0000000673c00000|100%| O|  |TAMS 0x0000000673800000, 0x0000000673800000| Untracked 
| 463|0x0000000673c00000, 0x0000000674000000, 0x0000000674000000|100%| O|  |TAMS 0x0000000673c00000, 0x0000000673c00000| Untracked 
| 464|0x0000000674000000, 0x0000000674400000, 0x0000000674400000|100%| O|  |TAMS 0x0000000674000000, 0x0000000674000000| Untracked 
| 465|0x0000000674400000, 0x0000000674800000, 0x0000000674800000|100%| O|  |TAMS 0x0000000674400000, 0x0000000674400000| Untracked 
| 466|0x0000000674800000, 0x0000000674c00000, 0x0000000674c00000|100%| O|  |TAMS 0x0000000674800000, 0x0000000674800000| Untracked 
| 467|0x0000000674c00000, 0x0000000675000000, 0x0000000675000000|100%| O|  |TAMS 0x0000000674c00000, 0x0000000674c00000| Untracked 
| 468|0x0000000675000000, 0x0000000675400000, 0x0000000675400000|100%| O|  |TAMS 0x0000000675000000, 0x0000000675000000| Untracked 
| 469|0x0000000675400000, 0x0000000675800000, 0x0000000675800000|100%| O|  |TAMS 0x0000000675400000, 0x0000000675400000| Untracked 
| 470|0x0000000675800000, 0x0000000675c00000, 0x0000000675c00000|100%| O|  |TAMS 0x0000000675800000, 0x0000000675800000| Untracked 
| 471|0x0000000675c00000, 0x0000000676000000, 0x0000000676000000|100%| O|  |TAMS 0x0000000675c00000, 0x0000000675c00000| Untracked 
| 472|0x0000000676000000, 0x0000000676400000, 0x0000000676400000|100%| O|  |TAMS 0x0000000676000000, 0x0000000676000000| Untracked 
| 473|0x0000000676400000, 0x0000000676800000, 0x0000000676800000|100%| O|  |TAMS 0x0000000676400000, 0x0000000676400000| Untracked 
| 474|0x0000000676800000, 0x0000000676c00000, 0x0000000676c00000|100%| O|  |TAMS 0x0000000676800000, 0x0000000676800000| Untracked 
| 475|0x0000000676c00000, 0x0000000677000000, 0x0000000677000000|100%|HS|  |TAMS 0x0000000676c00000, 0x0000000676c00000| Complete 
| 476|0x0000000677000000, 0x0000000677400000, 0x0000000677400000|100%| O|  |TAMS 0x0000000677000000, 0x0000000677000000| Untracked 
| 477|0x0000000677400000, 0x0000000677800000, 0x0000000677800000|100%| O|  |TAMS 0x0000000677400000, 0x0000000677400000| Untracked 
| 478|0x0000000677800000, 0x0000000677c00000, 0x0000000677c00000|100%| O|  |TAMS 0x0000000677800000, 0x0000000677800000| Untracked 
| 479|0x0000000677c00000, 0x0000000678000000, 0x0000000678000000|100%| O|  |TAMS 0x0000000677c00000, 0x0000000677c00000| Untracked 
| 480|0x0000000678000000, 0x0000000678400000, 0x0000000678400000|100%| O|  |TAMS 0x0000000678000000, 0x0000000678000000| Untracked 
| 481|0x0000000678400000, 0x0000000678800000, 0x0000000678800000|100%| O|  |TAMS 0x0000000678400000, 0x0000000678400000| Untracked 
| 482|0x0000000678800000, 0x0000000678c00000, 0x0000000678c00000|100%| O|  |TAMS 0x0000000678800000, 0x0000000678800000| Untracked 
| 483|0x0000000678c00000, 0x0000000679000000, 0x0000000679000000|100%| O|  |TAMS 0x0000000678c00000, 0x0000000678c00000| Untracked 
| 484|0x0000000679000000, 0x0000000679400000, 0x0000000679400000|100%| O|  |TAMS 0x0000000679000000, 0x0000000679000000| Untracked 
| 485|0x0000000679400000, 0x0000000679800000, 0x0000000679800000|100%| O|  |TAMS 0x0000000679400000, 0x0000000679400000| Untracked 
| 486|0x0000000679800000, 0x0000000679c00000, 0x0000000679c00000|100%| O|  |TAMS 0x0000000679800000, 0x0000000679800000| Untracked 
| 487|0x0000000679c00000, 0x000000067a000000, 0x000000067a000000|100%| O|  |TAMS 0x0000000679c00000, 0x0000000679c00000| Untracked 
| 488|0x000000067a000000, 0x000000067a400000, 0x000000067a400000|100%| O|  |TAMS 0x000000067a000000, 0x000000067a000000| Untracked 
| 489|0x000000067a400000, 0x000000067a800000, 0x000000067a800000|100%| O|  |TAMS 0x000000067a400000, 0x000000067a400000| Untracked 
| 490|0x000000067a800000, 0x000000067ac00000, 0x000000067ac00000|100%| O|  |TAMS 0x000000067a800000, 0x000000067a800000| Untracked 
| 491|0x000000067ac00000, 0x000000067b000000, 0x000000067b000000|100%| O|  |TAMS 0x000000067ac00000, 0x000000067ac00000| Untracked 
| 492|0x000000067b000000, 0x000000067b400000, 0x000000067b400000|100%| O|  |TAMS 0x000000067b000000, 0x000000067b000000| Untracked 
| 493|0x000000067b400000, 0x000000067b800000, 0x000000067b800000|100%| O|  |TAMS 0x000000067b400000, 0x000000067b400000| Untracked 
| 494|0x000000067b800000, 0x000000067bc00000, 0x000000067bc00000|100%| O|  |TAMS 0x000000067b800000, 0x000000067b800000| Untracked 
| 495|0x000000067bc00000, 0x000000067c000000, 0x000000067c000000|100%| O|  |TAMS 0x000000067bc00000, 0x000000067bc00000| Untracked 
| 496|0x000000067c000000, 0x000000067c400000, 0x000000067c400000|100%| O|  |TAMS 0x000000067c000000, 0x000000067c000000| Untracked 
| 497|0x000000067c400000, 0x000000067c800000, 0x000000067c800000|100%| O|  |TAMS 0x000000067c400000, 0x000000067c400000| Untracked 
| 498|0x000000067c800000, 0x000000067cc00000, 0x000000067cc00000|100%| O|  |TAMS 0x000000067c800000, 0x000000067c800000| Untracked 
| 499|0x000000067cc00000, 0x000000067d000000, 0x000000067d000000|100%| O|  |TAMS 0x000000067cc00000, 0x000000067cc00000| Untracked 
| 500|0x000000067d000000, 0x000000067d400000, 0x000000067d400000|100%| O|  |TAMS 0x000000067d000000, 0x000000067d000000| Untracked 
| 501|0x000000067d400000, 0x000000067d800000, 0x000000067d800000|100%| O|  |TAMS 0x000000067d400000, 0x000000067d400000| Untracked 
| 502|0x000000067d800000, 0x000000067dc00000, 0x000000067dc00000|100%| O|  |TAMS 0x000000067d800000, 0x000000067d800000| Untracked 
| 503|0x000000067dc00000, 0x000000067e000000, 0x000000067e000000|100%| O|  |TAMS 0x000000067dc00000, 0x000000067dc00000| Untracked 
| 504|0x000000067e000000, 0x000000067e400000, 0x000000067e400000|100%| O|  |TAMS 0x000000067e000000, 0x000000067e000000| Untracked 
| 505|0x000000067e400000, 0x000000067e800000, 0x000000067e800000|100%| O|  |TAMS 0x000000067e400000, 0x000000067e400000| Untracked 
| 506|0x000000067e800000, 0x000000067ec00000, 0x000000067ec00000|100%| O|  |TAMS 0x000000067e800000, 0x000000067e800000| Untracked 
| 507|0x000000067ec00000, 0x000000067f000000, 0x000000067f000000|100%| O|  |TAMS 0x000000067ec00000, 0x000000067ec00000| Untracked 
| 508|0x000000067f000000, 0x000000067f400000, 0x000000067f400000|100%| O|  |TAMS 0x000000067f000000, 0x000000067f000000| Untracked 
| 509|0x000000067f400000, 0x000000067f800000, 0x000000067f800000|100%| O|  |TAMS 0x000000067f400000, 0x000000067f400000| Untracked 
| 510|0x000000067f800000, 0x000000067fc00000, 0x000000067fc00000|100%| O|  |TAMS 0x000000067f800000, 0x000000067f800000| Untracked 
| 511|0x000000067fc00000, 0x0000000680000000, 0x0000000680000000|100%| O|  |TAMS 0x000000067fc00000, 0x000000067fc00000| Untracked 
| 512|0x0000000680000000, 0x0000000680400000, 0x0000000680400000|100%| O|  |TAMS 0x0000000680000000, 0x0000000680000000| Untracked 
| 513|0x0000000680400000, 0x0000000680800000, 0x0000000680800000|100%| O|  |TAMS 0x0000000680400000, 0x0000000680400000| Untracked 
| 514|0x0000000680800000, 0x0000000680c00000, 0x0000000680c00000|100%| O|  |TAMS 0x0000000680800000, 0x0000000680800000| Untracked 
| 515|0x0000000680c00000, 0x0000000680c00000, 0x0000000681000000|  0%| F|  |TAMS 0x0000000680c00000, 0x0000000680c00000| Untracked 
| 516|0x0000000681000000, 0x0000000681000000, 0x0000000681400000|  0%| F|  |TAMS 0x0000000681000000, 0x0000000681000000| Untracked 
| 517|0x0000000681400000, 0x0000000681400000, 0x0000000681800000|  0%| F|  |TAMS 0x0000000681400000, 0x0000000681400000| Untracked 
| 518|0x0000000681800000, 0x0000000681800000, 0x0000000681c00000|  0%| F|  |TAMS 0x0000000681800000, 0x0000000681800000| Untracked 
| 519|0x0000000681c00000, 0x0000000681c00000, 0x0000000682000000|  0%| F|  |TAMS 0x0000000681c00000, 0x0000000681c00000| Untracked 
| 520|0x0000000682000000, 0x0000000682000000, 0x0000000682400000|  0%| F|  |TAMS 0x0000000682000000, 0x0000000682000000| Untracked 
| 521|0x0000000682400000, 0x0000000682400000, 0x0000000682800000|  0%| F|  |TAMS 0x0000000682400000, 0x0000000682400000| Untracked 
| 522|0x0000000682800000, 0x0000000682800000, 0x0000000682c00000|  0%| F|  |TAMS 0x0000000682800000, 0x0000000682800000| Untracked 
| 523|0x0000000682c00000, 0x0000000682c00000, 0x0000000683000000|  0%| F|  |TAMS 0x0000000682c00000, 0x0000000682c00000| Untracked 
| 524|0x0000000683000000, 0x0000000683000000, 0x0000000683400000|  0%| F|  |TAMS 0x0000000683000000, 0x0000000683000000| Untracked 
| 525|0x0000000683400000, 0x0000000683400000, 0x0000000683800000|  0%| F|  |TAMS 0x0000000683400000, 0x0000000683400000| Untracked 
| 526|0x0000000683800000, 0x0000000683800000, 0x0000000683c00000|  0%| F|  |TAMS 0x0000000683800000, 0x0000000683800000| Untracked 
| 527|0x0000000683c00000, 0x0000000683c00000, 0x0000000684000000|  0%| F|  |TAMS 0x0000000683c00000, 0x0000000683c00000| Untracked 
| 528|0x0000000684000000, 0x0000000684000000, 0x0000000684400000|  0%| F|  |TAMS 0x0000000684000000, 0x0000000684000000| Untracked 
| 529|0x0000000684400000, 0x0000000684400000, 0x0000000684800000|  0%| F|  |TAMS 0x0000000684400000, 0x0000000684400000| Untracked 
| 530|0x0000000684800000, 0x0000000684800000, 0x0000000684c00000|  0%| F|  |TAMS 0x0000000684800000, 0x0000000684800000| Untracked 
| 531|0x0000000684c00000, 0x0000000684c00000, 0x0000000685000000|  0%| F|  |TAMS 0x0000000684c00000, 0x0000000684c00000| Untracked 
| 532|0x0000000685000000, 0x0000000685000000, 0x0000000685400000|  0%| F|  |TAMS 0x0000000685000000, 0x0000000685000000| Untracked 
| 533|0x0000000685400000, 0x0000000685400000, 0x0000000685800000|  0%| F|  |TAMS 0x0000000685400000, 0x0000000685400000| Untracked 
| 534|0x0000000685800000, 0x0000000685800000, 0x0000000685c00000|  0%| F|  |TAMS 0x0000000685800000, 0x0000000685800000| Untracked 
| 535|0x0000000685c00000, 0x0000000685c00000, 0x0000000686000000|  0%| F|  |TAMS 0x0000000685c00000, 0x0000000685c00000| Untracked 
| 536|0x0000000686000000, 0x0000000686000000, 0x0000000686400000|  0%| F|  |TAMS 0x0000000686000000, 0x0000000686000000| Untracked 
| 537|0x0000000686400000, 0x0000000686400000, 0x0000000686800000|  0%| F|  |TAMS 0x0000000686400000, 0x0000000686400000| Untracked 
| 538|0x0000000686800000, 0x0000000686800000, 0x0000000686c00000|  0%| F|  |TAMS 0x0000000686800000, 0x0000000686800000| Untracked 
| 539|0x0000000686c00000, 0x0000000686c00000, 0x0000000687000000|  0%| F|  |TAMS 0x0000000686c00000, 0x0000000686c00000| Untracked 
| 540|0x0000000687000000, 0x0000000687000000, 0x0000000687400000|  0%| F|  |TAMS 0x0000000687000000, 0x0000000687000000| Untracked 
| 541|0x0000000687400000, 0x0000000687400000, 0x0000000687800000|  0%| F|  |TAMS 0x0000000687400000, 0x0000000687400000| Untracked 
| 542|0x0000000687800000, 0x0000000687800000, 0x0000000687c00000|  0%| F|  |TAMS 0x0000000687800000, 0x0000000687800000| Untracked 
| 543|0x0000000687c00000, 0x0000000687c00000, 0x0000000688000000|  0%| F|  |TAMS 0x0000000687c00000, 0x0000000687c00000| Untracked 
| 544|0x0000000688000000, 0x0000000688000000, 0x0000000688400000|  0%| F|  |TAMS 0x0000000688000000, 0x0000000688000000| Untracked 
| 545|0x0000000688400000, 0x0000000688400000, 0x0000000688800000|  0%| F|  |TAMS 0x0000000688400000, 0x0000000688400000| Untracked 
| 546|0x0000000688800000, 0x0000000688800000, 0x0000000688c00000|  0%| F|  |TAMS 0x0000000688800000, 0x0000000688800000| Untracked 
| 547|0x0000000688c00000, 0x0000000688c00000, 0x0000000689000000|  0%| F|  |TAMS 0x0000000688c00000, 0x0000000688c00000| Untracked 
| 548|0x0000000689000000, 0x0000000689000000, 0x0000000689400000|  0%| F|  |TAMS 0x0000000689000000, 0x0000000689000000| Untracked 
| 549|0x0000000689400000, 0x0000000689400000, 0x0000000689800000|  0%| F|  |TAMS 0x0000000689400000, 0x0000000689400000| Untracked 
| 550|0x0000000689800000, 0x0000000689800000, 0x0000000689c00000|  0%| F|  |TAMS 0x0000000689800000, 0x0000000689800000| Untracked 
| 551|0x0000000689c00000, 0x0000000689c00000, 0x000000068a000000|  0%| F|  |TAMS 0x0000000689c00000, 0x0000000689c00000| Untracked 
| 552|0x000000068a000000, 0x000000068a000000, 0x000000068a400000|  0%| F|  |TAMS 0x000000068a000000, 0x000000068a000000| Untracked 
| 553|0x000000068a400000, 0x000000068a400000, 0x000000068a800000|  0%| F|  |TAMS 0x000000068a400000, 0x000000068a400000| Untracked 
| 554|0x000000068a800000, 0x000000068a800000, 0x000000068ac00000|  0%| F|  |TAMS 0x000000068a800000, 0x000000068a800000| Untracked 
| 555|0x000000068ac00000, 0x000000068ac00000, 0x000000068b000000|  0%| F|  |TAMS 0x000000068ac00000, 0x000000068ac00000| Untracked 
| 556|0x000000068b000000, 0x000000068b000000, 0x000000068b400000|  0%| F|  |TAMS 0x000000068b000000, 0x000000068b000000| Untracked 
| 557|0x000000068b400000, 0x000000068b400000, 0x000000068b800000|  0%| F|  |TAMS 0x000000068b400000, 0x000000068b400000| Untracked 
| 558|0x000000068b800000, 0x000000068b800000, 0x000000068bc00000|  0%| F|  |TAMS 0x000000068b800000, 0x000000068b800000| Untracked 
| 559|0x000000068bc00000, 0x000000068bc00000, 0x000000068c000000|  0%| F|  |TAMS 0x000000068bc00000, 0x000000068bc00000| Untracked 
| 560|0x000000068c000000, 0x000000068c000000, 0x000000068c400000|  0%| F|  |TAMS 0x000000068c000000, 0x000000068c000000| Untracked 
| 561|0x000000068c400000, 0x000000068c400000, 0x000000068c800000|  0%| F|  |TAMS 0x000000068c400000, 0x000000068c400000| Untracked 
| 562|0x000000068c800000, 0x000000068c800000, 0x000000068cc00000|  0%| F|  |TAMS 0x000000068c800000, 0x000000068c800000| Untracked 
| 563|0x000000068cc00000, 0x000000068cc00000, 0x000000068d000000|  0%| F|  |TAMS 0x000000068cc00000, 0x000000068cc00000| Untracked 
| 564|0x000000068d000000, 0x000000068d000000, 0x000000068d400000|  0%| F|  |TAMS 0x000000068d000000, 0x000000068d000000| Untracked 
| 565|0x000000068d400000, 0x000000068d400000, 0x000000068d800000|  0%| F|  |TAMS 0x000000068d400000, 0x000000068d400000| Untracked 
| 566|0x000000068d800000, 0x000000068d800000, 0x000000068dc00000|  0%| F|  |TAMS 0x000000068d800000, 0x000000068d800000| Untracked 
| 567|0x000000068dc00000, 0x000000068dc00000, 0x000000068e000000|  0%| F|  |TAMS 0x000000068dc00000, 0x000000068dc00000| Untracked 
| 568|0x000000068e000000, 0x000000068e000000, 0x000000068e400000|  0%| F|  |TAMS 0x000000068e000000, 0x000000068e000000| Untracked 
| 569|0x000000068e400000, 0x000000068e400000, 0x000000068e800000|  0%| F|  |TAMS 0x000000068e400000, 0x000000068e400000| Untracked 
| 570|0x000000068e800000, 0x000000068e800000, 0x000000068ec00000|  0%| F|  |TAMS 0x000000068e800000, 0x000000068e800000| Untracked 
| 571|0x000000068ec00000, 0x000000068ec00000, 0x000000068f000000|  0%| F|  |TAMS 0x000000068ec00000, 0x000000068ec00000| Untracked 
| 572|0x000000068f000000, 0x000000068f000000, 0x000000068f400000|  0%| F|  |TAMS 0x000000068f000000, 0x000000068f000000| Untracked 
| 573|0x000000068f400000, 0x000000068f400000, 0x000000068f800000|  0%| F|  |TAMS 0x000000068f400000, 0x000000068f400000| Untracked 
| 574|0x000000068f800000, 0x000000068f800000, 0x000000068fc00000|  0%| F|  |TAMS 0x000000068f800000, 0x000000068f800000| Untracked 
| 575|0x000000068fc00000, 0x000000068fc00000, 0x0000000690000000|  0%| F|  |TAMS 0x000000068fc00000, 0x000000068fc00000| Untracked 
| 576|0x0000000690000000, 0x0000000690000000, 0x0000000690400000|  0%| F|  |TAMS 0x0000000690000000, 0x0000000690000000| Untracked 
| 577|0x0000000690400000, 0x0000000690400000, 0x0000000690800000|  0%| F|  |TAMS 0x0000000690400000, 0x0000000690400000| Untracked 
| 578|0x0000000690800000, 0x0000000690800000, 0x0000000690c00000|  0%| F|  |TAMS 0x0000000690800000, 0x0000000690800000| Untracked 
| 579|0x0000000690c00000, 0x0000000690c00000, 0x0000000691000000|  0%| F|  |TAMS 0x0000000690c00000, 0x0000000690c00000| Untracked 
| 580|0x0000000691000000, 0x0000000691000000, 0x0000000691400000|  0%| F|  |TAMS 0x0000000691000000, 0x0000000691000000| Untracked 
| 581|0x0000000691400000, 0x0000000691400000, 0x0000000691800000|  0%| F|  |TAMS 0x0000000691400000, 0x0000000691400000| Untracked 
| 582|0x0000000691800000, 0x0000000691800000, 0x0000000691c00000|  0%| F|  |TAMS 0x0000000691800000, 0x0000000691800000| Untracked 
| 583|0x0000000691c00000, 0x0000000691c00000, 0x0000000692000000|  0%| F|  |TAMS 0x0000000691c00000, 0x0000000691c00000| Untracked 
| 584|0x0000000692000000, 0x0000000692000000, 0x0000000692400000|  0%| F|  |TAMS 0x0000000692000000, 0x0000000692000000| Untracked 
| 585|0x0000000692400000, 0x0000000692400000, 0x0000000692800000|  0%| F|  |TAMS 0x0000000692400000, 0x0000000692400000| Untracked 
| 586|0x0000000692800000, 0x0000000692800000, 0x0000000692c00000|  0%| F|  |TAMS 0x0000000692800000, 0x0000000692800000| Untracked 
| 587|0x0000000692c00000, 0x0000000692c00000, 0x0000000693000000|  0%| F|  |TAMS 0x0000000692c00000, 0x0000000692c00000| Untracked 
| 588|0x0000000693000000, 0x0000000693000000, 0x0000000693400000|  0%| F|  |TAMS 0x0000000693000000, 0x0000000693000000| Untracked 
| 589|0x0000000693400000, 0x0000000693400000, 0x0000000693800000|  0%| F|  |TAMS 0x0000000693400000, 0x0000000693400000| Untracked 
| 590|0x0000000693800000, 0x0000000693800000, 0x0000000693c00000|  0%| F|  |TAMS 0x0000000693800000, 0x0000000693800000| Untracked 
| 591|0x0000000693c00000, 0x0000000693c00000, 0x0000000694000000|  0%| F|  |TAMS 0x0000000693c00000, 0x0000000693c00000| Untracked 
| 592|0x0000000694000000, 0x0000000694000000, 0x0000000694400000|  0%| F|  |TAMS 0x0000000694000000, 0x0000000694000000| Untracked 
| 593|0x0000000694400000, 0x0000000694400000, 0x0000000694800000|  0%| F|  |TAMS 0x0000000694400000, 0x0000000694400000| Untracked 
| 594|0x0000000694800000, 0x0000000694800000, 0x0000000694c00000|  0%| F|  |TAMS 0x0000000694800000, 0x0000000694800000| Untracked 
| 595|0x0000000694c00000, 0x0000000694c00000, 0x0000000695000000|  0%| F|  |TAMS 0x0000000694c00000, 0x0000000694c00000| Untracked 
| 596|0x0000000695000000, 0x0000000695000000, 0x0000000695400000|  0%| F|  |TAMS 0x0000000695000000, 0x0000000695000000| Untracked 
| 597|0x0000000695400000, 0x0000000695400000, 0x0000000695800000|  0%| F|  |TAMS 0x0000000695400000, 0x0000000695400000| Untracked 
| 598|0x0000000695800000, 0x0000000695800000, 0x0000000695c00000|  0%| F|  |TAMS 0x0000000695800000, 0x0000000695800000| Untracked 
| 599|0x0000000695c00000, 0x0000000695c00000, 0x0000000696000000|  0%| F|  |TAMS 0x0000000695c00000, 0x0000000695c00000| Untracked 
| 600|0x0000000696000000, 0x0000000696000000, 0x0000000696400000|  0%| F|  |TAMS 0x0000000696000000, 0x0000000696000000| Untracked 
| 601|0x0000000696400000, 0x0000000696400000, 0x0000000696800000|  0%| F|  |TAMS 0x0000000696400000, 0x0000000696400000| Untracked 
| 602|0x0000000696800000, 0x0000000696800000, 0x0000000696c00000|  0%| F|  |TAMS 0x0000000696800000, 0x0000000696800000| Untracked 
| 603|0x0000000696c00000, 0x0000000696c00000, 0x0000000697000000|  0%| F|  |TAMS 0x0000000696c00000, 0x0000000696c00000| Untracked 
| 604|0x0000000697000000, 0x0000000697000000, 0x0000000697400000|  0%| F|  |TAMS 0x0000000697000000, 0x0000000697000000| Untracked 
| 605|0x0000000697400000, 0x0000000697400000, 0x0000000697800000|  0%| F|  |TAMS 0x0000000697400000, 0x0000000697400000| Untracked 
| 606|0x0000000697800000, 0x0000000697800000, 0x0000000697c00000|  0%| F|  |TAMS 0x0000000697800000, 0x0000000697800000| Untracked 
| 607|0x0000000697c00000, 0x0000000697c00000, 0x0000000698000000|  0%| F|  |TAMS 0x0000000697c00000, 0x0000000697c00000| Untracked 
| 608|0x0000000698000000, 0x0000000698000000, 0x0000000698400000|  0%| F|  |TAMS 0x0000000698000000, 0x0000000698000000| Untracked 
| 609|0x0000000698400000, 0x0000000698400000, 0x0000000698800000|  0%| F|  |TAMS 0x0000000698400000, 0x0000000698400000| Untracked 
| 610|0x0000000698800000, 0x0000000698800000, 0x0000000698c00000|  0%| F|  |TAMS 0x0000000698800000, 0x0000000698800000| Untracked 
| 611|0x0000000698c00000, 0x0000000698c00000, 0x0000000699000000|  0%| F|  |TAMS 0x0000000698c00000, 0x0000000698c00000| Untracked 
| 612|0x0000000699000000, 0x0000000699000000, 0x0000000699400000|  0%| F|  |TAMS 0x0000000699000000, 0x0000000699000000| Untracked 
| 613|0x0000000699400000, 0x0000000699400000, 0x0000000699800000|  0%| F|  |TAMS 0x0000000699400000, 0x0000000699400000| Untracked 
| 614|0x0000000699800000, 0x0000000699800000, 0x0000000699c00000|  0%| F|  |TAMS 0x0000000699800000, 0x0000000699800000| Untracked 
| 615|0x0000000699c00000, 0x0000000699c00000, 0x000000069a000000|  0%| F|  |TAMS 0x0000000699c00000, 0x0000000699c00000| Untracked 
| 616|0x000000069a000000, 0x000000069a000000, 0x000000069a400000|  0%| F|  |TAMS 0x000000069a000000, 0x000000069a000000| Untracked 
| 617|0x000000069a400000, 0x000000069a800000, 0x000000069a800000|100%| S|CS|TAMS 0x000000069a400000, 0x000000069a400000| Complete 
| 618|0x000000069a800000, 0x000000069ac00000, 0x000000069ac00000|100%| S|CS|TAMS 0x000000069a800000, 0x000000069a800000| Complete 
| 619|0x000000069ac00000, 0x000000069b000000, 0x000000069b000000|100%| S|CS|TAMS 0x000000069ac00000, 0x000000069ac00000| Complete 
| 620|0x000000069b000000, 0x000000069b400000, 0x000000069b400000|100%| S|CS|TAMS 0x000000069b000000, 0x000000069b000000| Complete 
| 621|0x000000069b400000, 0x000000069b800000, 0x000000069b800000|100%| S|CS|TAMS 0x000000069b400000, 0x000000069b400000| Complete 
| 622|0x000000069b800000, 0x000000069bc00000, 0x000000069bc00000|100%| S|CS|TAMS 0x000000069b800000, 0x000000069b800000| Complete 
| 623|0x000000069bc00000, 0x000000069c000000, 0x000000069c000000|100%| S|CS|TAMS 0x000000069bc00000, 0x000000069bc00000| Complete 
| 624|0x000000069c000000, 0x000000069c400000, 0x000000069c400000|100%| S|CS|TAMS 0x000000069c000000, 0x000000069c000000| Complete 
| 625|0x000000069c400000, 0x000000069c800000, 0x000000069c800000|100%| S|CS|TAMS 0x000000069c400000, 0x000000069c400000| Complete 
| 626|0x000000069c800000, 0x000000069cc00000, 0x000000069cc00000|100%| S|CS|TAMS 0x000000069c800000, 0x000000069c800000| Complete 
| 627|0x000000069cc00000, 0x000000069cc00000, 0x000000069d000000|  0%| F|  |TAMS 0x000000069cc00000, 0x000000069cc00000| Untracked 
| 628|0x000000069d000000, 0x000000069d000000, 0x000000069d400000|  0%| F|  |TAMS 0x000000069d000000, 0x000000069d000000| Untracked 
| 629|0x000000069d400000, 0x000000069d400000, 0x000000069d800000|  0%| F|  |TAMS 0x000000069d400000, 0x000000069d400000| Untracked 
| 630|0x000000069d800000, 0x000000069d800000, 0x000000069dc00000|  0%| F|  |TAMS 0x000000069d800000, 0x000000069d800000| Untracked 
| 631|0x000000069dc00000, 0x000000069dc00000, 0x000000069e000000|  0%| F|  |TAMS 0x000000069dc00000, 0x000000069dc00000| Untracked 
| 632|0x000000069e000000, 0x000000069e000000, 0x000000069e400000|  0%| F|  |TAMS 0x000000069e000000, 0x000000069e000000| Untracked 
| 633|0x000000069e400000, 0x000000069e400000, 0x000000069e800000|  0%| F|  |TAMS 0x000000069e400000, 0x000000069e400000| Untracked 
| 634|0x000000069e800000, 0x000000069e800000, 0x000000069ec00000|  0%| F|  |TAMS 0x000000069e800000, 0x000000069e800000| Untracked 
| 635|0x000000069ec00000, 0x000000069ec00000, 0x000000069f000000|  0%| F|  |TAMS 0x000000069ec00000, 0x000000069ec00000| Untracked 
| 636|0x000000069f000000, 0x000000069f000000, 0x000000069f400000|  0%| F|  |TAMS 0x000000069f000000, 0x000000069f000000| Untracked 
| 637|0x000000069f400000, 0x000000069f400000, 0x000000069f800000|  0%| F|  |TAMS 0x000000069f400000, 0x000000069f400000| Untracked 
| 638|0x000000069f800000, 0x000000069f800000, 0x000000069fc00000|  0%| F|  |TAMS 0x000000069f800000, 0x000000069f800000| Untracked 
| 639|0x000000069fc00000, 0x000000069fc00000, 0x00000006a0000000|  0%| F|  |TAMS 0x000000069fc00000, 0x000000069fc00000| Untracked 
| 640|0x00000006a0000000, 0x00000006a0000000, 0x00000006a0400000|  0%| F|  |TAMS 0x00000006a0000000, 0x00000006a0000000| Untracked 
| 641|0x00000006a0400000, 0x00000006a0400000, 0x00000006a0800000|  0%| F|  |TAMS 0x00000006a0400000, 0x00000006a0400000| Untracked 
| 642|0x00000006a0800000, 0x00000006a0800000, 0x00000006a0c00000|  0%| F|  |TAMS 0x00000006a0800000, 0x00000006a0800000| Untracked 
| 643|0x00000006a0c00000, 0x00000006a0c00000, 0x00000006a1000000|  0%| F|  |TAMS 0x00000006a0c00000, 0x00000006a0c00000| Untracked 
| 644|0x00000006a1000000, 0x00000006a1000000, 0x00000006a1400000|  0%| F|  |TAMS 0x00000006a1000000, 0x00000006a1000000| Untracked 
| 645|0x00000006a1400000, 0x00000006a1400000, 0x00000006a1800000|  0%| F|  |TAMS 0x00000006a1400000, 0x00000006a1400000| Untracked 
| 646|0x00000006a1800000, 0x00000006a1800000, 0x00000006a1c00000|  0%| F|  |TAMS 0x00000006a1800000, 0x00000006a1800000| Untracked 
| 647|0x00000006a1c00000, 0x00000006a1c00000, 0x00000006a2000000|  0%| F|  |TAMS 0x00000006a1c00000, 0x00000006a1c00000| Untracked 
| 648|0x00000006a2000000, 0x00000006a2000000, 0x00000006a2400000|  0%| F|  |TAMS 0x00000006a2000000, 0x00000006a2000000| Untracked 
| 649|0x00000006a2400000, 0x00000006a2400000, 0x00000006a2800000|  0%| F|  |TAMS 0x00000006a2400000, 0x00000006a2400000| Untracked 
| 650|0x00000006a2800000, 0x00000006a2800000, 0x00000006a2c00000|  0%| F|  |TAMS 0x00000006a2800000, 0x00000006a2800000| Untracked 
| 651|0x00000006a2c00000, 0x00000006a2c00000, 0x00000006a3000000|  0%| F|  |TAMS 0x00000006a2c00000, 0x00000006a2c00000| Untracked 
| 652|0x00000006a3000000, 0x00000006a3000000, 0x00000006a3400000|  0%| F|  |TAMS 0x00000006a3000000, 0x00000006a3000000| Untracked 
| 653|0x00000006a3400000, 0x00000006a3400000, 0x00000006a3800000|  0%| F|  |TAMS 0x00000006a3400000, 0x00000006a3400000| Untracked 
| 654|0x00000006a3800000, 0x00000006a3800000, 0x00000006a3c00000|  0%| F|  |TAMS 0x00000006a3800000, 0x00000006a3800000| Untracked 
| 655|0x00000006a3c00000, 0x00000006a3c00000, 0x00000006a4000000|  0%| F|  |TAMS 0x00000006a3c00000, 0x00000006a3c00000| Untracked 
| 656|0x00000006a4000000, 0x00000006a4000000, 0x00000006a4400000|  0%| F|  |TAMS 0x00000006a4000000, 0x00000006a4000000| Untracked 
| 657|0x00000006a4400000, 0x00000006a4400000, 0x00000006a4800000|  0%| F|  |TAMS 0x00000006a4400000, 0x00000006a4400000| Untracked 
| 658|0x00000006a4800000, 0x00000006a4800000, 0x00000006a4c00000|  0%| F|  |TAMS 0x00000006a4800000, 0x00000006a4800000| Untracked 
| 659|0x00000006a4c00000, 0x00000006a4c00000, 0x00000006a5000000|  0%| F|  |TAMS 0x00000006a4c00000, 0x00000006a4c00000| Untracked 
| 660|0x00000006a5000000, 0x00000006a5000000, 0x00000006a5400000|  0%| F|  |TAMS 0x00000006a5000000, 0x00000006a5000000| Untracked 
| 661|0x00000006a5400000, 0x00000006a5400000, 0x00000006a5800000|  0%| F|  |TAMS 0x00000006a5400000, 0x00000006a5400000| Untracked 
| 662|0x00000006a5800000, 0x00000006a5800000, 0x00000006a5c00000|  0%| F|  |TAMS 0x00000006a5800000, 0x00000006a5800000| Untracked 
| 663|0x00000006a5c00000, 0x00000006a5c00000, 0x00000006a6000000|  0%| F|  |TAMS 0x00000006a5c00000, 0x00000006a5c00000| Untracked 
| 664|0x00000006a6000000, 0x00000006a6000000, 0x00000006a6400000|  0%| F|  |TAMS 0x00000006a6000000, 0x00000006a6000000| Untracked 
| 665|0x00000006a6400000, 0x00000006a6400000, 0x00000006a6800000|  0%| F|  |TAMS 0x00000006a6400000, 0x00000006a6400000| Untracked 
| 666|0x00000006a6800000, 0x00000006a6800000, 0x00000006a6c00000|  0%| F|  |TAMS 0x00000006a6800000, 0x00000006a6800000| Untracked 
| 667|0x00000006a6c00000, 0x00000006a6c00000, 0x00000006a7000000|  0%| F|  |TAMS 0x00000006a6c00000, 0x00000006a6c00000| Untracked 
| 668|0x00000006a7000000, 0x00000006a7000000, 0x00000006a7400000|  0%| F|  |TAMS 0x00000006a7000000, 0x00000006a7000000| Untracked 
| 669|0x00000006a7400000, 0x00000006a7400000, 0x00000006a7800000|  0%| F|  |TAMS 0x00000006a7400000, 0x00000006a7400000| Untracked 
| 670|0x00000006a7800000, 0x00000006a7800000, 0x00000006a7c00000|  0%| F|  |TAMS 0x00000006a7800000, 0x00000006a7800000| Untracked 
| 671|0x00000006a7c00000, 0x00000006a7c00000, 0x00000006a8000000|  0%| F|  |TAMS 0x00000006a7c00000, 0x00000006a7c00000| Untracked 
| 672|0x00000006a8000000, 0x00000006a8000000, 0x00000006a8400000|  0%| F|  |TAMS 0x00000006a8000000, 0x00000006a8000000| Untracked 
| 673|0x00000006a8400000, 0x00000006a8400000, 0x00000006a8800000|  0%| F|  |TAMS 0x00000006a8400000, 0x00000006a8400000| Untracked 
| 674|0x00000006a8800000, 0x00000006a8800000, 0x00000006a8c00000|  0%| F|  |TAMS 0x00000006a8800000, 0x00000006a8800000| Untracked 
| 675|0x00000006a8c00000, 0x00000006a8c00000, 0x00000006a9000000|  0%| F|  |TAMS 0x00000006a8c00000, 0x00000006a8c00000| Untracked 
| 676|0x00000006a9000000, 0x00000006a9000000, 0x00000006a9400000|  0%| F|  |TAMS 0x00000006a9000000, 0x00000006a9000000| Untracked 
| 677|0x00000006a9400000, 0x00000006a9400000, 0x00000006a9800000|  0%| F|  |TAMS 0x00000006a9400000, 0x00000006a9400000| Untracked 
| 678|0x00000006a9800000, 0x00000006a9800000, 0x00000006a9c00000|  0%| F|  |TAMS 0x00000006a9800000, 0x00000006a9800000| Untracked 
| 679|0x00000006a9c00000, 0x00000006a9c00000, 0x00000006aa000000|  0%| F|  |TAMS 0x00000006a9c00000, 0x00000006a9c00000| Untracked 
| 680|0x00000006aa000000, 0x00000006aa000000, 0x00000006aa400000|  0%| F|  |TAMS 0x00000006aa000000, 0x00000006aa000000| Untracked 
| 681|0x00000006aa400000, 0x00000006aa400000, 0x00000006aa800000|  0%| F|  |TAMS 0x00000006aa400000, 0x00000006aa400000| Untracked 
| 682|0x00000006aa800000, 0x00000006aa800000, 0x00000006aac00000|  0%| F|  |TAMS 0x00000006aa800000, 0x00000006aa800000| Untracked 
| 683|0x00000006aac00000, 0x00000006aac00000, 0x00000006ab000000|  0%| F|  |TAMS 0x00000006aac00000, 0x00000006aac00000| Untracked 
| 684|0x00000006ab000000, 0x00000006ab000000, 0x00000006ab400000|  0%| F|  |TAMS 0x00000006ab000000, 0x00000006ab000000| Untracked 
| 685|0x00000006ab400000, 0x00000006ab400000, 0x00000006ab800000|  0%| F|  |TAMS 0x00000006ab400000, 0x00000006ab400000| Untracked 
| 686|0x00000006ab800000, 0x00000006ab800000, 0x00000006abc00000|  0%| F|  |TAMS 0x00000006ab800000, 0x00000006ab800000| Untracked 
| 687|0x00000006abc00000, 0x00000006abc00000, 0x00000006ac000000|  0%| F|  |TAMS 0x00000006abc00000, 0x00000006abc00000| Untracked 
| 688|0x00000006ac000000, 0x00000006ac000000, 0x00000006ac400000|  0%| F|  |TAMS 0x00000006ac000000, 0x00000006ac000000| Untracked 
| 689|0x00000006ac400000, 0x00000006ac400000, 0x00000006ac800000|  0%| F|  |TAMS 0x00000006ac400000, 0x00000006ac400000| Untracked 
| 690|0x00000006ac800000, 0x00000006ac800000, 0x00000006acc00000|  0%| F|  |TAMS 0x00000006ac800000, 0x00000006ac800000| Untracked 
| 691|0x00000006acc00000, 0x00000006acc00000, 0x00000006ad000000|  0%| F|  |TAMS 0x00000006acc00000, 0x00000006acc00000| Untracked 
| 692|0x00000006ad000000, 0x00000006ad000000, 0x00000006ad400000|  0%| F|  |TAMS 0x00000006ad000000, 0x00000006ad000000| Untracked 
| 693|0x00000006ad400000, 0x00000006ad400000, 0x00000006ad800000|  0%| F|  |TAMS 0x00000006ad400000, 0x00000006ad400000| Untracked 
| 694|0x00000006ad800000, 0x00000006ad800000, 0x00000006adc00000|  0%| F|  |TAMS 0x00000006ad800000, 0x00000006ad800000| Untracked 
| 695|0x00000006adc00000, 0x00000006adc00000, 0x00000006ae000000|  0%| F|  |TAMS 0x00000006adc00000, 0x00000006adc00000| Untracked 
|2042|0x00000007fe800000, 0x00000007fec00000, 0x00000007fec00000|100%| O|  |TAMS 0x00000007fec00000, 0x00000007fec00000| Untracked 
|2043|0x00000007fec00000, 0x00000007ff000000, 0x00000007ff000000|100%| O|  |TAMS 0x00000007ff000000, 0x00000007ff000000| Untracked 
|2044|0x00000007ff000000, 0x00000007ff400000, 0x00000007ff400000|100%| O|  |TAMS 0x00000007ff400000, 0x00000007ff400000| Untracked 
|2045|0x00000007ff400000, 0x00000007ff800000, 0x00000007ff800000|100%| O|  |TAMS 0x00000007ff800000, 0x00000007ff800000| Untracked 
|2046|0x00000007ff800000, 0x00000007ffc00000, 0x00000007ffc00000|100%| O|  |TAMS 0x00000007ffc00000, 0x00000007ffc00000| Untracked 
|2047|0x00000007ffc00000, 0x0000000800000000, 0x0000000800000000|100%| O|  |TAMS 0x0000000800000000, 0x0000000800000000| Untracked 

Card table byte_map: [0x000002454bba0000,0x000002454cba0000] _byte_map_base: 0x0000024548ba0000

Marking Bits (Prev, Next): (CMBitMap*) 0x00000245334a7d40, (CMBitMap*) 0x00000245334a7d80
 Prev Bits: [0x000002454dba0000, 0x0000024555ba0000)
 Next Bits: [0x0000024555ba0000, 0x000002455dba0000)

Polling page: 0x0000024531ac0000

Metaspace:

Usage:
  Non-class:    105.66 MB used.
      Class:     15.77 MB used.
       Both:    121.44 MB used.

Virtual space:
  Non-class space:      128.00 MB reserved,     106.25 MB ( 83%) committed,  2 nodes.
      Class space:        1.00 GB reserved,      16.31 MB (  2%) committed,  1 nodes.
             Both:        1.12 GB reserved,     122.56 MB ( 11%) committed. 

Chunk freelists:
   Non-Class:  5.64 MB
       Class:  15.69 MB
        Both:  21.33 MB

MaxMetaspaceSize: unlimited
CompressedClassSpaceSize: 1.00 GB
Initial GC threshold: 21.00 MB
Current GC threshold: 181.50 MB
CDS: on
MetaspaceReclaimPolicy: balanced
 - commit_granule_bytes: 65536.
 - commit_granule_words: 8192.
 - virtual_space_node_default_size: 8388608.
 - enlarge_chunks_in_place: 1.
 - new_chunks_are_fully_committed: 0.
 - uncommit_free_chunks: 1.
 - use_allocation_guard: 0.
 - handle_deallocations: 1.


Internal statistics:

num_allocs_failed_limit: 12.
num_arena_births: 1916.
num_arena_deaths: 0.
num_vsnodes_births: 3.
num_vsnodes_deaths: 0.
num_space_committed: 1954.
num_space_uncommitted: 0.
num_chunks_returned_to_freelist: 12.
num_chunks_taken_from_freelist: 6556.
num_chunk_merges: 9.
num_chunk_splits: 4800.
num_chunks_enlarged: 3577.
num_inconsistent_stats: 0.

CodeHeap 'non-profiled nmethods': size=120000Kb used=5239Kb max_used=5617Kb free=114760Kb
 bounds [0x00000245428e0000, 0x0000024542e60000, 0x0000024549e10000]
CodeHeap 'profiled nmethods': size=120000Kb used=14217Kb max_used=15085Kb free=105783Kb
 bounds [0x000002453ae10000, 0x000002453bce0000, 0x0000024542340000]
CodeHeap 'non-nmethods': size=5760Kb used=1568Kb max_used=1613Kb free=4191Kb
 bounds [0x0000024542340000, 0x00000245425b0000, 0x00000245428e0000]
 total_blobs=9335 nmethods=8376 adapters=867
 compilation: enabled
              stopped_count=0, restarted_count=0
 full_count=0

Compilation events (20 events):
Event: 21.284 Thread 0x00000245af7ff090 10141       4       org.apache.spark.sql.catalyst.expressions.Cast$$Lambda$2330/0x0000024562df7008::apply (9 bytes)
Event: 21.290 Thread 0x00000245af7ff090 nmethod 10141 0x000002454292d090 code [0x000002454292d280, 0x000002454292d830]
Event: 21.290 Thread 0x00000245af7ff090 10142   !   4       org.apache.spark.sql.catalyst.expressions.BinaryArithmetic::eval (91 bytes)
Event: 21.299 Thread 0x00000245af7ff5a0 nmethod 10139 0x0000024542cf4d10 code [0x0000024542cf5040, 0x0000024542cf65c0]
Event: 21.299 Thread 0x00000245af7ff5a0 10135       4       org.apache.spark.sql.types.DoubleExactNumeric$::times (16 bytes)
Event: 21.300 Thread 0x00000245af7ff5a0 nmethod 10135 0x000002454292cb90 code [0x000002454292cd20, 0x000002454292ce98]
Event: 21.300 Thread 0x00000245af7ff5a0 10136       4       org.apache.spark.sql.types.DoubleExactNumeric$::times (7 bytes)
Event: 21.301 Thread 0x0000024560a586e0 nmethod 10138 0x0000024542dfed90 code [0x0000024542dff0c0, 0x0000024542e006c0]
Event: 21.301 Thread 0x00000245af7ff5a0 nmethod 10136 0x0000024542bd6a90 code [0x0000024542bd6c00, 0x0000024542bd6c78]
Event: 21.301 Thread 0x00000245af7ff5a0 10137       4       scala.math.Numeric$DoubleIsFractional::times$ (7 bytes)
Event: 21.301 Thread 0x00000245af7ff5a0 nmethod 10137 0x0000024542bd6790 code [0x0000024542bd6900, 0x0000024542bd69d8]
Event: 21.305 Thread 0x00000245af7ff090 nmethod 10142 0x000002454298cf90 code [0x000002454298d2c0, 0x000002454298e900]
Event: 21.949 Thread 0x0000024560a61190 10143       1       org.apache.spark.status.AppStatusListener::liveStages (5 bytes)
Event: 21.949 Thread 0x0000024560a61190 nmethod 10143 0x0000024542bd6490 code [0x0000024542bd6620, 0x0000024542bd66f8]
Event: 22.138 Thread 0x0000024560a61190 10144       3       org.apache.spark.sql.catalyst.trees.TreeNode::collect (31 bytes)
Event: 22.139 Thread 0x0000024560a61190 nmethod 10144 0x000002453af15890 code [0x000002453af15bc0, 0x000002453af174c8]
Event: 22.139 Thread 0x0000024560a61190 10145       3       org.apache.spark.sql.catalyst.trees.TreeNode$$Lambda$1994/0x0000024562cc0488::<init> (15 bytes)
Event: 22.139 Thread 0x0000024560a61190 nmethod 10145 0x000002453bae0010 code [0x000002453bae01c0, 0x000002453bae03f8]
Event: 22.191 Thread 0x0000024560a61190 10146       1       org.apache.spark.sql.catalyst.expressions.BoundReference::dataType (5 bytes)
Event: 22.191 Thread 0x0000024560a61190 nmethod 10146 0x0000024542bd6190 code [0x0000024542bd6320, 0x0000024542bd63f8]

GC Heap History (20 events):
Event: 11.743 GC heap after
{Heap after GC invocations=39 (full 0):
 garbage-first heap   total 1044480K, used 675061K [0x0000000600000000, 0x0000000800000000)
  region size 4096K, 6 young (24576K), 6 survivors (24576K)
 Metaspace       used 110893K, committed 111552K, reserved 1179648K
  class space    used 14012K, committed 14336K, reserved 1048576K
}
Event: 11.756 GC heap before
{Heap before GC invocations=39 (full 0):
 garbage-first heap   total 1044480K, used 699637K [0x0000000600000000, 0x0000000800000000)
  region size 4096K, 12 young (49152K), 6 survivors (24576K)
 Metaspace       used 110893K, committed 111552K, reserved 1179648K
  class space    used 14012K, committed 14336K, reserved 1048576K
}
Event: 11.764 GC heap after
{Heap after GC invocations=40 (full 0):
 garbage-first heap   total 1044480K, used 692224K [0x0000000600000000, 0x0000000800000000)
  region size 4096K, 2 young (8192K), 2 survivors (8192K)
 Metaspace       used 110893K, committed 111552K, reserved 1179648K
  class space    used 14012K, committed 14336K, reserved 1048576K
}
Event: 11.825 GC heap before
{Heap before GC invocations=40 (full 0):
 garbage-first heap   total 1044480K, used 802816K [0x0000000600000000, 0x0000000800000000)
  region size 4096K, 29 young (118784K), 2 survivors (8192K)
 Metaspace       used 110893K, committed 111552K, reserved 1179648K
  class space    used 14012K, committed 14336K, reserved 1048576K
}
Event: 11.839 GC heap after
{Heap after GC invocations=41 (full 0):
 garbage-first heap   total 1044480K, used 757716K [0x0000000600000000, 0x0000000800000000)
  region size 4096K, 4 young (16384K), 4 survivors (16384K)
 Metaspace       used 110893K, committed 111552K, reserved 1179648K
  class space    used 14012K, committed 14336K, reserved 1048576K
}
Event: 11.931 GC heap before
{Heap before GC invocations=41 (full 0):
 garbage-first heap   total 1044480K, used 835540K [0x0000000600000000, 0x0000000800000000)
  region size 4096K, 23 young (94208K), 4 survivors (16384K)
 Metaspace       used 110893K, committed 111552K, reserved 1179648K
  class space    used 14012K, committed 14336K, reserved 1048576K
}
Event: 11.947 GC heap after
{Heap after GC invocations=42 (full 0):
 garbage-first heap   total 2875392K, used 805573K [0x0000000600000000, 0x0000000800000000)
  region size 4096K, 3 young (12288K), 3 survivors (12288K)
 Metaspace       used 110893K, committed 111552K, reserved 1179648K
  class space    used 14012K, committed 14336K, reserved 1048576K
}
Event: 14.112 GC heap before
{Heap before GC invocations=43 (full 0):
 garbage-first heap   total 2867200K, used 1972933K [0x0000000600000000, 0x0000000800000000)
  region size 4096K, 193 young (790528K), 3 survivors (12288K)
 Metaspace       used 121191K, committed 122368K, reserved 1179648K
  class space    used 15609K, committed 16192K, reserved 1048576K
}
Event: 14.903 GC heap after
{Heap after GC invocations=44 (full 0):
 garbage-first heap   total 2867200K, used 1430769K [0x0000000600000000, 0x0000000800000000)
  region size 4096K, 25 young (102400K), 25 survivors (102400K)
 Metaspace       used 121191K, committed 122368K, reserved 1179648K
  class space    used 15609K, committed 16192K, reserved 1048576K
}
Event: 14.926 GC heap before
{Heap before GC invocations=44 (full 0):
 garbage-first heap   total 2867200K, used 1467633K [0x0000000600000000, 0x0000000800000000)
  region size 4096K, 35 young (143360K), 25 survivors (102400K)
 Metaspace       used 121205K, committed 122368K, reserved 1179648K
  class space    used 15609K, committed 16192K, reserved 1048576K
}
Event: 15.058 GC heap after
{Heap after GC invocations=45 (full 0):
 garbage-first heap   total 2867200K, used 1449284K [0x0000000600000000, 0x0000000800000000)
  region size 4096K, 4 young (16384K), 4 survivors (16384K)
 Metaspace       used 121205K, committed 122368K, reserved 1179648K
  class space    used 15609K, committed 16192K, reserved 1048576K
}
Event: 15.134 GC heap before
{Heap before GC invocations=45 (full 0):
 garbage-first heap   total 2867200K, used 1719620K [0x0000000600000000, 0x0000000800000000)
  region size 4096K, 71 young (290816K), 4 survivors (16384K)
 Metaspace       used 121286K, committed 122432K, reserved 1179648K
  class space    used 15622K, committed 16192K, reserved 1048576K
}
Event: 15.146 GC heap after
{Heap after GC invocations=46 (full 0):
 garbage-first heap   total 2867200K, used 1490910K [0x0000000600000000, 0x0000000800000000)
  region size 4096K, 9 young (36864K), 9 survivors (36864K)
 Metaspace       used 121286K, committed 122432K, reserved 1179648K
  class space    used 15622K, committed 16192K, reserved 1048576K
}
Event: 16.059 GC heap before
{Heap before GC invocations=46 (full 0):
 garbage-first heap   total 2867200K, used 2133982K [0x0000000600000000, 0x0000000800000000)
  region size 4096K, 111 young (454656K), 9 survivors (36864K)
 Metaspace       used 123949K, committed 125184K, reserved 1179648K
  class space    used 16113K, committed 16704K, reserved 1048576K
}
Event: 16.072 GC heap after
{Heap after GC invocations=47 (full 0):
 garbage-first heap   total 2867200K, used 1497615K [0x0000000600000000, 0x0000000800000000)
  region size 4096K, 10 young (40960K), 10 survivors (40960K)
 Metaspace       used 123949K, committed 125184K, reserved 1179648K
  class space    used 16113K, committed 16704K, reserved 1048576K
}
Event: 21.490 GC heap before
{Heap before GC invocations=47 (full 0):
 garbage-first heap   total 2867200K, used 2021903K [0x0000000600000000, 0x0000000800000000)
  region size 4096K, 116 young (475136K), 10 survivors (40960K)
 Metaspace       used 124352K, committed 125504K, reserved 1179648K
  class space    used 16153K, committed 16704K, reserved 1048576K
}
Event: 21.609 GC heap after
{Heap after GC invocations=48 (full 0):
 garbage-first heap   total 2867200K, used 1853169K [0x0000000600000000, 0x0000000800000000)
  region size 4096K, 15 young (61440K), 15 survivors (61440K)
 Metaspace       used 124352K, committed 125504K, reserved 1179648K
  class space    used 16153K, committed 16704K, reserved 1048576K
}
Event: 21.866 GC heap before
{Heap before GC invocations=48 (full 0):
 garbage-first heap   total 2867200K, used 2209521K [0x0000000600000000, 0x0000000800000000)
  region size 4096K, 102 young (417792K), 15 survivors (61440K)
 Metaspace       used 124352K, committed 125504K, reserved 1179648K
  class space    used 16153K, committed 16704K, reserved 1048576K
}
Event: 21.949 GC heap after
{Heap after GC invocations=49 (full 0):
 garbage-first heap   total 2867200K, used 2022085K [0x0000000600000000, 0x0000000800000000)
  region size 4096K, 13 young (53248K), 13 survivors (53248K)
 Metaspace       used 124352K, committed 125504K, reserved 1179648K
  class space    used 16153K, committed 16704K, reserved 1048576K
}
Event: 22.313 GC heap before
{Heap before GC invocations=49 (full 0):
 garbage-first heap   total 2867200K, used 2300613K [0x0000000600000000, 0x0000000800000000)
  region size 4096K, 80 young (327680K), 13 survivors (53248K)
 Metaspace       used 124353K, committed 125504K, reserved 1179648K
  class space    used 16153K, committed 16704K, reserved 1048576K
}

Deoptimization events (20 events):
Event: 21.273 Thread 0x00000245a6ada260 Uncommon trap: trap_request=0xffffff45 fr.pc=0x0000024542d02bd8 relative=0x0000000000000618
Event: 21.273 Thread 0x00000245a6ada260 Uncommon trap: reason=unstable_if action=reinterpret pc=0x0000024542d02bd8 method=java.time.LocalTime.create(IIII)Ljava/time/LocalTime; @ 5 c2
Event: 21.273 Thread 0x00000245a6ada260 DEOPT PACKING pc=0x0000024542d02bd8 sp=0x0000007d8b0fc1b0
Event: 21.273 Thread 0x00000245a6ada260 DEOPT UNPACKING pc=0x00000245423923a3 sp=0x0000007d8b0fc040 mode 2
Event: 21.277 Thread 0x00000245a6ada260 Uncommon trap: trap_request=0xffffff45 fr.pc=0x0000024542cd4310 relative=0x00000000000008d0
Event: 21.277 Thread 0x00000245a6ada260 Uncommon trap: reason=unstable_if action=reinterpret pc=0x0000024542cd4310 method=org.apache.spark.sql.catalyst.expressions.Cast.cast()Lscala/Function1; @ 8 c2
Event: 21.277 Thread 0x00000245a6ada260 DEOPT PACKING pc=0x0000024542cd4310 sp=0x0000007d8b0fba20
Event: 21.277 Thread 0x00000245a6ada260 DEOPT UNPACKING pc=0x00000245423923a3 sp=0x0000007d8b0fb8a0 mode 2
Event: 21.277 Thread 0x00000245a6ada260 Uncommon trap: trap_request=0xffffff45 fr.pc=0x0000024542d04330 relative=0x0000000000000bf0
Event: 21.277 Thread 0x00000245a6ada260 Uncommon trap: reason=unstable_if action=reinterpret pc=0x0000024542d04330 method=org.apache.spark.sql.catalyst.expressions.Cast.zoneId()Ljava/time/ZoneId; @ 4 c2
Event: 21.277 Thread 0x00000245a6ada260 DEOPT PACKING pc=0x0000024542d04330 sp=0x0000007d8b0fb8b0
Event: 21.277 Thread 0x00000245a6ada260 DEOPT UNPACKING pc=0x00000245423923a3 sp=0x0000007d8b0fb5f8 mode 2
Event: 21.277 Thread 0x00000245a6ada260 Uncommon trap: trap_request=0xffffff45 fr.pc=0x0000024542cf8a88 relative=0x0000000000000a48
Event: 21.277 Thread 0x00000245a6ada260 Uncommon trap: reason=unstable_if action=reinterpret pc=0x0000024542cf8a88 method=org.apache.spark.sql.catalyst.expressions.Cast.cast()Lscala/Function1; @ 8 c2
Event: 21.277 Thread 0x00000245a6ada260 DEOPT PACKING pc=0x0000024542cf8a88 sp=0x0000007d8b0fb990
Event: 21.277 Thread 0x00000245a6ada260 DEOPT UNPACKING pc=0x00000245423923a3 sp=0x0000007d8b0fb798 mode 2
Event: 21.277 Thread 0x00000245a6ada260 Uncommon trap: trap_request=0xffffff45 fr.pc=0x0000024542cf4904 relative=0x0000000000000084
Event: 21.277 Thread 0x00000245a6ada260 Uncommon trap: reason=unstable_if action=reinterpret pc=0x0000024542cf4904 method=org.apache.spark.sql.catalyst.expressions.Cast.cast()Lscala/Function1; @ 8 c2
Event: 21.277 Thread 0x00000245a6ada260 DEOPT PACKING pc=0x0000024542cf4904 sp=0x0000007d8b0fb940
Event: 21.277 Thread 0x00000245a6ada260 DEOPT UNPACKING pc=0x00000245423923a3 sp=0x0000007d8b0fb878 mode 2

Classes unloaded (0 events):
No events

Classes redefined (0 events):
No events

Internal exceptions (20 events):
Event: 15.252 Thread 0x00000245a8adfe50 Exception <a 'java/lang/NoSuchMethodError'{0x000000069f21dab0}: 'java.lang.Object java.lang.invoke.DirectMethodHandle$Holder.newInvokeSpecial(java.lang.Object, java.lang.Object, java.lang.Object, java.lang.Object, int, java.lang.Object, java.lang.Object)'> (0x000000069f21dab0) 
thrown [s\open\src\hotspot\share\interpreter\linkResolver.cpp, line 759]
Event: 15.273 Thread 0x00000245af7ec620 Exception <a 'java/lang/NoSuchMethodError'{0x000000069e50c760}: 'java.lang.Object java.lang.invoke.DirectMethodHandle$Holder.newInvokeSpecial(java.lang.Object, java.lang.Object, java.lang.Object, long, java.lang.Object, java.lang.Object)'> (0x000000069e50c760) 
thrown [s\open\src\hotspot\share\interpreter\linkResolver.cpp, line 759]
Event: 15.273 Thread 0x00000245af7eb7b0 Exception <a 'java/lang/NoSuchMethodError'{0x000000069e3c9720}: 'java.lang.Object java.lang.invoke.DirectMethodHandle$Holder.newInvokeSpecial(java.lang.Object, java.lang.Object, java.lang.Object, long, java.lang.Object, java.lang.Object)'> (0x000000069e3c9720) 
thrown [s\open\src\hotspot\share\interpreter\linkResolver.cpp, line 759]
Event: 15.273 Thread 0x00000245af7eae10 Exception <a 'java/lang/NoSuchMethodError'{0x000000069e2d2f40}: 'java.lang.Object java.lang.invoke.DirectMethodHandle$Holder.newInvokeSpecial(java.lang.Object, java.lang.Object, java.lang.Object, long, java.lang.Object, java.lang.Object)'> (0x000000069e2d2f40) 
thrown [s\open\src\hotspot\share\interpreter\linkResolver.cpp, line 759]
Event: 15.273 Thread 0x00000245af7ebc80 Exception <a 'java/lang/NoSuchMethodError'{0x000000069e0f5130}: 'java.lang.Object java.lang.invoke.DirectMethodHandle$Holder.newInvokeSpecial(java.lang.Object, java.lang.Object, java.lang.Object, long, java.lang.Object, java.lang.Object)'> (0x000000069e0f5130) 
thrown [s\open\src\hotspot\share\interpreter\linkResolver.cpp, line 759]
Event: 15.274 Thread 0x00000245af7eae10 Exception <a 'java/lang/NoSuchMethodError'{0x000000069e2da388}: 'java.lang.Object java.lang.invoke.Invokers$Holder.linkToTargetMethod(java.lang.Object, java.lang.Object, long, java.lang.Object, java.lang.Object, java.lang.Object)'> (0x000000069e2da388) 
thrown [s\open\src\hotspot\share\interpreter\linkResolver.cpp, line 759]
Event: 15.274 Thread 0x00000245af7ec620 Exception <a 'java/lang/NoSuchMethodError'{0x000000069e513eb0}: 'java.lang.Object java.lang.invoke.Invokers$Holder.linkToTargetMethod(java.lang.Object, java.lang.Object, long, java.lang.Object, java.lang.Object, java.lang.Object)'> (0x000000069e513eb0) 
thrown [s\open\src\hotspot\share\interpreter\linkResolver.cpp, line 759]
Event: 15.274 Thread 0x00000245af7ebc80 Exception <a 'java/lang/NoSuchMethodError'{0x000000069e0fc140}: 'java.lang.Object java.lang.invoke.Invokers$Holder.linkToTargetMethod(java.lang.Object, java.lang.Object, long, java.lang.Object, java.lang.Object, java.lang.Object)'> (0x000000069e0fc140) 
thrown [s\open\src\hotspot\share\interpreter\linkResolver.cpp, line 759]
Event: 15.274 Thread 0x00000245af7eb7b0 Exception <a 'java/lang/NoSuchMethodError'{0x000000069e3d0730}: 'java.lang.Object java.lang.invoke.Invokers$Holder.linkToTargetMethod(java.lang.Object, java.lang.Object, long, java.lang.Object, java.lang.Object, java.lang.Object)'> (0x000000069e3d0730) 
thrown [s\open\src\hotspot\share\interpreter\linkResolver.cpp, line 759]
Event: 15.314 Thread 0x00000245af7ebc80 Exception <a 'java/lang/NoSuchMethodError'{0x000000069dd15118}: 'void java.lang.invoke.DirectMethodHandle$Holder.invokeSpecial(java.lang.Object, java.lang.Object, java.lang.Object, java.lang.Object, java.lang.Object, java.lang.Object, java.lang.Object)'> (0x000000069dd15118) 
thrown [s\open\src\hotspot\share\interpreter\linkResolver.cpp, line 759]
Event: 15.408 Thread 0x00000245af513db0 Exception <a 'java/lang/NoSuchMethodError'{0x000000069d944898}: 'java.lang.Object java.lang.invoke.DirectMethodHandle$Holder.invokeStatic(java.lang.Object, long, int)'> (0x000000069d944898) 
thrown [s\open\src\hotspot\share\interpreter\linkResolver.cpp, line 759]
Event: 15.440 Thread 0x00000245af7eb7b0 Implicit null exception at 0x0000024542de3878 to 0x0000024542de44f4
Event: 15.475 Thread 0x00000245af7ea610 Exception <a 'java/lang/NoSuchMethodError'{0x000000069cbb3fb0}: 'java.lang.Object java.lang.invoke.DirectMethodHandle$Holder.invokeStatic(java.lang.Object, java.lang.Object, long, java.lang.Object, java.lang.Object, java.lang.Object)'> (0x000000069cbb3fb0) 
thrown [s\open\src\hotspot\share\interpreter\linkResolver.cpp, line 759]
Event: 15.521 Thread 0x00000245a8ccc2e0 Exception <a 'java/lang/NoSuchMethodError'{0x00000006988269e0}: 'java.lang.Object java.lang.invoke.DirectMethodHandle$Holder.newInvokeSpecial(java.lang.Object, java.lang.Object, int, long)'> (0x00000006988269e0) 
thrown [s\open\src\hotspot\share\interpreter\linkResolver.cpp, line 759]
Event: 15.522 Thread 0x00000245a8ccc2e0 Exception <a 'java/lang/NoSuchMethodError'{0x000000069882ab90}: 'java.lang.Object java.lang.invoke.DirectMethodHandle$Holder.invokeSpecial(java.lang.Object, java.lang.Object, java.lang.Object, int, long)'> (0x000000069882ab90) 
thrown [s\open\src\hotspot\share\interpreter\linkResolver.cpp, line 759]
Event: 15.996 Thread 0x00000245a8ccb470 Exception <a 'java/lang/NoSuchMethodError'{0x0000000692306df8}: 'java.lang.Object java.lang.invoke.DirectMethodHandle$Holder.newInvokeSpecial(java.lang.Object, java.lang.Object, int, java.lang.Object, int)'> (0x0000000692306df8) 
thrown [s\open\src\hotspot\share\interpreter\linkResolver.cpp, line 759]
Event: 15.996 Thread 0x00000245a8ccb470 Exception <a 'java/lang/NoSuchMethodError'{0x000000069230e338}: 'java.lang.Object java.lang.invoke.Invokers$Holder.linkToTargetMethod(java.lang.Object, int, java.lang.Object, int, java.lang.Object)'> (0x000000069230e338) 
thrown [s\open\src\hotspot\share\interpreter\linkResolver.cpp, line 759]
Event: 17.339 Thread 0x00000245a8cc9c60 Exception <a 'java/io/IOException'{0x00000006adc91718}: CreateProcess error=2, O sistema não pode encontrar o arquivo especificado> (0x00000006adc91718) 
thrown [s\open\src\hotspot\share\prims\jni.cpp, line 535]
Event: 17.342 Thread 0x00000245a8cc9c60 Exception <a 'sun/nio/fs/WindowsException'{0x00000006adc9a440}> (0x00000006adc9a440) 
thrown [s\open\src\hotspot\share\prims\jni.cpp, line 516]
Event: 17.342 Thread 0x00000245a8cc9c60 Exception <a 'sun/nio/fs/WindowsException'{0x00000006adc9a588}> (0x00000006adc9a588) 
thrown [s\open\src\hotspot\share\prims\jni.cpp, line 516]

VM Operations (20 events):
Event: 15.432 Executing VM operation: HandshakeAllThreads done
Event: 15.486 Executing VM operation: HandshakeAllThreads
Event: 15.495 Executing VM operation: HandshakeAllThreads done
Event: 15.514 Executing VM operation: ICBufferFull
Event: 15.515 Executing VM operation: ICBufferFull done
Event: 15.571 Executing VM operation: HandshakeAllThreads
Event: 15.572 Executing VM operation: HandshakeAllThreads done
Event: 16.059 Executing VM operation: G1CollectForAllocation
Event: 16.072 Executing VM operation: G1CollectForAllocation done
Event: 18.078 Executing VM operation: Cleanup
Event: 18.079 Executing VM operation: Cleanup done
Event: 19.090 Executing VM operation: Cleanup
Event: 19.090 Executing VM operation: Cleanup done
Event: 21.109 Executing VM operation: Cleanup
Event: 21.109 Executing VM operation: Cleanup done
Event: 21.489 Executing VM operation: G1CollectForAllocation
Event: 21.609 Executing VM operation: G1CollectForAllocation done
Event: 21.865 Executing VM operation: G1CollectForAllocation
Event: 21.949 Executing VM operation: G1CollectForAllocation done
Event: 22.313 Executing VM operation: G1CollectForAllocation

Events (20 events):
Event: 18.212 loading class java/util/concurrent/ConcurrentHashMap$ForEachValueTask done
Event: 20.128 loading class java/lang/PythonSQLUtils
Event: 20.128 loading class java/lang/PythonSQLUtils done
Event: 20.147 loading class java/lang/PythonSQLUtils
Event: 20.147 loading class java/lang/PythonSQLUtils done
Event: 20.165 Thread 0x00000245a6b6fda0 Thread added: 0x00000245a6b6fda0
Event: 20.166 Thread 0x00000245a6b702b0 Thread added: 0x00000245a6b702b0
Event: 20.587 Thread 0x00000245a6b702b0 Thread exited: 0x00000245a6b702b0
Event: 20.637 Thread 0x00000245a6b6fda0 Thread exited: 0x00000245a6b6fda0
Event: 20.852 loading class java/lang/PythonUtils
Event: 20.852 loading class java/lang/PythonUtils done
Event: 20.853 loading class java/lang/PythonUtils
Event: 20.853 loading class java/lang/PythonUtils done
Event: 20.916 loading class java/lang/PythonUtils
Event: 20.916 loading class java/lang/PythonUtils done
Event: 20.977 Thread 0x00000245a6ada260 Thread added: 0x00000245a6ada260
Event: 21.279 Thread 0x00000245af7ff090 Thread added: 0x00000245af7ff090
Event: 21.280 Thread 0x00000245af7ff5a0 Thread added: 0x00000245af7ff5a0
Event: 21.950 Thread 0x00000245af7ff5a0 Thread exited: 0x00000245af7ff5a0
Event: 22.138 Thread 0x00000245af7ff090 Thread exited: 0x00000245af7ff090


Dynamic libraries:
0x00007ff734db0000 - 0x00007ff734dc0000 	C:\Program Files\Java\jdk-17.0.19\bin\java.exe
0x00007ffb82730000 - 0x00007ffb82949000 	C:\Windows\SYSTEM32\ntdll.dll
0x00007ffb803e0000 - 0x00007ffb804a4000 	C:\Windows\System32\KERNEL32.DLL
0x00007ffb7fa90000 - 0x00007ffb7fe59000 	C:\Windows\System32\KERNELBASE.dll
0x00007ffb802c0000 - 0x00007ffb803d1000 	C:\Windows\System32\ucrtbase.dll
0x00007ffb57ad0000 - 0x00007ffb57ae9000 	C:\Program Files\Java\jdk-17.0.19\bin\jli.dll
0x00007ffb57af0000 - 0x00007ffb57b0e000 	C:\Program Files\Java\jdk-17.0.19\bin\VCRUNTIME140.dll
0x00007ffb80a60000 - 0x00007ffb80b11000 	C:\Windows\System32\ADVAPI32.dll
0x00007ffb80880000 - 0x00007ffb80927000 	C:\Windows\System32\msvcrt.dll
0x00007ffb809b0000 - 0x00007ffb80a58000 	C:\Windows\System32\sechost.dll
0x00007ffb80210000 - 0x00007ffb80238000 	C:\Windows\System32\bcrypt.dll
0x00007ffb80d30000 - 0x00007ffb80e47000 	C:\Windows\System32\RPCRT4.dll
0x00007ffb821f0000 - 0x00007ffb823a1000 	C:\Windows\System32\USER32.dll
0x00007ffb5b2b0000 - 0x00007ffb5b54c000 	C:\Windows\WinSxS\amd64_microsoft.windows.common-controls_6595b64144ccf1df_6.0.22621.6931_none_270fd4b77385a2c0\COMCTL32.dll
0x00007ffb7ffa0000 - 0x00007ffb7ffc6000 	C:\Windows\System32\win32u.dll
0x00007ffb804b0000 - 0x00007ffb804d9000 	C:\Windows\System32\GDI32.dll
0x00007ffb800f0000 - 0x00007ffb8020c000 	C:\Windows\System32\gdi32full.dll
0x00007ffb69d80000 - 0x00007ffb69d8a000 	C:\Windows\SYSTEM32\VERSION.dll
0x00007ffb7ffd0000 - 0x00007ffb8006a000 	C:\Windows\System32\msvcp_win.dll
0x00007ffb82540000 - 0x00007ffb82571000 	C:\Windows\System32\IMM32.DLL
0x0000024531ad0000 - 0x0000024531ae6000 	C:\Windows\System32\umppc20907.dll
0x0000024531b10000 - 0x0000024531b24000 	C:\Windows\System32\CsXumd64_20907.dll
0x00007ffb7c2d0000 - 0x00007ffb7c2dc000 	C:\Program Files\Java\jdk-17.0.19\bin\vcruntime140_1.dll
0x00007ffb26460000 - 0x00007ffb264ed000 	C:\Program Files\Java\jdk-17.0.19\bin\msvcp140.dll
0x00007ffaeea50000 - 0x00007ffaef635000 	C:\Program Files\Java\jdk-17.0.19\bin\server\jvm.dll
0x00007ffb80bb0000 - 0x00007ffb80bb8000 	C:\Windows\System32\PSAPI.DLL
0x00007ffb5b5d0000 - 0x00007ffb5b5d9000 	C:\Windows\SYSTEM32\WSOCK32.dll
0x00007ffb81ef0000 - 0x00007ffb81f61000 	C:\Windows\System32\WS2_32.dll
0x00007ffb7be50000 - 0x00007ffb7be84000 	C:\Windows\SYSTEM32\WINMM.dll
0x00007ffb7e720000 - 0x00007ffb7e738000 	C:\Windows\SYSTEM32\kernel.appcore.dll
0x00007ffb67710000 - 0x00007ffb6771a000 	C:\Program Files\Java\jdk-17.0.19\bin\jimage.dll
0x00007ffb7c7c0000 - 0x00007ffb7c9f3000 	C:\Windows\SYSTEM32\DBGHELP.DLL
0x00007ffb804e0000 - 0x00007ffb80871000 	C:\Windows\System32\combase.dll
0x00007ffb81c50000 - 0x00007ffb81d29000 	C:\Windows\System32\OLEAUT32.dll
0x00007ffb6b020000 - 0x00007ffb6b052000 	C:\Windows\SYSTEM32\dbgcore.DLL
0x00007ffb80070000 - 0x00007ffb800eb000 	C:\Windows\System32\bcryptPrimitives.dll
0x00007ffb4c340000 - 0x00007ffb4c366000 	C:\Program Files\Java\jdk-17.0.19\bin\java.dll
0x00007ffb26380000 - 0x00007ffb26457000 	C:\Program Files\Java\jdk-17.0.19\bin\jsvml.dll
0x00007ffb80e50000 - 0x00007ffb816ed000 	C:\Windows\System32\SHELL32.dll
0x00007ffb7fe60000 - 0x00007ffb7ff9f000 	C:\Windows\System32\wintypes.dll
0x00007ffb7d420000 - 0x00007ffb7dd32000 	C:\Windows\SYSTEM32\windows.storage.dll
0x00007ffb825e0000 - 0x00007ffb826e4000 	C:\Windows\System32\SHCORE.dll
0x00007ffb80940000 - 0x00007ffb809a9000 	C:\Windows\System32\shlwapi.dll
0x00007ffb7f790000 - 0x00007ffb7f7b5000 	C:\Windows\SYSTEM32\profapi.dll
0x00007ffb554d0000 - 0x00007ffb554eb000 	C:\Program Files\Java\jdk-17.0.19\bin\net.dll
0x00007ffb7e740000 - 0x00007ffb7e86c000 	C:\Windows\SYSTEM32\WINHTTP.dll
0x00007ffb7ed00000 - 0x00007ffb7ed69000 	C:\Windows\system32\mswsock.dll
0x00007ffb39600000 - 0x00007ffb39616000 	C:\Program Files\Java\jdk-17.0.19\bin\nio.dll
0x00007ffb38f30000 - 0x00007ffb38f48000 	C:\Program Files\Java\jdk-17.0.19\bin\zip.dll
0x00007ffb63df0000 - 0x00007ffb63dfa000 	C:\Program Files\Java\jdk-17.0.19\bin\management.dll
0x00007ffb61630000 - 0x00007ffb6163c000 	C:\Program Files\Java\jdk-17.0.19\bin\management_ext.dll
0x00007ffb53420000 - 0x00007ffb53437000 	C:\Windows\system32\napinsp.dll
0x00007ffb53440000 - 0x00007ffb5345b000 	C:\Windows\system32\pnrpnsp.dll
0x00007ffb7dfc0000 - 0x00007ffb7e0c1000 	C:\Windows\SYSTEM32\DNSAPI.dll
0x00007ffb7df90000 - 0x00007ffb7dfbd000 	C:\Windows\SYSTEM32\IPHLPAPI.DLL
0x00007ffb81b70000 - 0x00007ffb81b79000 	C:\Windows\System32\NSI.dll
0x00007ffb53460000 - 0x00007ffb53471000 	C:\Windows\System32\winrnr.dll
0x00007ffb768c0000 - 0x00007ffb768d5000 	C:\Windows\system32\wshbth.dll
0x00007ffb53330000 - 0x00007ffb53351000 	C:\Windows\system32\nlansp_c.dll
0x00007ffb76c50000 - 0x00007ffb76c5a000 	C:\Windows\System32\rasadhlp.dll
0x00007ffb77830000 - 0x00007ffb778b4000 	C:\Windows\System32\fwpuclnt.dll
0x00007ffb7f0f0000 - 0x00007ffb7f10b000 	C:\Windows\SYSTEM32\CRYPTSP.dll
0x00007ffb7e680000 - 0x00007ffb7e6b7000 	C:\Windows\system32\rsaenh.dll
0x00007ffb7eda0000 - 0x00007ffb7edc8000 	C:\Windows\SYSTEM32\USERENV.dll
0x00007ffb7ef00000 - 0x00007ffb7ef0c000 	C:\Windows\SYSTEM32\CRYPTBASE.dll
0x00007ffb76ef0000 - 0x00007ffb76f09000 	C:\Windows\SYSTEM32\dhcpcsvc6.DLL
0x00007ffb76d50000 - 0x00007ffb76d70000 	C:\Windows\SYSTEM32\dhcpcsvc.DLL
0x00007ffb61330000 - 0x00007ffb61339000 	C:\Program Files\Java\jdk-17.0.19\bin\jaas.dll
0x00007ffb612c0000 - 0x00007ffb612ce000 	C:\Program Files\Java\jdk-17.0.19\bin\sunmscapi.dll
0x00007ffb7f860000 - 0x00007ffb7f9c8000 	C:\Windows\System32\CRYPT32.dll
0x00007ffb7f210000 - 0x00007ffb7f23e000 	C:\Windows\SYSTEM32\ncrypt.dll
0x00007ffb7f1d0000 - 0x00007ffb7f207000 	C:\Windows\SYSTEM32\NTASN1.dll
0x00007ffb5b5c0000 - 0x00007ffb5b5c8000 	C:\Windows\system32\wshunix.dll
0x00007ffb7c2f0000 - 0x00007ffb7c300000 	C:\Program Files\Java\jdk-17.0.19\bin\verify.dll
0x00007ffb5ceb0000 - 0x00007ffb5cef8000 	C:\Users\DRT90628\AppData\Local\Temp\liblz4-java-15393586497834943731.dll

dbghelp: loaded successfully - version: 4.0.5 - missing functions: none
symbol engine: initialized successfully - sym options: 0x614 - pdb path: .;C:\Program Files\Java\jdk-17.0.19\bin;C:\Windows\SYSTEM32;C:\Windows\WinSxS\amd64_microsoft.windows.common-controls_6595b64144ccf1df_6.0.22621.6931_none_270fd4b77385a2c0;C:\Program Files\Java\jdk-17.0.19\bin\server;C:\Users\DRT90628\AppData\Local\Temp

VM Arguments:
jvm_args: -Xmx8g -XX:+IgnoreUnrecognizedVMOptions --add-modules=jdk.incubator.vector --add-opens=java.base/java.lang=ALL-UNNAMED --add-opens=java.base/java.lang.invoke=ALL-UNNAMED --add-opens=java.base/java.lang.reflect=ALL-UNNAMED --add-opens=java.base/java.io=ALL-UNNAMED --add-opens=java.base/java.net=ALL-UNNAMED --add-opens=java.base/java.nio=ALL-UNNAMED --add-opens=java.base/java.util=ALL-UNNAMED --add-opens=java.base/java.util.concurrent=ALL-UNNAMED --add-opens=java.base/java.util.concurrent.atomic=ALL-UNNAMED --add-opens=java.base/jdk.internal.ref=ALL-UNNAMED --add-opens=java.base/sun.nio.ch=ALL-UNNAMED --add-opens=java.base/sun.nio.cs=ALL-UNNAMED --add-opens=java.base/sun.security.action=ALL-UNNAMED --add-opens=java.base/sun.util.calendar=ALL-UNNAMED --add-opens=java.security.jgss/sun.security.krb5=ALL-UNNAMED -Dio.netty.tryReflectionSetAccessible=true -Dio.netty.allocator.type=pooled -Dio.netty.handler.ssl.defaultEndpointVerificationAlgorithm=NONE --sun-misc-unsafe-memory-access=allow --enable-native-access=ALL-UNNAMED -Dderby.connection.requireAuthentication=false 
java_command: org.apache.spark.deploy.SparkSubmit --conf spark.executor.memory=8g --conf spark.master=local[*] --conf spark.driver.memory=8g --conf spark.app.name=MeuNotebook --conf spark.driver.bindAddress=127.0.0.1 --conf spark.network.auth.enabled=false --conf spark.driver.host=127.0.0.1 pyspark-shell
java_class_path (initial): C:\Marco Conti\Projetos\mais_einstein\.venv\Lib\site-packages\pyspark\bin\..\conf;C:\Marco Conti\Projetos\mais_einstein\.venv\Lib\site-packages\pyspark\bin\..\jars\slf4j-api-2.0.17.jar;C:\Marco Conti\Projetos\mais_einstein\.venv\Lib\site-packages\pyspark\bin\..\jars\aircompressor-2.0.3.jar;C:\Marco Conti\Projetos\mais_einstein\.venv\Lib\site-packages\pyspark\bin\..\jars\algebra_2.13-2.8.0.jar;C:\Marco Conti\Projetos\mais_einstein\.venv\Lib\site-packages\pyspark\bin\..\jars\antlr-runtime-3.5.2.jar;C:\Marco Conti\Projetos\mais_einstein\.venv\Lib\site-packages\pyspark\bin\..\jars\antlr4-runtime-4.13.1.jar;C:\Marco Conti\Projetos\mais_einstein\.venv\Lib\site-packages\pyspark\bin\..\jars\aopalliance-repackaged-3.0.6.jar;C:\Marco Conti\Projetos\mais_einstein\.venv\Lib\site-packages\pyspark\bin\..\jars\arpack-3.2.0.jar;C:\Marco Conti\Projetos\mais_einstein\.venv\Lib\site-packages\pyspark\bin\..\jars\arpack_combined_all-0.1.jar;C:\Marco Conti\Projetos\mais_einstein\.venv\Lib\site-packages\pyspark\bin\..\jars\arrow-compression-19.0.0.jar;C:\Marco Conti\Projetos\mais_einstein\.venv\Lib\site-packages\pyspark\bin\..\jars\arrow-format-19.0.0.jar;C:\Marco Conti\Projetos\mais_einstein\.venv\Lib\site-packages\pyspark\bin\..\jars\arrow-memory-core-19.0.0.jar;C:\Marco Conti\Projetos\mais_einstein\.venv\Lib\site-packages\pyspark\bin\..\jars\arrow-memory-netty-19.0.0.jar;C:\Marco Conti\Projetos\mais_einstein\.venv\Lib\site-packages\pyspark\bin\..\jars\arrow-memory-netty-buffer-patch-19.0.0.jar;C:\Marco Conti\Projetos\mais_einstein\.venv\Lib\site-packages\pyspark\bin\..\jars\arrow-vector-19.0.0.jar;C:\Marco Conti\Projetos\mais_einstein\.venv\Lib\site-packages\pyspark\bin\..\jars\audience-annotations-0.12.0.jar;C:\Marco Conti\Projetos\mais_einstein\.venv\Lib\site-packages\pyspark\bin\..\jars\avro-1.12.1.jar;C:\Marco Conti\Projetos\mais_einstein\.venv\Lib\site-packages\pyspark\bin\..\jars\avro-ipc-1.12.1.jar;C:\Marco Conti\Projetos\mais_einstein\.venv\Lib\site
Launcher Type: SUN_STANDARD

[Global flags]
     intx CICompilerCount                          = 4                                         {product} {ergonomic}
     uint ConcGCThreads                            = 3                                         {product} {ergonomic}
     uint G1ConcRefinementThreads                  = 11                                        {product} {ergonomic}
   size_t G1HeapRegionSize                         = 4194304                                   {product} {ergonomic}
    uintx GCDrainStackTargetSize                   = 64                                        {product} {ergonomic}
     bool IgnoreUnrecognizedVMOptions              = true                                      {product} {command line}
   size_t InitialHeapSize                          = 260046848                                 {product} {ergonomic}
   size_t MarkStackSize                            = 4194304                                   {product} {ergonomic}
   size_t MaxHeapSize                              = 8589934592                                {product} {command line}
   size_t MaxNewSize                               = 5150605312                                {product} {ergonomic}
   size_t MinHeapDeltaBytes                        = 4194304                                   {product} {ergonomic}
   size_t MinHeapSize                              = 8388608                                   {product} {ergonomic}
    uintx NonNMethodCodeHeapSize                   = 5839372                                {pd product} {ergonomic}
    uintx NonProfiledCodeHeapSize                  = 122909434                              {pd product} {ergonomic}
    uintx ProfiledCodeHeapSize                     = 122909434                              {pd product} {ergonomic}
    uintx ReservedCodeCacheSize                    = 251658240                              {pd product} {ergonomic}
     bool SegmentedCodeCache                       = true                                      {product} {ergonomic}
   size_t SoftMaxHeapSize                          = 8589934592                             {manageable} {ergonomic}
     bool UseCompressedClassPointers               = true                           {product lp64_product} {ergonomic}
     bool UseCompressedOops                        = true                           {product lp64_product} {ergonomic}
     bool UseG1GC                                  = true                                      {product} {ergonomic}
     bool UseLargePagesIndividualAllocation        = false                                  {pd product} {ergonomic}

Logging:
Log output configuration:
 #0: stdout all=warning uptime,level,tags
 #1: stderr all=off uptime,level,tags

Environment Variables:
PATH=c:\Marco Conti\Projetos\mais_einstein\.venv\Scripts;C:\Marco Conti\Projetos\mais_einstein\.venv\Scripts;C:\Program Files\Common Files\Oracle\Java\javapath;C:\Windows\system32;C:\Windows;C:\Windows\System32\Wbem;C:\Windows\System32\WindowsPowerShell\v1.0\;C:\Windows\System32\OpenSSH\;C:\Program Files (x86)\Microsoft SQL Server\160\DTS\Binn\;C:\Users\DRT90628\AppData\Local\Programs\Python\Python311\Scripts\;C:\Users\DRT90628\AppData\Local\Programs\Python\Python311\;C:\Users\DRT90628\AppData\Local\Programs\Python\Launcher\;C:\Users\DRT90628\AppData\Local\Microsoft\WindowsApps;C:\Users\DRT90628\AppData\Local\Programs\Microsoft VS Code\bin;C:\Users\DRT90628\AppData\Local\Python\bin;C:\Users\DRT90628\AppData\Local\Programs\Git\cmd;C:\Users\DRT90628\AppData\Local\Programs\DockerDesktop\resources\bin
USERNAME=DRT90628
OS=Windows_NT
PROCESSOR_IDENTIFIER=Intel64 Family 6 Model 170 Stepping 4, GenuineIntel



---------------  S Y S T E M  ---------------

OS:
 Windows 11 , 64 bit Build 22621 (10.0.22621.7376)
OS uptime: 9 days 3:22 hours
Hyper-V role detected

CPU: total 14 (initial active 14) (7 cores per cpu, 2 threads per core) family 6 model 170 stepping 4 microcode 0x28, cx8, cmov, fxsr, ht, mmx, 3dnowpref, sse, sse2, sse3, ssse3, sse4.1, sse4.2, popcnt, lzcnt, tsc, tscinvbit, avx, avx2, aes, erms, clmul, bmi1, bmi2, adx, sha, fma, vzeroupper, clflush, clflushopt, clwb, hv

Memory: 4k page, system-wide physical 15785M (701M free)
TotalPageFile size 64937M (AvailPageFile size 896M)
current process WorkingSet (physical memory assigned to process): 1934M, peak: 1934M
current process commit charge ("private bytes"): 3312M, peak: 5464M

vm_info: Java HotSpot(TM) 64-Bit Server VM (17.0.19+9-LTS-183) for windows-amd64 JRE (17.0.19+9-LTS-183), built on Mar 11 2026 01:59:45 by "mach5run" with MS VC++ 17.13 (VS2022)

END.
