#
# There is insufficient memory for the Java Runtime Environment to continue.
# Native memory allocation (mmap) failed to map 1350565888 bytes for G1 virtual space
# Possible reasons:
#   The system is out of physical RAM or swap space
#   The process is running with CompressedOops enabled, and the Java Heap may be blocking the growth of the native heap
# Possible solutions:
#   Reduce memory load on the system
#   Increase physical memory or swap space
#   Check if swap backing store is full
#   Decrease Java heap size (-Xmx/-Xms)
#   Decrease number of Java threads
#   Decrease Java thread stack sizes (-Xss)
#   Set larger code cache with -XX:ReservedCodeCacheSize=
#   JVM is running with Zero Based Compressed Oops mode in which the Java heap is
#     placed in the first 32GB address space. The Java Heap base address is the
#     maximum limit for the native heap growth. Please use -XX:HeapBaseMinAddress
#     to set the Java Heap base and to place the Java Heap above 32GB virtual address.
# This output file may be truncated or incomplete.
#
#  Out of Memory Error (os_windows.cpp:3552), pid=21024, tid=35852
#
# JRE version: Java(TM) SE Runtime Environment (17.0.19+9) (build 17.0.19+9-LTS-183)
# Java VM: Java HotSpot(TM) 64-Bit Server VM (17.0.19+9-LTS-183, mixed mode, sharing, tiered, compressed oops, compressed class ptrs, g1 gc, windows-amd64)
# No core dump will be written. Minidumps are not enabled by default on client versions of Windows
#

---------------  S U M M A R Y ------------

Command Line: -Xmx8g -XX:+IgnoreUnrecognizedVMOptions --add-modules=jdk.incubator.vector --add-opens=java.base/java.lang=ALL-UNNAMED --add-opens=java.base/java.lang.invoke=ALL-UNNAMED --add-opens=java.base/java.lang.reflect=ALL-UNNAMED --add-opens=java.base/java.io=ALL-UNNAMED --add-opens=java.base/java.net=ALL-UNNAMED --add-opens=java.base/java.nio=ALL-UNNAMED --add-opens=java.base/java.util=ALL-UNNAMED --add-opens=java.base/java.util.concurrent=ALL-UNNAMED --add-opens=java.base/java.util.concurrent.atomic=ALL-UNNAMED --add-opens=java.base/jdk.internal.ref=ALL-UNNAMED --add-opens=java.base/sun.nio.ch=ALL-UNNAMED --add-opens=java.base/sun.nio.cs=ALL-UNNAMED --add-opens=java.base/sun.security.action=ALL-UNNAMED --add-opens=java.base/sun.util.calendar=ALL-UNNAMED --add-opens=java.security.jgss/sun.security.krb5=ALL-UNNAMED -Dio.netty.tryReflectionSetAccessible=true -Dio.netty.allocator.type=pooled -Dio.netty.handler.ssl.defaultEndpointVerificationAlgorithm=NONE --sun-misc-unsafe-memory-access=allow --enable-native-access=ALL-UNNAMED -Dderby.connection.requireAuthentication=false org.apache.spark.deploy.SparkSubmit --conf spark.executor.memory=8g --conf spark.master=local[*] --conf spark.driver.memory=8g --conf spark.app.name=MeuNotebook --conf spark.driver.bindAddress=127.0.0.1 --conf spark.network.auth.enabled=false --conf spark.driver.host=127.0.0.1 pyspark-shell

Host: Intel(R) Core(TM) Ultra 5 135U, 14 cores, 15G,  Windows 11 , 64 bit Build 22621 (10.0.22621.7376)
Time: Thu Aug  6 11:35:28 2026 Hora oficial do Brasil elapsed time: 178.144179 seconds (0d 0h 2m 58s)

---------------  T H R E A D  ---------------

Current thread (0x000001a0ea06d240):  VMThread "VM Thread" [stack: 0x0000004555900000,0x0000004555a00000] [id=35852]

Stack: [0x0000004555900000,0x0000004555a00000]
Native frames: (J=compiled Java code, j=interpreted, Vv=VM code, C=native code)
V  [jvm.dll+0x67ee4a]
V  [jvm.dll+0x7dedab]
V  [jvm.dll+0x7e06ee]
V  [jvm.dll+0x7e0d73]
V  [jvm.dll+0x247b9f]
V  [jvm.dll+0x67be49]
V  [jvm.dll+0x670bb2]
V  [jvm.dll+0x306ee0]
V  [jvm.dll+0x306d82]
V  [jvm.dll+0x30e516]
V  [jvm.dll+0x35e08e]
V  [jvm.dll+0x35e2bd]
V  [jvm.dll+0x2ddd78]
V  [jvm.dll+0x2dc1b9]
V  [jvm.dll+0x2db98c]
V  [jvm.dll+0x31e6bb]
V  [jvm.dll+0x7e557b]
V  [jvm.dll+0x7e62a4]
V  [jvm.dll+0x7e67ce]
V  [jvm.dll+0x7e6bc5]
V  [jvm.dll+0x7e6c9e]
V  [jvm.dll+0x78ff8a]
V  [jvm.dll+0x67dd25]
C  [ucrtbase.dll+0x29333]
C  [KERNEL32.DLL+0x1259d]
C  [ntdll.dll+0x5afb8]

VM_Operation (0x000000455bdfe990): G1CollectForAllocation, mode: safepoint, requested by thread 0x000001a13b70cad0


---------------  P R O C E S S  ---------------

Threads class SMR info:
_java_thread_list=0x000001a134ed59b0, length=133, elements={
0x000001a0bf6abd40, 0x000001a0ea072680, 0x000001a0ea0734f0, 0x000001a0ea0860a0,
0x000001a0ea087bc0, 0x000001a0ea088570, 0x000001a0ea08cc40, 0x000001a0ea08ed00,
0x000001a0ea0976c0, 0x000001a0ea0a8780, 0x000001a0ea05cbe0, 0x000001a12e31ac80,
0x000001a13517b160, 0x000001a13530b040, 0x000001a135437ba0, 0x000001a1351a1090,
0x000001a1351a0220, 0x000001a1351a1560, 0x000001a13519f3b0, 0x000001a1351a06f0,
0x000001a1351a0bc0, 0x000001a13519f880, 0x000001a13519eee0, 0x000001a1351a1a30,
0x000001a13519fd50, 0x000001a13519e070, 0x000001a13519e540, 0x000001a135f246e0,
0x000001a135f263c0, 0x000001a135f23d40, 0x000001a135f26890, 0x000001a135f28f10,
0x000001a135f28a40, 0x000001a135f24210, 0x000001a135f22ed0, 0x000001a135f22530,
0x000001a135f26d60, 0x000001a135f24bb0, 0x000001a135f298b0, 0x000001a135f293e0,
0x000001a135f28570, 0x000001a135f27230, 0x000001a135f22060, 0x000001a135f22a00,
0x000001a135f233a0, 0x000001a135f27700, 0x000001a135f25080, 0x000001a135f25550,
0x000001a135f25a20, 0x000001a135f25ef0, 0x000001a135f27bd0, 0x000001a135f280a0,
0x000001a1337872f0, 0x000001a133786e20, 0x000001a133781780, 0x000001a133781c50,
0x000001a133784c70, 0x000001a133782f90, 0x000001a133783e00, 0x000001a1337825f0,
0x000001a133787c90, 0x000001a133782ac0, 0x000001a133786950, 0x000001a1345cd840,
0x000001a1345d2070, 0x000001a134d741b0, 0x000001a134d776a0, 0x000001a13b70cad0,
0x000001a13b127750, 0x000001a134d729a0, 0x000001a13b0e9290, 0x000001a13b0e9c30,
0x000001a13b519050, 0x000001a13b517d10, 0x000001a134d75e90, 0x000001a13b880a10,
0x000001a13b5181e0, 0x000001a13b5186b0, 0x000001a13b518b80, 0x000001a13c3189b0,
0x000001a13c31b030, 0x000001a13c319820, 0x000001a136639530, 0x000001a13663ca20,
0x000001a13663ad40, 0x000001a136639ed0, 0x000001a136639060, 0x000001a136639a00,
0x000001a13663a870, 0x000001a13663b210, 0x000001a13b70de10, 0x000001a13b70d470,
0x000001a13b0e85c0, 0x000001a13b0e7c20, 0x000001a13b70cfa0, 0x000001a13b513680,
0x000001a13b70d940, 0x000001a134d76d00, 0x000001a13b0ea100, 0x000001a13b515b60,
0x000001a13b514cf0, 0x000001a13b124da0, 0x000001a13b515690, 0x000001a13b516030,
0x000001a13b514820, 0x000001a13bcacac0, 0x000001a13b0ea5d0, 0x000001a136b016e0,
0x000001a136b01bb0, 0x000001a13663a3a0, 0x000001a13bcc84c0, 0x000001a13663b6e0,
0x000001a13663c080, 0x000001a13bcc6cb0, 0x000001a13b125740, 0x000001a134d78040,
0x000001a134d74680, 0x000001a13b0e80f0, 0x000001a13c31b500, 0x000001a134d771d0,
0x000001a134d74b50, 0x000001a134d724d0, 0x000001a13c31b9d0, 0x000001a13bcc9cd0,
0x000001a13bcc7180, 0x000001a13b70e2e0, 0x000001a13c318e80, 0x000001a13bcc7b20,
0x000001a13bcc9330, 0x000001a13b5131b0, 0x000001a13c319cf0, 0x000001a13b512810,
0x000001a13b513b50
}

Java Threads: ( => current thread )
  0x000001a0bf6abd40 JavaThread "main" [_thread_in_native, id=14952, stack(0x0000004555300000,0x0000004555400000)]
  0x000001a0ea072680 JavaThread "Reference Handler" daemon [_thread_blocked, id=33180, stack(0x0000004555a00000,0x0000004555b00000)]
  0x000001a0ea0734f0 JavaThread "Finalizer" daemon [_thread_blocked, id=34088, stack(0x0000004555b00000,0x0000004555c00000)]
  0x000001a0ea0860a0 JavaThread "Signal Dispatcher" daemon [_thread_blocked, id=17804, stack(0x0000004555c00000,0x0000004555d00000)]
  0x000001a0ea087bc0 JavaThread "Attach Listener" daemon [_thread_blocked, id=19876, stack(0x0000004555d00000,0x0000004555e00000)]
  0x000001a0ea088570 JavaThread "Service Thread" daemon [_thread_blocked, id=15624, stack(0x0000004555e00000,0x0000004555f00000)]
  0x000001a0ea08cc40 JavaThread "Monitor Deflation Thread" daemon [_thread_blocked, id=12952, stack(0x0000004555f00000,0x0000004556000000)]
  0x000001a0ea08ed00 JavaThread "C2 CompilerThread0" daemon [_thread_blocked, id=28344, stack(0x0000004556000000,0x0000004556100000)]
  0x000001a0ea0976c0 JavaThread "C1 CompilerThread0" daemon [_thread_blocked, id=19140, stack(0x0000004556100000,0x0000004556200000)]
  0x000001a0ea0a8780 JavaThread "Sweeper thread" daemon [_thread_blocked, id=26616, stack(0x0000004556200000,0x0000004556300000)]
  0x000001a0ea05cbe0 JavaThread "Common-Cleaner" daemon [_thread_blocked, id=17212, stack(0x0000004556300000,0x0000004556400000)]
  0x000001a12e31ac80 JavaThread "Notification Thread" daemon [_thread_blocked, id=19228, stack(0x0000004556400000,0x0000004556500000)]
  0x000001a13517b160 JavaThread "Thread-1" [_thread_in_native, id=13360, stack(0x0000004557300000,0x0000004557400000)]
  0x000001a13530b040 JavaThread "Thread-2" [_thread_blocked, id=10560, stack(0x0000004556600000,0x0000004556700000)]
  0x000001a135437ba0 JavaThread "Thread-3" [_thread_in_native, id=35748, stack(0x0000004557500000,0x0000004557600000)]
  0x000001a1351a1090 JavaThread "rpc-boss-3-1" daemon [_thread_in_native, id=18248, stack(0x0000004557600000,0x0000004557700000)]
  0x000001a1351a0220 JavaThread "dispatcher-event-loop-0" daemon [_thread_blocked, id=26488, stack(0x0000004557700000,0x0000004557800000)]
  0x000001a1351a1560 JavaThread "dispatcher-event-loop-1" daemon [_thread_blocked, id=30436, stack(0x0000004557800000,0x0000004557900000)]
  0x000001a13519f3b0 JavaThread "dispatcher-event-loop-2" daemon [_thread_blocked, id=15616, stack(0x0000004557900000,0x0000004557a00000)]
  0x000001a1351a06f0 JavaThread "dispatcher-event-loop-3" daemon [_thread_blocked, id=12568, stack(0x0000004557a00000,0x0000004557b00000)]
  0x000001a1351a0bc0 JavaThread "dispatcher-event-loop-4" daemon [_thread_blocked, id=37096, stack(0x0000004557b00000,0x0000004557c00000)]
  0x000001a13519f880 JavaThread "dispatcher-event-loop-5" daemon [_thread_blocked, id=33760, stack(0x0000004557c00000,0x0000004557d00000)]
  0x000001a13519eee0 JavaThread "dispatcher-event-loop-6" daemon [_thread_blocked, id=38756, stack(0x0000004557d00000,0x0000004557e00000)]
  0x000001a1351a1a30 JavaThread "dispatcher-event-loop-7" daemon [_thread_blocked, id=29364, stack(0x0000004557e00000,0x0000004557f00000)]
  0x000001a13519fd50 JavaThread "dispatcher-event-loop-8" daemon [_thread_blocked, id=30236, stack(0x0000004557f00000,0x0000004558000000)]
  0x000001a13519e070 JavaThread "dispatcher-event-loop-9" daemon [_thread_blocked, id=19668, stack(0x0000004558000000,0x0000004558100000)]
  0x000001a13519e540 JavaThread "dispatcher-event-loop-10" daemon [_thread_blocked, id=29828, stack(0x0000004558100000,0x0000004558200000)]
  0x000001a135f246e0 JavaThread "dispatcher-event-loop-11" daemon [_thread_blocked, id=9544, stack(0x0000004558200000,0x0000004558300000)]
  0x000001a135f263c0 JavaThread "dispatcher-event-loop-12" daemon [_thread_blocked, id=996, stack(0x0000004558300000,0x0000004558400000)]
  0x000001a135f23d40 JavaThread "dispatcher-event-loop-13" daemon [_thread_blocked, id=30852, stack(0x0000004558400000,0x0000004558500000)]
  0x000001a135f26890 JavaThread "map-output-dispatcher-0" daemon [_thread_blocked, id=4588, stack(0x0000004558500000,0x0000004558600000)]
  0x000001a135f28f10 JavaThread "map-output-dispatcher-1" daemon [_thread_blocked, id=20072, stack(0x0000004558600000,0x0000004558700000)]
  0x000001a135f28a40 JavaThread "map-output-dispatcher-2" daemon [_thread_blocked, id=16740, stack(0x0000004558700000,0x0000004558800000)]
  0x000001a135f24210 JavaThread "map-output-dispatcher-3" daemon [_thread_blocked, id=18424, stack(0x0000004558800000,0x0000004558900000)]
  0x000001a135f22ed0 JavaThread "map-output-dispatcher-4" daemon [_thread_blocked, id=3368, stack(0x0000004558900000,0x0000004558a00000)]
  0x000001a135f22530 JavaThread "map-output-dispatcher-5" daemon [_thread_blocked, id=30360, stack(0x0000004558a00000,0x0000004558b00000)]
  0x000001a135f26d60 JavaThread "map-output-dispatcher-6" daemon [_thread_blocked, id=24832, stack(0x0000004558b00000,0x0000004558c00000)]
  0x000001a135f24bb0 JavaThread "map-output-dispatcher-7" daemon [_thread_blocked, id=12412, stack(0x0000004558c00000,0x0000004558d00000)]
  0x000001a135f298b0 JavaThread "dispatcher-BlockManagerMaster" daemon [_thread_blocked, id=14864, stack(0x0000004558d00000,0x0000004558e00000)]
  0x000001a135f293e0 JavaThread "dispatcher-BlockManagerEndpoint1" daemon [_thread_blocked, id=12644, stack(0x0000004558e00000,0x0000004558f00000)]
  0x000001a135f28570 JavaThread "RemoteBlock-temp-file-clean-thread" daemon [_thread_blocked, id=30572, stack(0x0000004558f00000,0x0000004559000000)]
  0x000001a135f27230 JavaThread "refresh progress" daemon [_thread_blocked, id=13972, stack(0x0000004557400000,0x0000004557500000)]
  0x000001a135f22060 JavaThread "SparkUI-48" daemon [_thread_in_native, id=13940, stack(0x0000004559200000,0x0000004559300000)]
  0x000001a135f22a00 JavaThread "SparkUI-49" daemon [_thread_in_native, id=12220, stack(0x0000004559300000,0x0000004559400000)]
  0x000001a135f233a0 JavaThread "SparkUI-50" daemon [_thread_in_native, id=10108, stack(0x0000004559400000,0x0000004559500000)]
  0x000001a135f27700 JavaThread "SparkUI-51" daemon [_thread_in_native, id=10300, stack(0x0000004559500000,0x0000004559600000)]
  0x000001a135f25080 JavaThread "SparkUI-52" daemon [_thread_in_native, id=37236, stack(0x0000004559600000,0x0000004559700000)]
  0x000001a135f25550 JavaThread "SparkUI-53" daemon [_thread_in_native, id=10920, stack(0x0000004559700000,0x0000004559800000)]
  0x000001a135f25a20 JavaThread "SparkUI-54" daemon [_thread_in_native, id=33828, stack(0x0000004559800000,0x0000004559900000)]
  0x000001a135f25ef0 JavaThread "SparkUI-55-acceptor-0@40a3125-osjs.ServerConnector@acdcfd4{HTTP/1.1, (http/1.1)}{127.0.0.1:4041}" daemon [_thread_in_native, id=744, stack(0x0000004559900000,0x0000004559a00000)]
  0x000001a135f27bd0 JavaThread "dispatcher-HeartbeatReceiver" daemon [_thread_blocked, id=10048, stack(0x0000004559000000,0x0000004559100000)]
  0x000001a135f280a0 JavaThread "heartbeat-receiver-event-loop-thread" daemon [_thread_blocked, id=32688, stack(0x0000004559100000,0x0000004559200000)]
  0x000001a1337872f0 JavaThread "netty-rpc-env-timeout" daemon [_thread_blocked, id=6568, stack(0x0000004559a00000,0x0000004559b00000)]
  0x000001a133786e20 JavaThread "dag-scheduler-event-loop" daemon [_thread_blocked, id=24780, stack(0x0000004559b00000,0x0000004559c00000)]
  0x000001a133781780 JavaThread "driver-heartbeater" daemon [_thread_blocked, id=32808, stack(0x0000004559c00000,0x0000004559d00000)]
  0x000001a133781c50 JavaThread "executor-kill-mark-cleanup" daemon [_thread_blocked, id=28864, stack(0x0000004559d00000,0x0000004559e00000)]
  0x000001a133784c70 JavaThread "executor-heartbeater" daemon [_thread_blocked, id=39496, stack(0x0000004559e00000,0x0000004559f00000)]
  0x000001a133782f90 JavaThread "shuffle-boss-6-1" daemon [_thread_in_native, id=38960, stack(0x0000004559f00000,0x000000455a000000)]
  0x000001a133783e00 JavaThread "Spark Context Cleaner" daemon [_thread_blocked, id=5524, stack(0x000000455a000000,0x000000455a100000)]
  0x000001a1337825f0 JavaThread "context-cleaner-periodic-gc" daemon [_thread_blocked, id=27152, stack(0x000000455a100000,0x000000455a200000)]
  0x000001a133787c90 JavaThread "spark-listener-group-appStatus" daemon [_thread_blocked, id=3104, stack(0x000000455a200000,0x000000455a300000)]
  0x000001a133782ac0 JavaThread "spark-listener-group-executorManagement" daemon [_thread_blocked, id=33236, stack(0x000000455a300000,0x000000455a400000)]
  0x000001a133786950 JavaThread "element-tracking-store-worker" daemon [_thread_blocked, id=32240, stack(0x000000455a600000,0x000000455a700000)]
  0x000001a1345cd840 JavaThread "org.apache.hadoop.fs.FileSystem$Statistics$StatisticsDataReferenceCleaner" daemon [_thread_blocked, id=23544, stack(0x0000004555000000,0x0000004555100000)]
  0x000001a1345d2070 JavaThread "Cleaner-0" daemon [_thread_blocked, id=30980, stack(0x000000455ab00000,0x000000455ac00000)]
  0x000001a134d741b0 JavaThread "task-result-getter-0" daemon [_thread_blocked, id=6828, stack(0x000000455bb00000,0x000000455bc00000)]
  0x000001a134d776a0 JavaThread "task-result-getter-1" daemon [_thread_blocked, id=38832, stack(0x000000455bc00000,0x000000455bd00000)]
  0x000001a13b70cad0 JavaThread "task-result-getter-2" daemon [_thread_blocked, id=35096, stack(0x000000455bd00000,0x000000455be00000)]
  0x000001a13b127750 JavaThread "task-result-getter-3" daemon [_thread_blocked, id=39004, stack(0x000000455be00000,0x000000455bf00000)]
  0x000001a134d729a0 JavaThread "shuffle-client-5-1" daemon [_thread_blocked, id=39388, stack(0x000000455bf00000,0x000000455c000000)]
  0x000001a13b0e9290 JavaThread "shuffle-server-7-1" daemon [_thread_blocked, id=9428, stack(0x000000455c100000,0x000000455c200000)]
  0x000001a13b0e9c30 JavaThread "block-manager-storage-async-thread-pool-42" daemon [_thread_blocked, id=16240, stack(0x000000455ae00000,0x000000455af00000)]
  0x000001a13b519050 JavaThread "block-manager-storage-async-thread-pool-43" daemon [_thread_blocked, id=36820, stack(0x000000455af00000,0x000000455b000000)]
  0x000001a13b517d10 JavaThread "block-manager-storage-async-thread-pool-44" daemon [_thread_blocked, id=9456, stack(0x000000455b000000,0x000000455b100000)]
  0x000001a134d75e90 JavaThread "block-manager-ask-thread-pool-14" daemon [_thread_blocked, id=20876, stack(0x000000455b100000,0x000000455b200000)]
  0x000001a13b880a10 JavaThread "block-manager-ask-thread-pool-15" daemon [_thread_blocked, id=8916, stack(0x000000455b200000,0x000000455b300000)]
  0x000001a13b5181e0 JavaThread "Executor task idle worker#153" daemon [_thread_blocked, id=29492, stack(0x000000455b300000,0x000000455b400000)]
  0x000001a13b5186b0 JavaThread "Executor task idle worker#154" daemon [_thread_blocked, id=11204, stack(0x000000455b400000,0x000000455b500000)]
  0x000001a13b518b80 JavaThread "Executor task idle worker#155" daemon [_thread_blocked, id=38812, stack(0x000000455b500000,0x000000455b600000)]
  0x000001a13c3189b0 JavaThread "Executor task idle worker#156" daemon [_thread_blocked, id=19736, stack(0x000000455b600000,0x000000455b700000)]
  0x000001a13c31b030 JavaThread "Executor task idle worker#157" daemon [_thread_blocked, id=28436, stack(0x000000455b700000,0x000000455b800000)]
  0x000001a13c319820 JavaThread "Executor task idle worker#158" daemon [_thread_blocked, id=21384, stack(0x000000455b800000,0x000000455b900000)]
  0x000001a136639530 JavaThread "Executor task idle worker#159" daemon [_thread_blocked, id=2980, stack(0x000000455b900000,0x000000455ba00000)]
  0x000001a13663ca20 JavaThread "Executor task idle worker#160" daemon [_thread_blocked, id=27452, stack(0x000000455ba00000,0x000000455bb00000)]
  0x000001a13663ad40 JavaThread "Executor task idle worker#161" daemon [_thread_blocked, id=15952, stack(0x000000455c200000,0x000000455c300000)]
  0x000001a136639ed0 JavaThread "Executor task idle worker#162" daemon [_thread_blocked, id=36976, stack(0x000000455c300000,0x000000455c400000)]
  0x000001a136639060 JavaThread "Executor task idle worker#163" daemon [_thread_blocked, id=36996, stack(0x000000455c400000,0x000000455c500000)]
  0x000001a136639a00 JavaThread "Executor task idle worker#164" daemon [_thread_blocked, id=17916, stack(0x000000455c500000,0x000000455c600000)]
  0x000001a13663a870 JavaThread "Executor task idle worker#165" daemon [_thread_blocked, id=13564, stack(0x000000455c600000,0x000000455c700000)]
  0x000001a13663b210 JavaThread "Executor task idle worker#166" daemon [_thread_blocked, id=38164, stack(0x000000455c700000,0x000000455c800000)]
  0x000001a13b70de10 JavaThread "block-manager-storage-async-thread-pool-45" daemon [_thread_blocked, id=1528, stack(0x000000455c800000,0x000000455c900000)]
  0x000001a13b70d470 JavaThread "block-manager-storage-async-thread-pool-46" daemon [_thread_blocked, id=31428, stack(0x000000455c900000,0x000000455ca00000)]
  0x000001a13b0e85c0 JavaThread "block-manager-storage-async-thread-pool-47" daemon [_thread_blocked, id=26400, stack(0x000000455ca00000,0x000000455cb00000)]
  0x000001a13b0e7c20 JavaThread "block-manager-storage-async-thread-pool-49" daemon [_thread_blocked, id=30204, stack(0x000000455cb00000,0x000000455cc00000)]
  0x000001a13b70cfa0 JavaThread "block-manager-storage-async-thread-pool-48" daemon [_thread_blocked, id=5796, stack(0x000000455cc00000,0x000000455cd00000)]
  0x000001a13b513680 JavaThread "block-manager-ask-thread-pool-16" daemon [_thread_blocked, id=13096, stack(0x000000455cd00000,0x000000455ce00000)]
  0x000001a13b70d940 JavaThread "block-manager-storage-async-thread-pool-50" daemon [_thread_blocked, id=31900, stack(0x000000455ce00000,0x000000455cf00000)]
  0x000001a134d76d00 JavaThread "block-manager-ask-thread-pool-17" daemon [_thread_blocked, id=10852, stack(0x000000455cf00000,0x000000455d000000)]
  0x000001a13b0ea100 JavaThread "block-manager-storage-async-thread-pool-51" daemon [_thread_blocked, id=15844, stack(0x000000455d000000,0x000000455d100000)]
  0x000001a13b515b60 JavaThread "block-manager-storage-async-thread-pool-52" daemon [_thread_blocked, id=22952, stack(0x000000455d100000,0x000000455d200000)]
  0x000001a13b514cf0 JavaThread "block-manager-storage-async-thread-pool-53" daemon [_thread_blocked, id=11776, stack(0x000000455d200000,0x000000455d300000)]
  0x000001a13b124da0 JavaThread "block-manager-ask-thread-pool-18" daemon [_thread_blocked, id=39800, stack(0x000000455d300000,0x000000455d400000)]
  0x000001a13b515690 JavaThread "block-manager-storage-async-thread-pool-54" daemon [_thread_blocked, id=40644, stack(0x000000455d400000,0x000000455d500000)]
  0x000001a13b516030 JavaThread "block-manager-storage-async-thread-pool-55" daemon [_thread_blocked, id=27668, stack(0x000000455d500000,0x000000455d600000)]
  0x000001a13b514820 JavaThread "block-manager-storage-async-thread-pool-56" daemon [_thread_blocked, id=22468, stack(0x000000455d600000,0x000000455d700000)]
  0x000001a13bcacac0 JavaThread "block-manager-ask-thread-pool-19" daemon [_thread_blocked, id=23668, stack(0x000000455d700000,0x000000455d800000)]
  0x000001a13b0ea5d0 JavaThread "block-manager-storage-async-thread-pool-57" daemon [_thread_blocked, id=17812, stack(0x000000455d800000,0x000000455d900000)]
  0x000001a136b016e0 JavaThread "block-manager-storage-async-thread-pool-58" daemon [_thread_blocked, id=16336, stack(0x000000455d900000,0x000000455da00000)]
  0x000001a136b01bb0 JavaThread "block-manager-storage-async-thread-pool-59" daemon [_thread_blocked, id=22508, stack(0x000000455da00000,0x000000455db00000)]
  0x000001a13663a3a0 JavaThread "block-manager-ask-thread-pool-20" daemon [_thread_blocked, id=11276, stack(0x000000455db00000,0x000000455dc00000)]
  0x000001a13bcc84c0 JavaThread "block-manager-storage-async-thread-pool-60" daemon [_thread_blocked, id=37260, stack(0x000000455dc00000,0x000000455dd00000)]
  0x000001a13663b6e0 JavaThread "block-manager-storage-async-thread-pool-61" daemon [_thread_blocked, id=13752, stack(0x000000455dd00000,0x000000455de00000)]
  0x000001a13663c080 JavaThread "block-manager-storage-async-thread-pool-62" daemon [_thread_blocked, id=32296, stack(0x000000455de00000,0x000000455df00000)]
  0x000001a13bcc6cb0 JavaThread "block-manager-ask-thread-pool-21" daemon [_thread_blocked, id=23064, stack(0x000000455df00000,0x000000455e000000)]
  0x000001a13b125740 JavaThread "block-manager-storage-async-thread-pool-63" daemon [_thread_blocked, id=40660, stack(0x000000455e000000,0x000000455e100000)]
  0x000001a134d78040 JavaThread "block-manager-storage-async-thread-pool-64" daemon [_thread_blocked, id=37080, stack(0x000000455e100000,0x000000455e200000)]
  0x000001a134d74680 JavaThread "block-manager-storage-async-thread-pool-65" daemon [_thread_blocked, id=6092, stack(0x000000455e200000,0x000000455e300000)]
  0x000001a13b0e80f0 JavaThread "block-manager-ask-thread-pool-22" daemon [_thread_blocked, id=29284, stack(0x000000455e300000,0x000000455e400000)]
  0x000001a13c31b500 JavaThread "block-manager-storage-async-thread-pool-66" daemon [_thread_blocked, id=10664, stack(0x000000455e400000,0x000000455e500000)]
  0x000001a134d771d0 JavaThread "block-manager-storage-async-thread-pool-67" daemon [_thread_blocked, id=29024, stack(0x000000455e500000,0x000000455e600000)]
  0x000001a134d74b50 JavaThread "block-manager-storage-async-thread-pool-68" daemon [_thread_blocked, id=32396, stack(0x000000455e600000,0x000000455e700000)]
  0x000001a134d724d0 JavaThread "block-manager-ask-thread-pool-23" daemon [_thread_blocked, id=35320, stack(0x000000455e700000,0x000000455e800000)]
  0x000001a13c31b9d0 JavaThread "block-manager-storage-async-thread-pool-69" daemon [_thread_blocked, id=30324, stack(0x000000455e800000,0x000000455e900000)]
  0x000001a13bcc9cd0 JavaThread "block-manager-storage-async-thread-pool-70" daemon [_thread_blocked, id=10172, stack(0x000000455e900000,0x000000455ea00000)]
  0x000001a13bcc7180 JavaThread "block-manager-storage-async-thread-pool-71" daemon [_thread_blocked, id=40276, stack(0x000000455ea00000,0x000000455eb00000)]
  0x000001a13b70e2e0 JavaThread "block-manager-ask-thread-pool-24" daemon [_thread_blocked, id=25976, stack(0x000000455eb00000,0x000000455ec00000)]
  0x000001a13c318e80 JavaThread "block-manager-storage-async-thread-pool-72" daemon [_thread_blocked, id=37920, stack(0x000000455ec00000,0x000000455ed00000)]
  0x000001a13bcc7b20 JavaThread "block-manager-storage-async-thread-pool-73" daemon [_thread_blocked, id=39692, stack(0x000000455ed00000,0x000000455ee00000)]
  0x000001a13bcc9330 JavaThread "block-manager-storage-async-thread-pool-74" daemon [_thread_blocked, id=23436, stack(0x000000455ee00000,0x000000455ef00000)]
  0x000001a13b5131b0 JavaThread "block-manager-ask-thread-pool-25" daemon [_thread_blocked, id=22216, stack(0x000000455ef00000,0x000000455f000000)]
  0x000001a13c319cf0 JavaThread "block-manager-storage-async-thread-pool-75" daemon [_thread_blocked, id=11640, stack(0x000000455f000000,0x000000455f100000)]
  0x000001a13b512810 JavaThread "block-manager-storage-async-thread-pool-76" daemon [_thread_blocked, id=39460, stack(0x000000455f100000,0x000000455f200000)]
  0x000001a13b513b50 JavaThread "block-manager-storage-async-thread-pool-77" daemon [_thread_blocked, id=30540, stack(0x000000455f200000,0x000000455f300000)]

Other Threads:
=>0x000001a0ea06d240 VMThread "VM Thread" [stack: 0x0000004555900000,0x0000004555a00000] [id=35852]
  0x000001a0bf737c40 WatcherThread [stack: 0x0000004556500000,0x0000004556600000] [id=38256]
  0x000001a0e9ef19b0 GCTaskThread "GC Thread#0" [stack: 0x0000004555400000,0x0000004555500000] [id=29860]
  0x000001a12ebf5950 GCTaskThread "GC Thread#1" [stack: 0x0000004556700000,0x0000004556800000] [id=31120]
  0x000001a12e6d1900 GCTaskThread "GC Thread#2" [stack: 0x0000004556800000,0x0000004556900000] [id=25280]
  0x000001a12e916000 GCTaskThread "GC Thread#3" [stack: 0x0000004556900000,0x0000004556a00000] [id=26740]
  0x000001a12e9162c0 GCTaskThread "GC Thread#4" [stack: 0x0000004556a00000,0x0000004556b00000] [id=14096]
  0x000001a134567be0 GCTaskThread "GC Thread#5" [stack: 0x0000004556b00000,0x0000004556c00000] [id=24204]
  0x000001a1345665e0 GCTaskThread "GC Thread#6" [stack: 0x0000004556c00000,0x0000004556d00000] [id=13188]
  0x000001a134566b60 GCTaskThread "GC Thread#7" [stack: 0x0000004556d00000,0x0000004556e00000] [id=36752]
  0x000001a1345668a0 GCTaskThread "GC Thread#8" [stack: 0x0000004556e00000,0x0000004556f00000] [id=40340]
  0x000001a1345670e0 GCTaskThread "GC Thread#9" [stack: 0x0000004556f00000,0x0000004557000000] [id=8608]
  0x000001a1354c9e80 GCTaskThread "GC Thread#10" [stack: 0x0000004557000000,0x0000004557100000] [id=11192]
  0x000001a0bf7290a0 ConcurrentGCThread "G1 Main Marker" [stack: 0x0000004555500000,0x0000004555600000] [id=3516]
  0x000001a0bf72ac70 ConcurrentGCThread "G1 Conc#0" [stack: 0x0000004555600000,0x0000004555700000] [id=39724]
  0x000001a1354c9900 ConcurrentGCThread "G1 Conc#1" [stack: 0x0000004557100000,0x0000004557200000] [id=32516]
  0x000001a1354ccd40 ConcurrentGCThread "G1 Conc#2" [stack: 0x0000004557200000,0x0000004557300000] [id=36168]
  0x000001a0e9fa1860 ConcurrentGCThread "G1 Refine#0" [stack: 0x0000004555700000,0x0000004555800000] [id=17992]
  0x000001a1357d0c70 ConcurrentGCThread "G1 Refine#1" [stack: 0x000000455a700000,0x000000455a800000] [id=40732]
  0x000001a1357d0f60 ConcurrentGCThread "G1 Refine#2" [stack: 0x000000455a800000,0x000000455a900000] [id=25504]
  0x000001a1357d1e10 ConcurrentGCThread "G1 Refine#3" [stack: 0x000000455a900000,0x000000455aa00000] [id=13212]
  0x000001a1357d1830 ConcurrentGCThread "G1 Refine#4" [stack: 0x0000004555100000,0x0000004555200000] [id=26520]
  0x000001a1357d26e0 ConcurrentGCThread "G1 Refine#5" [stack: 0x0000004555200000,0x0000004555300000] [id=24068]
  0x000001a13b0c7f10 ConcurrentGCThread "G1 Refine#6" [stack: 0x000000455a500000,0x000000455a600000] [id=28016]
  0x000001a13b0c6a80 ConcurrentGCThread "G1 Refine#7" [stack: 0x000000455aa00000,0x000000455ab00000] [id=24240]
  0x000001a13b0c7c20 ConcurrentGCThread "G1 Refine#8" [stack: 0x000000455ac00000,0x000000455ad00000] [id=14912]
  0x000001a13b0c7930 ConcurrentGCThread "G1 Refine#9" [stack: 0x000000455ad00000,0x000000455ae00000] [id=25928]
  0x000001a0e9fa2290 ConcurrentGCThread "G1 Service" [stack: 0x0000004555800000,0x0000004555900000] [id=40668]

Threads with active compile tasks:
C2 CompilerThread0   178268 10930       4       java.io.ObjectInputStream$FieldValues::<init> (217 bytes)

VM state: at safepoint (normal execution)

VM Mutex/Monitor currently owned by a thread:  ([mutex/lock_event])
[0x000001a0bf6a5890] Threads_lock - owner thread: 0x000001a0ea06d240
[0x000001a0bf6a6a00] Heap_lock - owner thread: 0x000001a13b70cad0
[0x000001a0bf6a5e30] Compile_lock - owner thread: 0x000001a13530b040

Heap address: 0x0000000600000000, size: 8192 MB, Compressed Oops mode: Zero based, Oop shift amount: 3

CDS archive(s) mapped at: [0x000001a0ed000000-0x000001a0edbd0000-0x000001a0edbd0000), size 12386304, SharedBaseAddress: 0x000001a0ed000000, ArchiveRelocationMode: 1.
Compressed class space mapped at: 0x000001a0ee000000-0x000001a12e000000, reserved size: 1073741824
Narrow klass base: 0x000001a0ed000000, Narrow klass shift: 0, Narrow klass range: 0x100000000

GC Precious Log:
 CPUs: 14 total, 14 available
 Memory: 15785M
 Large Page Support: Disabled
 NUMA Support: Disabled
 Compressed Oops: Enabled (Zero based)
 Heap Region Size: 4M
 Heap Min Capacity: 8M
 Heap Initial Capacity: 248M
 Heap Max Capacity: 8G
 Pre-touch: Disabled
 Parallel Workers: 11
 Concurrent Workers: 3
 Concurrent Refinement Workers: 11
 Periodic GC: Disabled

Heap:
 garbage-first heap   total 3846144K, used 2301770K [0x0000000600000000, 0x0000000800000000)
  region size 4096K, 10 young (40960K), 10 survivors (40960K)
 Metaspace       used 124671K, committed 127104K, reserved 1179648K
  class space    used 16136K, committed 17152K, reserved 1048576K

Heap Regions: E=young(eden), S=young(survivor), O=old, HS=humongous(starts), HC=humongous(continues), CS=collection set, F=free, OA=open archive, CA=closed archive, TAMS=top-at-mark-start (previous, next)
|   0|0x0000000600000000, 0x0000000600400000, 0x0000000600400000|100%|HS|  |TAMS 0x0000000600400000, 0x0000000600000000| Complete 
|   1|0x0000000600400000, 0x0000000600800000, 0x0000000600800000|100%| O|  |TAMS 0x0000000600800000, 0x0000000600400000| Untracked 
|   2|0x0000000600800000, 0x0000000600c00000, 0x0000000600c00000|100%| O|  |TAMS 0x0000000600c00000, 0x0000000600800000| Untracked 
|   3|0x0000000600c00000, 0x0000000601000000, 0x0000000601000000|100%| O|  |TAMS 0x0000000601000000, 0x0000000600c00000| Untracked 
|   4|0x0000000601000000, 0x0000000601400000, 0x0000000601400000|100%| O|  |TAMS 0x0000000601400000, 0x0000000601000000| Untracked 
|   5|0x0000000601400000, 0x0000000601800000, 0x0000000601800000|100%| O|  |TAMS 0x0000000601800000, 0x0000000601400000| Untracked 
|   6|0x0000000601800000, 0x0000000601c00000, 0x0000000601c00000|100%| O|  |TAMS 0x0000000601c00000, 0x0000000601800000| Untracked 
|   7|0x0000000601c00000, 0x0000000602000000, 0x0000000602000000|100%| O|  |TAMS 0x0000000602000000, 0x0000000601c00000| Untracked 
|   8|0x0000000602000000, 0x0000000602400000, 0x0000000602400000|100%| O|  |TAMS 0x0000000602400000, 0x0000000602000000| Untracked 
|   9|0x0000000602400000, 0x0000000602800000, 0x0000000602800000|100%| O|  |TAMS 0x0000000602800000, 0x0000000602400000| Untracked 
|  10|0x0000000602800000, 0x0000000602c00000, 0x0000000602c00000|100%| O|  |TAMS 0x0000000602c00000, 0x0000000602800000| Untracked 
|  11|0x0000000602c00000, 0x0000000603000000, 0x0000000603000000|100%| O|  |TAMS 0x0000000603000000, 0x0000000602c00000| Untracked 
|  12|0x0000000603000000, 0x0000000603400000, 0x0000000603400000|100%| O|  |TAMS 0x0000000603400000, 0x0000000603000000| Untracked 
|  13|0x0000000603400000, 0x0000000603800000, 0x0000000603800000|100%| O|  |TAMS 0x0000000603800000, 0x0000000603400000| Untracked 
|  14|0x0000000603800000, 0x0000000603c00000, 0x0000000603c00000|100%|HS|  |TAMS 0x0000000603800000, 0x0000000603800000| Complete 
|  15|0x0000000603c00000, 0x0000000604000000, 0x0000000604000000|100%|HS|  |TAMS 0x0000000603c00000, 0x0000000603c00000| Complete 
|  16|0x0000000604000000, 0x0000000604400000, 0x0000000604400000|100%| O|  |TAMS 0x0000000604400000, 0x0000000604000000| Untracked 
|  17|0x0000000604400000, 0x0000000604800000, 0x0000000604800000|100%| O|  |TAMS 0x0000000604800000, 0x0000000604400000| Untracked 
|  18|0x0000000604800000, 0x0000000604c00000, 0x0000000604c00000|100%| O|  |TAMS 0x0000000604c00000, 0x0000000604800000| Untracked 
|  19|0x0000000604c00000, 0x0000000605000000, 0x0000000605000000|100%| O|  |TAMS 0x0000000605000000, 0x0000000604c00000| Untracked 
|  20|0x0000000605000000, 0x0000000605400000, 0x0000000605400000|100%| O|  |TAMS 0x0000000605400000, 0x0000000605000000| Untracked 
|  21|0x0000000605400000, 0x0000000605800000, 0x0000000605800000|100%| O|  |TAMS 0x0000000605800000, 0x0000000605400000| Untracked 
|  22|0x0000000605800000, 0x0000000605c00000, 0x0000000605c00000|100%| O|  |TAMS 0x0000000605c00000, 0x0000000605800000| Untracked 
|  23|0x0000000605c00000, 0x0000000606000000, 0x0000000606000000|100%| O|  |TAMS 0x0000000606000000, 0x0000000605c00000| Untracked 
|  24|0x0000000606000000, 0x0000000606400000, 0x0000000606400000|100%|HS|  |TAMS 0x0000000606000000, 0x0000000606000000| Complete 
|  25|0x0000000606400000, 0x0000000606800000, 0x0000000606800000|100%| O|  |TAMS 0x0000000606800000, 0x0000000606400000| Untracked 
|  26|0x0000000606800000, 0x0000000606c00000, 0x0000000606c00000|100%|HS|  |TAMS 0x0000000606c00000, 0x0000000606800000| Complete 
|  27|0x0000000606c00000, 0x0000000607000000, 0x0000000607000000|100%| O|  |TAMS 0x0000000607000000, 0x0000000606c00000| Untracked 
|  28|0x0000000607000000, 0x0000000607400000, 0x0000000607400000|100%| O|  |TAMS 0x0000000607400000, 0x0000000607000000| Untracked 
|  29|0x0000000607400000, 0x0000000607800000, 0x0000000607800000|100%| O|  |TAMS 0x0000000607800000, 0x0000000607400000| Untracked 
|  30|0x0000000607800000, 0x0000000607c00000, 0x0000000607c00000|100%| O|  |TAMS 0x0000000607c00000, 0x0000000607800000| Untracked 
|  31|0x0000000607c00000, 0x0000000608000000, 0x0000000608000000|100%| O|  |TAMS 0x0000000608000000, 0x0000000607c00000| Untracked 
|  32|0x0000000608000000, 0x0000000608400000, 0x0000000608400000|100%|HS|  |TAMS 0x0000000608000000, 0x0000000608000000| Complete 
|  33|0x0000000608400000, 0x0000000608800000, 0x0000000608800000|100%|HS|  |TAMS 0x0000000608400000, 0x0000000608400000| Complete 
|  34|0x0000000608800000, 0x0000000608c00000, 0x0000000608c00000|100%| O|  |TAMS 0x0000000608c00000, 0x0000000608800000| Untracked 
|  35|0x0000000608c00000, 0x0000000609000000, 0x0000000609000000|100%| O|  |TAMS 0x0000000609000000, 0x0000000608c00000| Untracked 
|  36|0x0000000609000000, 0x0000000609400000, 0x0000000609400000|100%| O|  |TAMS 0x0000000609400000, 0x0000000609000000| Untracked 
|  37|0x0000000609400000, 0x0000000609800000, 0x0000000609800000|100%| O|  |TAMS 0x0000000609800000, 0x0000000609400000| Untracked 
|  38|0x0000000609800000, 0x0000000609c00000, 0x0000000609c00000|100%| O|  |TAMS 0x0000000609c00000, 0x0000000609800000| Untracked 
|  39|0x0000000609c00000, 0x000000060a000000, 0x000000060a000000|100%| O|  |TAMS 0x000000060a000000, 0x0000000609c00000| Untracked 
|  40|0x000000060a000000, 0x000000060a400000, 0x000000060a400000|100%| O|  |TAMS 0x000000060a400000, 0x000000060a000000| Untracked 
|  41|0x000000060a400000, 0x000000060a800000, 0x000000060a800000|100%| O|  |TAMS 0x000000060a800000, 0x000000060a400000| Untracked 
|  42|0x000000060a800000, 0x000000060ac00000, 0x000000060ac00000|100%| O|  |TAMS 0x000000060ac00000, 0x000000060a800000| Untracked 
|  43|0x000000060ac00000, 0x000000060b000000, 0x000000060b000000|100%| O|  |TAMS 0x000000060b000000, 0x000000060ac00000| Untracked 
|  44|0x000000060b000000, 0x000000060b400000, 0x000000060b400000|100%|HS|  |TAMS 0x000000060b400000, 0x000000060b000000| Complete 
|  45|0x000000060b400000, 0x000000060b800000, 0x000000060b800000|100%| O|  |TAMS 0x000000060b800000, 0x000000060b400000| Untracked 
|  46|0x000000060b800000, 0x000000060bc00000, 0x000000060bc00000|100%| O|  |TAMS 0x000000060bc00000, 0x000000060b800000| Untracked 
|  47|0x000000060bc00000, 0x000000060c000000, 0x000000060c000000|100%| O|  |TAMS 0x000000060c000000, 0x000000060bc00000| Untracked 
|  48|0x000000060c000000, 0x000000060c400000, 0x000000060c400000|100%|HS|  |TAMS 0x000000060c000000, 0x000000060c000000| Complete 
|  49|0x000000060c400000, 0x000000060c800000, 0x000000060c800000|100%|HS|  |TAMS 0x000000060c400000, 0x000000060c400000| Complete 
|  50|0x000000060c800000, 0x000000060cc00000, 0x000000060cc00000|100%|HS|  |TAMS 0x000000060c800000, 0x000000060c800000| Complete 
|  51|0x000000060cc00000, 0x000000060d000000, 0x000000060d000000|100%|HS|  |TAMS 0x000000060cc00000, 0x000000060cc00000| Complete 
|  52|0x000000060d000000, 0x000000060d400000, 0x000000060d400000|100%|HS|  |TAMS 0x000000060d000000, 0x000000060d000000| Complete 
|  53|0x000000060d400000, 0x000000060d800000, 0x000000060d800000|100%| O|  |TAMS 0x000000060d400000, 0x000000060d400000| Untracked 
|  54|0x000000060d800000, 0x000000060dc00000, 0x000000060dc00000|100%| O|  |TAMS 0x000000060dc00000, 0x000000060d800000| Untracked 
|  55|0x000000060dc00000, 0x000000060e000000, 0x000000060e000000|100%| O|  |TAMS 0x000000060e000000, 0x000000060dc00000| Untracked 
|  56|0x000000060e000000, 0x000000060e400000, 0x000000060e400000|100%| O|  |TAMS 0x000000060e400000, 0x000000060e000000| Untracked 
|  57|0x000000060e400000, 0x000000060e800000, 0x000000060e800000|100%| O|  |TAMS 0x000000060e800000, 0x000000060e400000| Untracked 
|  58|0x000000060e800000, 0x000000060ec00000, 0x000000060ec00000|100%| O|  |TAMS 0x000000060ec00000, 0x000000060e800000| Untracked 
|  59|0x000000060ec00000, 0x000000060f000000, 0x000000060f000000|100%| O|  |TAMS 0x000000060f000000, 0x000000060ec00000| Untracked 
|  60|0x000000060f000000, 0x000000060f400000, 0x000000060f400000|100%| O|  |TAMS 0x000000060f000000, 0x000000060f000000| Untracked 
|  61|0x000000060f400000, 0x000000060f800000, 0x000000060f800000|100%| O|  |TAMS 0x000000060f800000, 0x000000060f400000| Untracked 
|  62|0x000000060f800000, 0x000000060fc00000, 0x000000060fc00000|100%| O|  |TAMS 0x000000060f800000, 0x000000060f800000| Untracked 
|  63|0x000000060fc00000, 0x0000000610000000, 0x0000000610000000|100%| O|  |TAMS 0x000000060fc00000, 0x000000060fc00000| Untracked 
|  64|0x0000000610000000, 0x0000000610400000, 0x0000000610400000|100%| O|  |TAMS 0x0000000610000000, 0x0000000610000000| Untracked 
|  65|0x0000000610400000, 0x0000000610800000, 0x0000000610800000|100%| O|  |TAMS 0x0000000610400000, 0x0000000610400000| Untracked 
|  66|0x0000000610800000, 0x0000000610c00000, 0x0000000610c00000|100%| O|  |TAMS 0x0000000610c00000, 0x0000000610800000| Untracked 
|  67|0x0000000610c00000, 0x0000000611000000, 0x0000000611000000|100%| O|  |TAMS 0x0000000611000000, 0x0000000610c00000| Untracked 
|  68|0x0000000611000000, 0x0000000611400000, 0x0000000611400000|100%| O|  |TAMS 0x0000000611000000, 0x0000000611000000| Untracked 
|  69|0x0000000611400000, 0x0000000611800000, 0x0000000611800000|100%| O|  |TAMS 0x0000000611400000, 0x0000000611400000| Untracked 
|  70|0x0000000611800000, 0x0000000611c00000, 0x0000000611c00000|100%| O|  |TAMS 0x0000000611800000, 0x0000000611800000| Untracked 
|  71|0x0000000611c00000, 0x0000000612000000, 0x0000000612000000|100%| O|  |TAMS 0x0000000611c00000, 0x0000000611c00000| Untracked 
|  72|0x0000000612000000, 0x0000000612400000, 0x0000000612400000|100%|HS|  |TAMS 0x0000000612000000, 0x0000000612000000| Complete 
|  73|0x0000000612400000, 0x0000000612800000, 0x0000000612800000|100%|HC|  |TAMS 0x0000000612400000, 0x0000000612400000| Complete 
|  74|0x0000000612800000, 0x0000000612c00000, 0x0000000612c00000|100%|HC|  |TAMS 0x0000000612800000, 0x0000000612800000| Complete 
|  75|0x0000000612c00000, 0x0000000613000000, 0x0000000613000000|100%| O|  |TAMS 0x0000000612c00000, 0x0000000612c00000| Untracked 
|  76|0x0000000613000000, 0x0000000613400000, 0x0000000613400000|100%| O|  |TAMS 0x0000000613000000, 0x0000000613000000| Untracked 
|  77|0x0000000613400000, 0x0000000613800000, 0x0000000613800000|100%| O|  |TAMS 0x0000000613400000, 0x0000000613400000| Untracked 
|  78|0x0000000613800000, 0x0000000613c00000, 0x0000000613c00000|100%| O|  |TAMS 0x0000000613800000, 0x0000000613800000| Untracked 
|  79|0x0000000613c00000, 0x0000000614000000, 0x0000000614000000|100%| O|  |TAMS 0x0000000613c00000, 0x0000000613c00000| Untracked 
|  80|0x0000000614000000, 0x0000000614400000, 0x0000000614400000|100%| O|  |TAMS 0x0000000614400000, 0x0000000614000000| Untracked 
|  81|0x0000000614400000, 0x0000000614800000, 0x0000000614800000|100%|HS|  |TAMS 0x0000000614400000, 0x0000000614400000| Complete 
|  82|0x0000000614800000, 0x0000000614c00000, 0x0000000614c00000|100%|HC|  |TAMS 0x0000000614800000, 0x0000000614800000| Complete 
|  83|0x0000000614c00000, 0x0000000615000000, 0x0000000615000000|100%|HC|  |TAMS 0x0000000614c00000, 0x0000000614c00000| Complete 
|  84|0x0000000615000000, 0x0000000615400000, 0x0000000615400000|100%| O|  |TAMS 0x0000000615000000, 0x0000000615000000| Untracked 
|  85|0x0000000615400000, 0x0000000615800000, 0x0000000615800000|100%| O|  |TAMS 0x0000000615400000, 0x0000000615400000| Untracked 
|  86|0x0000000615800000, 0x0000000615c00000, 0x0000000615c00000|100%|HS|  |TAMS 0x0000000615800000, 0x0000000615800000| Complete 
|  87|0x0000000615c00000, 0x0000000616000000, 0x0000000616000000|100%|HC|  |TAMS 0x0000000615c00000, 0x0000000615c00000| Complete 
|  88|0x0000000616000000, 0x0000000616400000, 0x0000000616400000|100%|HC|  |TAMS 0x0000000616000000, 0x0000000616000000| Complete 
|  89|0x0000000616400000, 0x0000000616800000, 0x0000000616800000|100%| O|  |TAMS 0x0000000616400000, 0x0000000616400000| Untracked 
|  90|0x0000000616800000, 0x0000000616c00000, 0x0000000616c00000|100%| O|  |TAMS 0x0000000616800000, 0x0000000616800000| Untracked 
|  91|0x0000000616c00000, 0x0000000617000000, 0x0000000617000000|100%|HS|  |TAMS 0x0000000616c00000, 0x0000000616c00000| Complete 
|  92|0x0000000617000000, 0x0000000617400000, 0x0000000617400000|100%|HC|  |TAMS 0x0000000617000000, 0x0000000617000000| Complete 
|  93|0x0000000617400000, 0x0000000617800000, 0x0000000617800000|100%|HC|  |TAMS 0x0000000617400000, 0x0000000617400000| Complete 
|  94|0x0000000617800000, 0x0000000617c00000, 0x0000000617c00000|100%| O|  |TAMS 0x0000000617800000, 0x0000000617800000| Untracked 
|  95|0x0000000617c00000, 0x0000000618000000, 0x0000000618000000|100%| O|  |TAMS 0x0000000617c00000, 0x0000000617c00000| Untracked 
|  96|0x0000000618000000, 0x0000000618400000, 0x0000000618400000|100%|HS|  |TAMS 0x0000000618000000, 0x0000000618000000| Complete 
|  97|0x0000000618400000, 0x0000000618800000, 0x0000000618800000|100%|HC|  |TAMS 0x0000000618400000, 0x0000000618400000| Complete 
|  98|0x0000000618800000, 0x0000000618c00000, 0x0000000618c00000|100%|HC|  |TAMS 0x0000000618800000, 0x0000000618800000| Complete 
|  99|0x0000000618c00000, 0x0000000619000000, 0x0000000619000000|100%| O|  |TAMS 0x0000000618c00000, 0x0000000618c00000| Untracked 
| 100|0x0000000619000000, 0x0000000619400000, 0x0000000619400000|100%| O|  |TAMS 0x0000000619000000, 0x0000000619000000| Untracked 
| 101|0x0000000619400000, 0x0000000619800000, 0x0000000619800000|100%| O|  |TAMS 0x0000000619400000, 0x0000000619400000| Untracked 
| 102|0x0000000619800000, 0x0000000619c00000, 0x0000000619c00000|100%|HS|  |TAMS 0x0000000619800000, 0x0000000619800000| Complete 
| 103|0x0000000619c00000, 0x000000061a000000, 0x000000061a000000|100%|HC|  |TAMS 0x0000000619c00000, 0x0000000619c00000| Complete 
| 104|0x000000061a000000, 0x000000061a400000, 0x000000061a400000|100%|HC|  |TAMS 0x000000061a000000, 0x000000061a000000| Complete 
| 105|0x000000061a400000, 0x000000061a800000, 0x000000061a800000|100%| O|  |TAMS 0x000000061a400000, 0x000000061a400000| Untracked 
| 106|0x000000061a800000, 0x000000061ac00000, 0x000000061ac00000|100%| O|  |TAMS 0x000000061ac00000, 0x000000061a800000| Untracked 
| 107|0x000000061ac00000, 0x000000061b000000, 0x000000061b000000|100%| O|  |TAMS 0x000000061ac00000, 0x000000061ac00000| Untracked 
| 108|0x000000061b000000, 0x000000061b400000, 0x000000061b400000|100%| O|  |TAMS 0x000000061b000000, 0x000000061b000000| Untracked 
| 109|0x000000061b400000, 0x000000061b800000, 0x000000061b800000|100%|HS|  |TAMS 0x000000061b400000, 0x000000061b400000| Complete 
| 110|0x000000061b800000, 0x000000061bc00000, 0x000000061bc00000|100%|HC|  |TAMS 0x000000061b800000, 0x000000061b800000| Complete 
| 111|0x000000061bc00000, 0x000000061c000000, 0x000000061c000000|100%|HC|  |TAMS 0x000000061bc00000, 0x000000061bc00000| Complete 
| 112|0x000000061c000000, 0x000000061c400000, 0x000000061c400000|100%| O|  |TAMS 0x000000061c000000, 0x000000061c000000| Untracked 
| 113|0x000000061c400000, 0x000000061c800000, 0x000000061c800000|100%| O|  |TAMS 0x000000061c400000, 0x000000061c400000| Untracked 
| 114|0x000000061c800000, 0x000000061cc00000, 0x000000061cc00000|100%| O|  |TAMS 0x000000061c800000, 0x000000061c800000| Untracked 
| 115|0x000000061cc00000, 0x000000061d000000, 0x000000061d000000|100%|HS|  |TAMS 0x000000061cc00000, 0x000000061cc00000| Complete 
| 116|0x000000061d000000, 0x000000061d400000, 0x000000061d400000|100%|HC|  |TAMS 0x000000061d000000, 0x000000061d000000| Complete 
| 117|0x000000061d400000, 0x000000061d800000, 0x000000061d800000|100%|HC|  |TAMS 0x000000061d400000, 0x000000061d400000| Complete 
| 118|0x000000061d800000, 0x000000061dc00000, 0x000000061dc00000|100%| O|  |TAMS 0x000000061d800000, 0x000000061d800000| Untracked 
| 119|0x000000061dc00000, 0x000000061e000000, 0x000000061e000000|100%| O|  |TAMS 0x000000061dc00000, 0x000000061dc00000| Untracked 
| 120|0x000000061e000000, 0x000000061e400000, 0x000000061e400000|100%| O|  |TAMS 0x000000061e000000, 0x000000061e000000| Untracked 
| 121|0x000000061e400000, 0x000000061e800000, 0x000000061e800000|100%|HS|  |TAMS 0x000000061e400000, 0x000000061e400000| Complete 
| 122|0x000000061e800000, 0x000000061ec00000, 0x000000061ec00000|100%|HC|  |TAMS 0x000000061e800000, 0x000000061e800000| Complete 
| 123|0x000000061ec00000, 0x000000061f000000, 0x000000061f000000|100%|HC|  |TAMS 0x000000061ec00000, 0x000000061ec00000| Complete 
| 124|0x000000061f000000, 0x000000061f400000, 0x000000061f400000|100%| O|  |TAMS 0x000000061f000000, 0x000000061f000000| Untracked 
| 125|0x000000061f400000, 0x000000061f800000, 0x000000061f800000|100%| O|  |TAMS 0x000000061f400000, 0x000000061f400000| Untracked 
| 126|0x000000061f800000, 0x000000061fc00000, 0x000000061fc00000|100%| O|  |TAMS 0x000000061f800000, 0x000000061f800000| Untracked 
| 127|0x000000061fc00000, 0x0000000620000000, 0x0000000620000000|100%|HS|  |TAMS 0x000000061fc00000, 0x000000061fc00000| Complete 
| 128|0x0000000620000000, 0x0000000620400000, 0x0000000620400000|100%|HC|  |TAMS 0x0000000620000000, 0x0000000620000000| Complete 
| 129|0x0000000620400000, 0x0000000620800000, 0x0000000620800000|100%|HC|  |TAMS 0x0000000620400000, 0x0000000620400000| Complete 
| 130|0x0000000620800000, 0x0000000620c00000, 0x0000000620c00000|100%| O|  |TAMS 0x0000000620800000, 0x0000000620800000| Untracked 
| 131|0x0000000620c00000, 0x0000000621000000, 0x0000000621000000|100%| O|  |TAMS 0x0000000620c00000, 0x0000000620c00000| Untracked 
| 132|0x0000000621000000, 0x0000000621400000, 0x0000000621400000|100%| O|  |TAMS 0x0000000621000000, 0x0000000621000000| Untracked 
| 133|0x0000000621400000, 0x0000000621800000, 0x0000000621800000|100%|HS|  |TAMS 0x0000000621400000, 0x0000000621400000| Complete 
| 134|0x0000000621800000, 0x0000000621c00000, 0x0000000621c00000|100%|HC|  |TAMS 0x0000000621800000, 0x0000000621800000| Complete 
| 135|0x0000000621c00000, 0x0000000622000000, 0x0000000622000000|100%|HC|  |TAMS 0x0000000621c00000, 0x0000000621c00000| Complete 
| 136|0x0000000622000000, 0x0000000622400000, 0x0000000622400000|100%| O|  |TAMS 0x0000000622000000, 0x0000000622000000| Untracked 
| 137|0x0000000622400000, 0x0000000622800000, 0x0000000622800000|100%| O|  |TAMS 0x0000000622400000, 0x0000000622400000| Untracked 
| 138|0x0000000622800000, 0x0000000622c00000, 0x0000000622c00000|100%| O|  |TAMS 0x0000000622800000, 0x0000000622800000| Untracked 
| 139|0x0000000622c00000, 0x0000000623000000, 0x0000000623000000|100%| O|  |TAMS 0x0000000622c00000, 0x0000000622c00000| Untracked 
| 140|0x0000000623000000, 0x0000000623400000, 0x0000000623400000|100%|HS|  |TAMS 0x0000000623400000, 0x0000000623000000| Complete 
| 141|0x0000000623400000, 0x0000000623800000, 0x0000000623800000|100%| O|  |TAMS 0x0000000623800000, 0x0000000623400000| Untracked 
| 142|0x0000000623800000, 0x0000000623c00000, 0x0000000623c00000|100%| O|  |TAMS 0x0000000623800000, 0x0000000623800000| Untracked 
| 143|0x0000000623c00000, 0x0000000624000000, 0x0000000624000000|100%| O|  |TAMS 0x0000000624000000, 0x0000000623c00000| Untracked 
| 144|0x0000000624000000, 0x0000000624400000, 0x0000000624400000|100%| O|  |TAMS 0x0000000624400000, 0x0000000624000000| Untracked 
| 145|0x0000000624400000, 0x0000000624800000, 0x0000000624800000|100%| O|  |TAMS 0x0000000624800000, 0x0000000624400000| Untracked 
| 146|0x0000000624800000, 0x0000000624c00000, 0x0000000624c00000|100%| O|  |TAMS 0x0000000624c00000, 0x0000000624800000| Untracked 
| 147|0x0000000624c00000, 0x0000000625000000, 0x0000000625000000|100%| O|  |TAMS 0x0000000625000000, 0x0000000624c00000| Untracked 
| 148|0x0000000625000000, 0x0000000625400000, 0x0000000625400000|100%| O|  |TAMS 0x0000000625400000, 0x0000000625000000| Untracked 
| 149|0x0000000625400000, 0x0000000625800000, 0x0000000625800000|100%| O|  |TAMS 0x0000000625800000, 0x0000000625400000| Untracked 
| 150|0x0000000625800000, 0x0000000625c00000, 0x0000000625c00000|100%| O|  |TAMS 0x0000000625c00000, 0x0000000625800000| Untracked 
| 151|0x0000000625c00000, 0x0000000626000000, 0x0000000626000000|100%| O|  |TAMS 0x0000000626000000, 0x0000000625c00000| Untracked 
| 152|0x0000000626000000, 0x0000000626400000, 0x0000000626400000|100%| O|  |TAMS 0x0000000626400000, 0x0000000626000000| Untracked 
| 153|0x0000000626400000, 0x0000000626800000, 0x0000000626800000|100%| O|  |TAMS 0x0000000626800000, 0x0000000626400000| Untracked 
| 154|0x0000000626800000, 0x0000000626c00000, 0x0000000626c00000|100%| O|  |TAMS 0x0000000626c00000, 0x0000000626800000| Untracked 
| 155|0x0000000626c00000, 0x0000000627000000, 0x0000000627000000|100%| O|  |TAMS 0x0000000627000000, 0x0000000626c00000| Untracked 
| 156|0x0000000627000000, 0x0000000627400000, 0x0000000627400000|100%| O|  |TAMS 0x0000000627400000, 0x0000000627000000| Untracked 
| 157|0x0000000627400000, 0x0000000627800000, 0x0000000627800000|100%| O|  |TAMS 0x0000000627800000, 0x0000000627400000| Untracked 
| 158|0x0000000627800000, 0x0000000627c00000, 0x0000000627c00000|100%| O|  |TAMS 0x0000000627c00000, 0x0000000627800000| Untracked 
| 159|0x0000000627c00000, 0x0000000628000000, 0x0000000628000000|100%| O|  |TAMS 0x0000000628000000, 0x0000000627c00000| Untracked 
| 160|0x0000000628000000, 0x0000000628400000, 0x0000000628400000|100%| O|  |TAMS 0x0000000628400000, 0x0000000628000000| Untracked 
| 161|0x0000000628400000, 0x0000000628800000, 0x0000000628800000|100%| O|  |TAMS 0x0000000628800000, 0x0000000628400000| Untracked 
| 162|0x0000000628800000, 0x0000000628c00000, 0x0000000628c00000|100%| O|  |TAMS 0x0000000628800000, 0x0000000628800000| Untracked 
| 163|0x0000000628c00000, 0x0000000629000000, 0x0000000629000000|100%| O|  |TAMS 0x0000000629000000, 0x0000000628c00000| Untracked 
| 164|0x0000000629000000, 0x0000000629400000, 0x0000000629400000|100%| O|  |TAMS 0x0000000629400000, 0x0000000629000000| Untracked 
| 165|0x0000000629400000, 0x0000000629800000, 0x0000000629800000|100%| O|  |TAMS 0x0000000629800000, 0x0000000629400000| Untracked 
| 166|0x0000000629800000, 0x0000000629c00000, 0x0000000629c00000|100%| O|  |TAMS 0x0000000629c00000, 0x0000000629800000| Untracked 
| 167|0x0000000629c00000, 0x000000062a000000, 0x000000062a000000|100%| O|  |TAMS 0x000000062a000000, 0x0000000629c00000| Untracked 
| 168|0x000000062a000000, 0x000000062a400000, 0x000000062a400000|100%| O|  |TAMS 0x000000062a400000, 0x000000062a000000| Untracked 
| 169|0x000000062a400000, 0x000000062a800000, 0x000000062a800000|100%| O|  |TAMS 0x000000062a800000, 0x000000062a400000| Untracked 
| 170|0x000000062a800000, 0x000000062ac00000, 0x000000062ac00000|100%| O|  |TAMS 0x000000062ac00000, 0x000000062a800000| Untracked 
| 171|0x000000062ac00000, 0x000000062b000000, 0x000000062b000000|100%| O|  |TAMS 0x000000062b000000, 0x000000062ac00000| Untracked 
| 172|0x000000062b000000, 0x000000062b400000, 0x000000062b400000|100%| O|  |TAMS 0x000000062b400000, 0x000000062b000000| Untracked 
| 173|0x000000062b400000, 0x000000062b800000, 0x000000062b800000|100%| O|  |TAMS 0x000000062b800000, 0x000000062b400000| Untracked 
| 174|0x000000062b800000, 0x000000062bc00000, 0x000000062bc00000|100%| O|  |TAMS 0x000000062bc00000, 0x000000062b800000| Untracked 
| 175|0x000000062bc00000, 0x000000062c000000, 0x000000062c000000|100%| O|  |TAMS 0x000000062c000000, 0x000000062bc00000| Untracked 
| 176|0x000000062c000000, 0x000000062c400000, 0x000000062c400000|100%| O|  |TAMS 0x000000062c400000, 0x000000062c000000| Untracked 
| 177|0x000000062c400000, 0x000000062c800000, 0x000000062c800000|100%| O|  |TAMS 0x000000062c800000, 0x000000062c400000| Untracked 
| 178|0x000000062c800000, 0x000000062cc00000, 0x000000062cc00000|100%| O|  |TAMS 0x000000062cc00000, 0x000000062c800000| Untracked 
| 179|0x000000062cc00000, 0x000000062d000000, 0x000000062d000000|100%| O|  |TAMS 0x000000062d000000, 0x000000062cc00000| Untracked 
| 180|0x000000062d000000, 0x000000062d400000, 0x000000062d400000|100%| O|  |TAMS 0x000000062d400000, 0x000000062d000000| Untracked 
| 181|0x000000062d400000, 0x000000062d800000, 0x000000062d800000|100%| O|  |TAMS 0x000000062d800000, 0x000000062d400000| Untracked 
| 182|0x000000062d800000, 0x000000062dc00000, 0x000000062dc00000|100%| O|  |TAMS 0x000000062dc00000, 0x000000062d800000| Untracked 
| 183|0x000000062dc00000, 0x000000062e000000, 0x000000062e000000|100%| O|  |TAMS 0x000000062e000000, 0x000000062dc00000| Untracked 
| 184|0x000000062e000000, 0x000000062e400000, 0x000000062e400000|100%| O|  |TAMS 0x000000062e400000, 0x000000062e000000| Untracked 
| 185|0x000000062e400000, 0x000000062e800000, 0x000000062e800000|100%| O|  |TAMS 0x000000062e800000, 0x000000062e400000| Untracked 
| 186|0x000000062e800000, 0x000000062ec00000, 0x000000062ec00000|100%| O|  |TAMS 0x000000062ec00000, 0x000000062e800000| Untracked 
| 187|0x000000062ec00000, 0x000000062f000000, 0x000000062f000000|100%| O|  |TAMS 0x000000062ec00000, 0x000000062ec00000| Untracked 
| 188|0x000000062f000000, 0x000000062f400000, 0x000000062f400000|100%| O|  |TAMS 0x000000062f400000, 0x000000062f000000| Untracked 
| 189|0x000000062f400000, 0x000000062f800000, 0x000000062f800000|100%| O|  |TAMS 0x000000062f800000, 0x000000062f400000| Untracked 
| 190|0x000000062f800000, 0x000000062fc00000, 0x000000062fc00000|100%| O|  |TAMS 0x000000062fc00000, 0x000000062f800000| Untracked 
| 191|0x000000062fc00000, 0x0000000630000000, 0x0000000630000000|100%| O|  |TAMS 0x0000000630000000, 0x000000062fc00000| Untracked 
| 192|0x0000000630000000, 0x0000000630400000, 0x0000000630400000|100%| O|  |TAMS 0x0000000630400000, 0x0000000630000000| Untracked 
| 193|0x0000000630400000, 0x0000000630800000, 0x0000000630800000|100%| O|  |TAMS 0x0000000630800000, 0x0000000630400000| Untracked 
| 194|0x0000000630800000, 0x0000000630c00000, 0x0000000630c00000|100%| O|  |TAMS 0x0000000630c00000, 0x0000000630800000| Untracked 
| 195|0x0000000630c00000, 0x0000000631000000, 0x0000000631000000|100%| O|  |TAMS 0x0000000631000000, 0x0000000630c00000| Untracked 
| 196|0x0000000631000000, 0x0000000631400000, 0x0000000631400000|100%| O|  |TAMS 0x0000000631400000, 0x0000000631000000| Untracked 
| 197|0x0000000631400000, 0x0000000631800000, 0x0000000631800000|100%| O|  |TAMS 0x0000000631800000, 0x0000000631400000| Untracked 
| 198|0x0000000631800000, 0x0000000631c00000, 0x0000000631c00000|100%| O|  |TAMS 0x0000000631c00000, 0x0000000631800000| Untracked 
| 199|0x0000000631c00000, 0x0000000632000000, 0x0000000632000000|100%| O|  |TAMS 0x0000000631c00000, 0x0000000631c00000| Untracked 
| 200|0x0000000632000000, 0x0000000632400000, 0x0000000632400000|100%| O|  |TAMS 0x0000000632400000, 0x0000000632000000| Untracked 
| 201|0x0000000632400000, 0x0000000632800000, 0x0000000632800000|100%| O|  |TAMS 0x0000000632800000, 0x0000000632400000| Untracked 
| 202|0x0000000632800000, 0x0000000632c00000, 0x0000000632c00000|100%| O|  |TAMS 0x0000000632c00000, 0x0000000632800000| Untracked 
| 203|0x0000000632c00000, 0x0000000633000000, 0x0000000633000000|100%| O|  |TAMS 0x0000000633000000, 0x0000000632c00000| Untracked 
| 204|0x0000000633000000, 0x0000000633400000, 0x0000000633400000|100%| O|  |TAMS 0x0000000633400000, 0x0000000633000000| Untracked 
| 205|0x0000000633400000, 0x0000000633800000, 0x0000000633800000|100%| O|  |TAMS 0x0000000633800000, 0x0000000633400000| Untracked 
| 206|0x0000000633800000, 0x0000000633c00000, 0x0000000633c00000|100%| O|  |TAMS 0x0000000633c00000, 0x0000000633800000| Untracked 
| 207|0x0000000633c00000, 0x0000000634000000, 0x0000000634000000|100%| O|  |TAMS 0x0000000634000000, 0x0000000633c00000| Untracked 
| 208|0x0000000634000000, 0x0000000634400000, 0x0000000634400000|100%| O|  |TAMS 0x0000000634400000, 0x0000000634000000| Untracked 
| 209|0x0000000634400000, 0x0000000634800000, 0x0000000634800000|100%| O|  |TAMS 0x0000000634800000, 0x0000000634400000| Untracked 
| 210|0x0000000634800000, 0x0000000634c00000, 0x0000000634c00000|100%| O|  |TAMS 0x0000000634c00000, 0x0000000634800000| Untracked 
| 211|0x0000000634c00000, 0x0000000635000000, 0x0000000635000000|100%| O|  |TAMS 0x0000000635000000, 0x0000000634c00000| Untracked 
| 212|0x0000000635000000, 0x0000000635400000, 0x0000000635400000|100%| O|  |TAMS 0x0000000635400000, 0x0000000635000000| Untracked 
| 213|0x0000000635400000, 0x0000000635800000, 0x0000000635800000|100%| O|  |TAMS 0x0000000635800000, 0x0000000635400000| Untracked 
| 214|0x0000000635800000, 0x0000000635c00000, 0x0000000635c00000|100%|HS|  |TAMS 0x0000000635800000, 0x0000000635800000| Complete 
| 215|0x0000000635c00000, 0x0000000636000000, 0x0000000636000000|100%|HC|  |TAMS 0x0000000635c00000, 0x0000000635c00000| Complete 
| 216|0x0000000636000000, 0x0000000636400000, 0x0000000636400000|100%|HC|  |TAMS 0x0000000636000000, 0x0000000636000000| Complete 
| 217|0x0000000636400000, 0x0000000636400000, 0x0000000636800000|  0%| F|  |TAMS 0x0000000636400000, 0x0000000636400000| Untracked 
| 218|0x0000000636800000, 0x0000000636800000, 0x0000000636c00000|  0%| F|  |TAMS 0x0000000636800000, 0x0000000636800000| Untracked 
| 219|0x0000000636c00000, 0x0000000637000000, 0x0000000637000000|100%|HS|  |TAMS 0x0000000637000000, 0x0000000636c00000| Complete 
| 220|0x0000000637000000, 0x0000000637400000, 0x0000000637400000|100%|HS|  |TAMS 0x0000000637400000, 0x0000000637000000| Complete 
| 221|0x0000000637400000, 0x0000000637800000, 0x0000000637800000|100%| O|  |TAMS 0x0000000637400000, 0x0000000637400000| Untracked 
| 222|0x0000000637800000, 0x0000000637c00000, 0x0000000637c00000|100%|HS|  |TAMS 0x0000000637c00000, 0x0000000637800000| Complete 
| 223|0x0000000637c00000, 0x0000000638000000, 0x0000000638000000|100%| O|  |TAMS 0x0000000637c00000, 0x0000000637c00000| Untracked 
| 224|0x0000000638000000, 0x0000000638400000, 0x0000000638400000|100%| O|  |TAMS 0x0000000638400000, 0x0000000638000000| Untracked 
| 225|0x0000000638400000, 0x0000000638800000, 0x0000000638800000|100%| O|  |TAMS 0x0000000638800000, 0x0000000638400000| Untracked 
| 226|0x0000000638800000, 0x0000000638c00000, 0x0000000638c00000|100%| O|  |TAMS 0x0000000638c00000, 0x0000000638800000| Untracked 
| 227|0x0000000638c00000, 0x0000000639000000, 0x0000000639000000|100%| O|  |TAMS 0x0000000639000000, 0x0000000638c00000| Untracked 
| 228|0x0000000639000000, 0x0000000639400000, 0x0000000639400000|100%| O|  |TAMS 0x0000000639400000, 0x0000000639000000| Untracked 
| 229|0x0000000639400000, 0x0000000639800000, 0x0000000639800000|100%|HS|  |TAMS 0x0000000639400000, 0x0000000639400000| Complete 
| 230|0x0000000639800000, 0x0000000639c00000, 0x0000000639c00000|100%|HC|  |TAMS 0x0000000639800000, 0x0000000639800000| Complete 
| 231|0x0000000639c00000, 0x000000063a000000, 0x000000063a000000|100%|HC|  |TAMS 0x0000000639c00000, 0x0000000639c00000| Complete 
| 232|0x000000063a000000, 0x000000063a400000, 0x000000063a400000|100%| O|  |TAMS 0x000000063a400000, 0x000000063a000000| Untracked 
| 233|0x000000063a400000, 0x000000063a800000, 0x000000063a800000|100%| O|  |TAMS 0x000000063a800000, 0x000000063a400000| Untracked 
| 234|0x000000063a800000, 0x000000063ac00000, 0x000000063ac00000|100%| O|  |TAMS 0x000000063ac00000, 0x000000063a800000| Untracked 
| 235|0x000000063ac00000, 0x000000063b000000, 0x000000063b000000|100%| O|  |TAMS 0x000000063ac00000, 0x000000063ac00000| Untracked 
| 236|0x000000063b000000, 0x000000063b400000, 0x000000063b400000|100%| O|  |TAMS 0x000000063b000000, 0x000000063b000000| Untracked 
| 237|0x000000063b400000, 0x000000063b800000, 0x000000063b800000|100%| O|  |TAMS 0x000000063b400000, 0x000000063b400000| Untracked 
| 238|0x000000063b800000, 0x000000063bc00000, 0x000000063bc00000|100%| O|  |TAMS 0x000000063bc00000, 0x000000063b800000| Untracked 
| 239|0x000000063bc00000, 0x000000063c000000, 0x000000063c000000|100%| O|  |TAMS 0x000000063c000000, 0x000000063bc00000| Untracked 
| 240|0x000000063c000000, 0x000000063c400000, 0x000000063c400000|100%| O|  |TAMS 0x000000063c400000, 0x000000063c000000| Untracked 
| 241|0x000000063c400000, 0x000000063c800000, 0x000000063c800000|100%|HS|  |TAMS 0x000000063c400000, 0x000000063c400000| Complete 
| 242|0x000000063c800000, 0x000000063cc00000, 0x000000063cc00000|100%|HC|  |TAMS 0x000000063c800000, 0x000000063c800000| Complete 
| 243|0x000000063cc00000, 0x000000063d000000, 0x000000063d000000|100%|HC|  |TAMS 0x000000063cc00000, 0x000000063cc00000| Complete 
| 244|0x000000063d000000, 0x000000063d400000, 0x000000063d400000|100%| O|  |TAMS 0x000000063d400000, 0x000000063d000000| Untracked 
| 245|0x000000063d400000, 0x000000063d800000, 0x000000063d800000|100%| O|  |TAMS 0x000000063d800000, 0x000000063d400000| Untracked 
| 246|0x000000063d800000, 0x000000063dc00000, 0x000000063dc00000|100%| O|  |TAMS 0x000000063dc00000, 0x000000063d800000| Untracked 
| 247|0x000000063dc00000, 0x000000063e000000, 0x000000063e000000|100%| O|  |TAMS 0x000000063dc00000, 0x000000063dc00000| Untracked 
| 248|0x000000063e000000, 0x000000063e400000, 0x000000063e400000|100%| O|  |TAMS 0x000000063e000000, 0x000000063e000000| Untracked 
| 249|0x000000063e400000, 0x000000063e800000, 0x000000063e800000|100%| O|  |TAMS 0x000000063e400000, 0x000000063e400000| Untracked 
| 250|0x000000063e800000, 0x000000063ec00000, 0x000000063ec00000|100%| O|  |TAMS 0x000000063ec00000, 0x000000063e800000| Untracked 
| 251|0x000000063ec00000, 0x000000063f000000, 0x000000063f000000|100%| O|  |TAMS 0x000000063f000000, 0x000000063ec00000| Untracked 
| 252|0x000000063f000000, 0x000000063f400000, 0x000000063f400000|100%| O|  |TAMS 0x000000063f400000, 0x000000063f000000| Untracked 
| 253|0x000000063f400000, 0x000000063f800000, 0x000000063f800000|100%| O|  |TAMS 0x000000063f400000, 0x000000063f400000| Untracked 
| 254|0x000000063f800000, 0x000000063fc00000, 0x000000063fc00000|100%| O|  |TAMS 0x000000063f800000, 0x000000063f800000| Untracked 
| 255|0x000000063fc00000, 0x0000000640000000, 0x0000000640000000|100%| O|  |TAMS 0x000000063fc00000, 0x000000063fc00000| Untracked 
| 256|0x0000000640000000, 0x0000000640400000, 0x0000000640400000|100%| O|  |TAMS 0x0000000640400000, 0x0000000640000000| Untracked 
| 257|0x0000000640400000, 0x0000000640800000, 0x0000000640800000|100%| O|  |TAMS 0x0000000640800000, 0x0000000640400000| Untracked 
| 258|0x0000000640800000, 0x0000000640c00000, 0x0000000640c00000|100%| O|  |TAMS 0x0000000640800000, 0x0000000640800000| Untracked 
| 259|0x0000000640c00000, 0x0000000641000000, 0x0000000641000000|100%| O|  |TAMS 0x0000000640c00000, 0x0000000640c00000| Untracked 
| 260|0x0000000641000000, 0x0000000641400000, 0x0000000641400000|100%| O|  |TAMS 0x0000000641000000, 0x0000000641000000| Untracked 
| 261|0x0000000641400000, 0x0000000641800000, 0x0000000641800000|100%| O|  |TAMS 0x0000000641400000, 0x0000000641400000| Untracked 
| 262|0x0000000641800000, 0x0000000641c00000, 0x0000000641c00000|100%| O|  |TAMS 0x0000000641800000, 0x0000000641800000| Untracked 
| 263|0x0000000641c00000, 0x0000000642000000, 0x0000000642000000|100%| O|  |TAMS 0x0000000641c00000, 0x0000000641c00000| Untracked 
| 264|0x0000000642000000, 0x0000000642400000, 0x0000000642400000|100%| O|  |TAMS 0x0000000642000000, 0x0000000642000000| Untracked 
| 265|0x0000000642400000, 0x0000000642800000, 0x0000000642800000|100%| O|  |TAMS 0x0000000642400000, 0x0000000642400000| Untracked 
| 266|0x0000000642800000, 0x0000000642c00000, 0x0000000642c00000|100%| O|  |TAMS 0x0000000642800000, 0x0000000642800000| Untracked 
| 267|0x0000000642c00000, 0x0000000643000000, 0x0000000643000000|100%| O|  |TAMS 0x0000000642c00000, 0x0000000642c00000| Untracked 
| 268|0x0000000643000000, 0x0000000643400000, 0x0000000643400000|100%| O|  |TAMS 0x0000000643000000, 0x0000000643000000| Untracked 
| 269|0x0000000643400000, 0x0000000643800000, 0x0000000643800000|100%| O|  |TAMS 0x0000000643800000, 0x0000000643400000| Untracked 
| 270|0x0000000643800000, 0x0000000643c00000, 0x0000000643c00000|100%| O|  |TAMS 0x0000000643800000, 0x0000000643800000| Untracked 
| 271|0x0000000643c00000, 0x0000000644000000, 0x0000000644000000|100%| O|  |TAMS 0x0000000643c00000, 0x0000000643c00000| Untracked 
| 272|0x0000000644000000, 0x0000000644400000, 0x0000000644400000|100%| O|  |TAMS 0x0000000644000000, 0x0000000644000000| Untracked 
| 273|0x0000000644400000, 0x0000000644800000, 0x0000000644800000|100%|HS|  |TAMS 0x0000000644800000, 0x0000000644400000| Complete 
| 274|0x0000000644800000, 0x0000000644c00000, 0x0000000644c00000|100%| O|  |TAMS 0x0000000644800000, 0x0000000644800000| Untracked 
| 275|0x0000000644c00000, 0x0000000645000000, 0x0000000645000000|100%| O|  |TAMS 0x0000000645000000, 0x0000000644c00000| Untracked 
| 276|0x0000000645000000, 0x0000000645400000, 0x0000000645400000|100%| O|  |TAMS 0x0000000645000000, 0x0000000645000000| Untracked 
| 277|0x0000000645400000, 0x0000000645800000, 0x0000000645800000|100%| O|  |TAMS 0x0000000645400000, 0x0000000645400000| Untracked 
| 278|0x0000000645800000, 0x0000000645c00000, 0x0000000645c00000|100%| O|  |TAMS 0x0000000645800000, 0x0000000645800000| Untracked 
| 279|0x0000000645c00000, 0x0000000646000000, 0x0000000646000000|100%| O|  |TAMS 0x0000000645c00000, 0x0000000645c00000| Untracked 
| 280|0x0000000646000000, 0x0000000646400000, 0x0000000646400000|100%| O|  |TAMS 0x0000000646000000, 0x0000000646000000| Untracked 
| 281|0x0000000646400000, 0x0000000646800000, 0x0000000646800000|100%| O|  |TAMS 0x0000000646800000, 0x0000000646400000| Untracked 
| 282|0x0000000646800000, 0x0000000646c00000, 0x0000000646c00000|100%| O|  |TAMS 0x0000000646800000, 0x0000000646800000| Untracked 
| 283|0x0000000646c00000, 0x0000000647000000, 0x0000000647000000|100%| O|  |TAMS 0x0000000646c00000, 0x0000000646c00000| Untracked 
| 284|0x0000000647000000, 0x0000000647400000, 0x0000000647400000|100%| O|  |TAMS 0x0000000647000000, 0x0000000647000000| Untracked 
| 285|0x0000000647400000, 0x0000000647800000, 0x0000000647800000|100%| O|  |TAMS 0x0000000647400000, 0x0000000647400000| Untracked 
| 286|0x0000000647800000, 0x0000000647c00000, 0x0000000647c00000|100%|HS|  |TAMS 0x0000000647c00000, 0x0000000647800000| Complete 
| 287|0x0000000647c00000, 0x0000000648000000, 0x0000000648000000|100%| O|  |TAMS 0x0000000648000000, 0x0000000647c00000| Untracked 
| 288|0x0000000648000000, 0x0000000648400000, 0x0000000648400000|100%| O|  |TAMS 0x0000000648000000, 0x0000000648000000| Untracked 
| 289|0x0000000648400000, 0x0000000648800000, 0x0000000648800000|100%| O|  |TAMS 0x0000000648400000, 0x0000000648400000| Untracked 
| 290|0x0000000648800000, 0x0000000648c00000, 0x0000000648c00000|100%| O|  |TAMS 0x0000000648800000, 0x0000000648800000| Untracked 
| 291|0x0000000648c00000, 0x0000000649000000, 0x0000000649000000|100%| O|  |TAMS 0x0000000648c00000, 0x0000000648c00000| Untracked 
| 292|0x0000000649000000, 0x0000000649400000, 0x0000000649400000|100%| O|  |TAMS 0x0000000649000000, 0x0000000649000000| Untracked 
| 293|0x0000000649400000, 0x0000000649800000, 0x0000000649800000|100%| O|  |TAMS 0x0000000649400000, 0x0000000649400000| Untracked 
| 294|0x0000000649800000, 0x0000000649c00000, 0x0000000649c00000|100%| O|  |TAMS 0x0000000649800000, 0x0000000649800000| Untracked 
| 295|0x0000000649c00000, 0x000000064a000000, 0x000000064a000000|100%| O|  |TAMS 0x0000000649c00000, 0x0000000649c00000| Untracked 
| 296|0x000000064a000000, 0x000000064a400000, 0x000000064a400000|100%| O|  |TAMS 0x000000064a000000, 0x000000064a000000| Untracked 
| 297|0x000000064a400000, 0x000000064a800000, 0x000000064a800000|100%| O|  |TAMS 0x000000064a400000, 0x000000064a400000| Untracked 
| 298|0x000000064a800000, 0x000000064ac00000, 0x000000064ac00000|100%| O|  |TAMS 0x000000064a800000, 0x000000064a800000| Untracked 
| 299|0x000000064ac00000, 0x000000064b000000, 0x000000064b000000|100%| O|  |TAMS 0x000000064ac00000, 0x000000064ac00000| Untracked 
| 300|0x000000064b000000, 0x000000064b400000, 0x000000064b400000|100%| O|  |TAMS 0x000000064b000000, 0x000000064b000000| Untracked 
| 301|0x000000064b400000, 0x000000064b800000, 0x000000064b800000|100%| O|  |TAMS 0x000000064b400000, 0x000000064b400000| Untracked 
| 302|0x000000064b800000, 0x000000064bc00000, 0x000000064bc00000|100%| O|  |TAMS 0x000000064b800000, 0x000000064b800000| Untracked 
| 303|0x000000064bc00000, 0x000000064c000000, 0x000000064c000000|100%| O|  |TAMS 0x000000064bc00000, 0x000000064bc00000| Untracked 
| 304|0x000000064c000000, 0x000000064c400000, 0x000000064c400000|100%| O|  |TAMS 0x000000064c000000, 0x000000064c000000| Untracked 
| 305|0x000000064c400000, 0x000000064c800000, 0x000000064c800000|100%| O|  |TAMS 0x000000064c400000, 0x000000064c400000| Untracked 
| 306|0x000000064c800000, 0x000000064cc00000, 0x000000064cc00000|100%| O|  |TAMS 0x000000064c800000, 0x000000064c800000| Untracked 
| 307|0x000000064cc00000, 0x000000064d000000, 0x000000064d000000|100%| O|  |TAMS 0x000000064cc00000, 0x000000064cc00000| Untracked 
| 308|0x000000064d000000, 0x000000064d400000, 0x000000064d400000|100%| O|  |TAMS 0x000000064d000000, 0x000000064d000000| Untracked 
| 309|0x000000064d400000, 0x000000064d800000, 0x000000064d800000|100%| O|  |TAMS 0x000000064d400000, 0x000000064d400000| Untracked 
| 310|0x000000064d800000, 0x000000064dc00000, 0x000000064dc00000|100%| O|  |TAMS 0x000000064d800000, 0x000000064d800000| Untracked 
| 311|0x000000064dc00000, 0x000000064e000000, 0x000000064e000000|100%| O|  |TAMS 0x000000064dc00000, 0x000000064dc00000| Untracked 
| 312|0x000000064e000000, 0x000000064e400000, 0x000000064e400000|100%| O|  |TAMS 0x000000064e000000, 0x000000064e000000| Untracked 
| 313|0x000000064e400000, 0x000000064e800000, 0x000000064e800000|100%| O|  |TAMS 0x000000064e400000, 0x000000064e400000| Untracked 
| 314|0x000000064e800000, 0x000000064ec00000, 0x000000064ec00000|100%| O|  |TAMS 0x000000064e800000, 0x000000064e800000| Untracked 
| 315|0x000000064ec00000, 0x000000064f000000, 0x000000064f000000|100%| O|  |TAMS 0x000000064f000000, 0x000000064ec00000| Untracked 
| 316|0x000000064f000000, 0x000000064f400000, 0x000000064f400000|100%| O|  |TAMS 0x000000064f400000, 0x000000064f000000| Untracked 
| 317|0x000000064f400000, 0x000000064f800000, 0x000000064f800000|100%| O|  |TAMS 0x000000064f800000, 0x000000064f400000| Untracked 
| 318|0x000000064f800000, 0x000000064fc00000, 0x000000064fc00000|100%| O|  |TAMS 0x000000064fc00000, 0x000000064f800000| Untracked 
| 319|0x000000064fc00000, 0x0000000650000000, 0x0000000650000000|100%| O|  |TAMS 0x0000000650000000, 0x000000064fc00000| Untracked 
| 320|0x0000000650000000, 0x0000000650400000, 0x0000000650400000|100%| O|  |TAMS 0x0000000650400000, 0x0000000650000000| Untracked 
| 321|0x0000000650400000, 0x0000000650800000, 0x0000000650800000|100%| O|  |TAMS 0x0000000650800000, 0x0000000650400000| Untracked 
| 322|0x0000000650800000, 0x0000000650c00000, 0x0000000650c00000|100%| O|  |TAMS 0x0000000650c00000, 0x0000000650800000| Untracked 
| 323|0x0000000650c00000, 0x0000000651000000, 0x0000000651000000|100%| O|  |TAMS 0x0000000651000000, 0x0000000650c00000| Untracked 
| 324|0x0000000651000000, 0x0000000651400000, 0x0000000651400000|100%| O|  |TAMS 0x0000000651400000, 0x0000000651000000| Untracked 
| 325|0x0000000651400000, 0x0000000651800000, 0x0000000651800000|100%| O|  |TAMS 0x0000000651800000, 0x0000000651400000| Untracked 
| 326|0x0000000651800000, 0x0000000651c00000, 0x0000000651c00000|100%| O|  |TAMS 0x0000000651c00000, 0x0000000651800000| Untracked 
| 327|0x0000000651c00000, 0x0000000652000000, 0x0000000652000000|100%| O|  |TAMS 0x0000000652000000, 0x0000000651c00000| Untracked 
| 328|0x0000000652000000, 0x0000000652400000, 0x0000000652400000|100%| O|  |TAMS 0x0000000652400000, 0x0000000652000000| Untracked 
| 329|0x0000000652400000, 0x0000000652800000, 0x0000000652800000|100%| O|  |TAMS 0x0000000652800000, 0x0000000652400000| Untracked 
| 330|0x0000000652800000, 0x0000000652c00000, 0x0000000652c00000|100%| O|  |TAMS 0x0000000652c00000, 0x0000000652800000| Untracked 
| 331|0x0000000652c00000, 0x0000000653000000, 0x0000000653000000|100%| O|  |TAMS 0x0000000653000000, 0x0000000652c00000| Untracked 
| 332|0x0000000653000000, 0x0000000653400000, 0x0000000653400000|100%| O|  |TAMS 0x0000000653400000, 0x0000000653000000| Untracked 
| 333|0x0000000653400000, 0x0000000653800000, 0x0000000653800000|100%| O|  |TAMS 0x0000000653800000, 0x0000000653400000| Untracked 
| 334|0x0000000653800000, 0x0000000653c00000, 0x0000000653c00000|100%| O|  |TAMS 0x0000000653c00000, 0x0000000653800000| Untracked 
| 335|0x0000000653c00000, 0x0000000654000000, 0x0000000654000000|100%| O|  |TAMS 0x0000000654000000, 0x0000000653c00000| Untracked 
| 336|0x0000000654000000, 0x0000000654400000, 0x0000000654400000|100%| O|  |TAMS 0x0000000654400000, 0x0000000654000000| Untracked 
| 337|0x0000000654400000, 0x0000000654800000, 0x0000000654800000|100%| O|  |TAMS 0x0000000654800000, 0x0000000654400000| Untracked 
| 338|0x0000000654800000, 0x0000000654c00000, 0x0000000654c00000|100%| O|  |TAMS 0x0000000654c00000, 0x0000000654800000| Untracked 
| 339|0x0000000654c00000, 0x0000000655000000, 0x0000000655000000|100%| O|  |TAMS 0x0000000655000000, 0x0000000654c00000| Untracked 
| 340|0x0000000655000000, 0x0000000655400000, 0x0000000655400000|100%| O|  |TAMS 0x0000000655400000, 0x0000000655000000| Untracked 
| 341|0x0000000655400000, 0x0000000655800000, 0x0000000655800000|100%| O|  |TAMS 0x0000000655800000, 0x0000000655400000| Untracked 
| 342|0x0000000655800000, 0x0000000655c00000, 0x0000000655c00000|100%| O|  |TAMS 0x0000000655c00000, 0x0000000655800000| Untracked 
| 343|0x0000000655c00000, 0x0000000656000000, 0x0000000656000000|100%| O|  |TAMS 0x0000000656000000, 0x0000000655c00000| Untracked 
| 344|0x0000000656000000, 0x0000000656400000, 0x0000000656400000|100%| O|  |TAMS 0x0000000656400000, 0x0000000656000000| Untracked 
| 345|0x0000000656400000, 0x0000000656800000, 0x0000000656800000|100%| O|  |TAMS 0x0000000656800000, 0x0000000656400000| Untracked 
| 346|0x0000000656800000, 0x0000000656c00000, 0x0000000656c00000|100%| O|  |TAMS 0x0000000656c00000, 0x0000000656800000| Untracked 
| 347|0x0000000656c00000, 0x0000000657000000, 0x0000000657000000|100%| O|  |TAMS 0x0000000656c00000, 0x0000000656c00000| Untracked 
| 348|0x0000000657000000, 0x0000000657400000, 0x0000000657400000|100%| O|  |TAMS 0x0000000657400000, 0x0000000657000000| Untracked 
| 349|0x0000000657400000, 0x0000000657800000, 0x0000000657800000|100%| O|  |TAMS 0x0000000657400000, 0x0000000657400000| Untracked 
| 350|0x0000000657800000, 0x0000000657c00000, 0x0000000657c00000|100%| O|  |TAMS 0x0000000657c00000, 0x0000000657800000| Untracked 
| 351|0x0000000657c00000, 0x0000000658000000, 0x0000000658000000|100%| O|  |TAMS 0x0000000657c00000, 0x0000000657c00000| Untracked 
| 352|0x0000000658000000, 0x0000000658400000, 0x0000000658400000|100%| O|  |TAMS 0x0000000658400000, 0x0000000658000000| Untracked 
| 353|0x0000000658400000, 0x0000000658800000, 0x0000000658800000|100%| O|  |TAMS 0x0000000658400000, 0x0000000658400000| Untracked 
| 354|0x0000000658800000, 0x0000000658c00000, 0x0000000658c00000|100%| O|  |TAMS 0x0000000658c00000, 0x0000000658800000| Untracked 
| 355|0x0000000658c00000, 0x0000000659000000, 0x0000000659000000|100%| O|  |TAMS 0x0000000659000000, 0x0000000658c00000| Untracked 
| 356|0x0000000659000000, 0x0000000659400000, 0x0000000659400000|100%| O|  |TAMS 0x0000000659000000, 0x0000000659000000| Untracked 
| 357|0x0000000659400000, 0x0000000659800000, 0x0000000659800000|100%| O|  |TAMS 0x0000000659800000, 0x0000000659400000| Untracked 
| 358|0x0000000659800000, 0x0000000659c00000, 0x0000000659c00000|100%| O|  |TAMS 0x0000000659c00000, 0x0000000659800000| Untracked 
| 359|0x0000000659c00000, 0x000000065a000000, 0x000000065a000000|100%| O|  |TAMS 0x0000000659c00000, 0x0000000659c00000| Untracked 
| 360|0x000000065a000000, 0x000000065a400000, 0x000000065a400000|100%| O|  |TAMS 0x000000065a000000, 0x000000065a000000| Untracked 
| 361|0x000000065a400000, 0x000000065a800000, 0x000000065a800000|100%| O|  |TAMS 0x000000065a400000, 0x000000065a400000| Untracked 
| 362|0x000000065a800000, 0x000000065ac00000, 0x000000065ac00000|100%| O|  |TAMS 0x000000065a800000, 0x000000065a800000| Untracked 
| 363|0x000000065ac00000, 0x000000065b000000, 0x000000065b000000|100%| O|  |TAMS 0x000000065ac00000, 0x000000065ac00000| Untracked 
| 364|0x000000065b000000, 0x000000065b400000, 0x000000065b400000|100%| O|  |TAMS 0x000000065b000000, 0x000000065b000000| Untracked 
| 365|0x000000065b400000, 0x000000065b800000, 0x000000065b800000|100%| O|  |TAMS 0x000000065b400000, 0x000000065b400000| Untracked 
| 366|0x000000065b800000, 0x000000065bc00000, 0x000000065bc00000|100%| O|  |TAMS 0x000000065b800000, 0x000000065b800000| Untracked 
| 367|0x000000065bc00000, 0x000000065c000000, 0x000000065c000000|100%| O|  |TAMS 0x000000065bc00000, 0x000000065bc00000| Untracked 
| 368|0x000000065c000000, 0x000000065c400000, 0x000000065c400000|100%| O|  |TAMS 0x000000065c000000, 0x000000065c000000| Untracked 
| 369|0x000000065c400000, 0x000000065c800000, 0x000000065c800000|100%| O|  |TAMS 0x000000065c400000, 0x000000065c400000| Untracked 
| 370|0x000000065c800000, 0x000000065cc00000, 0x000000065cc00000|100%| O|  |TAMS 0x000000065c800000, 0x000000065c800000| Untracked 
| 371|0x000000065cc00000, 0x000000065d000000, 0x000000065d000000|100%| O|  |TAMS 0x000000065cc00000, 0x000000065cc00000| Untracked 
| 372|0x000000065d000000, 0x000000065d400000, 0x000000065d400000|100%| O|  |TAMS 0x000000065d000000, 0x000000065d000000| Untracked 
| 373|0x000000065d400000, 0x000000065d800000, 0x000000065d800000|100%| O|  |TAMS 0x000000065d400000, 0x000000065d400000| Untracked 
| 374|0x000000065d800000, 0x000000065dc00000, 0x000000065dc00000|100%| O|  |TAMS 0x000000065d800000, 0x000000065d800000| Untracked 
| 375|0x000000065dc00000, 0x000000065e000000, 0x000000065e000000|100%| O|  |TAMS 0x000000065e000000, 0x000000065dc00000| Untracked 
| 376|0x000000065e000000, 0x000000065e400000, 0x000000065e400000|100%| O|  |TAMS 0x000000065e000000, 0x000000065e000000| Untracked 
| 377|0x000000065e400000, 0x000000065e800000, 0x000000065e800000|100%| O|  |TAMS 0x000000065e400000, 0x000000065e400000| Untracked 
| 378|0x000000065e800000, 0x000000065ec00000, 0x000000065ec00000|100%| O|  |TAMS 0x000000065e800000, 0x000000065e800000| Untracked 
| 379|0x000000065ec00000, 0x000000065f000000, 0x000000065f000000|100%| O|  |TAMS 0x000000065ec00000, 0x000000065ec00000| Untracked 
| 380|0x000000065f000000, 0x000000065f400000, 0x000000065f400000|100%|HS|  |TAMS 0x000000065f400000, 0x000000065f000000| Complete 
| 381|0x000000065f400000, 0x000000065f800000, 0x000000065f800000|100%|HS|  |TAMS 0x000000065f800000, 0x000000065f400000| Complete 
| 382|0x000000065f800000, 0x000000065fc00000, 0x000000065fc00000|100%| O|  |TAMS 0x000000065f800000, 0x000000065f800000| Untracked 
| 383|0x000000065fc00000, 0x0000000660000000, 0x0000000660000000|100%| O|  |TAMS 0x000000065fc00000, 0x000000065fc00000| Untracked 
| 384|0x0000000660000000, 0x0000000660400000, 0x0000000660400000|100%|HS|  |TAMS 0x0000000660400000, 0x0000000660000000| Complete 
| 385|0x0000000660400000, 0x0000000660800000, 0x0000000660800000|100%| O|  |TAMS 0x0000000660800000, 0x0000000660400000| Untracked 
| 386|0x0000000660800000, 0x0000000660c00000, 0x0000000660c00000|100%| O|  |TAMS 0x0000000660c00000, 0x0000000660800000| Untracked 
| 387|0x0000000660c00000, 0x0000000661000000, 0x0000000661000000|100%| O|  |TAMS 0x0000000661000000, 0x0000000660c00000| Untracked 
| 388|0x0000000661000000, 0x0000000661400000, 0x0000000661400000|100%| O|  |TAMS 0x0000000661400000, 0x0000000661000000| Untracked 
| 389|0x0000000661400000, 0x0000000661800000, 0x0000000661800000|100%| O|  |TAMS 0x0000000661800000, 0x0000000661400000| Untracked 
| 390|0x0000000661800000, 0x0000000661c00000, 0x0000000661c00000|100%| O|  |TAMS 0x0000000661c00000, 0x0000000661800000| Untracked 
| 391|0x0000000661c00000, 0x0000000662000000, 0x0000000662000000|100%| O|  |TAMS 0x0000000662000000, 0x0000000661c00000| Untracked 
| 392|0x0000000662000000, 0x0000000662400000, 0x0000000662400000|100%| O|  |TAMS 0x0000000662400000, 0x0000000662000000| Untracked 
| 393|0x0000000662400000, 0x0000000662800000, 0x0000000662800000|100%| O|  |TAMS 0x0000000662800000, 0x0000000662400000| Untracked 
| 394|0x0000000662800000, 0x0000000662c00000, 0x0000000662c00000|100%| O|  |TAMS 0x0000000662c00000, 0x0000000662800000| Untracked 
| 395|0x0000000662c00000, 0x0000000663000000, 0x0000000663000000|100%| O|  |TAMS 0x0000000663000000, 0x0000000662c00000| Untracked 
| 396|0x0000000663000000, 0x0000000663400000, 0x0000000663400000|100%| O|  |TAMS 0x0000000663400000, 0x0000000663000000| Untracked 
| 397|0x0000000663400000, 0x0000000663800000, 0x0000000663800000|100%| O|  |TAMS 0x0000000663800000, 0x0000000663400000| Untracked 
| 398|0x0000000663800000, 0x0000000663c00000, 0x0000000663c00000|100%| O|  |TAMS 0x0000000663c00000, 0x0000000663800000| Untracked 
| 399|0x0000000663c00000, 0x0000000664000000, 0x0000000664000000|100%| O|  |TAMS 0x0000000664000000, 0x0000000663c00000| Untracked 
| 400|0x0000000664000000, 0x0000000664400000, 0x0000000664400000|100%| O|  |TAMS 0x0000000664400000, 0x0000000664000000| Untracked 
| 401|0x0000000664400000, 0x0000000664800000, 0x0000000664800000|100%| O|  |TAMS 0x0000000664800000, 0x0000000664400000| Untracked 
| 402|0x0000000664800000, 0x0000000664c00000, 0x0000000664c00000|100%| O|  |TAMS 0x0000000664c00000, 0x0000000664800000| Untracked 
| 403|0x0000000664c00000, 0x0000000665000000, 0x0000000665000000|100%| O|  |TAMS 0x0000000665000000, 0x0000000664c00000| Untracked 
| 404|0x0000000665000000, 0x0000000665400000, 0x0000000665400000|100%| O|  |TAMS 0x0000000665400000, 0x0000000665000000| Untracked 
| 405|0x0000000665400000, 0x0000000665800000, 0x0000000665800000|100%| O|  |TAMS 0x0000000665800000, 0x0000000665400000| Untracked 
| 406|0x0000000665800000, 0x0000000665c00000, 0x0000000665c00000|100%| O|  |TAMS 0x0000000665c00000, 0x0000000665800000| Untracked 
| 407|0x0000000665c00000, 0x0000000666000000, 0x0000000666000000|100%| O|  |TAMS 0x0000000666000000, 0x0000000665c00000| Untracked 
| 408|0x0000000666000000, 0x0000000666400000, 0x0000000666400000|100%| O|  |TAMS 0x0000000666400000, 0x0000000666000000| Untracked 
| 409|0x0000000666400000, 0x0000000666800000, 0x0000000666800000|100%| O|  |TAMS 0x0000000666800000, 0x0000000666400000| Untracked 
| 410|0x0000000666800000, 0x0000000666c00000, 0x0000000666c00000|100%| O|  |TAMS 0x0000000666c00000, 0x0000000666800000| Untracked 
| 411|0x0000000666c00000, 0x0000000667000000, 0x0000000667000000|100%| O|  |TAMS 0x0000000667000000, 0x0000000666c00000| Untracked 
| 412|0x0000000667000000, 0x0000000667400000, 0x0000000667400000|100%| O|  |TAMS 0x0000000667400000, 0x0000000667000000| Untracked 
| 413|0x0000000667400000, 0x0000000667800000, 0x0000000667800000|100%| O|  |TAMS 0x0000000667800000, 0x0000000667400000| Untracked 
| 414|0x0000000667800000, 0x0000000667c00000, 0x0000000667c00000|100%| O|  |TAMS 0x0000000667c00000, 0x0000000667800000| Untracked 
| 415|0x0000000667c00000, 0x0000000668000000, 0x0000000668000000|100%| O|  |TAMS 0x0000000668000000, 0x0000000667c00000| Untracked 
| 416|0x0000000668000000, 0x0000000668400000, 0x0000000668400000|100%| O|  |TAMS 0x0000000668400000, 0x0000000668000000| Untracked 
| 417|0x0000000668400000, 0x0000000668800000, 0x0000000668800000|100%| O|  |TAMS 0x0000000668800000, 0x0000000668400000| Untracked 
| 418|0x0000000668800000, 0x0000000668c00000, 0x0000000668c00000|100%| O|  |TAMS 0x0000000668c00000, 0x0000000668800000| Untracked 
| 419|0x0000000668c00000, 0x0000000669000000, 0x0000000669000000|100%| O|  |TAMS 0x0000000669000000, 0x0000000668c00000| Untracked 
| 420|0x0000000669000000, 0x0000000669400000, 0x0000000669400000|100%| O|  |TAMS 0x0000000669400000, 0x0000000669000000| Untracked 
| 421|0x0000000669400000, 0x0000000669800000, 0x0000000669800000|100%| O|  |TAMS 0x0000000669800000, 0x0000000669400000| Untracked 
| 422|0x0000000669800000, 0x0000000669c00000, 0x0000000669c00000|100%| O|  |TAMS 0x0000000669c00000, 0x0000000669800000| Untracked 
| 423|0x0000000669c00000, 0x000000066a000000, 0x000000066a000000|100%| O|  |TAMS 0x000000066a000000, 0x0000000669c00000| Untracked 
| 424|0x000000066a000000, 0x000000066a400000, 0x000000066a400000|100%| O|  |TAMS 0x000000066a400000, 0x000000066a000000| Untracked 
| 425|0x000000066a400000, 0x000000066a800000, 0x000000066a800000|100%| O|  |TAMS 0x000000066a800000, 0x000000066a400000| Untracked 
| 426|0x000000066a800000, 0x000000066ac00000, 0x000000066ac00000|100%| O|  |TAMS 0x000000066ac00000, 0x000000066a800000| Untracked 
| 427|0x000000066ac00000, 0x000000066b000000, 0x000000066b000000|100%| O|  |TAMS 0x000000066b000000, 0x000000066ac00000| Untracked 
| 428|0x000000066b000000, 0x000000066b400000, 0x000000066b400000|100%| O|  |TAMS 0x000000066b400000, 0x000000066b000000| Untracked 
| 429|0x000000066b400000, 0x000000066b800000, 0x000000066b800000|100%| O|  |TAMS 0x000000066b800000, 0x000000066b400000| Untracked 
| 430|0x000000066b800000, 0x000000066bc00000, 0x000000066bc00000|100%| O|  |TAMS 0x000000066bc00000, 0x000000066b800000| Untracked 
| 431|0x000000066bc00000, 0x000000066c000000, 0x000000066c000000|100%| O|  |TAMS 0x000000066c000000, 0x000000066bc00000| Untracked 
| 432|0x000000066c000000, 0x000000066c400000, 0x000000066c400000|100%| O|  |TAMS 0x000000066c400000, 0x000000066c000000| Untracked 
| 433|0x000000066c400000, 0x000000066c800000, 0x000000066c800000|100%| O|  |TAMS 0x000000066c800000, 0x000000066c400000| Untracked 
| 434|0x000000066c800000, 0x000000066cc00000, 0x000000066cc00000|100%| O|  |TAMS 0x000000066cc00000, 0x000000066c800000| Untracked 
| 435|0x000000066cc00000, 0x000000066d000000, 0x000000066d000000|100%| O|  |TAMS 0x000000066d000000, 0x000000066cc00000| Untracked 
| 436|0x000000066d000000, 0x000000066d400000, 0x000000066d400000|100%| O|  |TAMS 0x000000066d400000, 0x000000066d000000| Untracked 
| 437|0x000000066d400000, 0x000000066d800000, 0x000000066d800000|100%| O|  |TAMS 0x000000066d800000, 0x000000066d400000| Untracked 
| 438|0x000000066d800000, 0x000000066dc00000, 0x000000066dc00000|100%| O|  |TAMS 0x000000066dc00000, 0x000000066d800000| Untracked 
| 439|0x000000066dc00000, 0x000000066e000000, 0x000000066e000000|100%| O|  |TAMS 0x000000066e000000, 0x000000066dc00000| Untracked 
| 440|0x000000066e000000, 0x000000066e400000, 0x000000066e400000|100%| O|  |TAMS 0x000000066e400000, 0x000000066e000000| Untracked 
| 441|0x000000066e400000, 0x000000066e800000, 0x000000066e800000|100%| O|  |TAMS 0x000000066e800000, 0x000000066e400000| Untracked 
| 442|0x000000066e800000, 0x000000066ec00000, 0x000000066ec00000|100%| O|  |TAMS 0x000000066ec00000, 0x000000066e800000| Untracked 
| 443|0x000000066ec00000, 0x000000066f000000, 0x000000066f000000|100%| O|  |TAMS 0x000000066f000000, 0x000000066ec00000| Untracked 
| 444|0x000000066f000000, 0x000000066f400000, 0x000000066f400000|100%| O|  |TAMS 0x000000066f400000, 0x000000066f000000| Untracked 
| 445|0x000000066f400000, 0x000000066f800000, 0x000000066f800000|100%| O|  |TAMS 0x000000066f800000, 0x000000066f400000| Untracked 
| 446|0x000000066f800000, 0x000000066fc00000, 0x000000066fc00000|100%| O|  |TAMS 0x000000066fc00000, 0x000000066f800000| Untracked 
| 447|0x000000066fc00000, 0x0000000670000000, 0x0000000670000000|100%| O|  |TAMS 0x0000000670000000, 0x000000066fc00000| Untracked 
| 448|0x0000000670000000, 0x0000000670400000, 0x0000000670400000|100%| O|  |TAMS 0x0000000670400000, 0x0000000670000000| Untracked 
| 449|0x0000000670400000, 0x0000000670800000, 0x0000000670800000|100%| O|  |TAMS 0x0000000670487a00, 0x0000000670400000| Untracked 
| 450|0x0000000670800000, 0x0000000670c00000, 0x0000000670c00000|100%| O|  |TAMS 0x0000000670800000, 0x0000000670800000| Untracked 
| 451|0x0000000670c00000, 0x0000000671000000, 0x0000000671000000|100%| O|  |TAMS 0x0000000670c00000, 0x0000000670c00000| Untracked 
| 452|0x0000000671000000, 0x0000000671400000, 0x0000000671400000|100%| O|  |TAMS 0x0000000671000000, 0x0000000671000000| Untracked 
| 453|0x0000000671400000, 0x0000000671800000, 0x0000000671800000|100%| O|  |TAMS 0x0000000671400000, 0x0000000671400000| Untracked 
| 454|0x0000000671800000, 0x0000000671c00000, 0x0000000671c00000|100%| O|  |TAMS 0x0000000671800000, 0x0000000671800000| Untracked 
| 455|0x0000000671c00000, 0x0000000672000000, 0x0000000672000000|100%| O|  |TAMS 0x0000000671c00000, 0x0000000671c00000| Untracked 
| 456|0x0000000672000000, 0x0000000672400000, 0x0000000672400000|100%| O|  |TAMS 0x0000000672000000, 0x0000000672000000| Untracked 
| 457|0x0000000672400000, 0x0000000672800000, 0x0000000672800000|100%| O|  |TAMS 0x0000000672400000, 0x0000000672400000| Untracked 
| 458|0x0000000672800000, 0x0000000672c00000, 0x0000000672c00000|100%| O|  |TAMS 0x0000000672800000, 0x0000000672800000| Untracked 
| 459|0x0000000672c00000, 0x0000000673000000, 0x0000000673000000|100%| O|  |TAMS 0x0000000672c00000, 0x0000000672c00000| Untracked 
| 460|0x0000000673000000, 0x0000000673400000, 0x0000000673400000|100%| O|  |TAMS 0x0000000673000000, 0x0000000673000000| Untracked 
| 461|0x0000000673400000, 0x0000000673800000, 0x0000000673800000|100%| O|  |TAMS 0x0000000673400000, 0x0000000673400000| Untracked 
| 462|0x0000000673800000, 0x0000000673c00000, 0x0000000673c00000|100%| O|  |TAMS 0x0000000673800000, 0x0000000673800000| Untracked 
| 463|0x0000000673c00000, 0x0000000674000000, 0x0000000674000000|100%| O|  |TAMS 0x0000000673c00000, 0x0000000673c00000| Untracked 
| 464|0x0000000674000000, 0x0000000674400000, 0x0000000674400000|100%| O|  |TAMS 0x0000000674000000, 0x0000000674000000| Untracked 
| 465|0x0000000674400000, 0x0000000674800000, 0x0000000674800000|100%| O|  |TAMS 0x0000000674400000, 0x0000000674400000| Untracked 
| 466|0x0000000674800000, 0x0000000674c00000, 0x0000000674c00000|100%| O|  |TAMS 0x0000000674800000, 0x0000000674800000| Untracked 
| 467|0x0000000674c00000, 0x0000000675000000, 0x0000000675000000|100%| O|  |TAMS 0x0000000674c00000, 0x0000000674c00000| Untracked 
| 468|0x0000000675000000, 0x0000000675400000, 0x0000000675400000|100%| O|  |TAMS 0x0000000675000000, 0x0000000675000000| Untracked 
| 469|0x0000000675400000, 0x0000000675800000, 0x0000000675800000|100%| O|  |TAMS 0x0000000675400000, 0x0000000675400000| Untracked 
| 470|0x0000000675800000, 0x0000000675c00000, 0x0000000675c00000|100%| O|  |TAMS 0x0000000675800000, 0x0000000675800000| Untracked 
| 471|0x0000000675c00000, 0x0000000676000000, 0x0000000676000000|100%| O|  |TAMS 0x0000000675c00000, 0x0000000675c00000| Untracked 
| 472|0x0000000676000000, 0x0000000676400000, 0x0000000676400000|100%| O|  |TAMS 0x0000000676000000, 0x0000000676000000| Untracked 
| 473|0x0000000676400000, 0x0000000676800000, 0x0000000676800000|100%| O|  |TAMS 0x0000000676400000, 0x0000000676400000| Untracked 
| 474|0x0000000676800000, 0x0000000676c00000, 0x0000000676c00000|100%| O|  |TAMS 0x0000000676800000, 0x0000000676800000| Untracked 
| 475|0x0000000676c00000, 0x0000000677000000, 0x0000000677000000|100%| O|  |TAMS 0x0000000676c00000, 0x0000000676c00000| Untracked 
| 476|0x0000000677000000, 0x0000000677400000, 0x0000000677400000|100%| O|  |TAMS 0x0000000677000000, 0x0000000677000000| Untracked 
| 477|0x0000000677400000, 0x0000000677800000, 0x0000000677800000|100%| O|  |TAMS 0x0000000677400000, 0x0000000677400000| Untracked 
| 478|0x0000000677800000, 0x0000000677c00000, 0x0000000677c00000|100%| O|  |TAMS 0x0000000677800000, 0x0000000677800000| Untracked 
| 479|0x0000000677c00000, 0x0000000678000000, 0x0000000678000000|100%| O|  |TAMS 0x0000000677c00000, 0x0000000677c00000| Untracked 
| 480|0x0000000678000000, 0x0000000678400000, 0x0000000678400000|100%| O|  |TAMS 0x0000000678000000, 0x0000000678000000| Untracked 
| 481|0x0000000678400000, 0x0000000678800000, 0x0000000678800000|100%| O|  |TAMS 0x0000000678400000, 0x0000000678400000| Untracked 
| 482|0x0000000678800000, 0x0000000678c00000, 0x0000000678c00000|100%| O|  |TAMS 0x0000000678800000, 0x0000000678800000| Untracked 
| 483|0x0000000678c00000, 0x0000000679000000, 0x0000000679000000|100%| O|  |TAMS 0x0000000678c00000, 0x0000000678c00000| Untracked 
| 484|0x0000000679000000, 0x0000000679400000, 0x0000000679400000|100%| O|  |TAMS 0x0000000679000000, 0x0000000679000000| Untracked 
| 485|0x0000000679400000, 0x0000000679800000, 0x0000000679800000|100%| O|  |TAMS 0x0000000679400000, 0x0000000679400000| Untracked 
| 486|0x0000000679800000, 0x0000000679c00000, 0x0000000679c00000|100%| O|  |TAMS 0x0000000679800000, 0x0000000679800000| Untracked 
| 487|0x0000000679c00000, 0x000000067a000000, 0x000000067a000000|100%| O|  |TAMS 0x0000000679c00000, 0x0000000679c00000| Untracked 
| 488|0x000000067a000000, 0x000000067a400000, 0x000000067a400000|100%| O|  |TAMS 0x000000067a000000, 0x000000067a000000| Untracked 
| 489|0x000000067a400000, 0x000000067a800000, 0x000000067a800000|100%| O|  |TAMS 0x000000067a400000, 0x000000067a400000| Untracked 
| 490|0x000000067a800000, 0x000000067ac00000, 0x000000067ac00000|100%| O|  |TAMS 0x000000067a800000, 0x000000067a800000| Untracked 
| 491|0x000000067ac00000, 0x000000067b000000, 0x000000067b000000|100%| O|  |TAMS 0x000000067ac00000, 0x000000067ac00000| Untracked 
| 492|0x000000067b000000, 0x000000067b400000, 0x000000067b400000|100%| O|  |TAMS 0x000000067b000000, 0x000000067b000000| Untracked 
| 493|0x000000067b400000, 0x000000067b800000, 0x000000067b800000|100%| O|  |TAMS 0x000000067b400000, 0x000000067b400000| Untracked 
| 494|0x000000067b800000, 0x000000067bc00000, 0x000000067bc00000|100%| O|  |TAMS 0x000000067b800000, 0x000000067b800000| Untracked 
| 495|0x000000067bc00000, 0x000000067c000000, 0x000000067c000000|100%| O|  |TAMS 0x000000067bc00000, 0x000000067bc00000| Untracked 
| 496|0x000000067c000000, 0x000000067c400000, 0x000000067c400000|100%| O|  |TAMS 0x000000067c000000, 0x000000067c000000| Untracked 
| 497|0x000000067c400000, 0x000000067c800000, 0x000000067c800000|100%| O|  |TAMS 0x000000067c400000, 0x000000067c400000| Untracked 
| 498|0x000000067c800000, 0x000000067cc00000, 0x000000067cc00000|100%| O|  |TAMS 0x000000067c800000, 0x000000067c800000| Untracked 
| 499|0x000000067cc00000, 0x000000067d000000, 0x000000067d000000|100%| O|  |TAMS 0x000000067cc00000, 0x000000067cc00000| Untracked 
| 500|0x000000067d000000, 0x000000067d400000, 0x000000067d400000|100%| O|  |TAMS 0x000000067d000000, 0x000000067d000000| Untracked 
| 501|0x000000067d400000, 0x000000067d800000, 0x000000067d800000|100%| O|  |TAMS 0x000000067d400000, 0x000000067d400000| Untracked 
| 502|0x000000067d800000, 0x000000067dc00000, 0x000000067dc00000|100%| O|  |TAMS 0x000000067d800000, 0x000000067d800000| Untracked 
| 503|0x000000067dc00000, 0x000000067e000000, 0x000000067e000000|100%| O|  |TAMS 0x000000067dc00000, 0x000000067dc00000| Untracked 
| 504|0x000000067e000000, 0x000000067e400000, 0x000000067e400000|100%| O|  |TAMS 0x000000067e000000, 0x000000067e000000| Untracked 
| 505|0x000000067e400000, 0x000000067e800000, 0x000000067e800000|100%| O|  |TAMS 0x000000067e400000, 0x000000067e400000| Untracked 
| 506|0x000000067e800000, 0x000000067ec00000, 0x000000067ec00000|100%| O|  |TAMS 0x000000067e800000, 0x000000067e800000| Untracked 
| 507|0x000000067ec00000, 0x000000067f000000, 0x000000067f000000|100%| O|  |TAMS 0x000000067ec00000, 0x000000067ec00000| Untracked 
| 508|0x000000067f000000, 0x000000067f400000, 0x000000067f400000|100%| O|  |TAMS 0x000000067f000000, 0x000000067f000000| Untracked 
| 509|0x000000067f400000, 0x000000067f800000, 0x000000067f800000|100%| O|  |TAMS 0x000000067f400000, 0x000000067f400000| Untracked 
| 510|0x000000067f800000, 0x000000067fc00000, 0x000000067fc00000|100%| O|  |TAMS 0x000000067f800000, 0x000000067f800000| Untracked 
| 511|0x000000067fc00000, 0x0000000680000000, 0x0000000680000000|100%| O|  |TAMS 0x000000067fc00000, 0x000000067fc00000| Untracked 
| 512|0x0000000680000000, 0x0000000680400000, 0x0000000680400000|100%| O|  |TAMS 0x0000000680000000, 0x0000000680000000| Untracked 
| 513|0x0000000680400000, 0x0000000680800000, 0x0000000680800000|100%| O|  |TAMS 0x0000000680400000, 0x0000000680400000| Untracked 
| 514|0x0000000680800000, 0x0000000680c00000, 0x0000000680c00000|100%| O|  |TAMS 0x0000000680800000, 0x0000000680800000| Untracked 
| 515|0x0000000680c00000, 0x0000000681000000, 0x0000000681000000|100%| O|  |TAMS 0x0000000680c00000, 0x0000000680c00000| Untracked 
| 516|0x0000000681000000, 0x0000000681400000, 0x0000000681400000|100%| O|  |TAMS 0x0000000681000000, 0x0000000681000000| Untracked 
| 517|0x0000000681400000, 0x0000000681800000, 0x0000000681800000|100%| O|  |TAMS 0x0000000681400000, 0x0000000681400000| Untracked 
| 518|0x0000000681800000, 0x0000000681c00000, 0x0000000681c00000|100%| O|  |TAMS 0x0000000681800000, 0x0000000681800000| Untracked 
| 519|0x0000000681c00000, 0x0000000682000000, 0x0000000682000000|100%| O|  |TAMS 0x0000000681c00000, 0x0000000681c00000| Untracked 
| 520|0x0000000682000000, 0x0000000682400000, 0x0000000682400000|100%| O|  |TAMS 0x0000000682000000, 0x0000000682000000| Untracked 
| 521|0x0000000682400000, 0x0000000682800000, 0x0000000682800000|100%| O|  |TAMS 0x0000000682400000, 0x0000000682400000| Untracked 
| 522|0x0000000682800000, 0x0000000682c00000, 0x0000000682c00000|100%| O|  |TAMS 0x0000000682800000, 0x0000000682800000| Untracked 
| 523|0x0000000682c00000, 0x0000000683000000, 0x0000000683000000|100%| O|  |TAMS 0x0000000682c00000, 0x0000000682c00000| Untracked 
| 524|0x0000000683000000, 0x0000000683400000, 0x0000000683400000|100%| O|  |TAMS 0x0000000683000000, 0x0000000683000000| Untracked 
| 525|0x0000000683400000, 0x0000000683800000, 0x0000000683800000|100%| O|  |TAMS 0x0000000683400000, 0x0000000683400000| Untracked 
| 526|0x0000000683800000, 0x0000000683c00000, 0x0000000683c00000|100%| O|  |TAMS 0x0000000683800000, 0x0000000683800000| Untracked 
| 527|0x0000000683c00000, 0x0000000684000000, 0x0000000684000000|100%| O|  |TAMS 0x0000000683c00000, 0x0000000683c00000| Untracked 
| 528|0x0000000684000000, 0x0000000684400000, 0x0000000684400000|100%| O|  |TAMS 0x0000000684000000, 0x0000000684000000| Untracked 
| 529|0x0000000684400000, 0x0000000684800000, 0x0000000684800000|100%| O|  |TAMS 0x0000000684400000, 0x0000000684400000| Untracked 
| 530|0x0000000684800000, 0x0000000684c00000, 0x0000000684c00000|100%| O|  |TAMS 0x0000000684800000, 0x0000000684800000| Untracked 
| 531|0x0000000684c00000, 0x0000000685000000, 0x0000000685000000|100%| O|  |TAMS 0x0000000684c00000, 0x0000000684c00000| Untracked 
| 532|0x0000000685000000, 0x0000000685400000, 0x0000000685400000|100%| O|  |TAMS 0x0000000685000000, 0x0000000685000000| Untracked 
| 533|0x0000000685400000, 0x0000000685800000, 0x0000000685800000|100%| O|  |TAMS 0x0000000685400000, 0x0000000685400000| Untracked 
| 534|0x0000000685800000, 0x0000000685c00000, 0x0000000685c00000|100%| O|  |TAMS 0x0000000685800000, 0x0000000685800000| Untracked 
| 535|0x0000000685c00000, 0x0000000686000000, 0x0000000686000000|100%| O|  |TAMS 0x0000000685c00000, 0x0000000685c00000| Untracked 
| 536|0x0000000686000000, 0x0000000686400000, 0x0000000686400000|100%| O|  |TAMS 0x0000000686000000, 0x0000000686000000| Untracked 
| 537|0x0000000686400000, 0x0000000686800000, 0x0000000686800000|100%| O|  |TAMS 0x0000000686400000, 0x0000000686400000| Untracked 
| 538|0x0000000686800000, 0x0000000686c00000, 0x0000000686c00000|100%| O|  |TAMS 0x0000000686800000, 0x0000000686800000| Untracked 
| 539|0x0000000686c00000, 0x0000000687000000, 0x0000000687000000|100%| O|  |TAMS 0x0000000686c00000, 0x0000000686c00000| Untracked 
| 540|0x0000000687000000, 0x0000000687400000, 0x0000000687400000|100%| O|  |TAMS 0x0000000687000000, 0x0000000687000000| Untracked 
| 541|0x0000000687400000, 0x0000000687800000, 0x0000000687800000|100%| O|  |TAMS 0x0000000687400000, 0x0000000687400000| Untracked 
| 542|0x0000000687800000, 0x0000000687c00000, 0x0000000687c00000|100%| O|  |TAMS 0x0000000687800000, 0x0000000687800000| Untracked 
| 543|0x0000000687c00000, 0x0000000688000000, 0x0000000688000000|100%| O|  |TAMS 0x0000000687c00000, 0x0000000687c00000| Untracked 
| 544|0x0000000688000000, 0x0000000688000000, 0x0000000688400000|  0%| F|  |TAMS 0x0000000688000000, 0x0000000688000000| Untracked 
| 545|0x0000000688400000, 0x0000000688400000, 0x0000000688800000|  0%| F|  |TAMS 0x0000000688400000, 0x0000000688400000| Untracked 
| 546|0x0000000688800000, 0x0000000688800000, 0x0000000688c00000|  0%| F|  |TAMS 0x0000000688800000, 0x0000000688800000| Untracked 
| 547|0x0000000688c00000, 0x0000000688c00000, 0x0000000689000000|  0%| F|  |TAMS 0x0000000688c00000, 0x0000000688c00000| Untracked 
| 548|0x0000000689000000, 0x0000000689000000, 0x0000000689400000|  0%| F|  |TAMS 0x0000000689000000, 0x0000000689000000| Untracked 
| 549|0x0000000689400000, 0x0000000689400000, 0x0000000689800000|  0%| F|  |TAMS 0x0000000689400000, 0x0000000689400000| Untracked 
| 550|0x0000000689800000, 0x0000000689800000, 0x0000000689c00000|  0%| F|  |TAMS 0x0000000689800000, 0x0000000689800000| Untracked 
| 551|0x0000000689c00000, 0x0000000689c00000, 0x000000068a000000|  0%| F|  |TAMS 0x0000000689c00000, 0x0000000689c00000| Untracked 
| 552|0x000000068a000000, 0x000000068a000000, 0x000000068a400000|  0%| F|  |TAMS 0x000000068a000000, 0x000000068a000000| Untracked 
| 553|0x000000068a400000, 0x000000068a400000, 0x000000068a800000|  0%| F|  |TAMS 0x000000068a400000, 0x000000068a400000| Untracked 
| 554|0x000000068a800000, 0x000000068a800000, 0x000000068ac00000|  0%| F|  |TAMS 0x000000068a800000, 0x000000068a800000| Untracked 
| 555|0x000000068ac00000, 0x000000068ac00000, 0x000000068b000000|  0%| F|  |TAMS 0x000000068ac00000, 0x000000068ac00000| Untracked 
| 556|0x000000068b000000, 0x000000068b000000, 0x000000068b400000|  0%| F|  |TAMS 0x000000068b000000, 0x000000068b000000| Untracked 
| 557|0x000000068b400000, 0x000000068b400000, 0x000000068b800000|  0%| F|  |TAMS 0x000000068b400000, 0x000000068b400000| Untracked 
| 558|0x000000068b800000, 0x000000068b800000, 0x000000068bc00000|  0%| F|  |TAMS 0x000000068b800000, 0x000000068b800000| Untracked 
| 559|0x000000068bc00000, 0x000000068bc00000, 0x000000068c000000|  0%| F|  |TAMS 0x000000068bc00000, 0x000000068bc00000| Untracked 
| 560|0x000000068c000000, 0x000000068c000000, 0x000000068c400000|  0%| F|  |TAMS 0x000000068c000000, 0x000000068c000000| Untracked 
| 561|0x000000068c400000, 0x000000068c400000, 0x000000068c800000|  0%| F|  |TAMS 0x000000068c400000, 0x000000068c400000| Untracked 
| 562|0x000000068c800000, 0x000000068c800000, 0x000000068cc00000|  0%| F|  |TAMS 0x000000068c800000, 0x000000068c800000| Untracked 
| 563|0x000000068cc00000, 0x000000068cc00000, 0x000000068d000000|  0%| F|  |TAMS 0x000000068cc00000, 0x000000068cc00000| Untracked 
| 564|0x000000068d000000, 0x000000068d000000, 0x000000068d400000|  0%| F|  |TAMS 0x000000068d000000, 0x000000068d000000| Untracked 
| 565|0x000000068d400000, 0x000000068d400000, 0x000000068d800000|  0%| F|  |TAMS 0x000000068d400000, 0x000000068d400000| Untracked 
| 566|0x000000068d800000, 0x000000068d800000, 0x000000068dc00000|  0%| F|  |TAMS 0x000000068d800000, 0x000000068d800000| Untracked 
| 567|0x000000068dc00000, 0x000000068dc00000, 0x000000068e000000|  0%| F|  |TAMS 0x000000068dc00000, 0x000000068dc00000| Untracked 
| 568|0x000000068e000000, 0x000000068e000000, 0x000000068e400000|  0%| F|  |TAMS 0x000000068e000000, 0x000000068e000000| Untracked 
| 569|0x000000068e400000, 0x000000068e400000, 0x000000068e800000|  0%| F|  |TAMS 0x000000068e400000, 0x000000068e400000| Untracked 
| 570|0x000000068e800000, 0x000000068e800000, 0x000000068ec00000|  0%| F|  |TAMS 0x000000068e800000, 0x000000068e800000| Untracked 
| 571|0x000000068ec00000, 0x000000068ec00000, 0x000000068f000000|  0%| F|  |TAMS 0x000000068ec00000, 0x000000068ec00000| Untracked 
| 572|0x000000068f000000, 0x000000068f000000, 0x000000068f400000|  0%| F|  |TAMS 0x000000068f000000, 0x000000068f000000| Untracked 
| 573|0x000000068f400000, 0x000000068f400000, 0x000000068f800000|  0%| F|  |TAMS 0x000000068f400000, 0x000000068f400000| Untracked 
| 574|0x000000068f800000, 0x000000068f800000, 0x000000068fc00000|  0%| F|  |TAMS 0x000000068f800000, 0x000000068f800000| Untracked 
| 575|0x000000068fc00000, 0x000000068fc00000, 0x0000000690000000|  0%| F|  |TAMS 0x000000068fc00000, 0x000000068fc00000| Untracked 
| 576|0x0000000690000000, 0x0000000690000000, 0x0000000690400000|  0%| F|  |TAMS 0x0000000690000000, 0x0000000690000000| Untracked 
| 577|0x0000000690400000, 0x0000000690400000, 0x0000000690800000|  0%| F|  |TAMS 0x0000000690400000, 0x0000000690400000| Untracked 
| 578|0x0000000690800000, 0x0000000690800000, 0x0000000690c00000|  0%| F|  |TAMS 0x0000000690800000, 0x0000000690800000| Untracked 
| 579|0x0000000690c00000, 0x0000000690c00000, 0x0000000691000000|  0%| F|  |TAMS 0x0000000690c00000, 0x0000000690c00000| Untracked 
| 580|0x0000000691000000, 0x0000000691000000, 0x0000000691400000|  0%| F|  |TAMS 0x0000000691000000, 0x0000000691000000| Untracked 
| 581|0x0000000691400000, 0x0000000691400000, 0x0000000691800000|  0%| F|  |TAMS 0x0000000691400000, 0x0000000691400000| Untracked 
| 582|0x0000000691800000, 0x0000000691800000, 0x0000000691c00000|  0%| F|  |TAMS 0x0000000691800000, 0x0000000691800000| Untracked 
| 583|0x0000000691c00000, 0x0000000691c00000, 0x0000000692000000|  0%| F|  |TAMS 0x0000000691c00000, 0x0000000691c00000| Untracked 
| 584|0x0000000692000000, 0x0000000692000000, 0x0000000692400000|  0%| F|  |TAMS 0x0000000692000000, 0x0000000692000000| Untracked 
| 585|0x0000000692400000, 0x0000000692400000, 0x0000000692800000|  0%| F|  |TAMS 0x0000000692400000, 0x0000000692400000| Untracked 
| 586|0x0000000692800000, 0x0000000692c00000, 0x0000000692c00000|100%|HS|  |TAMS 0x0000000692800000, 0x0000000692800000| Complete 
| 587|0x0000000692c00000, 0x0000000693000000, 0x0000000693000000|100%|HC|  |TAMS 0x0000000692c00000, 0x0000000692c00000| Complete 
| 588|0x0000000693000000, 0x0000000693000000, 0x0000000693400000|  0%| F|  |TAMS 0x0000000693000000, 0x0000000693000000| Untracked 
| 589|0x0000000693400000, 0x0000000693400000, 0x0000000693800000|  0%| F|  |TAMS 0x0000000693400000, 0x0000000693400000| Untracked 
| 590|0x0000000693800000, 0x0000000693c00000, 0x0000000693c00000|100%| O|  |TAMS 0x0000000693800000, 0x0000000693800000| Untracked 
| 591|0x0000000693c00000, 0x0000000694000000, 0x0000000694000000|100%| O|  |TAMS 0x0000000693c00000, 0x0000000693c00000| Untracked 
| 592|0x0000000694000000, 0x0000000694400000, 0x0000000694400000|100%| O|  |TAMS 0x0000000694000000, 0x0000000694000000| Untracked 
| 593|0x0000000694400000, 0x0000000694800000, 0x0000000694800000|100%| O|  |TAMS 0x0000000694400000, 0x0000000694400000| Untracked 
| 594|0x0000000694800000, 0x0000000694c00000, 0x0000000694c00000|100%| O|  |TAMS 0x0000000694800000, 0x0000000694800000| Untracked 
| 595|0x0000000694c00000, 0x0000000695000000, 0x0000000695000000|100%| O|  |TAMS 0x0000000694c00000, 0x0000000694c00000| Untracked 
| 596|0x0000000695000000, 0x00000006953d2800, 0x0000000695400000| 95%| O|  |TAMS 0x0000000695000000, 0x0000000695000000| Untracked 
| 597|0x0000000695400000, 0x0000000695400000, 0x0000000695800000|  0%| F|  |TAMS 0x0000000695400000, 0x0000000695400000| Untracked 
| 598|0x0000000695800000, 0x0000000695800000, 0x0000000695c00000|  0%| F|  |TAMS 0x0000000695800000, 0x0000000695800000| Untracked 
| 599|0x0000000695c00000, 0x0000000695c00000, 0x0000000696000000|  0%| F|  |TAMS 0x0000000695c00000, 0x0000000695c00000| Untracked 
| 600|0x0000000696000000, 0x0000000696000000, 0x0000000696400000|  0%| F|  |TAMS 0x0000000696000000, 0x0000000696000000| Untracked 
| 601|0x0000000696400000, 0x0000000696400000, 0x0000000696800000|  0%| F|  |TAMS 0x0000000696400000, 0x0000000696400000| Untracked 
| 602|0x0000000696800000, 0x0000000696800000, 0x0000000696c00000|  0%| F|  |TAMS 0x0000000696800000, 0x0000000696800000| Untracked 
| 603|0x0000000696c00000, 0x0000000696c00000, 0x0000000697000000|  0%| F|  |TAMS 0x0000000696c00000, 0x0000000696c00000| Untracked 
| 604|0x0000000697000000, 0x0000000697000000, 0x0000000697400000|  0%| F|  |TAMS 0x0000000697000000, 0x0000000697000000| Untracked 
| 605|0x0000000697400000, 0x0000000697400000, 0x0000000697800000|  0%| F|  |TAMS 0x0000000697400000, 0x0000000697400000| Untracked 
| 606|0x0000000697800000, 0x0000000697800000, 0x0000000697c00000|  0%| F|  |TAMS 0x0000000697800000, 0x0000000697800000| Untracked 
| 607|0x0000000697c00000, 0x0000000697c00000, 0x0000000698000000|  0%| F|  |TAMS 0x0000000697c00000, 0x0000000697c00000| Untracked 
| 608|0x0000000698000000, 0x0000000698000000, 0x0000000698400000|  0%| F|  |TAMS 0x0000000698000000, 0x0000000698000000| Untracked 
| 609|0x0000000698400000, 0x0000000698400000, 0x0000000698800000|  0%| F|  |TAMS 0x0000000698400000, 0x0000000698400000| Untracked 
| 610|0x0000000698800000, 0x0000000698800000, 0x0000000698c00000|  0%| F|  |TAMS 0x0000000698800000, 0x0000000698800000| Untracked 
| 611|0x0000000698c00000, 0x0000000698c00000, 0x0000000699000000|  0%| F|  |TAMS 0x0000000698c00000, 0x0000000698c00000| Untracked 
| 612|0x0000000699000000, 0x0000000699000000, 0x0000000699400000|  0%| F|  |TAMS 0x0000000699000000, 0x0000000699000000| Untracked 
| 613|0x0000000699400000, 0x0000000699400000, 0x0000000699800000|  0%| F|  |TAMS 0x0000000699400000, 0x0000000699400000| Untracked 
| 614|0x0000000699800000, 0x0000000699800000, 0x0000000699c00000|  0%| F|  |TAMS 0x0000000699800000, 0x0000000699800000| Untracked 
| 615|0x0000000699c00000, 0x0000000699c00000, 0x000000069a000000|  0%| F|  |TAMS 0x0000000699c00000, 0x0000000699c00000| Untracked 
| 616|0x000000069a000000, 0x000000069a000000, 0x000000069a400000|  0%| F|  |TAMS 0x000000069a000000, 0x000000069a000000| Untracked 
| 617|0x000000069a400000, 0x000000069a400000, 0x000000069a800000|  0%| F|  |TAMS 0x000000069a400000, 0x000000069a400000| Untracked 
| 618|0x000000069a800000, 0x000000069a800000, 0x000000069ac00000|  0%| F|  |TAMS 0x000000069a800000, 0x000000069a800000| Untracked 
| 619|0x000000069ac00000, 0x000000069ac00000, 0x000000069b000000|  0%| F|  |TAMS 0x000000069ac00000, 0x000000069ac00000| Untracked 
| 620|0x000000069b000000, 0x000000069b000000, 0x000000069b400000|  0%| F|  |TAMS 0x000000069b000000, 0x000000069b000000| Untracked 
| 621|0x000000069b400000, 0x000000069b400000, 0x000000069b800000|  0%| F|  |TAMS 0x000000069b400000, 0x000000069b400000| Untracked 
| 622|0x000000069b800000, 0x000000069b800000, 0x000000069bc00000|  0%| F|  |TAMS 0x000000069b800000, 0x000000069b800000| Untracked 
| 623|0x000000069bc00000, 0x000000069bc00000, 0x000000069c000000|  0%| F|  |TAMS 0x000000069bc00000, 0x000000069bc00000| Untracked 
| 624|0x000000069c000000, 0x000000069c000000, 0x000000069c400000|  0%| F|  |TAMS 0x000000069c000000, 0x000000069c000000| Untracked 
| 625|0x000000069c400000, 0x000000069c400000, 0x000000069c800000|  0%| F|  |TAMS 0x000000069c400000, 0x000000069c400000| Untracked 
| 626|0x000000069c800000, 0x000000069c800000, 0x000000069cc00000|  0%| F|  |TAMS 0x000000069c800000, 0x000000069c800000| Untracked 
| 627|0x000000069cc00000, 0x000000069cc00000, 0x000000069d000000|  0%| F|  |TAMS 0x000000069cc00000, 0x000000069cc00000| Untracked 
| 628|0x000000069d000000, 0x000000069d000000, 0x000000069d400000|  0%| F|  |TAMS 0x000000069d000000, 0x000000069d000000| Untracked 
| 629|0x000000069d400000, 0x000000069d400000, 0x000000069d800000|  0%| F|  |TAMS 0x000000069d400000, 0x000000069d400000| Untracked 
| 630|0x000000069d800000, 0x000000069d800000, 0x000000069dc00000|  0%| F|  |TAMS 0x000000069d800000, 0x000000069d800000| Untracked 
| 631|0x000000069dc00000, 0x000000069dc00000, 0x000000069e000000|  0%| F|  |TAMS 0x000000069dc00000, 0x000000069dc00000| Untracked 
| 632|0x000000069e000000, 0x000000069e000000, 0x000000069e400000|  0%| F|  |TAMS 0x000000069e000000, 0x000000069e000000| Untracked 
| 633|0x000000069e400000, 0x000000069e400000, 0x000000069e800000|  0%| F|  |TAMS 0x000000069e400000, 0x000000069e400000| Untracked 
| 634|0x000000069e800000, 0x000000069e800000, 0x000000069ec00000|  0%| F|  |TAMS 0x000000069e800000, 0x000000069e800000| Untracked 
| 635|0x000000069ec00000, 0x000000069ec00000, 0x000000069f000000|  0%| F|  |TAMS 0x000000069ec00000, 0x000000069ec00000| Untracked 
| 636|0x000000069f000000, 0x000000069f000000, 0x000000069f400000|  0%| F|  |TAMS 0x000000069f000000, 0x000000069f000000| Untracked 
| 637|0x000000069f400000, 0x000000069f400000, 0x000000069f800000|  0%| F|  |TAMS 0x000000069f400000, 0x000000069f400000| Untracked 
| 638|0x000000069f800000, 0x000000069f800000, 0x000000069fc00000|  0%| F|  |TAMS 0x000000069f800000, 0x000000069f800000| Untracked 
| 639|0x000000069fc00000, 0x000000069fc00000, 0x00000006a0000000|  0%| F|  |TAMS 0x000000069fc00000, 0x000000069fc00000| Untracked 
| 640|0x00000006a0000000, 0x00000006a0000000, 0x00000006a0400000|  0%| F|  |TAMS 0x00000006a0000000, 0x00000006a0000000| Untracked 
| 641|0x00000006a0400000, 0x00000006a0400000, 0x00000006a0800000|  0%| F|  |TAMS 0x00000006a0400000, 0x00000006a0400000| Untracked 
| 642|0x00000006a0800000, 0x00000006a0800000, 0x00000006a0c00000|  0%| F|  |TAMS 0x00000006a0800000, 0x00000006a0800000| Untracked 
| 643|0x00000006a0c00000, 0x00000006a0c00000, 0x00000006a1000000|  0%| F|  |TAMS 0x00000006a0c00000, 0x00000006a0c00000| Untracked 
| 644|0x00000006a1000000, 0x00000006a1000000, 0x00000006a1400000|  0%| F|  |TAMS 0x00000006a1000000, 0x00000006a1000000| Untracked 
| 645|0x00000006a1400000, 0x00000006a1400000, 0x00000006a1800000|  0%| F|  |TAMS 0x00000006a1400000, 0x00000006a1400000| Untracked 
| 646|0x00000006a1800000, 0x00000006a1800000, 0x00000006a1c00000|  0%| F|  |TAMS 0x00000006a1800000, 0x00000006a1800000| Untracked 
| 647|0x00000006a1c00000, 0x00000006a1c00000, 0x00000006a2000000|  0%| F|  |TAMS 0x00000006a1c00000, 0x00000006a1c00000| Untracked 
| 648|0x00000006a2000000, 0x00000006a2000000, 0x00000006a2400000|  0%| F|  |TAMS 0x00000006a2000000, 0x00000006a2000000| Untracked 
| 649|0x00000006a2400000, 0x00000006a2400000, 0x00000006a2800000|  0%| F|  |TAMS 0x00000006a2400000, 0x00000006a2400000| Untracked 
| 650|0x00000006a2800000, 0x00000006a2800000, 0x00000006a2c00000|  0%| F|  |TAMS 0x00000006a2800000, 0x00000006a2800000| Untracked 
| 651|0x00000006a2c00000, 0x00000006a2c00000, 0x00000006a3000000|  0%| F|  |TAMS 0x00000006a2c00000, 0x00000006a2c00000| Untracked 
| 652|0x00000006a3000000, 0x00000006a3000000, 0x00000006a3400000|  0%| F|  |TAMS 0x00000006a3000000, 0x00000006a3000000| Untracked 
| 653|0x00000006a3400000, 0x00000006a3400000, 0x00000006a3800000|  0%| F|  |TAMS 0x00000006a3400000, 0x00000006a3400000| Untracked 
| 654|0x00000006a3800000, 0x00000006a3800000, 0x00000006a3c00000|  0%| F|  |TAMS 0x00000006a3800000, 0x00000006a3800000| Untracked 
| 655|0x00000006a3c00000, 0x00000006a3c00000, 0x00000006a4000000|  0%| F|  |TAMS 0x00000006a3c00000, 0x00000006a3c00000| Untracked 
| 656|0x00000006a4000000, 0x00000006a4000000, 0x00000006a4400000|  0%| F|  |TAMS 0x00000006a4000000, 0x00000006a4000000| Untracked 
| 657|0x00000006a4400000, 0x00000006a4400000, 0x00000006a4800000|  0%| F|  |TAMS 0x00000006a4400000, 0x00000006a4400000| Untracked 
| 658|0x00000006a4800000, 0x00000006a4800000, 0x00000006a4c00000|  0%| F|  |TAMS 0x00000006a4800000, 0x00000006a4800000| Untracked 
| 659|0x00000006a4c00000, 0x00000006a4c00000, 0x00000006a5000000|  0%| F|  |TAMS 0x00000006a4c00000, 0x00000006a4c00000| Untracked 
| 660|0x00000006a5000000, 0x00000006a5000000, 0x00000006a5400000|  0%| F|  |TAMS 0x00000006a5000000, 0x00000006a5000000| Untracked 
| 661|0x00000006a5400000, 0x00000006a5400000, 0x00000006a5800000|  0%| F|  |TAMS 0x00000006a5400000, 0x00000006a5400000| Untracked 
| 662|0x00000006a5800000, 0x00000006a5800000, 0x00000006a5c00000|  0%| F|  |TAMS 0x00000006a5800000, 0x00000006a5800000| Untracked 
| 663|0x00000006a5c00000, 0x00000006a5c00000, 0x00000006a6000000|  0%| F|  |TAMS 0x00000006a5c00000, 0x00000006a5c00000| Untracked 
| 664|0x00000006a6000000, 0x00000006a6000000, 0x00000006a6400000|  0%| F|  |TAMS 0x00000006a6000000, 0x00000006a6000000| Untracked 
| 665|0x00000006a6400000, 0x00000006a6400000, 0x00000006a6800000|  0%| F|  |TAMS 0x00000006a6400000, 0x00000006a6400000| Untracked 
| 666|0x00000006a6800000, 0x00000006a6800000, 0x00000006a6c00000|  0%| F|  |TAMS 0x00000006a6800000, 0x00000006a6800000| Untracked 
| 667|0x00000006a6c00000, 0x00000006a6c00000, 0x00000006a7000000|  0%| F|  |TAMS 0x00000006a6c00000, 0x00000006a6c00000| Untracked 
| 668|0x00000006a7000000, 0x00000006a7000000, 0x00000006a7400000|  0%| F|  |TAMS 0x00000006a7000000, 0x00000006a7000000| Untracked 
| 669|0x00000006a7400000, 0x00000006a7400000, 0x00000006a7800000|  0%| F|  |TAMS 0x00000006a7400000, 0x00000006a7400000| Untracked 
| 670|0x00000006a7800000, 0x00000006a7800000, 0x00000006a7c00000|  0%| F|  |TAMS 0x00000006a7800000, 0x00000006a7800000| Untracked 
| 671|0x00000006a7c00000, 0x00000006a7c00000, 0x00000006a8000000|  0%| F|  |TAMS 0x00000006a7c00000, 0x00000006a7c00000| Untracked 
| 672|0x00000006a8000000, 0x00000006a8000000, 0x00000006a8400000|  0%| F|  |TAMS 0x00000006a8000000, 0x00000006a8000000| Untracked 
| 673|0x00000006a8400000, 0x00000006a8400000, 0x00000006a8800000|  0%| F|  |TAMS 0x00000006a8400000, 0x00000006a8400000| Untracked 
| 674|0x00000006a8800000, 0x00000006a8800000, 0x00000006a8c00000|  0%| F|  |TAMS 0x00000006a8800000, 0x00000006a8800000| Untracked 
| 675|0x00000006a8c00000, 0x00000006a8c00000, 0x00000006a9000000|  0%| F|  |TAMS 0x00000006a8c00000, 0x00000006a8c00000| Untracked 
| 676|0x00000006a9000000, 0x00000006a9000000, 0x00000006a9400000|  0%| F|  |TAMS 0x00000006a9000000, 0x00000006a9000000| Untracked 
| 677|0x00000006a9400000, 0x00000006a9400000, 0x00000006a9800000|  0%| F|  |TAMS 0x00000006a9400000, 0x00000006a9400000| Untracked 
| 678|0x00000006a9800000, 0x00000006a9800000, 0x00000006a9c00000|  0%| F|  |TAMS 0x00000006a9800000, 0x00000006a9800000| Untracked 
| 679|0x00000006a9c00000, 0x00000006a9c00000, 0x00000006aa000000|  0%| F|  |TAMS 0x00000006a9c00000, 0x00000006a9c00000| Untracked 
| 680|0x00000006aa000000, 0x00000006aa000000, 0x00000006aa400000|  0%| F|  |TAMS 0x00000006aa000000, 0x00000006aa000000| Untracked 
| 681|0x00000006aa400000, 0x00000006aa400000, 0x00000006aa800000|  0%| F|  |TAMS 0x00000006aa400000, 0x00000006aa400000| Untracked 
| 682|0x00000006aa800000, 0x00000006aa800000, 0x00000006aac00000|  0%| F|  |TAMS 0x00000006aa800000, 0x00000006aa800000| Untracked 
| 683|0x00000006aac00000, 0x00000006aac00000, 0x00000006ab000000|  0%| F|  |TAMS 0x00000006aac00000, 0x00000006aac00000| Untracked 
| 684|0x00000006ab000000, 0x00000006ab000000, 0x00000006ab400000|  0%| F|  |TAMS 0x00000006ab000000, 0x00000006ab000000| Untracked 
| 685|0x00000006ab400000, 0x00000006ab400000, 0x00000006ab800000|  0%| F|  |TAMS 0x00000006ab400000, 0x00000006ab400000| Untracked 
| 686|0x00000006ab800000, 0x00000006ab800000, 0x00000006abc00000|  0%| F|  |TAMS 0x00000006ab800000, 0x00000006ab800000| Untracked 
| 687|0x00000006abc00000, 0x00000006abc00000, 0x00000006ac000000|  0%| F|  |TAMS 0x00000006abc00000, 0x00000006abc00000| Untracked 
| 688|0x00000006ac000000, 0x00000006ac000000, 0x00000006ac400000|  0%| F|  |TAMS 0x00000006ac000000, 0x00000006ac000000| Untracked 
| 689|0x00000006ac400000, 0x00000006ac400000, 0x00000006ac800000|  0%| F|  |TAMS 0x00000006ac400000, 0x00000006ac400000| Untracked 
| 690|0x00000006ac800000, 0x00000006ac800000, 0x00000006acc00000|  0%| F|  |TAMS 0x00000006ac800000, 0x00000006ac800000| Untracked 
| 691|0x00000006acc00000, 0x00000006acc00000, 0x00000006ad000000|  0%| F|  |TAMS 0x00000006acc00000, 0x00000006acc00000| Untracked 
| 692|0x00000006ad000000, 0x00000006ad000000, 0x00000006ad400000|  0%| F|  |TAMS 0x00000006ad000000, 0x00000006ad000000| Untracked 
| 693|0x00000006ad400000, 0x00000006ad400000, 0x00000006ad800000|  0%| F|  |TAMS 0x00000006ad400000, 0x00000006ad400000| Untracked 
| 694|0x00000006ad800000, 0x00000006ad800000, 0x00000006adc00000|  0%| F|  |TAMS 0x00000006ad800000, 0x00000006ad800000| Untracked 
| 695|0x00000006adc00000, 0x00000006adc00000, 0x00000006ae000000|  0%| F|  |TAMS 0x00000006adc00000, 0x00000006adc00000| Untracked 
| 696|0x00000006ae000000, 0x00000006ae000000, 0x00000006ae400000|  0%| F|  |TAMS 0x00000006ae000000, 0x00000006ae000000| Untracked 
| 697|0x00000006ae400000, 0x00000006ae400000, 0x00000006ae800000|  0%| F|  |TAMS 0x00000006ae400000, 0x00000006ae400000| Untracked 
| 698|0x00000006ae800000, 0x00000006ae800000, 0x00000006aec00000|  0%| F|  |TAMS 0x00000006ae800000, 0x00000006ae800000| Untracked 
| 699|0x00000006aec00000, 0x00000006aec00000, 0x00000006af000000|  0%| F|  |TAMS 0x00000006aec00000, 0x00000006aec00000| Untracked 
| 700|0x00000006af000000, 0x00000006af000000, 0x00000006af400000|  0%| F|  |TAMS 0x00000006af000000, 0x00000006af000000| Untracked 
| 701|0x00000006af400000, 0x00000006af400000, 0x00000006af800000|  0%| F|  |TAMS 0x00000006af400000, 0x00000006af400000| Untracked 
| 702|0x00000006af800000, 0x00000006af800000, 0x00000006afc00000|  0%| F|  |TAMS 0x00000006af800000, 0x00000006af800000| Untracked 
| 703|0x00000006afc00000, 0x00000006afc00000, 0x00000006b0000000|  0%| F|  |TAMS 0x00000006afc00000, 0x00000006afc00000| Untracked 
| 704|0x00000006b0000000, 0x00000006b0000000, 0x00000006b0400000|  0%| F|  |TAMS 0x00000006b0000000, 0x00000006b0000000| Untracked 
| 705|0x00000006b0400000, 0x00000006b0400000, 0x00000006b0800000|  0%| F|  |TAMS 0x00000006b0400000, 0x00000006b0400000| Untracked 
| 706|0x00000006b0800000, 0x00000006b0800000, 0x00000006b0c00000|  0%| F|  |TAMS 0x00000006b0800000, 0x00000006b0800000| Untracked 
| 707|0x00000006b0c00000, 0x00000006b0c00000, 0x00000006b1000000|  0%| F|  |TAMS 0x00000006b0c00000, 0x00000006b0c00000| Untracked 
| 708|0x00000006b1000000, 0x00000006b1000000, 0x00000006b1400000|  0%| F|  |TAMS 0x00000006b1000000, 0x00000006b1000000| Untracked 
| 709|0x00000006b1400000, 0x00000006b1400000, 0x00000006b1800000|  0%| F|  |TAMS 0x00000006b1400000, 0x00000006b1400000| Untracked 
| 710|0x00000006b1800000, 0x00000006b1800000, 0x00000006b1c00000|  0%| F|  |TAMS 0x00000006b1800000, 0x00000006b1800000| Untracked 
| 711|0x00000006b1c00000, 0x00000006b1c00000, 0x00000006b2000000|  0%| F|  |TAMS 0x00000006b1c00000, 0x00000006b1c00000| Untracked 
| 712|0x00000006b2000000, 0x00000006b2000000, 0x00000006b2400000|  0%| F|  |TAMS 0x00000006b2000000, 0x00000006b2000000| Untracked 
| 713|0x00000006b2400000, 0x00000006b2400000, 0x00000006b2800000|  0%| F|  |TAMS 0x00000006b2400000, 0x00000006b2400000| Untracked 
| 714|0x00000006b2800000, 0x00000006b2800000, 0x00000006b2c00000|  0%| F|  |TAMS 0x00000006b2800000, 0x00000006b2800000| Untracked 
| 715|0x00000006b2c00000, 0x00000006b2c00000, 0x00000006b3000000|  0%| F|  |TAMS 0x00000006b2c00000, 0x00000006b2c00000| Untracked 
| 716|0x00000006b3000000, 0x00000006b3000000, 0x00000006b3400000|  0%| F|  |TAMS 0x00000006b3000000, 0x00000006b3000000| Untracked 
| 717|0x00000006b3400000, 0x00000006b3400000, 0x00000006b3800000|  0%| F|  |TAMS 0x00000006b3400000, 0x00000006b3400000| Untracked 
| 718|0x00000006b3800000, 0x00000006b3800000, 0x00000006b3c00000|  0%| F|  |TAMS 0x00000006b3800000, 0x00000006b3800000| Untracked 
| 719|0x00000006b3c00000, 0x00000006b3c00000, 0x00000006b4000000|  0%| F|  |TAMS 0x00000006b3c00000, 0x00000006b3c00000| Untracked 
| 720|0x00000006b4000000, 0x00000006b4000000, 0x00000006b4400000|  0%| F|  |TAMS 0x00000006b4000000, 0x00000006b4000000| Untracked 
| 721|0x00000006b4400000, 0x00000006b4400000, 0x00000006b4800000|  0%| F|  |TAMS 0x00000006b4400000, 0x00000006b4400000| Untracked 
| 722|0x00000006b4800000, 0x00000006b4800000, 0x00000006b4c00000|  0%| F|  |TAMS 0x00000006b4800000, 0x00000006b4800000| Untracked 
| 723|0x00000006b4c00000, 0x00000006b4c00000, 0x00000006b5000000|  0%| F|  |TAMS 0x00000006b4c00000, 0x00000006b4c00000| Untracked 
| 724|0x00000006b5000000, 0x00000006b5000000, 0x00000006b5400000|  0%| F|  |TAMS 0x00000006b5000000, 0x00000006b5000000| Untracked 
| 725|0x00000006b5400000, 0x00000006b5400000, 0x00000006b5800000|  0%| F|  |TAMS 0x00000006b5400000, 0x00000006b5400000| Untracked 
| 726|0x00000006b5800000, 0x00000006b5800000, 0x00000006b5c00000|  0%| F|  |TAMS 0x00000006b5800000, 0x00000006b5800000| Untracked 
| 727|0x00000006b5c00000, 0x00000006b5c00000, 0x00000006b6000000|  0%| F|  |TAMS 0x00000006b5c00000, 0x00000006b5c00000| Untracked 
| 728|0x00000006b6000000, 0x00000006b6000000, 0x00000006b6400000|  0%| F|  |TAMS 0x00000006b6000000, 0x00000006b6000000| Untracked 
| 729|0x00000006b6400000, 0x00000006b6400000, 0x00000006b6800000|  0%| F|  |TAMS 0x00000006b6400000, 0x00000006b6400000| Untracked 
| 730|0x00000006b6800000, 0x00000006b6800000, 0x00000006b6c00000|  0%| F|  |TAMS 0x00000006b6800000, 0x00000006b6800000| Untracked 
| 731|0x00000006b6c00000, 0x00000006b6c00000, 0x00000006b7000000|  0%| F|  |TAMS 0x00000006b6c00000, 0x00000006b6c00000| Untracked 
| 732|0x00000006b7000000, 0x00000006b7000000, 0x00000006b7400000|  0%| F|  |TAMS 0x00000006b7000000, 0x00000006b7000000| Untracked 
| 733|0x00000006b7400000, 0x00000006b7400000, 0x00000006b7800000|  0%| F|  |TAMS 0x00000006b7400000, 0x00000006b7400000| Untracked 
| 734|0x00000006b7800000, 0x00000006b7800000, 0x00000006b7c00000|  0%| F|  |TAMS 0x00000006b7800000, 0x00000006b7800000| Untracked 
| 735|0x00000006b7c00000, 0x00000006b7c00000, 0x00000006b8000000|  0%| F|  |TAMS 0x00000006b7c00000, 0x00000006b7c00000| Untracked 
| 736|0x00000006b8000000, 0x00000006b8000000, 0x00000006b8400000|  0%| F|  |TAMS 0x00000006b8000000, 0x00000006b8000000| Untracked 
| 737|0x00000006b8400000, 0x00000006b8400000, 0x00000006b8800000|  0%| F|  |TAMS 0x00000006b8400000, 0x00000006b8400000| Untracked 
| 738|0x00000006b8800000, 0x00000006b8800000, 0x00000006b8c00000|  0%| F|  |TAMS 0x00000006b8800000, 0x00000006b8800000| Untracked 
| 739|0x00000006b8c00000, 0x00000006b8c00000, 0x00000006b9000000|  0%| F|  |TAMS 0x00000006b8c00000, 0x00000006b8c00000| Untracked 
| 740|0x00000006b9000000, 0x00000006b9000000, 0x00000006b9400000|  0%| F|  |TAMS 0x00000006b9000000, 0x00000006b9000000| Untracked 
| 741|0x00000006b9400000, 0x00000006b9400000, 0x00000006b9800000|  0%| F|  |TAMS 0x00000006b9400000, 0x00000006b9400000| Untracked 
| 742|0x00000006b9800000, 0x00000006b9800000, 0x00000006b9c00000|  0%| F|  |TAMS 0x00000006b9800000, 0x00000006b9800000| Untracked 
| 743|0x00000006b9c00000, 0x00000006b9c00000, 0x00000006ba000000|  0%| F|  |TAMS 0x00000006b9c00000, 0x00000006b9c00000| Untracked 
| 744|0x00000006ba000000, 0x00000006ba000000, 0x00000006ba400000|  0%| F|  |TAMS 0x00000006ba000000, 0x00000006ba000000| Untracked 
| 745|0x00000006ba400000, 0x00000006ba400000, 0x00000006ba800000|  0%| F|  |TAMS 0x00000006ba400000, 0x00000006ba400000| Untracked 
| 746|0x00000006ba800000, 0x00000006ba800000, 0x00000006bac00000|  0%| F|  |TAMS 0x00000006ba800000, 0x00000006ba800000| Untracked 
| 747|0x00000006bac00000, 0x00000006bac00000, 0x00000006bb000000|  0%| F|  |TAMS 0x00000006bac00000, 0x00000006bac00000| Untracked 
| 748|0x00000006bb000000, 0x00000006bb000000, 0x00000006bb400000|  0%| F|  |TAMS 0x00000006bb000000, 0x00000006bb000000| Untracked 
| 749|0x00000006bb400000, 0x00000006bb400000, 0x00000006bb800000|  0%| F|  |TAMS 0x00000006bb400000, 0x00000006bb400000| Untracked 
| 750|0x00000006bb800000, 0x00000006bb800000, 0x00000006bbc00000|  0%| F|  |TAMS 0x00000006bb800000, 0x00000006bb800000| Untracked 
| 751|0x00000006bbc00000, 0x00000006bbc00000, 0x00000006bc000000|  0%| F|  |TAMS 0x00000006bbc00000, 0x00000006bbc00000| Untracked 
| 752|0x00000006bc000000, 0x00000006bc000000, 0x00000006bc400000|  0%| F|  |TAMS 0x00000006bc000000, 0x00000006bc000000| Untracked 
| 753|0x00000006bc400000, 0x00000006bc400000, 0x00000006bc800000|  0%| F|  |TAMS 0x00000006bc400000, 0x00000006bc400000| Untracked 
| 754|0x00000006bc800000, 0x00000006bc800000, 0x00000006bcc00000|  0%| F|  |TAMS 0x00000006bc800000, 0x00000006bc800000| Untracked 
| 755|0x00000006bcc00000, 0x00000006bcc00000, 0x00000006bd000000|  0%| F|  |TAMS 0x00000006bcc00000, 0x00000006bcc00000| Untracked 
| 756|0x00000006bd000000, 0x00000006bd000000, 0x00000006bd400000|  0%| F|  |TAMS 0x00000006bd000000, 0x00000006bd000000| Untracked 
| 757|0x00000006bd400000, 0x00000006bd400000, 0x00000006bd800000|  0%| F|  |TAMS 0x00000006bd400000, 0x00000006bd400000| Untracked 
| 758|0x00000006bd800000, 0x00000006bd800000, 0x00000006bdc00000|  0%| F|  |TAMS 0x00000006bd800000, 0x00000006bd800000| Untracked 
| 759|0x00000006bdc00000, 0x00000006bdc00000, 0x00000006be000000|  0%| F|  |TAMS 0x00000006bdc00000, 0x00000006bdc00000| Untracked 
| 760|0x00000006be000000, 0x00000006be000000, 0x00000006be400000|  0%| F|  |TAMS 0x00000006be000000, 0x00000006be000000| Untracked 
| 761|0x00000006be400000, 0x00000006be400000, 0x00000006be800000|  0%| F|  |TAMS 0x00000006be400000, 0x00000006be400000| Untracked 
| 762|0x00000006be800000, 0x00000006be800000, 0x00000006bec00000|  0%| F|  |TAMS 0x00000006be800000, 0x00000006be800000| Untracked 
| 763|0x00000006bec00000, 0x00000006bec00000, 0x00000006bf000000|  0%| F|  |TAMS 0x00000006bec00000, 0x00000006bec00000| Untracked 
| 764|0x00000006bf000000, 0x00000006bf000000, 0x00000006bf400000|  0%| F|  |TAMS 0x00000006bf000000, 0x00000006bf000000| Untracked 
| 765|0x00000006bf400000, 0x00000006bf400000, 0x00000006bf800000|  0%| F|  |TAMS 0x00000006bf400000, 0x00000006bf400000| Untracked 
| 766|0x00000006bf800000, 0x00000006bf800000, 0x00000006bfc00000|  0%| F|  |TAMS 0x00000006bf800000, 0x00000006bf800000| Untracked 
| 767|0x00000006bfc00000, 0x00000006bfc00000, 0x00000006c0000000|  0%| F|  |TAMS 0x00000006bfc00000, 0x00000006bfc00000| Untracked 
| 768|0x00000006c0000000, 0x00000006c0000000, 0x00000006c0400000|  0%| F|  |TAMS 0x00000006c0000000, 0x00000006c0000000| Untracked 
| 769|0x00000006c0400000, 0x00000006c0400000, 0x00000006c0800000|  0%| F|  |TAMS 0x00000006c0400000, 0x00000006c0400000| Untracked 
| 770|0x00000006c0800000, 0x00000006c0800000, 0x00000006c0c00000|  0%| F|  |TAMS 0x00000006c0800000, 0x00000006c0800000| Untracked 
| 771|0x00000006c0c00000, 0x00000006c0c00000, 0x00000006c1000000|  0%| F|  |TAMS 0x00000006c0c00000, 0x00000006c0c00000| Untracked 
| 772|0x00000006c1000000, 0x00000006c1000000, 0x00000006c1400000|  0%| F|  |TAMS 0x00000006c1000000, 0x00000006c1000000| Untracked 
| 773|0x00000006c1400000, 0x00000006c1400000, 0x00000006c1800000|  0%| F|  |TAMS 0x00000006c1400000, 0x00000006c1400000| Untracked 
| 774|0x00000006c1800000, 0x00000006c1800000, 0x00000006c1c00000|  0%| F|  |TAMS 0x00000006c1800000, 0x00000006c1800000| Untracked 
| 775|0x00000006c1c00000, 0x00000006c1c00000, 0x00000006c2000000|  0%| F|  |TAMS 0x00000006c1c00000, 0x00000006c1c00000| Untracked 
| 776|0x00000006c2000000, 0x00000006c2000000, 0x00000006c2400000|  0%| F|  |TAMS 0x00000006c2000000, 0x00000006c2000000| Untracked 
| 777|0x00000006c2400000, 0x00000006c2400000, 0x00000006c2800000|  0%| F|  |TAMS 0x00000006c2400000, 0x00000006c2400000| Untracked 
| 778|0x00000006c2800000, 0x00000006c2800000, 0x00000006c2c00000|  0%| F|  |TAMS 0x00000006c2800000, 0x00000006c2800000| Untracked 
| 779|0x00000006c2c00000, 0x00000006c2c00000, 0x00000006c3000000|  0%| F|  |TAMS 0x00000006c2c00000, 0x00000006c2c00000| Untracked 
| 780|0x00000006c3000000, 0x00000006c3000000, 0x00000006c3400000|  0%| F|  |TAMS 0x00000006c3000000, 0x00000006c3000000| Untracked 
| 781|0x00000006c3400000, 0x00000006c3400000, 0x00000006c3800000|  0%| F|  |TAMS 0x00000006c3400000, 0x00000006c3400000| Untracked 
| 782|0x00000006c3800000, 0x00000006c3800000, 0x00000006c3c00000|  0%| F|  |TAMS 0x00000006c3800000, 0x00000006c3800000| Untracked 
| 783|0x00000006c3c00000, 0x00000006c3c00000, 0x00000006c4000000|  0%| F|  |TAMS 0x00000006c3c00000, 0x00000006c3c00000| Untracked 
| 784|0x00000006c4000000, 0x00000006c4000000, 0x00000006c4400000|  0%| F|  |TAMS 0x00000006c4000000, 0x00000006c4000000| Untracked 
| 785|0x00000006c4400000, 0x00000006c4400000, 0x00000006c4800000|  0%| F|  |TAMS 0x00000006c4400000, 0x00000006c4400000| Untracked 
| 786|0x00000006c4800000, 0x00000006c4800000, 0x00000006c4c00000|  0%| F|  |TAMS 0x00000006c4800000, 0x00000006c4800000| Untracked 
| 787|0x00000006c4c00000, 0x00000006c4c00000, 0x00000006c5000000|  0%| F|  |TAMS 0x00000006c4c00000, 0x00000006c4c00000| Untracked 
| 788|0x00000006c5000000, 0x00000006c5000000, 0x00000006c5400000|  0%| F|  |TAMS 0x00000006c5000000, 0x00000006c5000000| Untracked 
| 789|0x00000006c5400000, 0x00000006c5400000, 0x00000006c5800000|  0%| F|  |TAMS 0x00000006c5400000, 0x00000006c5400000| Untracked 
| 790|0x00000006c5800000, 0x00000006c5800000, 0x00000006c5c00000|  0%| F|  |TAMS 0x00000006c5800000, 0x00000006c5800000| Untracked 
| 791|0x00000006c5c00000, 0x00000006c5c00000, 0x00000006c6000000|  0%| F|  |TAMS 0x00000006c5c00000, 0x00000006c5c00000| Untracked 
| 792|0x00000006c6000000, 0x00000006c6000000, 0x00000006c6400000|  0%| F|  |TAMS 0x00000006c6000000, 0x00000006c6000000| Untracked 
| 793|0x00000006c6400000, 0x00000006c6400000, 0x00000006c6800000|  0%| F|  |TAMS 0x00000006c6400000, 0x00000006c6400000| Untracked 
| 794|0x00000006c6800000, 0x00000006c6800000, 0x00000006c6c00000|  0%| F|  |TAMS 0x00000006c6800000, 0x00000006c6800000| Untracked 
| 795|0x00000006c6c00000, 0x00000006c6c00000, 0x00000006c7000000|  0%| F|  |TAMS 0x00000006c6c00000, 0x00000006c6c00000| Untracked 
| 796|0x00000006c7000000, 0x00000006c7000000, 0x00000006c7400000|  0%| F|  |TAMS 0x00000006c7000000, 0x00000006c7000000| Untracked 
| 797|0x00000006c7400000, 0x00000006c7400000, 0x00000006c7800000|  0%| F|  |TAMS 0x00000006c7400000, 0x00000006c7400000| Untracked 
| 798|0x00000006c7800000, 0x00000006c7800000, 0x00000006c7c00000|  0%| F|  |TAMS 0x00000006c7800000, 0x00000006c7800000| Untracked 
| 799|0x00000006c7c00000, 0x00000006c7c00000, 0x00000006c8000000|  0%| F|  |TAMS 0x00000006c7c00000, 0x00000006c7c00000| Untracked 
| 800|0x00000006c8000000, 0x00000006c8000000, 0x00000006c8400000|  0%| F|  |TAMS 0x00000006c8000000, 0x00000006c8000000| Untracked 
| 801|0x00000006c8400000, 0x00000006c8400000, 0x00000006c8800000|  0%| F|  |TAMS 0x00000006c8400000, 0x00000006c8400000| Untracked 
| 802|0x00000006c8800000, 0x00000006c8800000, 0x00000006c8c00000|  0%| F|  |TAMS 0x00000006c8800000, 0x00000006c8800000| Untracked 
| 803|0x00000006c8c00000, 0x00000006c8c00000, 0x00000006c9000000|  0%| F|  |TAMS 0x00000006c8c00000, 0x00000006c8c00000| Untracked 
| 804|0x00000006c9000000, 0x00000006c9000000, 0x00000006c9400000|  0%| F|  |TAMS 0x00000006c9000000, 0x00000006c9000000| Untracked 
| 805|0x00000006c9400000, 0x00000006c9400000, 0x00000006c9800000|  0%| F|  |TAMS 0x00000006c9400000, 0x00000006c9400000| Untracked 
| 806|0x00000006c9800000, 0x00000006c9800000, 0x00000006c9c00000|  0%| F|  |TAMS 0x00000006c9800000, 0x00000006c9800000| Untracked 
| 807|0x00000006c9c00000, 0x00000006c9c00000, 0x00000006ca000000|  0%| F|  |TAMS 0x00000006c9c00000, 0x00000006c9c00000| Untracked 
| 808|0x00000006ca000000, 0x00000006ca000000, 0x00000006ca400000|  0%| F|  |TAMS 0x00000006ca000000, 0x00000006ca000000| Untracked 
| 809|0x00000006ca400000, 0x00000006ca400000, 0x00000006ca800000|  0%| F|  |TAMS 0x00000006ca400000, 0x00000006ca400000| Untracked 
| 810|0x00000006ca800000, 0x00000006ca800000, 0x00000006cac00000|  0%| F|  |TAMS 0x00000006ca800000, 0x00000006ca800000| Untracked 
| 811|0x00000006cac00000, 0x00000006cac00000, 0x00000006cb000000|  0%| F|  |TAMS 0x00000006cac00000, 0x00000006cac00000| Untracked 
| 812|0x00000006cb000000, 0x00000006cb000000, 0x00000006cb400000|  0%| F|  |TAMS 0x00000006cb000000, 0x00000006cb000000| Untracked 
| 813|0x00000006cb400000, 0x00000006cb400000, 0x00000006cb800000|  0%| F|  |TAMS 0x00000006cb400000, 0x00000006cb400000| Untracked 
| 814|0x00000006cb800000, 0x00000006cb800000, 0x00000006cbc00000|  0%| F|  |TAMS 0x00000006cb800000, 0x00000006cb800000| Untracked 
| 815|0x00000006cbc00000, 0x00000006cbc00000, 0x00000006cc000000|  0%| F|  |TAMS 0x00000006cbc00000, 0x00000006cbc00000| Untracked 
| 816|0x00000006cc000000, 0x00000006cc000000, 0x00000006cc400000|  0%| F|  |TAMS 0x00000006cc000000, 0x00000006cc000000| Untracked 
| 817|0x00000006cc400000, 0x00000006cc400000, 0x00000006cc800000|  0%| F|  |TAMS 0x00000006cc400000, 0x00000006cc400000| Untracked 
| 818|0x00000006cc800000, 0x00000006cc800000, 0x00000006ccc00000|  0%| F|  |TAMS 0x00000006cc800000, 0x00000006cc800000| Untracked 
| 819|0x00000006ccc00000, 0x00000006ccc00000, 0x00000006cd000000|  0%| F|  |TAMS 0x00000006ccc00000, 0x00000006ccc00000| Untracked 
| 820|0x00000006cd000000, 0x00000006cd000000, 0x00000006cd400000|  0%| F|  |TAMS 0x00000006cd000000, 0x00000006cd000000| Untracked 
| 821|0x00000006cd400000, 0x00000006cd400000, 0x00000006cd800000|  0%| F|  |TAMS 0x00000006cd400000, 0x00000006cd400000| Untracked 
| 822|0x00000006cd800000, 0x00000006cd800000, 0x00000006cdc00000|  0%| F|  |TAMS 0x00000006cd800000, 0x00000006cd800000| Untracked 
| 823|0x00000006cdc00000, 0x00000006cdc00000, 0x00000006ce000000|  0%| F|  |TAMS 0x00000006cdc00000, 0x00000006cdc00000| Untracked 
| 824|0x00000006ce000000, 0x00000006ce000000, 0x00000006ce400000|  0%| F|  |TAMS 0x00000006ce000000, 0x00000006ce000000| Untracked 
| 825|0x00000006ce400000, 0x00000006ce400000, 0x00000006ce800000|  0%| F|  |TAMS 0x00000006ce400000, 0x00000006ce400000| Untracked 
| 826|0x00000006ce800000, 0x00000006ce800000, 0x00000006cec00000|  0%| F|  |TAMS 0x00000006ce800000, 0x00000006ce800000| Untracked 
| 827|0x00000006cec00000, 0x00000006cec00000, 0x00000006cf000000|  0%| F|  |TAMS 0x00000006cec00000, 0x00000006cec00000| Untracked 
| 828|0x00000006cf000000, 0x00000006cf000000, 0x00000006cf400000|  0%| F|  |TAMS 0x00000006cf000000, 0x00000006cf000000| Untracked 
| 829|0x00000006cf400000, 0x00000006cf400000, 0x00000006cf800000|  0%| F|  |TAMS 0x00000006cf400000, 0x00000006cf400000| Untracked 
| 830|0x00000006cf800000, 0x00000006cf800000, 0x00000006cfc00000|  0%| F|  |TAMS 0x00000006cf800000, 0x00000006cf800000| Untracked 
| 831|0x00000006cfc00000, 0x00000006cfc00000, 0x00000006d0000000|  0%| F|  |TAMS 0x00000006cfc00000, 0x00000006cfc00000| Untracked 
| 832|0x00000006d0000000, 0x00000006d0000000, 0x00000006d0400000|  0%| F|  |TAMS 0x00000006d0000000, 0x00000006d0000000| Untracked 
| 833|0x00000006d0400000, 0x00000006d0400000, 0x00000006d0800000|  0%| F|  |TAMS 0x00000006d0400000, 0x00000006d0400000| Untracked 
| 834|0x00000006d0800000, 0x00000006d0800000, 0x00000006d0c00000|  0%| F|  |TAMS 0x00000006d0800000, 0x00000006d0800000| Untracked 
| 835|0x00000006d0c00000, 0x00000006d0c00000, 0x00000006d1000000|  0%| F|  |TAMS 0x00000006d0c00000, 0x00000006d0c00000| Untracked 
| 836|0x00000006d1000000, 0x00000006d1000000, 0x00000006d1400000|  0%| F|  |TAMS 0x00000006d1000000, 0x00000006d1000000| Untracked 
| 837|0x00000006d1400000, 0x00000006d1400000, 0x00000006d1800000|  0%| F|  |TAMS 0x00000006d1400000, 0x00000006d1400000| Untracked 
| 838|0x00000006d1800000, 0x00000006d1800000, 0x00000006d1c00000|  0%| F|  |TAMS 0x00000006d1800000, 0x00000006d1800000| Untracked 
| 839|0x00000006d1c00000, 0x00000006d1c00000, 0x00000006d2000000|  0%| F|  |TAMS 0x00000006d1c00000, 0x00000006d1c00000| Untracked 
| 840|0x00000006d2000000, 0x00000006d2000000, 0x00000006d2400000|  0%| F|  |TAMS 0x00000006d2000000, 0x00000006d2000000| Untracked 
| 841|0x00000006d2400000, 0x00000006d2400000, 0x00000006d2800000|  0%| F|  |TAMS 0x00000006d2400000, 0x00000006d2400000| Untracked 
| 842|0x00000006d2800000, 0x00000006d2800000, 0x00000006d2c00000|  0%| F|  |TAMS 0x00000006d2800000, 0x00000006d2800000| Untracked 
| 843|0x00000006d2c00000, 0x00000006d2c00000, 0x00000006d3000000|  0%| F|  |TAMS 0x00000006d2c00000, 0x00000006d2c00000| Untracked 
| 844|0x00000006d3000000, 0x00000006d3000000, 0x00000006d3400000|  0%| F|  |TAMS 0x00000006d3000000, 0x00000006d3000000| Untracked 
| 845|0x00000006d3400000, 0x00000006d3400000, 0x00000006d3800000|  0%| F|  |TAMS 0x00000006d3400000, 0x00000006d3400000| Untracked 
| 846|0x00000006d3800000, 0x00000006d3800000, 0x00000006d3c00000|  0%| F|  |TAMS 0x00000006d3800000, 0x00000006d3800000| Untracked 
| 847|0x00000006d3c00000, 0x00000006d3c00000, 0x00000006d4000000|  0%| F|  |TAMS 0x00000006d3c00000, 0x00000006d3c00000| Untracked 
| 848|0x00000006d4000000, 0x00000006d4000000, 0x00000006d4400000|  0%| F|  |TAMS 0x00000006d4000000, 0x00000006d4000000| Untracked 
| 849|0x00000006d4400000, 0x00000006d4400000, 0x00000006d4800000|  0%| F|  |TAMS 0x00000006d4400000, 0x00000006d4400000| Untracked 
| 850|0x00000006d4800000, 0x00000006d4800000, 0x00000006d4c00000|  0%| F|  |TAMS 0x00000006d4800000, 0x00000006d4800000| Untracked 
| 851|0x00000006d4c00000, 0x00000006d4c00000, 0x00000006d5000000|  0%| F|  |TAMS 0x00000006d4c00000, 0x00000006d4c00000| Untracked 
| 852|0x00000006d5000000, 0x00000006d5000000, 0x00000006d5400000|  0%| F|  |TAMS 0x00000006d5000000, 0x00000006d5000000| Untracked 
| 853|0x00000006d5400000, 0x00000006d5400000, 0x00000006d5800000|  0%| F|  |TAMS 0x00000006d5400000, 0x00000006d5400000| Untracked 
| 854|0x00000006d5800000, 0x00000006d5800000, 0x00000006d5c00000|  0%| F|  |TAMS 0x00000006d5800000, 0x00000006d5800000| Untracked 
| 855|0x00000006d5c00000, 0x00000006d6000000, 0x00000006d6000000|100%| S|CS|TAMS 0x00000006d5c00000, 0x00000006d5c00000| Complete 
| 856|0x00000006d6000000, 0x00000006d6400000, 0x00000006d6400000|100%| S|CS|TAMS 0x00000006d6000000, 0x00000006d6000000| Complete 
| 857|0x00000006d6400000, 0x00000006d6800000, 0x00000006d6800000|100%| S|CS|TAMS 0x00000006d6400000, 0x00000006d6400000| Complete 
| 858|0x00000006d6800000, 0x00000006d6c00000, 0x00000006d6c00000|100%| S|CS|TAMS 0x00000006d6800000, 0x00000006d6800000| Complete 
| 859|0x00000006d6c00000, 0x00000006d7000000, 0x00000006d7000000|100%| S|CS|TAMS 0x00000006d6c00000, 0x00000006d6c00000| Complete 
| 860|0x00000006d7000000, 0x00000006d7400000, 0x00000006d7400000|100%| S|CS|TAMS 0x00000006d7000000, 0x00000006d7000000| Complete 
| 861|0x00000006d7400000, 0x00000006d7800000, 0x00000006d7800000|100%| S|CS|TAMS 0x00000006d7400000, 0x00000006d7400000| Complete 
| 862|0x00000006d7800000, 0x00000006d7c00000, 0x00000006d7c00000|100%| S|CS|TAMS 0x00000006d7800000, 0x00000006d7800000| Complete 
| 863|0x00000006d7c00000, 0x00000006d8000000, 0x00000006d8000000|100%| S|CS|TAMS 0x00000006d7c00000, 0x00000006d7c00000| Complete 
| 864|0x00000006d8000000, 0x00000006d8400000, 0x00000006d8400000|100%| S|CS|TAMS 0x00000006d8000000, 0x00000006d8000000| Complete 
| 865|0x00000006d8400000, 0x00000006d8400000, 0x00000006d8800000|  0%| F|  |TAMS 0x00000006d8400000, 0x00000006d8400000| Untracked 
| 866|0x00000006d8800000, 0x00000006d8800000, 0x00000006d8c00000|  0%| F|  |TAMS 0x00000006d8800000, 0x00000006d8800000| Untracked 
| 867|0x00000006d8c00000, 0x00000006d8c00000, 0x00000006d9000000|  0%| F|  |TAMS 0x00000006d8c00000, 0x00000006d8c00000| Untracked 
| 868|0x00000006d9000000, 0x00000006d9000000, 0x00000006d9400000|  0%| F|  |TAMS 0x00000006d9000000, 0x00000006d9000000| Untracked 
| 869|0x00000006d9400000, 0x00000006d9400000, 0x00000006d9800000|  0%| F|  |TAMS 0x00000006d9400000, 0x00000006d9400000| Untracked 
| 870|0x00000006d9800000, 0x00000006d9800000, 0x00000006d9c00000|  0%| F|  |TAMS 0x00000006d9800000, 0x00000006d9800000| Untracked 
| 871|0x00000006d9c00000, 0x00000006d9c00000, 0x00000006da000000|  0%| F|  |TAMS 0x00000006d9c00000, 0x00000006d9c00000| Untracked 
| 872|0x00000006da000000, 0x00000006da000000, 0x00000006da400000|  0%| F|  |TAMS 0x00000006da000000, 0x00000006da000000| Untracked 
| 873|0x00000006da400000, 0x00000006da400000, 0x00000006da800000|  0%| F|  |TAMS 0x00000006da400000, 0x00000006da400000| Untracked 
| 874|0x00000006da800000, 0x00000006da800000, 0x00000006dac00000|  0%| F|  |TAMS 0x00000006da800000, 0x00000006da800000| Untracked 
| 875|0x00000006dac00000, 0x00000006dac00000, 0x00000006db000000|  0%| F|  |TAMS 0x00000006dac00000, 0x00000006dac00000| Untracked 
| 876|0x00000006db000000, 0x00000006db000000, 0x00000006db400000|  0%| F|  |TAMS 0x00000006db000000, 0x00000006db000000| Untracked 
| 877|0x00000006db400000, 0x00000006db400000, 0x00000006db800000|  0%| F|  |TAMS 0x00000006db400000, 0x00000006db400000| Untracked 
| 878|0x00000006db800000, 0x00000006db800000, 0x00000006dbc00000|  0%| F|  |TAMS 0x00000006db800000, 0x00000006db800000| Untracked 
| 879|0x00000006dbc00000, 0x00000006dbc00000, 0x00000006dc000000|  0%| F|  |TAMS 0x00000006dbc00000, 0x00000006dbc00000| Untracked 
| 880|0x00000006dc000000, 0x00000006dc000000, 0x00000006dc400000|  0%| F|  |TAMS 0x00000006dc000000, 0x00000006dc000000| Untracked 
| 881|0x00000006dc400000, 0x00000006dc400000, 0x00000006dc800000|  0%| F|  |TAMS 0x00000006dc400000, 0x00000006dc400000| Untracked 
| 882|0x00000006dc800000, 0x00000006dc800000, 0x00000006dcc00000|  0%| F|  |TAMS 0x00000006dc800000, 0x00000006dc800000| Untracked 
| 883|0x00000006dcc00000, 0x00000006dcc00000, 0x00000006dd000000|  0%| F|  |TAMS 0x00000006dcc00000, 0x00000006dcc00000| Untracked 
| 884|0x00000006dd000000, 0x00000006dd000000, 0x00000006dd400000|  0%| F|  |TAMS 0x00000006dd000000, 0x00000006dd000000| Untracked 
| 885|0x00000006dd400000, 0x00000006dd400000, 0x00000006dd800000|  0%| F|  |TAMS 0x00000006dd400000, 0x00000006dd400000| Untracked 
| 886|0x00000006dd800000, 0x00000006dd800000, 0x00000006ddc00000|  0%| F|  |TAMS 0x00000006dd800000, 0x00000006dd800000| Untracked 
| 887|0x00000006ddc00000, 0x00000006ddc00000, 0x00000006de000000|  0%| F|  |TAMS 0x00000006ddc00000, 0x00000006ddc00000| Untracked 
| 888|0x00000006de000000, 0x00000006de000000, 0x00000006de400000|  0%| F|  |TAMS 0x00000006de000000, 0x00000006de000000| Untracked 
| 889|0x00000006de400000, 0x00000006de400000, 0x00000006de800000|  0%| F|  |TAMS 0x00000006de400000, 0x00000006de400000| Untracked 
| 890|0x00000006de800000, 0x00000006de800000, 0x00000006dec00000|  0%| F|  |TAMS 0x00000006de800000, 0x00000006de800000| Untracked 
| 891|0x00000006dec00000, 0x00000006dec00000, 0x00000006df000000|  0%| F|  |TAMS 0x00000006dec00000, 0x00000006dec00000| Untracked 
| 892|0x00000006df000000, 0x00000006df000000, 0x00000006df400000|  0%| F|  |TAMS 0x00000006df000000, 0x00000006df000000| Untracked 
| 893|0x00000006df400000, 0x00000006df400000, 0x00000006df800000|  0%| F|  |TAMS 0x00000006df400000, 0x00000006df400000| Untracked 
| 894|0x00000006df800000, 0x00000006df800000, 0x00000006dfc00000|  0%| F|  |TAMS 0x00000006df800000, 0x00000006df800000| Untracked 
| 895|0x00000006dfc00000, 0x00000006dfc00000, 0x00000006e0000000|  0%| F|  |TAMS 0x00000006dfc00000, 0x00000006dfc00000| Untracked 
| 896|0x00000006e0000000, 0x00000006e0000000, 0x00000006e0400000|  0%| F|  |TAMS 0x00000006e0000000, 0x00000006e0000000| Untracked 
| 897|0x00000006e0400000, 0x00000006e0400000, 0x00000006e0800000|  0%| F|  |TAMS 0x00000006e0400000, 0x00000006e0400000| Untracked 
| 898|0x00000006e0800000, 0x00000006e0800000, 0x00000006e0c00000|  0%| F|  |TAMS 0x00000006e0800000, 0x00000006e0800000| Untracked 
| 899|0x00000006e0c00000, 0x00000006e0c00000, 0x00000006e1000000|  0%| F|  |TAMS 0x00000006e0c00000, 0x00000006e0c00000| Untracked 
| 900|0x00000006e1000000, 0x00000006e1000000, 0x00000006e1400000|  0%| F|  |TAMS 0x00000006e1000000, 0x00000006e1000000| Untracked 
| 901|0x00000006e1400000, 0x00000006e1400000, 0x00000006e1800000|  0%| F|  |TAMS 0x00000006e1400000, 0x00000006e1400000| Untracked 
| 902|0x00000006e1800000, 0x00000006e1800000, 0x00000006e1c00000|  0%| F|  |TAMS 0x00000006e1800000, 0x00000006e1800000| Untracked 
| 903|0x00000006e1c00000, 0x00000006e1c00000, 0x00000006e2000000|  0%| F|  |TAMS 0x00000006e1c00000, 0x00000006e1c00000| Untracked 
| 904|0x00000006e2000000, 0x00000006e2000000, 0x00000006e2400000|  0%| F|  |TAMS 0x00000006e2000000, 0x00000006e2000000| Untracked 
| 905|0x00000006e2400000, 0x00000006e2400000, 0x00000006e2800000|  0%| F|  |TAMS 0x00000006e2400000, 0x00000006e2400000| Untracked 
| 906|0x00000006e2800000, 0x00000006e2800000, 0x00000006e2c00000|  0%| F|  |TAMS 0x00000006e2800000, 0x00000006e2800000| Untracked 
| 907|0x00000006e2c00000, 0x00000006e2c00000, 0x00000006e3000000|  0%| F|  |TAMS 0x00000006e2c00000, 0x00000006e2c00000| Untracked 
| 908|0x00000006e3000000, 0x00000006e3000000, 0x00000006e3400000|  0%| F|  |TAMS 0x00000006e3000000, 0x00000006e3000000| Untracked 
| 909|0x00000006e3400000, 0x00000006e3400000, 0x00000006e3800000|  0%| F|  |TAMS 0x00000006e3400000, 0x00000006e3400000| Untracked 
| 910|0x00000006e3800000, 0x00000006e3800000, 0x00000006e3c00000|  0%| F|  |TAMS 0x00000006e3800000, 0x00000006e3800000| Untracked 
| 911|0x00000006e3c00000, 0x00000006e3c00000, 0x00000006e4000000|  0%| F|  |TAMS 0x00000006e3c00000, 0x00000006e3c00000| Untracked 
| 912|0x00000006e4000000, 0x00000006e4000000, 0x00000006e4400000|  0%| F|  |TAMS 0x00000006e4000000, 0x00000006e4000000| Untracked 
| 913|0x00000006e4400000, 0x00000006e4400000, 0x00000006e4800000|  0%| F|  |TAMS 0x00000006e4400000, 0x00000006e4400000| Untracked 
| 914|0x00000006e4800000, 0x00000006e4800000, 0x00000006e4c00000|  0%| F|  |TAMS 0x00000006e4800000, 0x00000006e4800000| Untracked 
| 915|0x00000006e4c00000, 0x00000006e4c00000, 0x00000006e5000000|  0%| F|  |TAMS 0x00000006e4c00000, 0x00000006e4c00000| Untracked 
| 916|0x00000006e5000000, 0x00000006e5000000, 0x00000006e5400000|  0%| F|  |TAMS 0x00000006e5000000, 0x00000006e5000000| Untracked 
| 917|0x00000006e5400000, 0x00000006e5400000, 0x00000006e5800000|  0%| F|  |TAMS 0x00000006e5400000, 0x00000006e5400000| Untracked 
| 918|0x00000006e5800000, 0x00000006e5800000, 0x00000006e5c00000|  0%| F|  |TAMS 0x00000006e5800000, 0x00000006e5800000| Untracked 
| 919|0x00000006e5c00000, 0x00000006e5c00000, 0x00000006e6000000|  0%| F|  |TAMS 0x00000006e5c00000, 0x00000006e5c00000| Untracked 
| 920|0x00000006e6000000, 0x00000006e6000000, 0x00000006e6400000|  0%| F|  |TAMS 0x00000006e6000000, 0x00000006e6000000| Untracked 
| 921|0x00000006e6400000, 0x00000006e6400000, 0x00000006e6800000|  0%| F|  |TAMS 0x00000006e6400000, 0x00000006e6400000| Untracked 
| 922|0x00000006e6800000, 0x00000006e6800000, 0x00000006e6c00000|  0%| F|  |TAMS 0x00000006e6800000, 0x00000006e6800000| Untracked 
| 923|0x00000006e6c00000, 0x00000006e6c00000, 0x00000006e7000000|  0%| F|  |TAMS 0x00000006e6c00000, 0x00000006e6c00000| Untracked 
| 924|0x00000006e7000000, 0x00000006e7000000, 0x00000006e7400000|  0%| F|  |TAMS 0x00000006e7000000, 0x00000006e7000000| Untracked 
| 925|0x00000006e7400000, 0x00000006e7400000, 0x00000006e7800000|  0%| F|  |TAMS 0x00000006e7400000, 0x00000006e7400000| Untracked 
| 926|0x00000006e7800000, 0x00000006e7800000, 0x00000006e7c00000|  0%| F|  |TAMS 0x00000006e7800000, 0x00000006e7800000| Untracked 
| 927|0x00000006e7c00000, 0x00000006e7c00000, 0x00000006e8000000|  0%| F|  |TAMS 0x00000006e7c00000, 0x00000006e7c00000| Untracked 
| 928|0x00000006e8000000, 0x00000006e8000000, 0x00000006e8400000|  0%| F|  |TAMS 0x00000006e8000000, 0x00000006e8000000| Untracked 
| 929|0x00000006e8400000, 0x00000006e8400000, 0x00000006e8800000|  0%| F|  |TAMS 0x00000006e8400000, 0x00000006e8400000| Untracked 
| 930|0x00000006e8800000, 0x00000006e8800000, 0x00000006e8c00000|  0%| F|  |TAMS 0x00000006e8800000, 0x00000006e8800000| Untracked 
| 931|0x00000006e8c00000, 0x00000006e8c00000, 0x00000006e9000000|  0%| F|  |TAMS 0x00000006e8c00000, 0x00000006e8c00000| Untracked 
| 932|0x00000006e9000000, 0x00000006e9000000, 0x00000006e9400000|  0%| F|  |TAMS 0x00000006e9000000, 0x00000006e9000000| Untracked 
| 933|0x00000006e9400000, 0x00000006e9400000, 0x00000006e9800000|  0%| F|  |TAMS 0x00000006e9400000, 0x00000006e9400000| Untracked 
| 934|0x00000006e9800000, 0x00000006e9800000, 0x00000006e9c00000|  0%| F|  |TAMS 0x00000006e9800000, 0x00000006e9800000| Untracked 
|2044|0x00000007ff000000, 0x00000007ff400000, 0x00000007ff400000|100%| O|  |TAMS 0x00000007ff400000, 0x00000007ff000000| Untracked 
|2045|0x00000007ff400000, 0x00000007ff400000, 0x00000007ff800000|  0%| F|  |TAMS 0x00000007ff400000, 0x00000007ff400000| Untracked 
|2046|0x00000007ff800000, 0x00000007ff800000, 0x00000007ffc00000|  0%| F|  |TAMS 0x00000007ff800000, 0x00000007ff800000| Untracked 
|2047|0x00000007ffc00000, 0x00000007ffc00000, 0x0000000800000000|  0%| F|  |TAMS 0x00000007ffc00000, 0x00000007ffc00000| Untracked 

Card table byte_map: [0x000001a0d7de0000,0x000001a0d8de0000] _byte_map_base: 0x000001a0d4de0000

Marking Bits (Prev, Next): (CMBitMap*) 0x000001a0bf717d90, (CMBitMap*) 0x000001a0bf717d50
 Prev Bits: [0x000001a0e1de0000, 0x000001a0e9de0000)
 Next Bits: [0x000001a0d9de0000, 0x000001a0e1de0000)

Polling page: 0x000001a0bf5c0000

Metaspace:

Usage:
  Non-class:    105.99 MB used.
      Class:     15.76 MB used.
       Both:    121.75 MB used.

Virtual space:
  Non-class space:      128.00 MB reserved,     107.38 MB ( 84%) committed,  2 nodes.
      Class space:        1.00 GB reserved,      16.75 MB (  2%) committed,  1 nodes.
             Both:        1.12 GB reserved,     124.12 MB ( 11%) committed. 

Chunk freelists:
   Non-Class:  4.70 MB
       Class:  15.63 MB
        Both:  20.33 MB

MaxMetaspaceSize: unlimited
CompressedClassSpaceSize: 1.00 GB
Initial GC threshold: 21.00 MB
Current GC threshold: 206.81 MB
CDS: on
MetaspaceReclaimPolicy: balanced
 - commit_granule_bytes: 65536.
 - commit_granule_words: 8192.
 - virtual_space_node_default_size: 8388608.
 - enlarge_chunks_in_place: 1.
 - new_chunks_are_fully_committed: 0.
 - uncommit_free_chunks: 1.
 - use_allocation_guard: 0.
 - handle_deallocations: 1.


Internal statistics:

num_allocs_failed_limit: 9.
num_arena_births: 2710.
num_arena_deaths: 1124.
num_vsnodes_births: 3.
num_vsnodes_deaths: 0.
num_space_committed: 1979.
num_space_uncommitted: 0.
num_chunks_returned_to_freelist: 1631.
num_chunks_taken_from_freelist: 7723.
num_chunk_merges: 752.
num_chunk_splits: 5383.
num_chunks_enlarged: 3644.
num_inconsistent_stats: 0.

CodeHeap 'non-profiled nmethods': size=120000Kb used=5631Kb max_used=5631Kb free=114368Kb
 bounds [0x000001a0ceb10000, 0x000001a0cf090000, 0x000001a0d6040000]
CodeHeap 'profiled nmethods': size=120000Kb used=15916Kb max_used=15916Kb free=104083Kb
 bounds [0x000001a0c7040000, 0x000001a0c7fd0000, 0x000001a0ce570000]
CodeHeap 'non-nmethods': size=5760Kb used=1571Kb max_used=1621Kb free=4188Kb
 bounds [0x000001a0ce570000, 0x000001a0ce7e0000, 0x000001a0ceb10000]
 total_blobs=10161 nmethods=9200 adapters=870
 compilation: enabled
              stopped_count=0, restarted_count=0
 full_count=0

Compilation events (20 events):
Event: 178.087 Thread 0x000001a0ea0976c0 10925       3       io.netty.buffer.PoolChunkList::remove (60 bytes)
Event: 178.087 Thread 0x000001a0ea0976c0 nmethod 10925 0x000001a0c7fcde10 code [0x000001a0c7fcdfc0, 0x000001a0c7fce358]
Event: 178.087 Thread 0x000001a0ea08ed00 nmethod 10924 0x000001a0cf08eb10 code [0x000001a0cf08ec80, 0x000001a0cf08ed18]
Event: 178.087 Thread 0x000001a0ea0976c0 10926       1       io.netty.channel.DefaultChannelConfig::getWriteSpinCount (5 bytes)
Event: 178.088 Thread 0x000001a0ea0976c0 nmethod 10926 0x000001a0cf08ee10 code [0x000001a0cf08efa0, 0x000001a0cf08f078]
Event: 178.088 Thread 0x000001a0ea0976c0 10927       3       io.netty.util.ReferenceCountUtil::release (19 bytes)
Event: 178.089 Thread 0x000001a0ea0976c0 nmethod 10927 0x000001a0c7fce510 code [0x000001a0c7fce6e0, 0x000001a0c7fceb28]
Event: 178.089 Thread 0x000001a0ea0976c0 10928       3       io.netty.channel.DefaultChannelPromise::addListener (8 bytes)
Event: 178.089 Thread 0x000001a0ea0976c0 nmethod 10928 0x000001a0c7fcec10 code [0x000001a0c7fceda0, 0x000001a0c7fceee8]
Event: 178.090 Thread 0x000001a0ea0976c0 10929       3       io.netty.channel.ChannelOutboundBuffer::current (16 bytes)
Event: 178.090 Thread 0x000001a0ea0976c0 nmethod 10929 0x000001a0c7fcef90 code [0x000001a0c7fcf120, 0x000001a0c7fcf2b8]
Event: 178.093 Thread 0x000001a0ea08ed00 10930       4       java.io.ObjectInputStream$FieldValues::<init> (217 bytes)
Event: 178.093 Thread 0x000001a0ea0976c0 10931       1       org.apache.spark.executor.ShuffleWriteMetrics::_bytesWritten (5 bytes)
Event: 178.094 Thread 0x000001a0ea0976c0 nmethod 10931 0x000001a0cf08f110 code [0x000001a0cf08f2a0, 0x000001a0cf08f378]
Event: 178.094 Thread 0x000001a0ea0976c0 10932       1       scala.Tuple4::_1 (5 bytes)
Event: 178.094 Thread 0x000001a0ea0976c0 nmethod 10932 0x000001a0cf08f410 code [0x000001a0cf08f5a0, 0x000001a0cf08f678]
Event: 178.094 Thread 0x000001a0ea0976c0 10933       1       scala.Tuple4::_2 (5 bytes)
Event: 178.094 Thread 0x000001a0ea0976c0 nmethod 10933 0x000001a0cf08f710 code [0x000001a0cf08f8a0, 0x000001a0cf08f978]
Event: 178.094 Thread 0x000001a0ea0976c0 10934       1       scala.Tuple4::_3 (5 bytes)
Event: 178.094 Thread 0x000001a0ea0976c0 nmethod 10934 0x000001a0cf08fa10 code [0x000001a0cf08fba0, 0x000001a0cf08fc78]

GC Heap History (20 events):
Event: 106.247 GC heap after
{Heap after GC invocations=47 (full 0):
 garbage-first heap   total 3129344K, used 1439744K [0x0000000600000000, 0x0000000800000000)
  region size 4096K, 5 young (20480K), 5 survivors (20480K)
 Metaspace       used 122617K, committed 124224K, reserved 1179648K
  class space    used 15918K, committed 16640K, reserved 1048576K
}
Event: 106.456 GC heap before
{Heap before GC invocations=47 (full 0):
 garbage-first heap   total 3129344K, used 1906688K [0x0000000600000000, 0x0000000800000000)
  region size 4096K, 120 young (491520K), 5 survivors (20480K)
 Metaspace       used 122927K, committed 124480K, reserved 1179648K
  class space    used 15981K, committed 16704K, reserved 1048576K
}
Event: 106.470 GC heap after
{Heap after GC invocations=48 (full 0):
 garbage-first heap   total 3129344K, used 1528832K [0x0000000600000000, 0x0000000800000000)
  region size 4096K, 15 young (61440K), 15 survivors (61440K)
 Metaspace       used 122927K, committed 124480K, reserved 1179648K
  class space    used 15981K, committed 16704K, reserved 1048576K
}
Event: 107.274 GC heap before
{Heap before GC invocations=48 (full 0):
 garbage-first heap   total 3129344K, used 1995776K [0x0000000600000000, 0x0000000800000000)
  region size 4096K, 79 young (323584K), 15 survivors (61440K)
 Metaspace       used 124842K, committed 126464K, reserved 1179648K
  class space    used 16301K, committed 17024K, reserved 1048576K
}
Event: 107.286 GC heap after
{Heap after GC invocations=49 (full 0):
 garbage-first heap   total 3129344K, used 1542411K [0x0000000600000000, 0x0000000800000000)
  region size 4096K, 16 young (65536K), 16 survivors (65536K)
 Metaspace       used 124842K, committed 126464K, reserved 1179648K
  class space    used 16301K, committed 17024K, reserved 1048576K
}
Event: 167.423 GC heap before
{Heap before GC invocations=49 (full 0):
 garbage-first heap   total 3129344K, used 2267403K [0x0000000600000000, 0x0000000800000000)
  region size 4096K, 167 young (684032K), 16 survivors (65536K)
 Metaspace       used 125346K, committed 127040K, reserved 1179648K
  class space    used 16375K, committed 17152K, reserved 1048576K
}
Event: 167.918 GC heap after
{Heap after GC invocations=50 (full 0):
 garbage-first heap   total 3129344K, used 1925662K [0x0000000600000000, 0x0000000800000000)
  region size 4096K, 21 young (86016K), 21 survivors (86016K)
 Metaspace       used 125346K, committed 127040K, reserved 1179648K
  class space    used 16375K, committed 17152K, reserved 1048576K
}
Event: 168.621 GC heap before
{Heap before GC invocations=50 (full 0):
 garbage-first heap   total 3129344K, used 2253342K [0x0000000600000000, 0x0000000800000000)
  region size 4096K, 100 young (409600K), 21 survivors (86016K)
 Metaspace       used 125348K, committed 127040K, reserved 1179648K
  class space    used 16375K, committed 17152K, reserved 1048576K
}
Event: 168.857 GC heap after
{Heap after GC invocations=51 (full 0):
 garbage-first heap   total 3129344K, used 2096927K [0x0000000600000000, 0x0000000800000000)
  region size 4096K, 13 young (53248K), 13 survivors (53248K)
 Metaspace       used 125348K, committed 127040K, reserved 1179648K
  class space    used 16375K, committed 17152K, reserved 1048576K
}
Event: 169.946 GC heap before
{Heap before GC invocations=51 (full 0):
 garbage-first heap   total 3129344K, used 2428703K [0x0000000600000000, 0x0000000800000000)
  region size 4096K, 94 young (385024K), 13 survivors (53248K)
 Metaspace       used 125348K, committed 127040K, reserved 1179648K
  class space    used 16375K, committed 17152K, reserved 1048576K
}
Event: 170.128 GC heap after
{Heap after GC invocations=52 (full 0):
 garbage-first heap   total 3846144K, used 2289664K [0x0000000600000000, 0x0000000800000000)
  region size 4096K, 12 young (49152K), 12 survivors (49152K)
 Metaspace       used 125348K, committed 127040K, reserved 1179648K
  class space    used 16375K, committed 17152K, reserved 1048576K
}
Event: 175.976 GC heap before
{Heap before GC invocations=53 (full 0):
 garbage-first heap   total 3846144K, used 2437120K [0x0000000600000000, 0x0000000800000000)
  region size 4096K, 133 young (544768K), 12 survivors (49152K)
 Metaspace       used 124446K, committed 127040K, reserved 1179648K
  class space    used 16124K, committed 17152K, reserved 1048576K
}
Event: 177.045 GC heap after
{Heap after GC invocations=54 (full 0):
 garbage-first heap   total 3846144K, used 2101248K [0x0000000600000000, 0x0000000800000000)
  region size 4096K, 17 young (69632K), 17 survivors (69632K)
 Metaspace       used 124446K, committed 127040K, reserved 1179648K
  class space    used 16124K, committed 17152K, reserved 1048576K
}
Event: 177.316 GC heap before
{Heap before GC invocations=54 (full 0):
 garbage-first heap   total 3846144K, used 2215936K [0x0000000600000000, 0x0000000800000000)
  region size 4096K, 46 young (188416K), 17 survivors (69632K)
 Metaspace       used 124475K, committed 127040K, reserved 1179648K
  class space    used 16127K, committed 17152K, reserved 1048576K
}
Event: 177.378 GC heap after
{Heap after GC invocations=55 (full 0):
 garbage-first heap   total 3846144K, used 2134016K [0x0000000600000000, 0x0000000800000000)
  region size 4096K, 6 young (24576K), 6 survivors (24576K)
 Metaspace       used 124475K, committed 127040K, reserved 1179648K
  class space    used 16127K, committed 17152K, reserved 1048576K
}
Event: 177.467 GC heap before
{Heap before GC invocations=55 (full 0):
 garbage-first heap   total 3846144K, used 2293760K [0x0000000600000000, 0x0000000800000000)
  region size 4096K, 46 young (188416K), 6 survivors (24576K)
 Metaspace       used 124483K, committed 127040K, reserved 1179648K
  class space    used 16127K, committed 17152K, reserved 1048576K
}
Event: 177.507 GC heap after
{Heap after GC invocations=56 (full 0):
 garbage-first heap   total 3846144K, used 2186149K [0x0000000600000000, 0x0000000800000000)
  region size 4096K, 6 young (24576K), 6 survivors (24576K)
 Metaspace       used 124483K, committed 127040K, reserved 1179648K
  class space    used 16127K, committed 17152K, reserved 1048576K
}
Event: 177.606 GC heap before
{Heap before GC invocations=56 (full 0):
 garbage-first heap   total 3846144K, used 2407333K [0x0000000600000000, 0x0000000800000000)
  region size 4096K, 59 young (241664K), 6 survivors (24576K)
 Metaspace       used 124517K, committed 127040K, reserved 1179648K
  class space    used 16127K, committed 17152K, reserved 1048576K
}
Event: 177.654 GC heap after
{Heap after GC invocations=57 (full 0):
 garbage-first heap   total 3846144K, used 2264064K [0x0000000600000000, 0x0000000800000000)
  region size 4096K, 8 young (32768K), 8 survivors (32768K)
 Metaspace       used 124517K, committed 127040K, reserved 1179648K
  class space    used 16127K, committed 17152K, reserved 1048576K
}
Event: 178.107 GC heap before
{Heap before GC invocations=57 (full 0):
 garbage-first heap   total 3846144K, used 2714624K [0x0000000600000000, 0x0000000800000000)
  region size 4096K, 73 young (299008K), 8 survivors (32768K)
 Metaspace       used 124671K, committed 127104K, reserved 1179648K
  class space    used 16136K, committed 17152K, reserved 1048576K
}

Deoptimization events (20 events):
Event: 177.384 Thread 0x000001a136639a00 DEOPT PACKING pc=0x000001a0c7f5d869 sp=0x000000455c5fe740
Event: 177.384 Thread 0x000001a136639a00 DEOPT UNPACKING pc=0x000001a0ce5c2b43 sp=0x000000455c5fdbf8 mode 0
Event: 177.388 Thread 0x000001a136639060 DEOPT PACKING pc=0x000001a0c7f5d869 sp=0x000000455c4fe140
Event: 177.388 Thread 0x000001a136639060 DEOPT UNPACKING pc=0x000001a0ce5c2b43 sp=0x000000455c4fd5f8 mode 0
Event: 177.392 Thread 0x000001a136639ed0 DEOPT PACKING pc=0x000001a0c7f5d869 sp=0x000000455c3fe320
Event: 177.392 Thread 0x000001a136639ed0 DEOPT UNPACKING pc=0x000001a0ce5c2b43 sp=0x000000455c3fd7d8 mode 0
Event: 177.397 Thread 0x000001a13c31b030 DEOPT PACKING pc=0x000001a0c7f5d869 sp=0x000000455b7fe370
Event: 177.397 Thread 0x000001a13c31b030 DEOPT UNPACKING pc=0x000001a0ce5c2b43 sp=0x000000455b7fd828 mode 0
Event: 177.399 Thread 0x000001a13663ca20 DEOPT PACKING pc=0x000001a0c7f5d869 sp=0x000000455bafe600
Event: 177.399 Thread 0x000001a13663ca20 DEOPT UNPACKING pc=0x000001a0ce5c2b43 sp=0x000000455bafdab8 mode 0
Event: 177.406 Thread 0x000001a13c319820 DEOPT PACKING pc=0x000001a0c7f5d869 sp=0x000000455b8fe080
Event: 177.406 Thread 0x000001a13c319820 DEOPT UNPACKING pc=0x000001a0ce5c2b43 sp=0x000000455b8fd538 mode 0
Event: 178.076 Thread 0x000001a133786e20 Uncommon trap: trap_request=0xffffff45 fr.pc=0x000001a0cf034314 relative=0x0000000000000274
Event: 178.076 Thread 0x000001a133786e20 Uncommon trap: reason=unstable_if action=reinterpret pc=0x000001a0cf034314 method=java.nio.channels.spi.AbstractInterruptibleChannel.end(Z)V @ 34 c2
Event: 178.076 Thread 0x000001a133786e20 DEOPT PACKING pc=0x000001a0cf034314 sp=0x0000004559bfe810
Event: 178.076 Thread 0x000001a133786e20 DEOPT UNPACKING pc=0x000001a0ce5c23a3 sp=0x0000004559bfe7d8 mode 2
Event: 178.092 Thread 0x000001a13663bbb0 Uncommon trap: trap_request=0xffffff45 fr.pc=0x000001a0cee3499c relative=0x000000000000037c
Event: 178.092 Thread 0x000001a13663bbb0 Uncommon trap: reason=unstable_if action=reinterpret pc=0x000001a0cee3499c method=java.lang.AbstractStringBuilder.setLength(I)V @ 23 c2
Event: 178.092 Thread 0x000001a13663bbb0 DEOPT PACKING pc=0x000001a0cee3499c sp=0x000000455a4fdc40
Event: 178.092 Thread 0x000001a13663bbb0 DEOPT UNPACKING pc=0x000001a0ce5c23a3 sp=0x000000455a4fdc18 mode 2

Classes unloaded (20 events):
Event: 170.703 Thread 0x000001a0ea06d240 Unloading class 0x000001a0eefb9000 'java/lang/invoke/LambdaForm$MH+0x000001a0eefb9000'
Event: 170.703 Thread 0x000001a0ea06d240 Unloading class 0x000001a0eefb8800 'java/lang/invoke/LambdaForm$MH+0x000001a0eefb8800'
Event: 170.703 Thread 0x000001a0ea06d240 Unloading class 0x000001a0eefb8c00 'java/lang/invoke/LambdaForm$MH+0x000001a0eefb8c00'
Event: 170.703 Thread 0x000001a0ea06d240 Unloading class 0x000001a0eefba800 'java/lang/invoke/LambdaForm$MH+0x000001a0eefba800'
Event: 170.704 Thread 0x000001a0ea06d240 Unloading class 0x000001a0eefb8000 'java/lang/invoke/LambdaForm$MH+0x000001a0eefb8000'
Event: 170.704 Thread 0x000001a0ea06d240 Unloading class 0x000001a0eefb8400 'java/lang/invoke/LambdaForm$MH+0x000001a0eefb8400'
Event: 170.704 Thread 0x000001a0ea06d240 Unloading class 0x000001a0eefb7c00 'java/lang/invoke/LambdaForm$MH+0x000001a0eefb7c00'
Event: 170.704 Thread 0x000001a0ea06d240 Unloading class 0x000001a0eefb7800 'java/lang/invoke/LambdaForm$MH+0x000001a0eefb7800'
Event: 170.704 Thread 0x000001a0ea06d240 Unloading class 0x000001a0eefb7000 'java/lang/invoke/LambdaForm$MH+0x000001a0eefb7000'
Event: 170.704 Thread 0x000001a0ea06d240 Unloading class 0x000001a0eefb6c00 'java/lang/invoke/LambdaForm$MH+0x000001a0eefb6c00'
Event: 170.704 Thread 0x000001a0ea06d240 Unloading class 0x000001a0eefb6400 'java/lang/invoke/LambdaForm$MH+0x000001a0eefb6400'
Event: 170.704 Thread 0x000001a0ea06d240 Unloading class 0x000001a0eefb6800 'java/lang/invoke/LambdaForm$MH+0x000001a0eefb6800'
Event: 170.704 Thread 0x000001a0ea06d240 Unloading class 0x000001a0eefb6000 'java/lang/invoke/LambdaForm$MH+0x000001a0eefb6000'
Event: 170.704 Thread 0x000001a0ea06d240 Unloading class 0x000001a0eefb5800 'java/lang/invoke/LambdaForm$MH+0x000001a0eefb5800'
Event: 170.704 Thread 0x000001a0ea06d240 Unloading class 0x000001a0eefb4400 'java/lang/invoke/LambdaForm$MH+0x000001a0eefb4400'
Event: 170.704 Thread 0x000001a0ea06d240 Unloading class 0x000001a0eefb5c00 'java/lang/invoke/LambdaForm$MH+0x000001a0eefb5c00'
Event: 170.704 Thread 0x000001a0ea06d240 Unloading class 0x000001a0eefb5400 'java/lang/invoke/LambdaForm$MH+0x000001a0eefb5400'
Event: 170.704 Thread 0x000001a0ea06d240 Unloading class 0x000001a0eefb5000 'java/lang/invoke/LambdaForm$MH+0x000001a0eefb5000'
Event: 170.704 Thread 0x000001a0ea06d240 Unloading class 0x000001a0eefb4800 'java/lang/invoke/LambdaForm$MH+0x000001a0eefb4800'
Event: 170.704 Thread 0x000001a0ea06d240 Unloading class 0x000001a0eefb4c00 'java/lang/invoke/LambdaForm$MH+0x000001a0eefb4c00'

Classes redefined (0 events):
No events

Internal exceptions (20 events):
Event: 106.577 Thread 0x000001a1351a0bc0 Exception <a 'java/lang/NoSuchMethodError'{0x00000006b8725268}: 'java.lang.Object java.lang.invoke.DirectMethodHandle$Holder.newInvokeSpecial(java.lang.Object, java.lang.Object, java.lang.Object, java.lang.Object, int, java.lang.Object, java.lang.Object)'> (0x00000006b8725268) 
thrown [s\open\src\hotspot\share\interpreter\linkResolver.cpp, line 759]
Event: 106.605 Thread 0x000001a134d776a0 Exception <a 'java/lang/NoSuchMethodError'{0x00000006b82b4320}: 'java.lang.Object java.lang.invoke.DirectMethodHandle$Holder.newInvokeSpecial(java.lang.Object, java.lang.Object, java.lang.Object, long, java.lang.Object, java.lang.Object)'> (0x00000006b82b4320) 
thrown [s\open\src\hotspot\share\interpreter\linkResolver.cpp, line 759]
Event: 106.605 Thread 0x000001a13b127750 Exception <a 'java/lang/NoSuchMethodError'{0x00000006b7e744e8}: 'java.lang.Object java.lang.invoke.DirectMethodHandle$Holder.newInvokeSpecial(java.lang.Object, java.lang.Object, java.lang.Object, long, java.lang.Object, java.lang.Object)'> (0x00000006b7e744e8) 
thrown [s\open\src\hotspot\share\interpreter\linkResolver.cpp, line 759]
Event: 106.605 Thread 0x000001a134d741b0 Exception <a 'java/lang/NoSuchMethodError'{0x00000006b812fc80}: 'java.lang.Object java.lang.invoke.DirectMethodHandle$Holder.newInvokeSpecial(java.lang.Object, java.lang.Object, java.lang.Object, long, java.lang.Object, java.lang.Object)'> (0x00000006b812fc80) 
thrown [s\open\src\hotspot\share\interpreter\linkResolver.cpp, line 759]
Event: 106.606 Thread 0x000001a13b70cad0 Exception <a 'java/lang/NoSuchMethodError'{0x00000006b7de5160}: 'java.lang.Object java.lang.invoke.DirectMethodHandle$Holder.invokeSpecial(java.lang.Object, java.lang.Object, java.lang.Object, java.lang.Object, long, java.lang.Object, java.lang.Object)'> (0x00000006b7de5160) 
thrown [s\open\src\hotspot\share\interpreter\linkResolver.cpp, line 759]
Event: 106.606 Thread 0x000001a13b127750 Exception <a 'java/lang/NoSuchMethodError'{0x00000006b7e784a8}: 'java.lang.Object java.lang.invoke.DirectMethodHandle$Holder.invokeSpecial(java.lang.Object, java.lang.Object, java.lang.Object, java.lang.Object, long, java.lang.Object, java.lang.Object)'> (0x00000006b7e784a8) 
thrown [s\open\src\hotspot\share\interpreter\linkResolver.cpp, line 759]
Event: 106.606 Thread 0x000001a134d741b0 Exception <a 'java/lang/NoSuchMethodError'{0x00000006b8136a40}: 'java.lang.Object java.lang.invoke.Invokers$Holder.linkToTargetMethod(java.lang.Object, java.lang.Object, long, java.lang.Object, java.lang.Object, java.lang.Object)'> (0x00000006b8136a40) 
thrown [s\open\src\hotspot\share\interpreter\linkResolver.cpp, line 759]
Event: 106.606 Thread 0x000001a134d776a0 Exception <a 'java/lang/NoSuchMethodError'{0x00000006b82bb9b8}: 'java.lang.Object java.lang.invoke.Invokers$Holder.linkToTargetMethod(java.lang.Object, java.lang.Object, long, java.lang.Object, java.lang.Object, java.lang.Object)'> (0x00000006b82bb9b8) 
thrown [s\open\src\hotspot\share\interpreter\linkResolver.cpp, line 759]
Event: 106.606 Thread 0x000001a13b70cad0 Exception <a 'java/lang/NoSuchMethodError'{0x00000006b7de8750}: 'java.lang.Object java.lang.invoke.Invokers$Holder.linkToTargetMethod(java.lang.Object, java.lang.Object, long, java.lang.Object, java.lang.Object, java.lang.Object)'> (0x00000006b7de8750) 
thrown [s\open\src\hotspot\share\interpreter\linkResolver.cpp, line 759]
Event: 106.607 Thread 0x000001a13b127750 Exception <a 'java/lang/NoSuchMethodError'{0x00000006b7e7ba98}: 'java.lang.Object java.lang.invoke.Invokers$Holder.linkToTargetMethod(java.lang.Object, java.lang.Object, long, java.lang.Object, java.lang.Object, java.lang.Object)'> (0x00000006b7e7ba98) 
thrown [s\open\src\hotspot\share\interpreter\linkResolver.cpp, line 759]
Event: 106.710 Thread 0x000001a134d776a0 Exception <a 'java/lang/NoSuchMethodError'{0x00000006b8337838}: 'void java.lang.invoke.DirectMethodHandle$Holder.invokeSpecial(java.lang.Object, java.lang.Object, java.lang.Object, java.lang.Object, java.lang.Object, java.lang.Object, java.lang.Object)'> (0x00000006b8337838) 
thrown [s\open\src\hotspot\share\interpreter\linkResolver.cpp, line 759]
Event: 106.890 Thread 0x000001a13b0e9290 Exception <a 'java/lang/NoSuchMethodError'{0x00000006b6f490c0}: 'java.lang.Object java.lang.invoke.DirectMethodHandle$Holder.invokeStatic(java.lang.Object, long, int)'> (0x00000006b6f490c0) 
thrown [s\open\src\hotspot\share\interpreter\linkResolver.cpp, line 759]
Event: 106.948 Thread 0x000001a134d741b0 Implicit null exception at 0x000001a0cf003e34 to 0x000001a0cf005de8
Event: 107.017 Thread 0x000001a13b516030 Exception <a 'java/lang/NoSuchMethodError'{0x00000006b5310e60}: 'java.lang.Object java.lang.invoke.DirectMethodHandle$Holder.invokeStatic(java.lang.Object, java.lang.Object, long, java.lang.Object, java.lang.Object, java.lang.Object)'> (0x00000006b5310e60) 
thrown [s\open\src\hotspot\share\interpreter\linkResolver.cpp, line 759]
Event: 107.018 Thread 0x000001a13b514820 Exception <a 'java/lang/NoSuchMethodError'{0x00000006b539c648}: 'java.lang.Object java.lang.invoke.DirectMethodHandle$Holder.invokeStatic(java.lang.Object, java.lang.Object, long, java.lang.Object, java.lang.Object, java.lang.Object)'> (0x00000006b539c648) 
thrown [s\open\src\hotspot\share\interpreter\linkResolver.cpp, line 759]
Event: 108.184 Thread 0x000001a133786e20 Exception <a 'java/lang/NoSuchMethodError'{0x00000006bddc4a90}: 'java.lang.Object java.lang.invoke.DirectMethodHandle$Holder.newInvokeSpecial(java.lang.Object, java.lang.Object, int, java.lang.Object, int)'> (0x00000006bddc4a90) 
thrown [s\open\src\hotspot\share\interpreter\linkResolver.cpp, line 759]
Event: 108.185 Thread 0x000001a133786e20 Exception <a 'java/lang/NoSuchMethodError'{0x00000006bddcbfd0}: 'java.lang.Object java.lang.invoke.Invokers$Holder.linkToTargetMethod(java.lang.Object, int, java.lang.Object, int, java.lang.Object)'> (0x00000006bddcbfd0) 
thrown [s\open\src\hotspot\share\interpreter\linkResolver.cpp, line 759]
Event: 178.075 Thread 0x000001a133786e20 Exception <a 'java/io/IOException'{0x00000006e75a7408}: Connection reset by peer> (0x00000006e75a7408) 
thrown [s\open\src\hotspot\share\prims\jni.cpp, line 535]
Event: 178.079 Thread 0x000001a133786e20 Exception <a 'java/io/IOException'{0x00000006e75aaad0}: Connection reset by peer> (0x00000006e75aaad0) 
thrown [s\open\src\hotspot\share\prims\jni.cpp, line 535]
Event: 178.086 Thread 0x000001a13663bbb0 Exception <a 'java/io/IOException'{0x00000006d8fa4948}: Connection reset by peer> (0x00000006d8fa4948) 
thrown [s\open\src\hotspot\share\prims\jni.cpp, line 535]

VM Operations (20 events):
Event: 170.129 Executing VM operation: G1CollectForAllocation done
Event: 170.696 Executing VM operation: G1Concurrent
Event: 171.138 Executing VM operation: G1Concurrent done
Event: 171.667 Executing VM operation: G1Concurrent
Event: 171.693 Executing VM operation: G1Concurrent done
Event: 173.690 Executing VM operation: Cleanup
Event: 173.737 Executing VM operation: Cleanup done
Event: 174.740 Executing VM operation: Cleanup
Event: 174.740 Executing VM operation: Cleanup done
Event: 175.742 Executing VM operation: Cleanup
Event: 175.778 Executing VM operation: Cleanup done
Event: 175.975 Executing VM operation: G1CollectForAllocation
Event: 177.060 Executing VM operation: G1CollectForAllocation done
Event: 177.315 Executing VM operation: G1CollectForAllocation
Event: 177.380 Executing VM operation: G1CollectForAllocation done
Event: 177.466 Executing VM operation: G1CollectForAllocation
Event: 177.508 Executing VM operation: G1CollectForAllocation done
Event: 177.594 Executing VM operation: G1CollectForAllocation
Event: 177.656 Executing VM operation: G1CollectForAllocation done
Event: 178.095 Executing VM operation: G1CollectForAllocation

Events (20 events):
Event: 177.981 Thread 0x000001a13b125740 Thread added: 0x000001a13b125740
Event: 177.987 Thread 0x000001a134d78040 Thread added: 0x000001a134d78040
Event: 177.992 Thread 0x000001a134d74680 Thread added: 0x000001a134d74680
Event: 177.996 Thread 0x000001a13b0e80f0 Thread added: 0x000001a13b0e80f0
Event: 178.000 Thread 0x000001a13c31b500 Thread added: 0x000001a13c31b500
Event: 178.007 Thread 0x000001a134d771d0 Thread added: 0x000001a134d771d0
Event: 178.012 Thread 0x000001a134d74b50 Thread added: 0x000001a134d74b50
Event: 178.014 Thread 0x000001a134d724d0 Thread added: 0x000001a134d724d0
Event: 178.025 Thread 0x000001a13c31b9d0 Thread added: 0x000001a13c31b9d0
Event: 178.034 Thread 0x000001a13bcc9cd0 Thread added: 0x000001a13bcc9cd0
Event: 178.036 Thread 0x000001a13bcc7180 Thread added: 0x000001a13bcc7180
Event: 178.043 Thread 0x000001a13b70e2e0 Thread added: 0x000001a13b70e2e0
Event: 178.049 Thread 0x000001a13c318e80 Thread added: 0x000001a13c318e80
Event: 178.059 Thread 0x000001a13bcc7b20 Thread added: 0x000001a13bcc7b20
Event: 178.060 Thread 0x000001a13bcc9330 Thread added: 0x000001a13bcc9330
Event: 178.063 Thread 0x000001a13b5131b0 Thread added: 0x000001a13b5131b0
Event: 178.082 Thread 0x000001a13c319cf0 Thread added: 0x000001a13c319cf0
Event: 178.086 Thread 0x000001a13b512810 Thread added: 0x000001a13b512810
Event: 178.091 Thread 0x000001a13b513b50 Thread added: 0x000001a13b513b50
Event: 178.093 Thread 0x000001a13663bbb0 Thread exited: 0x000001a13663bbb0


Dynamic libraries:
0x00007ff734db0000 - 0x00007ff734dc0000 	C:\Program Files\Java\jdk-17.0.19\bin\java.exe
0x00007ffb82730000 - 0x00007ffb82949000 	C:\Windows\SYSTEM32\ntdll.dll
0x00007ffb803e0000 - 0x00007ffb804a4000 	C:\Windows\System32\KERNEL32.DLL
0x00007ffb7fa90000 - 0x00007ffb7fe59000 	C:\Windows\System32\KERNELBASE.dll
0x00007ffb802c0000 - 0x00007ffb803d1000 	C:\Windows\System32\ucrtbase.dll
0x00007ffb57af0000 - 0x00007ffb57b0e000 	C:\Program Files\Java\jdk-17.0.19\bin\VCRUNTIME140.dll
0x00007ffb57ad0000 - 0x00007ffb57ae9000 	C:\Program Files\Java\jdk-17.0.19\bin\jli.dll
0x00007ffb80a60000 - 0x00007ffb80b11000 	C:\Windows\System32\ADVAPI32.dll
0x00007ffb80880000 - 0x00007ffb80927000 	C:\Windows\System32\msvcrt.dll
0x00007ffb809b0000 - 0x00007ffb80a58000 	C:\Windows\System32\sechost.dll
0x00007ffb80210000 - 0x00007ffb80238000 	C:\Windows\System32\bcrypt.dll
0x00007ffb80d30000 - 0x00007ffb80e47000 	C:\Windows\System32\RPCRT4.dll
0x00007ffb821f0000 - 0x00007ffb823a1000 	C:\Windows\System32\USER32.dll
0x00007ffb5b2b0000 - 0x00007ffb5b54c000 	C:\Windows\WinSxS\amd64_microsoft.windows.common-controls_6595b64144ccf1df_6.0.22621.6931_none_270fd4b77385a2c0\COMCTL32.dll
0x00007ffb7ffa0000 - 0x00007ffb7ffc6000 	C:\Windows\System32\win32u.dll
0x00007ffb804b0000 - 0x00007ffb804d9000 	C:\Windows\System32\GDI32.dll
0x00007ffb800f0000 - 0x00007ffb8020c000 	C:\Windows\System32\gdi32full.dll
0x00007ffb7ffd0000 - 0x00007ffb8006a000 	C:\Windows\System32\msvcp_win.dll
0x00007ffb69d80000 - 0x00007ffb69d8a000 	C:\Windows\SYSTEM32\VERSION.dll
0x00007ffb82540000 - 0x00007ffb82571000 	C:\Windows\System32\IMM32.DLL
0x000001a0bf5d0000 - 0x000001a0bf5e6000 	C:\Windows\System32\umppc20907.dll
0x000001a0bf620000 - 0x000001a0bf634000 	C:\Windows\System32\CsXumd64_20907.dll
0x00007ffb7c2d0000 - 0x00007ffb7c2dc000 	C:\Program Files\Java\jdk-17.0.19\bin\vcruntime140_1.dll
0x00007ffb26460000 - 0x00007ffb264ed000 	C:\Program Files\Java\jdk-17.0.19\bin\msvcp140.dll
0x00007ffaeea50000 - 0x00007ffaef635000 	C:\Program Files\Java\jdk-17.0.19\bin\server\jvm.dll
0x00007ffb80bb0000 - 0x00007ffb80bb8000 	C:\Windows\System32\PSAPI.DLL
0x00007ffb5b5d0000 - 0x00007ffb5b5d9000 	C:\Windows\SYSTEM32\WSOCK32.dll
0x00007ffb81ef0000 - 0x00007ffb81f61000 	C:\Windows\System32\WS2_32.dll
0x00007ffb7be50000 - 0x00007ffb7be84000 	C:\Windows\SYSTEM32\WINMM.dll
0x00007ffb7e720000 - 0x00007ffb7e738000 	C:\Windows\SYSTEM32\kernel.appcore.dll
0x00007ffb67710000 - 0x00007ffb6771a000 	C:\Program Files\Java\jdk-17.0.19\bin\jimage.dll
0x00007ffb7c7c0000 - 0x00007ffb7c9f3000 	C:\Windows\SYSTEM32\DBGHELP.DLL
0x00007ffb804e0000 - 0x00007ffb80871000 	C:\Windows\System32\combase.dll
0x00007ffb81c50000 - 0x00007ffb81d29000 	C:\Windows\System32\OLEAUT32.dll
0x00007ffb6b020000 - 0x00007ffb6b052000 	C:\Windows\SYSTEM32\dbgcore.DLL
0x00007ffb80070000 - 0x00007ffb800eb000 	C:\Windows\System32\bcryptPrimitives.dll
0x00007ffb4c340000 - 0x00007ffb4c366000 	C:\Program Files\Java\jdk-17.0.19\bin\java.dll
0x00007ffb26380000 - 0x00007ffb26457000 	C:\Program Files\Java\jdk-17.0.19\bin\jsvml.dll
0x00007ffb80e50000 - 0x00007ffb816ed000 	C:\Windows\System32\SHELL32.dll
0x00007ffb7fe60000 - 0x00007ffb7ff9f000 	C:\Windows\System32\wintypes.dll
0x00007ffb7d420000 - 0x00007ffb7dd32000 	C:\Windows\SYSTEM32\windows.storage.dll
0x00007ffb825e0000 - 0x00007ffb826e4000 	C:\Windows\System32\SHCORE.dll
0x00007ffb80940000 - 0x00007ffb809a9000 	C:\Windows\System32\shlwapi.dll
0x00007ffb7f790000 - 0x00007ffb7f7b5000 	C:\Windows\SYSTEM32\profapi.dll
0x00007ffb554d0000 - 0x00007ffb554eb000 	C:\Program Files\Java\jdk-17.0.19\bin\net.dll
0x00007ffb7e740000 - 0x00007ffb7e86c000 	C:\Windows\SYSTEM32\WINHTTP.dll
0x00007ffb7ed00000 - 0x00007ffb7ed69000 	C:\Windows\system32\mswsock.dll
0x00007ffb39600000 - 0x00007ffb39616000 	C:\Program Files\Java\jdk-17.0.19\bin\nio.dll
0x00007ffb38f30000 - 0x00007ffb38f48000 	C:\Program Files\Java\jdk-17.0.19\bin\zip.dll
0x00007ffb63df0000 - 0x00007ffb63dfa000 	C:\Program Files\Java\jdk-17.0.19\bin\management.dll
0x00007ffb61630000 - 0x00007ffb6163c000 	C:\Program Files\Java\jdk-17.0.19\bin\management_ext.dll
0x00007ffb53420000 - 0x00007ffb53437000 	C:\Windows\system32\napinsp.dll
0x00007ffb53440000 - 0x00007ffb5345b000 	C:\Windows\system32\pnrpnsp.dll
0x00007ffb7dfc0000 - 0x00007ffb7e0c1000 	C:\Windows\SYSTEM32\DNSAPI.dll
0x00007ffb7df90000 - 0x00007ffb7dfbd000 	C:\Windows\SYSTEM32\IPHLPAPI.DLL
0x00007ffb81b70000 - 0x00007ffb81b79000 	C:\Windows\System32\NSI.dll
0x00007ffb53460000 - 0x00007ffb53471000 	C:\Windows\System32\winrnr.dll
0x00007ffb768c0000 - 0x00007ffb768d5000 	C:\Windows\system32\wshbth.dll
0x00007ffb53330000 - 0x00007ffb53351000 	C:\Windows\system32\nlansp_c.dll
0x00007ffb76c50000 - 0x00007ffb76c5a000 	C:\Windows\System32\rasadhlp.dll
0x00007ffb77830000 - 0x00007ffb778b4000 	C:\Windows\System32\fwpuclnt.dll
0x00007ffb7f0f0000 - 0x00007ffb7f10b000 	C:\Windows\SYSTEM32\CRYPTSP.dll
0x00007ffb7e680000 - 0x00007ffb7e6b7000 	C:\Windows\system32\rsaenh.dll
0x00007ffb7eda0000 - 0x00007ffb7edc8000 	C:\Windows\SYSTEM32\USERENV.dll
0x00007ffb7ef00000 - 0x00007ffb7ef0c000 	C:\Windows\SYSTEM32\CRYPTBASE.dll
0x00007ffb76ef0000 - 0x00007ffb76f09000 	C:\Windows\SYSTEM32\dhcpcsvc6.DLL
0x00007ffb76d50000 - 0x00007ffb76d70000 	C:\Windows\SYSTEM32\dhcpcsvc.DLL
0x00007ffb61330000 - 0x00007ffb61339000 	C:\Program Files\Java\jdk-17.0.19\bin\jaas.dll
0x00007ffb612c0000 - 0x00007ffb612ce000 	C:\Program Files\Java\jdk-17.0.19\bin\sunmscapi.dll
0x00007ffb7f860000 - 0x00007ffb7f9c8000 	C:\Windows\System32\CRYPT32.dll
0x00007ffb7f210000 - 0x00007ffb7f23e000 	C:\Windows\SYSTEM32\ncrypt.dll
0x00007ffb7f1d0000 - 0x00007ffb7f207000 	C:\Windows\SYSTEM32\NTASN1.dll
0x00007ffb5b5c0000 - 0x00007ffb5b5c8000 	C:\Windows\system32\wshunix.dll
0x00007ffb7c2f0000 - 0x00007ffb7c300000 	C:\Program Files\Java\jdk-17.0.19\bin\verify.dll
0x00007ffb191d0000 - 0x00007ffb19218000 	C:\Users\DRT90628\AppData\Local\Temp\liblz4-java-8901289188268012760.dll

dbghelp: loaded successfully - version: 4.0.5 - missing functions: none
symbol engine: initialized successfully - sym options: 0x614 - pdb path: .;C:\Program Files\Java\jdk-17.0.19\bin;C:\Windows\SYSTEM32;C:\Windows\WinSxS\amd64_microsoft.windows.common-controls_6595b64144ccf1df_6.0.22621.6931_none_270fd4b77385a2c0;C:\Program Files\Java\jdk-17.0.19\bin\server;C:\Users\DRT90628\AppData\Local\Temp

VM Arguments:
jvm_args: -Xmx8g -XX:+IgnoreUnrecognizedVMOptions --add-modules=jdk.incubator.vector --add-opens=java.base/java.lang=ALL-UNNAMED --add-opens=java.base/java.lang.invoke=ALL-UNNAMED --add-opens=java.base/java.lang.reflect=ALL-UNNAMED --add-opens=java.base/java.io=ALL-UNNAMED --add-opens=java.base/java.net=ALL-UNNAMED --add-opens=java.base/java.nio=ALL-UNNAMED --add-opens=java.base/java.util=ALL-UNNAMED --add-opens=java.base/java.util.concurrent=ALL-UNNAMED --add-opens=java.base/java.util.concurrent.atomic=ALL-UNNAMED --add-opens=java.base/jdk.internal.ref=ALL-UNNAMED --add-opens=java.base/sun.nio.ch=ALL-UNNAMED --add-opens=java.base/sun.nio.cs=ALL-UNNAMED --add-opens=java.base/sun.security.action=ALL-UNNAMED --add-opens=java.base/sun.util.calendar=ALL-UNNAMED --add-opens=java.security.jgss/sun.security.krb5=ALL-UNNAMED -Dio.netty.tryReflectionSetAccessible=true -Dio.netty.allocator.type=pooled -Dio.netty.handler.ssl.defaultEndpointVerificationAlgorithm=NONE --sun-misc-unsafe-memory-access=allow --enable-native-access=ALL-UNNAMED -Dderby.connection.requireAuthentication=false 
java_command: org.apache.spark.deploy.SparkSubmit --conf spark.executor.memory=8g --conf spark.master=local[*] --conf spark.driver.memory=8g --conf spark.app.name=MeuNotebook --conf spark.driver.bindAddress=127.0.0.1 --conf spark.network.auth.enabled=false --conf spark.driver.host=127.0.0.1 pyspark-shell
java_class_path (initial): C:\Marco Conti\Projetos\mais_einstein\.venv\Lib\site-packages\pyspark\bin\..\conf;C:\Marco Conti\Projetos\mais_einstein\.venv\Lib\site-packages\pyspark\bin\..\jars\slf4j-api-2.0.17.jar;C:\Marco Conti\Projetos\mais_einstein\.venv\Lib\site-packages\pyspark\bin\..\jars\aircompressor-2.0.3.jar;C:\Marco Conti\Projetos\mais_einstein\.venv\Lib\site-packages\pyspark\bin\..\jars\algebra_2.13-2.8.0.jar;C:\Marco Conti\Projetos\mais_einstein\.venv\Lib\site-packages\pyspark\bin\..\jars\antlr-runtime-3.5.2.jar;C:\Marco Conti\Projetos\mais_einstein\.venv\Lib\site-packages\pyspark\bin\..\jars\antlr4-runtime-4.13.1.jar;C:\Marco Conti\Projetos\mais_einstein\.venv\Lib\site-packages\pyspark\bin\..\jars\aopalliance-repackaged-3.0.6.jar;C:\Marco Conti\Projetos\mais_einstein\.venv\Lib\site-packages\pyspark\bin\..\jars\arpack-3.2.0.jar;C:\Marco Conti\Projetos\mais_einstein\.venv\Lib\site-packages\pyspark\bin\..\jars\arpack_combined_all-0.1.jar;C:\Marco Conti\Projetos\mais_einstein\.venv\Lib\site-packages\pyspark\bin\..\jars\arrow-compression-19.0.0.jar;C:\Marco Conti\Projetos\mais_einstein\.venv\Lib\site-packages\pyspark\bin\..\jars\arrow-format-19.0.0.jar;C:\Marco Conti\Projetos\mais_einstein\.venv\Lib\site-packages\pyspark\bin\..\jars\arrow-memory-core-19.0.0.jar;C:\Marco Conti\Projetos\mais_einstein\.venv\Lib\site-packages\pyspark\bin\..\jars\arrow-memory-netty-19.0.0.jar;C:\Marco Conti\Projetos\mais_einstein\.venv\Lib\site-packages\pyspark\bin\..\jars\arrow-memory-netty-buffer-patch-19.0.0.jar;C:\Marco Conti\Projetos\mais_einstein\.venv\Lib\site-packages\pyspark\bin\..\jars\arrow-vector-19.0.0.jar;C:\Marco Conti\Projetos\mais_einstein\.venv\Lib\site-packages\pyspark\bin\..\jars\audience-annotations-0.12.0.jar;C:\Marco Conti\Projetos\mais_einstein\.venv\Lib\site-packages\pyspark\bin\..\jars\avro-1.12.1.jar;C:\Marco Conti\Projetos\mais_einstein\.venv\Lib\site-packages\pyspark\bin\..\jars\avro-ipc-1.12.1.jar;C:\Marco Conti\Projetos\mais_einstein\.venv\Lib\site
Launcher Type: SUN_STANDARD

[Global flags]
     intx CICompilerCount                          = 4                                         {product} {ergonomic}
     uint ConcGCThreads                            = 3                                         {product} {ergonomic}
     uint G1ConcRefinementThreads                  = 11                                        {product} {ergonomic}
   size_t G1HeapRegionSize                         = 4194304                                   {product} {ergonomic}
    uintx GCDrainStackTargetSize                   = 64                                        {product} {ergonomic}
     bool IgnoreUnrecognizedVMOptions              = true                                      {product} {command line}
   size_t InitialHeapSize                          = 260046848                                 {product} {ergonomic}
   size_t MarkStackSize                            = 4194304                                   {product} {ergonomic}
   size_t MaxHeapSize                              = 8589934592                                {product} {command line}
   size_t MaxNewSize                               = 5150605312                                {product} {ergonomic}
   size_t MinHeapDeltaBytes                        = 4194304                                   {product} {ergonomic}
   size_t MinHeapSize                              = 8388608                                   {product} {ergonomic}
    uintx NonNMethodCodeHeapSize                   = 5839372                                {pd product} {ergonomic}
    uintx NonProfiledCodeHeapSize                  = 122909434                              {pd product} {ergonomic}
    uintx ProfiledCodeHeapSize                     = 122909434                              {pd product} {ergonomic}
    uintx ReservedCodeCacheSize                    = 251658240                              {pd product} {ergonomic}
     bool SegmentedCodeCache                       = true                                      {product} {ergonomic}
   size_t SoftMaxHeapSize                          = 8589934592                             {manageable} {ergonomic}
     bool UseCompressedClassPointers               = true                           {product lp64_product} {ergonomic}
     bool UseCompressedOops                        = true                           {product lp64_product} {ergonomic}
     bool UseG1GC                                  = true                                      {product} {ergonomic}
     bool UseLargePagesIndividualAllocation        = false                                  {pd product} {ergonomic}

Logging:
Log output configuration:
 #0: stdout all=warning uptime,level,tags
 #1: stderr all=off uptime,level,tags

Environment Variables:
PATH=c:\Marco Conti\Projetos\mais_einstein\.venv\Scripts;C:\Marco Conti\Projetos\mais_einstein\.venv\Scripts;C:\Program Files\Common Files\Oracle\Java\javapath;C:\Windows\system32;C:\Windows;C:\Windows\System32\Wbem;C:\Windows\System32\WindowsPowerShell\v1.0\;C:\Windows\System32\OpenSSH\;C:\Program Files (x86)\Microsoft SQL Server\160\DTS\Binn\;C:\Users\DRT90628\AppData\Local\Programs\Python\Python311\Scripts\;C:\Users\DRT90628\AppData\Local\Programs\Python\Python311\;C:\Users\DRT90628\AppData\Local\Programs\Python\Launcher\;C:\Users\DRT90628\AppData\Local\Microsoft\WindowsApps;C:\Users\DRT90628\AppData\Local\Programs\Microsoft VS Code\bin;C:\Users\DRT90628\AppData\Local\Python\bin;C:\Users\DRT90628\AppData\Local\Programs\Git\cmd;C:\Users\DRT90628\AppData\Local\Programs\DockerDesktop\resources\bin
USERNAME=DRT90628
OS=Windows_NT
PROCESSOR_IDENTIFIER=Intel64 Family 6 Model 170 Stepping 4, GenuineIntel



---------------  S Y S T E M  ---------------

OS:
 Windows 11 , 64 bit Build 22621 (10.0.22621.7376)
OS uptime: 9 days 3:09 hours
Hyper-V role detected

CPU: total 14 (initial active 14) (7 cores per cpu, 2 threads per core) family 6 model 170 stepping 4 microcode 0x28, cx8, cmov, fxsr, ht, mmx, 3dnowpref, sse, sse2, sse3, ssse3, sse4.1, sse4.2, popcnt, lzcnt, tsc, tscinvbit, avx, avx2, aes, erms, clmul, bmi1, bmi2, adx, sha, fma, vzeroupper, clflush, clflushopt, clwb, hv

Memory: 4k page, system-wide physical 15785M (78M free)
TotalPageFile size 64937M (AvailPageFile size 8M)
current process WorkingSet (physical memory assigned to process): 974M, peak: 2412M
current process commit charge ("private bytes"): 4359M, peak: 5647M

vm_info: Java HotSpot(TM) 64-Bit Server VM (17.0.19+9-LTS-183) for windows-amd64 JRE (17.0.19+9-LTS-183), built on Mar 11 2026 01:59:45 by "mach5run" with MS VC++ 17.13 (VS2022)

END.
