codigo_municipio;nome_municipio;UF_municipio;nome_bioma;grande_regiao
4200051;Abdon Batista;SC;Mata Atlântica;Sul
4200101;Abelardo Luz;SC;Mata Atlântica;Sul
4200200;Agrolândia;SC;Mata Atlântica;Sul
4200309;Agronômica;SC;Mata Atlântica;Sul
4200408;Água Doce;SC;Mata Atlântica;Sul
4200507;Águas de Chapecó;SC;Mata Atlântica;Sul
4200556;Águas Frias;SC;Mata Atlântica;Sul
4200606;Águas Mornas;SC;Mata Atlântica;Sul
4200705;Alfredo Wagner;SC;Mata Atlântica;Sul
4200754;Alto Bela Vista;SC;Mata Atlântica;Sul
4200804;Anchieta;SC;Mata Atlântica;Sul
4200903;Angelina;SC;Mata Atlântica;Sul
4201000;Anita Garibaldi;SC;Mata Atlântica;Sul
4201109;Anitápolis;SC;Mata Atlântica;Sul
4201208;Antônio Carlos;SC;Mata Atlântica;Sul
4201257;Apiúna;SC;Mata Atlântica;Sul
4201273;Arabutã;SC;Mata Atlântica;Sul
4201307;Araquari;SC;Mata Atlântica;Sul
4201406;Araranguá;SC;Mata Atlântica;Sul
4201505;Armazém;SC;Mata Atlântica;Sul
4201604;Arroio Trinta;SC;Mata Atlântica;Sul
4201653;Arvoredo;SC;Mata Atlântica;Sul
4201703;Ascurra;SC;Mata Atlântica;Sul
4201802;Atalanta;SC;Mata Atlântica;Sul
4201901;Aurora;SC;Mata Atlântica;Sul
4201950;Balneário Arroio do Silva;SC;Mata Atlântica;Sul
4202008;Balneário Camboriú;SC;Mata Atlântica;Sul
4202057;Balneário Barra do Sul;SC;Mata Atlântica;Sul
4202073;Balneário Gaivota;SC;Mata Atlântica;Sul
4202081;Bandeirante;SC;Mata Atlântica;Sul
4202099;Barra Bonita;SC;Mata Atlântica;Sul
4202107;Barra Velha;SC;Mata Atlântica;Sul
4202131;Bela Vista do Toldo;SC;Mata Atlântica;Sul
4202156;Belmonte;SC;Mata Atlântica;Sul
4202206;Benedito Novo;SC;Mata Atlântica;Sul
4202305;Biguaçu;SC;Mata Atlântica;Sul
4202404;Blumenau;SC;Mata Atlântica;Sul
4202438;Bocaina do Sul;SC;Mata Atlântica;Sul
4202453;Bombinhas;SC;Mata Atlântica;Sul
4202503;Bom Jardim da Serra;SC;Mata Atlântica;Sul
4202537;Bom Jesus;SC;Mata Atlântica;Sul
4202578;Bom Jesus do Oeste;SC;Mata Atlântica;Sul
4202602;Bom Retiro;SC;Mata Atlântica;Sul
4202701;Botuverá;SC;Mata Atlântica;Sul
4202800;Braço do Norte;SC;Mata Atlântica;Sul
4202859;Braço do Trombudo;SC;Mata Atlântica;Sul
4202875;Brunópolis;SC;Mata Atlântica;Sul
4202909;Brusque;SC;Mata Atlântica;Sul
4203006;Caçador;SC;Mata Atlântica;Sul
4203105;Caibi;SC;Mata Atlântica;Sul
4203154;Calmon;SC;Mata Atlântica;Sul
4203204;Camboriú;SC;Mata Atlântica;Sul
4203253;Capão Alto;SC;Mata Atlântica;Sul
4203303;Campo Alegre;SC;Mata Atlântica;Sul
4203402;Campo Belo do Sul;SC;Mata Atlântica;Sul
4203501;Campo Erê;SC;Mata Atlântica;Sul
4203600;Campos Novos;SC;Mata Atlântica;Sul
4203709;Canelinha;SC;Mata Atlântica;Sul
4203808;Canoinhas;SC;Mata Atlântica;Sul
4203907;Capinzal;SC;Mata Atlântica;Sul
4203956;Capivari de Baixo;SC;Mata Atlântica;Sul
4204004;Catanduvas;SC;Mata Atlântica;Sul
4204103;Caxambu do Sul;SC;Mata Atlântica;Sul
4204152;Celso Ramos;SC;Mata Atlântica;Sul
4204178;Cerro Negro;SC;Mata Atlântica;Sul
4204194;Chapadão do Lageado;SC;Mata Atlântica;Sul
4204202;Chapecó;SC;Mata Atlântica;Sul
4204251;Cocal do Sul;SC;Mata Atlântica;Sul
4204301;Concórdia;SC;Mata Atlântica;Sul
4204350;Cordilheira Alta;SC;Mata Atlântica;Sul
4204400;Coronel Freitas;SC;Mata Atlântica;Sul
4204459;Coronel Martins;SC;Mata Atlântica;Sul
4204509;Corupá;SC;Mata Atlântica;Sul
4204558;Correia Pinto;SC;Mata Atlântica;Sul
4204608;Criciúma;SC;Mata Atlântica;Sul
4204707;Cunha Porã;SC;Mata Atlântica;Sul
4204756;Cunhataí;SC;Mata Atlântica;Sul
4204806;Curitibanos;SC;Mata Atlântica;Sul
4204905;Descanso;SC;Mata Atlântica;Sul
4205001;Dionísio Cerqueira;SC;Mata Atlântica;Sul
4205100;Dona Emma;SC;Mata Atlântica;Sul
4205159;Doutor Pedrinho;SC;Mata Atlântica;Sul
4205175;Entre Rios;SC;Mata Atlântica;Sul
4205191;Ermo;SC;Mata Atlântica;Sul
4205209;Erval Velho;SC;Mata Atlântica;Sul
4205308;Faxinal dos Guedes;SC;Mata Atlântica;Sul
4205357;Flor do Sertão;SC;Mata Atlântica;Sul
4205407;Florianópolis;SC;Mata Atlântica;Sul
4205431;Formosa do Sul;SC;Mata Atlântica;Sul
4205456;Forquilhinha;SC;Mata Atlântica;Sul
4205506;Fraiburgo;SC;Mata Atlântica;Sul
4205555;Frei Rogério;SC;Mata Atlântica;Sul
4205605;Galvão;SC;Mata Atlântica;Sul
4205704;Garopaba;SC;Mata Atlântica;Sul
4205803;Garuva;SC;Mata Atlântica;Sul
4205902;Gaspar;SC;Mata Atlântica;Sul
4206009;Governador Celso Ramos;SC;Mata Atlântica;Sul
4206108;Grão Pará;SC;Mata Atlântica;Sul
4206207;Gravatal;SC;Mata Atlântica;Sul
4206306;Guabiruba;SC;Mata Atlântica;Sul
4206405;Guaraciaba;SC;Mata Atlântica;Sul
4206504;Guaramirim;SC;Mata Atlântica;Sul
4206603;Guarujá do Sul;SC;Mata Atlântica;Sul
4206652;Guatambú;SC;Mata Atlântica;Sul
4206702;Herval d'Oeste;SC;Mata Atlântica;Sul
4206751;Ibiam;SC;Mata Atlântica;Sul
4206801;Ibicaré;SC;Mata Atlântica;Sul
4206900;Ibirama;SC;Mata Atlântica;Sul
4207007;Içara;SC;Mata Atlântica;Sul
4207106;Ilhota;SC;Mata Atlântica;Sul
4207205;Imaruí;SC;Mata Atlântica;Sul
4207304;Imbituba;SC;Mata Atlântica;Sul
4207403;Imbuia;SC;Mata Atlântica;Sul
4207502;Indaial;SC;Mata Atlântica;Sul
4207577;Iomerê;SC;Mata Atlântica;Sul
4207601;Ipira;SC;Mata Atlântica;Sul
4207650;Iporã do Oeste;SC;Mata Atlântica;Sul
4207684;Ipuaçu;SC;Mata Atlântica;Sul
4207700;Ipumirim;SC;Mata Atlântica;Sul
4207759;Iraceminha;SC;Mata Atlântica;Sul
4207809;Irani;SC;Mata Atlântica;Sul
4207858;Irati;SC;Mata Atlântica;Sul
4207908;Irineópolis;SC;Mata Atlântica;Sul
4208005;Itá;SC;Mata Atlântica;Sul
4208104;Itaiópolis;SC;Mata Atlântica;Sul
4208203;Itajaí;SC;Mata Atlântica;Sul
4208302;Itapema;SC;Mata Atlântica;Sul
4208401;Itapiranga;SC;Mata Atlântica;Sul
4208450;Itapoá;SC;Mata Atlântica;Sul
4208500;Ituporanga;SC;Mata Atlântica;Sul
4208609;Jaborá;SC;Mata Atlântica;Sul
4208708;Jacinto Machado;SC;Mata Atlântica;Sul
4208807;Jaguaruna;SC;Mata Atlântica;Sul
4208906;Jaraguá do Sul;SC;Mata Atlântica;Sul
4208955;Jardinópolis;SC;Mata Atlântica;Sul
4209003;Joaçaba;SC;Mata Atlântica;Sul
4209102;Joinville;SC;Mata Atlântica;Sul
4209151;José Boiteux;SC;Mata Atlântica;Sul
4209177;Jupiá;SC;Mata Atlântica;Sul
4209201;Lacerdópolis;SC;Mata Atlântica;Sul
4209300;Lages;SC;Mata Atlântica;Sul
4209409;Laguna;SC;Mata Atlântica;Sul
4209458;Lajeado Grande;SC;Mata Atlântica;Sul
4209508;Laurentino;SC;Mata Atlântica;Sul
4209607;Lauro Müller;SC;Mata Atlântica;Sul
4209706;Lebon Régis;SC;Mata Atlântica;Sul
4209805;Leoberto Leal;SC;Mata Atlântica;Sul
4209854;Lindóia do Sul;SC;Mata Atlântica;Sul
4209904;Lontras;SC;Mata Atlântica;Sul
4210001;Luiz Alves;SC;Mata Atlântica;Sul
4210035;Luzerna;SC;Mata Atlântica;Sul
4210050;Macieira;SC;Mata Atlântica;Sul
4210100;Mafra;SC;Mata Atlântica;Sul
4210209;Major Gercino;SC;Mata Atlântica;Sul
4210308;Major Vieira;SC;Mata Atlântica;Sul
4210407;Maracajá;SC;Mata Atlântica;Sul
4210506;Maravilha;SC;Mata Atlântica;Sul
4210555;Marema;SC;Mata Atlântica;Sul
4210605;Massaranduba;SC;Mata Atlântica;Sul
4210704;Matos Costa;SC;Mata Atlântica;Sul
4210803;Meleiro;SC;Mata Atlântica;Sul
4210852;Mirim Doce;SC;Mata Atlântica;Sul
4210902;Modelo;SC;Mata Atlântica;Sul
4211009;Mondaí;SC;Mata Atlântica;Sul
4211058;Monte Carlo;SC;Mata Atlântica;Sul
4211108;Monte Castelo;SC;Mata Atlântica;Sul
4211207;Morro da Fumaça;SC;Mata Atlântica;Sul
4211256;Morro Grande;SC;Mata Atlântica;Sul
4211306;Navegantes;SC;Mata Atlântica;Sul
4211405;Nova Erechim;SC;Mata Atlântica;Sul
4211454;Nova Itaberaba;SC;Mata Atlântica;Sul
4211504;Nova Trento;SC;Mata Atlântica;Sul
4211603;Nova Veneza;SC;Mata Atlântica;Sul
4211652;Novo Horizonte;SC;Mata Atlântica;Sul
4211702;Orleans;SC;Mata Atlântica;Sul
4211751;Otacílio Costa;SC;Mata Atlântica;Sul
4211801;Ouro;SC;Mata Atlântica;Sul
4211850;Ouro Verde;SC;Mata Atlântica;Sul
4211876;Paial;SC;Mata Atlântica;Sul
4211892;Painel;SC;Mata Atlântica;Sul
4211900;Palhoça;SC;Mata Atlântica;Sul
4212007;Palma Sola;SC;Mata Atlântica;Sul
4212056;Palmeira;SC;Mata Atlântica;Sul
4212106;Palmitos;SC;Mata Atlântica;Sul
4212205;Papanduva;SC;Mata Atlântica;Sul
4212239;Paraíso;SC;Mata Atlântica;Sul
4212254;Passo de Torres;SC;Mata Atlântica;Sul
4212270;Passos Maia;SC;Mata Atlântica;Sul
4212304;Paulo Lopes;SC;Mata Atlântica;Sul
4212403;Pedras Grandes;SC;Mata Atlântica;Sul
4212502;Penha;SC;Mata Atlântica;Sul
4212601;Peritiba;SC;Mata Atlântica;Sul
4212650;Pescaria Brava;SC;Mata Atlântica;Sul
4212700;Petrolândia;SC;Mata Atlântica;Sul
4212809;Balneário Piçarras;SC;Mata Atlântica;Sul
4212908;Pinhalzinho;SC;Mata Atlântica;Sul
4213005;Pinheiro Preto;SC;Mata Atlântica;Sul
4213104;Piratuba;SC;Mata Atlântica;Sul
4213153;Planalto Alegre;SC;Mata Atlântica;Sul
4213203;Pomerode;SC;Mata Atlântica;Sul
4213302;Ponte Alta;SC;Mata Atlântica;Sul
4213351;Ponte Alta do Norte;SC;Mata Atlântica;Sul
4213401;Ponte Serrada;SC;Mata Atlântica;Sul
4213500;Porto Belo;SC;Mata Atlântica;Sul
4213609;Porto União;SC;Mata Atlântica;Sul
4213708;Pouso Redondo;SC;Mata Atlântica;Sul
4213807;Praia Grande;SC;Mata Atlântica;Sul
4213906;Presidente Castello Branco;SC;Mata Atlântica;Sul
4214003;Presidente Getúlio;SC;Mata Atlântica;Sul
4214102;Presidente Nereu;SC;Mata Atlântica;Sul
4214151;Princesa;SC;Mata Atlântica;Sul
4214201;Quilombo;SC;Mata Atlântica;Sul
4214300;Rancho Queimado;SC;Mata Atlântica;Sul
4214409;Rio das Antas;SC;Mata Atlântica;Sul
4214508;Rio do Campo;SC;Mata Atlântica;Sul
4214607;Rio do Oeste;SC;Mata Atlântica;Sul
4214706;Rio dos Cedros;SC;Mata Atlântica;Sul
4214805;Rio do Sul;SC;Mata Atlântica;Sul
4214904;Rio Fortuna;SC;Mata Atlântica;Sul
4215000;Rio Negrinho;SC;Mata Atlântica;Sul
4215059;Rio Rufino;SC;Mata Atlântica;Sul
4215075;Riqueza;SC;Mata Atlântica;Sul
4215109;Rodeio;SC;Mata Atlântica;Sul
4215208;Romelândia;SC;Mata Atlântica;Sul
4215307;Salete;SC;Mata Atlântica;Sul
4215356;Saltinho;SC;Mata Atlântica;Sul
4215406;Salto Veloso;SC;Mata Atlântica;Sul
4215455;Sangão;SC;Mata Atlântica;Sul
4215505;Santa Cecília;SC;Mata Atlântica;Sul
4215554;Santa Helena;SC;Mata Atlântica;Sul
4215604;Santa Rosa de Lima;SC;Mata Atlântica;Sul
4215653;Santa Rosa do Sul;SC;Mata Atlântica;Sul
4215679;Santa Terezinha;SC;Mata Atlântica;Sul
4215687;Santa Terezinha do Progresso;SC;Mata Atlântica;Sul
4215695;Santiago do Sul;SC;Mata Atlântica;Sul
4215703;Santo Amaro da Imperatriz;SC;Mata Atlântica;Sul
4215752;São Bernardino;SC;Mata Atlântica;Sul
4215802;São Bento do Sul;SC;Mata Atlântica;Sul
4215901;São Bonifácio;SC;Mata Atlântica;Sul
4216008;São Carlos;SC;Mata Atlântica;Sul
4216057;São Cristóvão do Sul;SC;Mata Atlântica;Sul
4216107;São Domingos;SC;Mata Atlântica;Sul
4216206;São Francisco do Sul;SC;Mata Atlântica;Sul
4216255;São João do Oeste;SC;Mata Atlântica;Sul
4216305;São João Batista;SC;Mata Atlântica;Sul
4216354;São João do Itaperiú;SC;Mata Atlântica;Sul
4216404;São João do Sul;SC;Mata Atlântica;Sul
4216503;São Joaquim;SC;Mata Atlântica;Sul
4216602;São José;SC;Mata Atlântica;Sul
4216701;São José do Cedro;SC;Mata Atlântica;Sul
4216800;São José do Cerrito;SC;Mata Atlântica;Sul
4216909;São Lourenço do Oeste;SC;Mata Atlântica;Sul
4217006;São Ludgero;SC;Mata Atlântica;Sul
4217105;São Martinho;SC;Mata Atlântica;Sul
4217154;São Miguel da Boa Vista;SC;Mata Atlântica;Sul
4217204;São Miguel do Oeste;SC;Mata Atlântica;Sul
4217253;São Pedro de Alcântara;SC;Mata Atlântica;Sul
4217303;Saudades;SC;Mata Atlântica;Sul
4217402;Schroeder;SC;Mata Atlântica;Sul
4217501;Seara;SC;Mata Atlântica;Sul
4217550;Serra Alta;SC;Mata Atlântica;Sul
4217600;Siderópolis;SC;Mata Atlântica;Sul
4217709;Sombrio;SC;Mata Atlântica;Sul
4217758;Sul Brasil;SC;Mata Atlântica;Sul
4217808;Taió;SC;Mata Atlântica;Sul
4217907;Tangará;SC;Mata Atlântica;Sul
4217956;Tigrinhos;SC;Mata Atlântica;Sul
4218004;Tijucas;SC;Mata Atlântica;Sul
4218103;Timbé do Sul;SC;Mata Atlântica;Sul
4218202;Timbó;SC;Mata Atlântica;Sul
4218251;Timbó Grande;SC;Mata Atlântica;Sul
4218301;Três Barras;SC;Mata Atlântica;Sul
4218350;Treviso;SC;Mata Atlântica;Sul
4218400;Treze de Maio;SC;Mata Atlântica;Sul
4218509;Treze Tílias;SC;Mata Atlântica;Sul
4218608;Trombudo Central;SC;Mata Atlântica;Sul
4218707;Tubarão;SC;Mata Atlântica;Sul
4218756;Tunápolis;SC;Mata Atlântica;Sul
4218806;Turvo;SC;Mata Atlântica;Sul
4218855;União do Oeste;SC;Mata Atlântica;Sul
4218905;Urubici;SC;Mata Atlântica;Sul
4218954;Urupema;SC;Mata Atlântica;Sul
4219002;Urussanga;SC;Mata Atlântica;Sul
4219101;Vargeão;SC;Mata Atlântica;Sul
4219150;Vargem;SC;Mata Atlântica;Sul
4219176;Vargem Bonita;SC;Mata Atlântica;Sul
4219200;Vidal Ramos;SC;Mata Atlântica;Sul
4219309;Videira;SC;Mata Atlântica;Sul
4219358;Vitor Meireles;SC;Mata Atlântica;Sul
4219408;Witmarsum;SC;Mata Atlântica;Sul
4219507;Xanxerê;SC;Mata Atlântica;Sul
4219606;Xavantina;SC;Mata Atlântica;Sul
4219705;Xaxim;SC;Mata Atlântica;Sul
4219853;Zortéa;SC;Mata Atlântica;Sul
4220000;Balneário Rincão;SC;Mata Atlântica;Sul
1100015;Alta Floresta D'Oeste;RO;Amazônia;Norte
1100023;Ariquemes;RO;Amazônia;Norte
1100031;Cabixi;RO;Amazônia;Norte
1100049;Cacoal;RO;Amazônia;Norte
1100056;Cerejeiras;RO;Amazônia;Norte
1100064;Colorado do Oeste;RO;Amazônia;Norte
1100072;Corumbiara;RO;Amazônia;Norte
1100080;Costa Marques;RO;Amazônia;Norte
1100098;Espigão D'Oeste;RO;Amazônia;Norte
1100106;Guajará-Mirim;RO;Amazônia;Norte
1100114;Jaru;RO;Amazônia;Norte
1100122;Ji-Paraná;RO;Amazônia;Norte
1100130;Machadinho D'Oeste;RO;Amazônia;Norte
1100148;Nova Brasilândia D'Oeste;RO;Amazônia;Norte
1100155;Ouro Preto do Oeste;RO;Amazônia;Norte
1100189;Pimenta Bueno;RO;Amazônia;Norte
1100205;Porto Velho;RO;Amazônia;Norte
1100254;Presidente Médici;RO;Amazônia;Norte
1100262;Rio Crespo;RO;Amazônia;Norte
1100288;Rolim de Moura;RO;Amazônia;Norte
1100296;Santa Luzia D'Oeste;RO;Amazônia;Norte
1100304;Vilhena;RO;Amazônia;Norte
1100320;São Miguel do Guaporé;RO;Amazônia;Norte
1100338;Nova Mamoré;RO;Amazônia;Norte
1100346;Alvorada D'Oeste;RO;Amazônia;Norte
1100379;Alto Alegre dos Parecis;RO;Amazônia;Norte
1100403;Alto Paraíso;RO;Amazônia;Norte
1100452;Buritis;RO;Amazônia;Norte
1100502;Novo Horizonte do Oeste;RO;Amazônia;Norte
1100601;Cacaulândia;RO;Amazônia;Norte
1100700;Campo Novo de Rondônia;RO;Amazônia;Norte
1100809;Candeias do Jamari;RO;Amazônia;Norte
1100908;Castanheiras;RO;Amazônia;Norte
1100924;Chupinguaia;RO;Amazônia;Norte
1100940;Cujubim;RO;Amazônia;Norte
1101005;Governador Jorge Teixeira;RO;Amazônia;Norte
1101104;Itapuã do Oeste;RO;Amazônia;Norte
1101203;Ministro Andreazza;RO;Amazônia;Norte
1101302;Mirante da Serra;RO;Amazônia;Norte
1101401;Monte Negro;RO;Amazônia;Norte
1101435;Nova União;RO;Amazônia;Norte
1101450;Parecis;RO;Amazônia;Norte
1101468;Pimenteiras do Oeste;RO;Amazônia;Norte
1101476;Primavera de Rondônia;RO;Amazônia;Norte
1101484;São Felipe D'Oeste;RO;Amazônia;Norte
1101492;São Francisco do Guaporé;RO;Amazônia;Norte
1101500;Seringueiras;RO;Amazônia;Norte
1101559;Teixeirópolis;RO;Amazônia;Norte
1101609;Theobroma;RO;Amazônia;Norte
1101708;Urupá;RO;Amazônia;Norte
1101757;Vale do Anari;RO;Amazônia;Norte
1101807;Vale do Paraíso;RO;Amazônia;Norte
2200053;Acauã;PI;Caatinga;Nordeste
2200103;Agricolândia;PI;Cerrado;Nordeste
2200202;Água Branca;PI;Cerrado;Nordeste
2200251;Alagoinha do Piauí;PI;Caatinga;Nordeste
2200277;Alegrete do Piauí;PI;Caatinga;Nordeste
2200301;Alto Longá;PI;Cerrado;Nordeste
2200400;Altos;PI;Cerrado;Nordeste
2200459;Alvorada do Gurguéia;PI;Caatinga;Nordeste
2200509;Amarante;PI;Cerrado;Nordeste
2200608;Angical do Piauí;PI;Cerrado;Nordeste
2200707;Anísio de Abreu;PI;Caatinga;Nordeste
2200806;Antônio Almeida;PI;Cerrado;Nordeste
2200905;Aroazes;PI;Cerrado;Nordeste
2200954;Aroeiras do Itaim;PI;Caatinga;Nordeste
2201002;Arraial;PI;Caatinga;Nordeste
2201051;Assunção do Piauí;PI;Caatinga;Nordeste
2201101;Avelino Lopes;PI;Caatinga;Nordeste
2201150;Baixa Grande do Ribeiro;PI;Cerrado;Nordeste
2201176;Barra D'Alcântara;PI;Cerrado;Nordeste
2201200;Barras;PI;Cerrado;Nordeste
2201309;Barreiras do Piauí;PI;Cerrado;Nordeste
2201408;Barro Duro;PI;Cerrado;Nordeste
2201507;Batalha;PI;Cerrado;Nordeste
2201556;Bela Vista do Piauí;PI;Caatinga;Nordeste
2201572;Belém do Piauí;PI;Caatinga;Nordeste
2201606;Beneditinos;PI;Cerrado;Nordeste
2201705;Bertolínia;PI;Cerrado;Nordeste
2201739;Betânia do Piauí;PI;Caatinga;Nordeste
2201770;Boa Hora;PI;Cerrado;Nordeste
2201804;Bocaina;PI;Caatinga;Nordeste
2201903;Bom Jesus;PI;Cerrado;Nordeste
2201919;Bom Princípio do Piauí;PI;Caatinga;Nordeste
2201929;Bonfim do Piauí;PI;Caatinga;Nordeste
2201945;Boqueirão do Piauí;PI;Cerrado;Nordeste
2201960;Brasileira;PI;Cerrado;Nordeste
2201988;Brejo do Piauí;PI;Caatinga;Nordeste
2202000;Buriti dos Lopes;PI;Cerrado;Nordeste
2202026;Buriti dos Montes;PI;Caatinga;Nordeste
2202059;Cabeceiras do Piauí;PI;Cerrado;Nordeste
2202075;Cajazeiras do Piauí;PI;Caatinga;Nordeste
2202083;Cajueiro da Praia;PI;Caatinga;Nordeste
2202091;Caldeirão Grande do Piauí;PI;Caatinga;Nordeste
2202109;Campinas do Piauí;PI;Caatinga;Nordeste
2202117;Campo Alegre do Fidalgo;PI;Caatinga;Nordeste
2202133;Campo Grande do Piauí;PI;Caatinga;Nordeste
2202174;Campo Largo do Piauí;PI;Cerrado;Nordeste
2202208;Campo Maior;PI;Cerrado;Nordeste
2202251;Canavieira;PI;Caatinga;Nordeste
2202307;Canto do Buriti;PI;Caatinga;Nordeste
2202406;Capitão de Campos;PI;Cerrado;Nordeste
2202455;Capitão Gervásio Oliveira;PI;Caatinga;Nordeste
2202505;Caracol;PI;Caatinga;Nordeste
2202539;Caraúbas do Piauí;PI;Cerrado;Nordeste
2202554;Caridade do Piauí;PI;Caatinga;Nordeste
2202604;Castelo do Piauí;PI;Cerrado;Nordeste
2202653;Caxingó;PI;Cerrado;Nordeste
2202703;Cocal;PI;Caatinga;Nordeste
2202711;Cocal de Telha;PI;Cerrado;Nordeste
2202729;Cocal dos Alves;PI;Caatinga;Nordeste
2202737;Coivaras;PI;Cerrado;Nordeste
2202752;Colônia do Gurguéia;PI;Caatinga;Nordeste
2202778;Colônia do Piauí;PI;Caatinga;Nordeste
2202802;Conceição do Canindé;PI;Caatinga;Nordeste
2202851;Coronel José Dias;PI;Caatinga;Nordeste
2202901;Corrente;PI;Cerrado;Nordeste
2203008;Cristalândia do Piauí;PI;Cerrado;Nordeste
2203107;Cristino Castro;PI;Cerrado;Nordeste
2203206;Curimatá;PI;Caatinga;Nordeste
2203230;Currais;PI;Cerrado;Nordeste
2203255;Curralinhos;PI;Cerrado;Nordeste
2203271;Curral Novo do Piauí;PI;Caatinga;Nordeste
2203305;Demerval Lobão;PI;Cerrado;Nordeste
2203354;Dirceu Arcoverde;PI;Caatinga;Nordeste
2203404;Dom Expedito Lopes;PI;Caatinga;Nordeste
2203420;Domingos Mourão;PI;Caatinga;Nordeste
2203453;Dom Inocêncio;PI;Caatinga;Nordeste
2203503;Elesbão Veloso;PI;Cerrado;Nordeste
2203602;Eliseu Martins;PI;Caatinga;Nordeste
2203701;Esperantina;PI;Cerrado;Nordeste
2203750;Fartura do Piauí;PI;Caatinga;Nordeste
2203800;Flores do Piauí;PI;Caatinga;Nordeste
2203859;Floresta do Piauí;PI;Caatinga;Nordeste
2203909;Floriano;PI;Cerrado;Nordeste
2204006;Francinópolis;PI;Cerrado;Nordeste
2204105;Francisco Ayres;PI;Caatinga;Nordeste
2204154;Francisco Macedo;PI;Caatinga;Nordeste
2204204;Francisco Santos;PI;Caatinga;Nordeste
2204303;Fronteiras;PI;Caatinga;Nordeste
2204352;Geminiano;PI;Caatinga;Nordeste
2204402;Gilbués;PI;Cerrado;Nordeste
2204501;Guadalupe;PI;Cerrado;Nordeste
2204550;Guaribas;PI;Caatinga;Nordeste
2204600;Hugo Napoleão;PI;Cerrado;Nordeste
2204659;Ilha Grande;PI;Caatinga;Nordeste
2204709;Inhuma;PI;Caatinga;Nordeste
2204808;Ipiranga do Piauí;PI;Caatinga;Nordeste
2204907;Isaías Coelho;PI;Caatinga;Nordeste
2205003;Itainópolis;PI;Caatinga;Nordeste
2205102;Itaueira;PI;Cerrado;Nordeste
2205151;Jacobina do Piauí;PI;Caatinga;Nordeste
2205201;Jaicós;PI;Caatinga;Nordeste
2205250;Jardim do Mulato;PI;Cerrado;Nordeste
2205276;Jatobá do Piauí;PI;Cerrado;Nordeste
2205300;Jerumenha;PI;Cerrado;Nordeste
2205359;João Costa;PI;Caatinga;Nordeste
2205409;Joaquim Pires;PI;Cerrado;Nordeste
2205458;Joca Marques;PI;Cerrado;Nordeste
2205508;José de Freitas;PI;Cerrado;Nordeste
2205516;Juazeiro do Piauí;PI;Cerrado;Nordeste
2205524;Júlio Borges;PI;Caatinga;Nordeste
2205532;Jurema;PI;Caatinga;Nordeste
2205540;Lagoinha do Piauí;PI;Cerrado;Nordeste
2205557;Lagoa Alegre;PI;Cerrado;Nordeste
2205565;Lagoa do Barro do Piauí;PI;Caatinga;Nordeste
2205573;Lagoa de São Francisco;PI;Caatinga;Nordeste
2205581;Lagoa do Piauí;PI;Cerrado;Nordeste
2205599;Lagoa do Sítio;PI;Caatinga;Nordeste
2205607;Landri Sales;PI;Cerrado;Nordeste
2205706;Luís Correia;PI;Caatinga;Nordeste
2205805;Luzilândia;PI;Cerrado;Nordeste
2205854;Madeiro;PI;Cerrado;Nordeste
2205904;Manoel Emídio;PI;Cerrado;Nordeste
2205953;Marcolândia;PI;Caatinga;Nordeste
2206001;Marcos Parente;PI;Cerrado;Nordeste
2206050;Massapê do Piauí;PI;Caatinga;Nordeste
2206100;Matias Olímpio;PI;Cerrado;Nordeste
2206209;Miguel Alves;PI;Cerrado;Nordeste
2206308;Miguel Leão;PI;Cerrado;Nordeste
2206357;Milton Brandão;PI;Caatinga;Nordeste
2206407;Monsenhor Gil;PI;Cerrado;Nordeste
2206506;Monsenhor Hipólito;PI;Caatinga;Nordeste
2206605;Monte Alegre do Piauí;PI;Cerrado;Nordeste
2206654;Morro Cabeça no Tempo;PI;Caatinga;Nordeste
2206670;Morro do Chapéu do Piauí;PI;Cerrado;Nordeste
2206696;Murici dos Portelas;PI;Cerrado;Nordeste
2206704;Nazaré do Piauí;PI;Cerrado;Nordeste
2206720;Nazária;PI;Cerrado;Nordeste
2206753;Nossa Senhora de Nazaré;PI;Cerrado;Nordeste
2206803;Nossa Senhora dos Remédios;PI;Cerrado;Nordeste
2206902;Novo Oriente do Piauí;PI;Cerrado;Nordeste
2206951;Novo Santo Antônio;PI;Cerrado;Nordeste
2207009;Oeiras;PI;Caatinga;Nordeste
2207108;Olho D'Água do Piauí;PI;Cerrado;Nordeste
2207207;Padre Marcos;PI;Caatinga;Nordeste
2207306;Paes Landim;PI;Caatinga;Nordeste
2207355;Pajeú do Piauí;PI;Caatinga;Nordeste
2207405;Palmeira do Piauí;PI;Cerrado;Nordeste
2207504;Palmeirais;PI;Cerrado;Nordeste
2207553;Paquetá;PI;Caatinga;Nordeste
2207603;Parnaguá;PI;Caatinga;Nordeste
2207702;Parnaíba;PI;Caatinga;Nordeste
2207751;Passagem Franca do Piauí;PI;Cerrado;Nordeste
2207777;Patos do Piauí;PI;Caatinga;Nordeste
2207793;Pau D'Arco do Piauí;PI;Cerrado;Nordeste
2207801;Paulistana;PI;Caatinga;Nordeste
2207850;Pavussu;PI;Caatinga;Nordeste
2207900;Pedro II;PI;Caatinga;Nordeste
2207934;Pedro Laurentino;PI;Caatinga;Nordeste
2207959;Nova Santa Rita;PI;Caatinga;Nordeste
2208007;Picos;PI;Caatinga;Nordeste
2208106;Pimenteiras;PI;Caatinga;Nordeste
2208205;Pio IX;PI;Caatinga;Nordeste
2208304;Piracuruca;PI;Cerrado;Nordeste
2208403;Piripiri;PI;Cerrado;Nordeste
2208502;Porto;PI;Cerrado;Nordeste
2208551;Porto Alegre do Piauí;PI;Cerrado;Nordeste
2208601;Prata do Piauí;PI;Cerrado;Nordeste
2208650;Queimada Nova;PI;Caatinga;Nordeste
2208700;Redenção do Gurguéia;PI;Cerrado;Nordeste
2208809;Regeneração;PI;Cerrado;Nordeste
2208858;Riacho Frio;PI;Cerrado;Nordeste
2208874;Ribeira do Piauí;PI;Caatinga;Nordeste
2208908;Ribeiro Gonçalves;PI;Cerrado;Nordeste
2209005;Rio Grande do Piauí;PI;Caatinga;Nordeste
2209104;Santa Cruz do Piauí;PI;Caatinga;Nordeste
2209153;Santa Cruz dos Milagres;PI;Cerrado;Nordeste
2209203;Santa Filomena;PI;Cerrado;Nordeste
2209302;Santa Luz;PI;Cerrado;Nordeste
2209351;Santana do Piauí;PI;Caatinga;Nordeste
2209377;Santa Rosa do Piauí;PI;Caatinga;Nordeste
2209401;Santo Antônio de Lisboa;PI;Caatinga;Nordeste
2209450;Santo Antônio dos Milagres;PI;Cerrado;Nordeste
2209500;Santo Inácio do Piauí;PI;Caatinga;Nordeste
2209559;São Braz do Piauí;PI;Caatinga;Nordeste
2209609;São Félix do Piauí;PI;Cerrado;Nordeste
2209658;São Francisco de Assis do Piauí;PI;Caatinga;Nordeste
2209708;São Francisco do Piauí;PI;Caatinga;Nordeste
2209757;São Gonçalo do Gurguéia;PI;Cerrado;Nordeste
2209807;São Gonçalo do Piauí;PI;Cerrado;Nordeste
2209856;São João da Canabrava;PI;Caatinga;Nordeste
2209872;São João da Fronteira;PI;Caatinga;Nordeste
2209906;São João da Serra;PI;Cerrado;Nordeste
2209955;São João da Varjota;PI;Caatinga;Nordeste
2209971;São João do Arraial;PI;Cerrado;Nordeste
2210003;São João do Piauí;PI;Caatinga;Nordeste
2210052;São José do Divino;PI;Cerrado;Nordeste
2210102;São José do Peixe;PI;Caatinga;Nordeste
2210201;São José do Piauí;PI;Caatinga;Nordeste
2210300;São Julião;PI;Caatinga;Nordeste
2210359;São Lourenço do Piauí;PI;Caatinga;Nordeste
2210375;São Luis do Piauí;PI;Caatinga;Nordeste
2210383;São Miguel da Baixa Grande;PI;Cerrado;Nordeste
2210391;São Miguel do Fidalgo;PI;Caatinga;Nordeste
2210409;São Miguel do Tapuio;PI;Cerrado;Nordeste
2210508;São Pedro do Piauí;PI;Cerrado;Nordeste
2210607;São Raimundo Nonato;PI;Caatinga;Nordeste
2210623;Sebastião Barros;PI;Cerrado;Nordeste
2210631;Sebastião Leal;PI;Cerrado;Nordeste
2210656;Sigefredo Pacheco;PI;Cerrado;Nordeste
2210706;Simões;PI;Caatinga;Nordeste
2210805;Simplício Mendes;PI;Caatinga;Nordeste
2210904;Socorro do Piauí;PI;Caatinga;Nordeste
2210938;Sussuapara;PI;Caatinga;Nordeste
2210953;Tamboril do Piauí;PI;Caatinga;Nordeste
2210979;Tanque do Piauí;PI;Cerrado;Nordeste
2211001;Teresina;PI;Cerrado;Nordeste
2211100;União;PI;Cerrado;Nordeste
2211209;Uruçuí;PI;Cerrado;Nordeste
2211308;Valença do Piauí;PI;Cerrado;Nordeste
2211357;Várzea Branca;PI;Caatinga;Nordeste
2211407;Várzea Grande;PI;Cerrado;Nordeste
2211506;Vera Mendes;PI;Caatinga;Nordeste
2211605;Vila Nova do Piauí;PI;Caatinga;Nordeste
2211704;Wall Ferraz;PI;Caatinga;Nordeste
1300029;Alvarães;AM;Amazônia;Norte
1300060;Amaturá;AM;Amazônia;Norte
1300086;Anamã;AM;Amazônia;Norte
1300102;Anori;AM;Amazônia;Norte
1300144;Apuí;AM;Amazônia;Norte
1300201;Atalaia do Norte;AM;Amazônia;Norte
1300300;Autazes;AM;Amazônia;Norte
1300409;Barcelos;AM;Amazônia;Norte
1300508;Barreirinha;AM;Amazônia;Norte
1300607;Benjamin Constant;AM;Amazônia;Norte
1300631;Beruri;AM;Amazônia;Norte
1300680;Boa Vista do Ramos;AM;Amazônia;Norte
1300706;Boca do Acre;AM;Amazônia;Norte
1300805;Borba;AM;Amazônia;Norte
1300839;Caapiranga;AM;Amazônia;Norte
1300904;Canutama;AM;Amazônia;Norte
1301001;Carauari;AM;Amazônia;Norte
1301100;Careiro;AM;Amazônia;Norte
1301159;Careiro da Várzea;AM;Amazônia;Norte
1301209;Coari;AM;Amazônia;Norte
1301308;Codajás;AM;Amazônia;Norte
1301407;Eirunepé;AM;Amazônia;Norte
1301506;Envira;AM;Amazônia;Norte
1301605;Fonte Boa;AM;Amazônia;Norte
1301654;Guajará;AM;Amazônia;Norte
1301704;Humaitá;AM;Amazônia;Norte
1301803;Ipixuna;AM;Amazônia;Norte
1301852;Iranduba;AM;Amazônia;Norte
1301902;Itacoatiara;AM;Amazônia;Norte
1301951;Itamarati;AM;Amazônia;Norte
1302009;Itapiranga;AM;Amazônia;Norte
1302108;Japurá;AM;Amazônia;Norte
1302207;Juruá;AM;Amazônia;Norte
1302306;Jutaí;AM;Amazônia;Norte
1302405;Lábrea;AM;Amazônia;Norte
1302504;Manacapuru;AM;Amazônia;Norte
1302553;Manaquiri;AM;Amazônia;Norte
1302603;Manaus;AM;Amazônia;Norte
1302702;Manicoré;AM;Amazônia;Norte
1302801;Maraã;AM;Amazônia;Norte
1302900;Maués;AM;Amazônia;Norte
1303007;Nhamundá;AM;Amazônia;Norte
1303106;Nova Olinda do Norte;AM;Amazônia;Norte
1303205;Novo Airão;AM;Amazônia;Norte
1303304;Novo Aripuanã;AM;Amazônia;Norte
1303403;Parintins;AM;Amazônia;Norte
1303502;Pauini;AM;Amazônia;Norte
1303536;Presidente Figueiredo;AM;Amazônia;Norte
1303569;Rio Preto da Eva;AM;Amazônia;Norte
1303601;Santa Isabel do Rio Negro;AM;Amazônia;Norte
1303700;Santo Antônio do Içá;AM;Amazônia;Norte
1303809;São Gabriel da Cachoeira;AM;Amazônia;Norte
1303908;São Paulo de Olivença;AM;Amazônia;Norte
1303957;São Sebastião do Uatumã;AM;Amazônia;Norte
1304005;Silves;AM;Amazônia;Norte
1304062;Tabatinga;AM;Amazônia;Norte
1304104;Tapauá;AM;Amazônia;Norte
1304203;Tefé;AM;Amazônia;Norte
1304237;Tonantins;AM;Amazônia;Norte
1304260;Uarini;AM;Amazônia;Norte
1304302;Urucará;AM;Amazônia;Norte
1304401;Urucurituba;AM;Amazônia;Norte
1400027;Amajari;RR;Amazônia;Norte
1400050;Alto Alegre;RR;Amazônia;Norte
1400100;Boa Vista;RR;Amazônia;Norte
1400159;Bonfim;RR;Amazônia;Norte
1400175;Cantá;RR;Amazônia;Norte
1400209;Caracaraí;RR;Amazônia;Norte
1400233;Caroebe;RR;Amazônia;Norte
1400282;Iracema;RR;Amazônia;Norte
1400308;Mucajaí;RR;Amazônia;Norte
1400407;Normandia;RR;Amazônia;Norte
1400456;Pacaraima;RR;Amazônia;Norte
1400472;Rorainópolis;RR;Amazônia;Norte
1400506;São João da Baliza;RR;Amazônia;Norte
1400605;São Luiz;RR;Amazônia;Norte
1400704;Uiramutã;RR;Amazônia;Norte
5200050;Abadia de Goiás;GO;Cerrado;Centro-Oeste
5200100;Abadiânia;GO;Cerrado;Centro-Oeste
5200134;Acreúna;GO;Cerrado;Centro-Oeste
5200159;Adelândia;GO;Cerrado;Centro-Oeste
5200175;Água Fria de Goiás;GO;Cerrado;Centro-Oeste
5200209;Água Limpa;GO;Mata Atlântica;Centro-Oeste
5200258;Águas Lindas de Goiás;GO;Cerrado;Centro-Oeste
5200308;Alexânia;GO;Cerrado;Centro-Oeste
5200506;Aloândia;GO;Cerrado;Centro-Oeste
5200555;Alto Horizonte;GO;Cerrado;Centro-Oeste
5200605;Alto Paraíso de Goiás;GO;Cerrado;Centro-Oeste
5200803;Alvorada do Norte;GO;Cerrado;Centro-Oeste
5200829;Amaralina;GO;Cerrado;Centro-Oeste
5200852;Americano do Brasil;GO;Cerrado;Centro-Oeste
5200902;Amorinópolis;GO;Cerrado;Centro-Oeste
5201108;Anápolis;GO;Cerrado;Centro-Oeste
5201207;Anhanguera;GO;Cerrado;Centro-Oeste
5201306;Anicuns;GO;Cerrado;Centro-Oeste
5201405;Aparecida de Goiânia;GO;Cerrado;Centro-Oeste
5201454;Aparecida do Rio Doce;GO;Cerrado;Centro-Oeste
5201504;Aporé;GO;Cerrado;Centro-Oeste
5201603;Araçu;GO;Cerrado;Centro-Oeste
5201702;Aragarças;GO;Cerrado;Centro-Oeste
5201801;Aragoiânia;GO;Cerrado;Centro-Oeste
5202155;Araguapaz;GO;Cerrado;Centro-Oeste
5202353;Arenópolis;GO;Cerrado;Centro-Oeste
5202502;Aruanã;GO;Cerrado;Centro-Oeste
5202601;Aurilândia;GO;Cerrado;Centro-Oeste
5202809;Avelinópolis;GO;Cerrado;Centro-Oeste
5203104;Baliza;GO;Cerrado;Centro-Oeste
5203203;Barro Alto;GO;Cerrado;Centro-Oeste
5203302;Bela Vista de Goiás;GO;Cerrado;Centro-Oeste
5203401;Bom Jardim de Goiás;GO;Cerrado;Centro-Oeste
5203500;Bom Jesus de Goiás;GO;Cerrado;Centro-Oeste
5203559;Bonfinópolis;GO;Cerrado;Centro-Oeste
5203575;Bonópolis;GO;Cerrado;Centro-Oeste
5203609;Brazabrantes;GO;Cerrado;Centro-Oeste
5203807;Britânia;GO;Cerrado;Centro-Oeste
5203906;Buriti Alegre;GO;Mata Atlântica;Centro-Oeste
5203939;Buriti de Goiás;GO;Cerrado;Centro-Oeste
5203962;Buritinópolis;GO;Cerrado;Centro-Oeste
5204003;Cabeceiras;GO;Cerrado;Centro-Oeste
5204102;Cachoeira Alta;GO;Cerrado;Centro-Oeste
5204201;Cachoeira de Goiás;GO;Cerrado;Centro-Oeste
5204250;Cachoeira Dourada;GO;Cerrado;Centro-Oeste
5204300;Caçu;GO;Cerrado;Centro-Oeste
5204409;Caiapônia;GO;Cerrado;Centro-Oeste
5204508;Caldas Novas;GO;Cerrado;Centro-Oeste
5204557;Caldazinha;GO;Cerrado;Centro-Oeste
5204607;Campestre de Goiás;GO;Cerrado;Centro-Oeste
5204656;Campinaçu;GO;Cerrado;Centro-Oeste
5204706;Campinorte;GO;Cerrado;Centro-Oeste
5204805;Campo Alegre de Goiás;GO;Cerrado;Centro-Oeste
5204854;Campo Limpo de Goiás;GO;Cerrado;Centro-Oeste
5204904;Campos Belos;GO;Cerrado;Centro-Oeste
5204953;Campos Verdes;GO;Cerrado;Centro-Oeste
5205000;Carmo do Rio Verde;GO;Cerrado;Centro-Oeste
5205059;Castelândia;GO;Cerrado;Centro-Oeste
5205109;Catalão;GO;Cerrado;Centro-Oeste
5205208;Caturaí;GO;Cerrado;Centro-Oeste
5205307;Cavalcante;GO;Cerrado;Centro-Oeste
5205406;Ceres;GO;Cerrado;Centro-Oeste
5205455;Cezarina;GO;Cerrado;Centro-Oeste
5205471;Chapadão do Céu;GO;Cerrado;Centro-Oeste
5205497;Cidade Ocidental;GO;Cerrado;Centro-Oeste
5205513;Cocalzinho de Goiás;GO;Cerrado;Centro-Oeste
5205521;Colinas do Sul;GO;Cerrado;Centro-Oeste
5205703;Córrego do Ouro;GO;Cerrado;Centro-Oeste
5205802;Corumbá de Goiás;GO;Cerrado;Centro-Oeste
5205901;Corumbaíba;GO;Cerrado;Centro-Oeste
5206206;Cristalina;GO;Cerrado;Centro-Oeste
5206305;Cristianópolis;GO;Cerrado;Centro-Oeste
5206404;Crixás;GO;Cerrado;Centro-Oeste
5206503;Cromínia;GO;Cerrado;Centro-Oeste
5206602;Cumari;GO;Cerrado;Centro-Oeste
5206701;Damianópolis;GO;Cerrado;Centro-Oeste
5206800;Damolândia;GO;Cerrado;Centro-Oeste
5206909;Davinópolis;GO;Cerrado;Centro-Oeste
5207105;Diorama;GO;Cerrado;Centro-Oeste
5207253;Doverlândia;GO;Cerrado;Centro-Oeste
5207352;Edealina;GO;Cerrado;Centro-Oeste
5207402;Edéia;GO;Cerrado;Centro-Oeste
5207501;Estrela do Norte;GO;Cerrado;Centro-Oeste
5207535;Faina;GO;Cerrado;Centro-Oeste
5207600;Fazenda Nova;GO;Cerrado;Centro-Oeste
5207808;Firminópolis;GO;Cerrado;Centro-Oeste
5207907;Flores de Goiás;GO;Cerrado;Centro-Oeste
5208004;Formosa;GO;Cerrado;Centro-Oeste
5208103;Formoso;GO;Cerrado;Centro-Oeste
5208152;Gameleira de Goiás;GO;Cerrado;Centro-Oeste
5208301;Divinópolis de Goiás;GO;Cerrado;Centro-Oeste
5208400;Goianápolis;GO;Cerrado;Centro-Oeste
5208509;Goiandira;GO;Cerrado;Centro-Oeste
5208608;Goianésia;GO;Cerrado;Centro-Oeste
5208707;Goiânia;GO;Cerrado;Centro-Oeste
5208806;Goianira;GO;Cerrado;Centro-Oeste
5208905;Goiás;GO;Cerrado;Centro-Oeste
5209101;Goiatuba;GO;Cerrado;Centro-Oeste
5209150;Gouvelândia;GO;Cerrado;Centro-Oeste
5209200;Guapó;GO;Cerrado;Centro-Oeste
5209291;Guaraíta;GO;Cerrado;Centro-Oeste
5209408;Guarani de Goiás;GO;Cerrado;Centro-Oeste
5209457;Guarinos;GO;Cerrado;Centro-Oeste
5209606;Heitoraí;GO;Cerrado;Centro-Oeste
5209705;Hidrolândia;GO;Cerrado;Centro-Oeste
5209804;Hidrolina;GO;Cerrado;Centro-Oeste
5209903;Iaciara;GO;Cerrado;Centro-Oeste
5209937;Inaciolândia;GO;Cerrado;Centro-Oeste
5209952;Indiara;GO;Cerrado;Centro-Oeste
5210000;Inhumas;GO;Cerrado;Centro-Oeste
5210109;Ipameri;GO;Cerrado;Centro-Oeste
5210158;Ipiranga de Goiás;GO;Cerrado;Centro-Oeste
5210208;Iporá;GO;Cerrado;Centro-Oeste
5210307;Israelândia;GO;Cerrado;Centro-Oeste
5210406;Itaberaí;GO;Cerrado;Centro-Oeste
5210562;Itaguari;GO;Cerrado;Centro-Oeste
5210604;Itaguaru;GO;Cerrado;Centro-Oeste
5210802;Itajá;GO;Cerrado;Centro-Oeste
5210901;Itapaci;GO;Cerrado;Centro-Oeste
5211008;Itapirapuã;GO;Cerrado;Centro-Oeste
5211206;Itapuranga;GO;Cerrado;Centro-Oeste
5211305;Itarumã;GO;Cerrado;Centro-Oeste
5211404;Itauçu;GO;Cerrado;Centro-Oeste
5211503;Itumbiara;GO;Cerrado;Centro-Oeste
5211602;Ivolândia;GO;Cerrado;Centro-Oeste
5211701;Jandaia;GO;Cerrado;Centro-Oeste
5211800;Jaraguá;GO;Cerrado;Centro-Oeste
5211909;Jataí;GO;Cerrado;Centro-Oeste
5212006;Jaupaci;GO;Cerrado;Centro-Oeste
5212055;Jesúpolis;GO;Cerrado;Centro-Oeste
5212105;Joviânia;GO;Cerrado;Centro-Oeste
5212204;Jussara;GO;Cerrado;Centro-Oeste
5212253;Lagoa Santa;GO;Cerrado;Centro-Oeste
5212303;Leopoldo de Bulhões;GO;Cerrado;Centro-Oeste
5212501;Luziânia;GO;Cerrado;Centro-Oeste
5212600;Mairipotaba;GO;Cerrado;Centro-Oeste
5212709;Mambaí;GO;Cerrado;Centro-Oeste
5212808;Mara Rosa;GO;Cerrado;Centro-Oeste
5212907;Marzagão;GO;Cerrado;Centro-Oeste
5212956;Matrinchã;GO;Cerrado;Centro-Oeste
5213004;Maurilândia;GO;Cerrado;Centro-Oeste
5213053;Mimoso de Goiás;GO;Cerrado;Centro-Oeste
5213087;Minaçu;GO;Cerrado;Centro-Oeste
5213103;Mineiros;GO;Cerrado;Centro-Oeste
5213400;Moiporá;GO;Cerrado;Centro-Oeste
5213509;Monte Alegre de Goiás;GO;Cerrado;Centro-Oeste
5213707;Montes Claros de Goiás;GO;Cerrado;Centro-Oeste
5213756;Montividiu;GO;Cerrado;Centro-Oeste
5213772;Montividiu do Norte;GO;Cerrado;Centro-Oeste
5213806;Morrinhos;GO;Cerrado;Centro-Oeste
5213855;Morro Agudo de Goiás;GO;Cerrado;Centro-Oeste
5213905;Mossâmedes;GO;Cerrado;Centro-Oeste
5214002;Mozarlândia;GO;Cerrado;Centro-Oeste
5214051;Mundo Novo;GO;Cerrado;Centro-Oeste
5214101;Mutunópolis;GO;Cerrado;Centro-Oeste
5214408;Nazário;GO;Cerrado;Centro-Oeste
5214507;Nerópolis;GO;Cerrado;Centro-Oeste
5214606;Niquelândia;GO;Cerrado;Centro-Oeste
5214705;Nova América;GO;Cerrado;Centro-Oeste
5214804;Nova Aurora;GO;Cerrado;Centro-Oeste
5214838;Nova Crixás;GO;Cerrado;Centro-Oeste
5214861;Nova Glória;GO;Cerrado;Centro-Oeste
5214879;Nova Iguaçu de Goiás;GO;Cerrado;Centro-Oeste
5214903;Nova Roma;GO;Cerrado;Centro-Oeste
5215009;Nova Veneza;GO;Cerrado;Centro-Oeste
5215207;Novo Brasil;GO;Cerrado;Centro-Oeste
5215231;Novo Gama;GO;Cerrado;Centro-Oeste
5215256;Novo Planalto;GO;Cerrado;Centro-Oeste
5215306;Orizona;GO;Cerrado;Centro-Oeste
5215405;Ouro Verde de Goiás;GO;Cerrado;Centro-Oeste
5215504;Ouvidor;GO;Cerrado;Centro-Oeste
5215603;Padre Bernardo;GO;Cerrado;Centro-Oeste
5215652;Palestina de Goiás;GO;Cerrado;Centro-Oeste
5215702;Palmeiras de Goiás;GO;Cerrado;Centro-Oeste
5215801;Palmelo;GO;Cerrado;Centro-Oeste
5215900;Palminópolis;GO;Cerrado;Centro-Oeste
5216007;Panamá;GO;Cerrado;Centro-Oeste
5216304;Paranaiguara;GO;Mata Atlântica;Centro-Oeste
5216403;Paraúna;GO;Cerrado;Centro-Oeste
5216452;Perolândia;GO;Cerrado;Centro-Oeste
5216809;Petrolina de Goiás;GO;Cerrado;Centro-Oeste
5216908;Pilar de Goiás;GO;Cerrado;Centro-Oeste
5217104;Piracanjuba;GO;Cerrado;Centro-Oeste
5217203;Piranhas;GO;Cerrado;Centro-Oeste
5217302;Pirenópolis;GO;Cerrado;Centro-Oeste
5217401;Pires do Rio;GO;Cerrado;Centro-Oeste
5217609;Planaltina;GO;Cerrado;Centro-Oeste
5217708;Pontalina;GO;Cerrado;Centro-Oeste
5218003;Porangatu;GO;Cerrado;Centro-Oeste
5218052;Porteirão;GO;Cerrado;Centro-Oeste
5218102;Portelândia;GO;Cerrado;Centro-Oeste
5218300;Posse;GO;Cerrado;Centro-Oeste
5218391;Professor Jamil;GO;Cerrado;Centro-Oeste
5218508;Quirinópolis;GO;Cerrado;Centro-Oeste
5218607;Rialma;GO;Cerrado;Centro-Oeste
5218706;Rianápolis;GO;Cerrado;Centro-Oeste
5218789;Rio Quente;GO;Cerrado;Centro-Oeste
5218805;Rio Verde;GO;Cerrado;Centro-Oeste
5218904;Rubiataba;GO;Cerrado;Centro-Oeste
5219001;Sanclerlândia;GO;Cerrado;Centro-Oeste
5219100;Santa Bárbara de Goiás;GO;Cerrado;Centro-Oeste
5219209;Santa Cruz de Goiás;GO;Cerrado;Centro-Oeste
5219258;Santa Fé de Goiás;GO;Cerrado;Centro-Oeste
5219308;Santa Helena de Goiás;GO;Cerrado;Centro-Oeste
5219357;Santa Isabel;GO;Cerrado;Centro-Oeste
5219407;Santa Rita do Araguaia;GO;Cerrado;Centro-Oeste
5219456;Santa Rita do Novo Destino;GO;Cerrado;Centro-Oeste
5219506;Santa Rosa de Goiás;GO;Cerrado;Centro-Oeste
5219605;Santa Tereza de Goiás;GO;Cerrado;Centro-Oeste
5219704;Santa Terezinha de Goiás;GO;Cerrado;Centro-Oeste
5219712;Santo Antônio da Barra;GO;Cerrado;Centro-Oeste
5219738;Santo Antônio de Goiás;GO;Cerrado;Centro-Oeste
5219753;Santo Antônio do Descoberto;GO;Cerrado;Centro-Oeste
5219803;São Domingos;GO;Cerrado;Centro-Oeste
5219902;São Francisco de Goiás;GO;Cerrado;Centro-Oeste
5220009;São João d'Aliança;GO;Cerrado;Centro-Oeste
5220058;São João da Paraúna;GO;Cerrado;Centro-Oeste
5220108;São Luís de Montes Belos;GO;Cerrado;Centro-Oeste
5220157;São Luiz do Norte;GO;Cerrado;Centro-Oeste
5220207;São Miguel do Araguaia;GO;Cerrado;Centro-Oeste
5220264;São Miguel do Passa Quatro;GO;Cerrado;Centro-Oeste
5220280;São Patrício;GO;Cerrado;Centro-Oeste
5220405;São Simão;GO;Mata Atlântica;Centro-Oeste
5220454;Senador Canedo;GO;Cerrado;Centro-Oeste
5220504;Serranópolis;GO;Cerrado;Centro-Oeste
5220603;Silvânia;GO;Cerrado;Centro-Oeste
5220686;Simolândia;GO;Cerrado;Centro-Oeste
5220702;Sítio d'Abadia;GO;Cerrado;Centro-Oeste
5221007;Taquaral de Goiás;GO;Cerrado;Centro-Oeste
5221080;Teresina de Goiás;GO;Cerrado;Centro-Oeste
5221197;Terezópolis de Goiás;GO;Cerrado;Centro-Oeste
5221304;Três Ranchos;GO;Cerrado;Centro-Oeste
5221403;Trindade;GO;Cerrado;Centro-Oeste
5221452;Trombas;GO;Cerrado;Centro-Oeste
5221502;Turvânia;GO;Cerrado;Centro-Oeste
5221551;Turvelândia;GO;Cerrado;Centro-Oeste
5221577;Uirapuru;GO;Cerrado;Centro-Oeste
5221601;Uruaçu;GO;Cerrado;Centro-Oeste
5221700;Uruana;GO;Cerrado;Centro-Oeste
5221809;Urutaí;GO;Cerrado;Centro-Oeste
5221858;Valparaíso de Goiás;GO;Cerrado;Centro-Oeste
5221908;Varjão;GO;Cerrado;Centro-Oeste
5222005;Vianópolis;GO;Cerrado;Centro-Oeste
5222054;Vicentinópolis;GO;Cerrado;Centro-Oeste
5222203;Vila Boa;GO;Cerrado;Centro-Oeste
5222302;Vila Propício;GO;Cerrado;Centro-Oeste
1700251;Abreulândia;TO;Cerrado;Norte
1700301;Aguiarnópolis;TO;Cerrado;Norte
1700350;Aliança do Tocantins;TO;Cerrado;Norte
1700400;Almas;TO;Cerrado;Norte
1700707;Alvorada;TO;Cerrado;Norte
1701002;Ananás;TO;Amazônia;Norte
1701051;Angico;TO;Cerrado;Norte
1701101;Aparecida do Rio Negro;TO;Cerrado;Norte
1701309;Aragominas;TO;Amazônia;Norte
1701903;Araguacema;TO;Cerrado;Norte
1702000;Araguaçu;TO;Cerrado;Norte
1702109;Araguaína;TO;Amazônia;Norte
1702158;Araguanã;TO;Amazônia;Norte
1702208;Araguatins;TO;Cerrado;Norte
1702307;Arapoema;TO;Amazônia;Norte
1702406;Arraias;TO;Cerrado;Norte
1702554;Augustinópolis;TO;Amazônia;Norte
1702703;Aurora do Tocantins;TO;Cerrado;Norte
1702901;Axixá do Tocantins;TO;Cerrado;Norte
1703008;Babaçulândia;TO;Cerrado;Norte
1703057;Bandeirantes do Tocantins;TO;Amazônia;Norte
1703073;Barra do Ouro;TO;Cerrado;Norte
1703107;Barrolândia;TO;Cerrado;Norte
1703206;Bernardo Sayão;TO;Amazônia;Norte
1703305;Bom Jesus do Tocantins;TO;Cerrado;Norte
1703602;Brasilândia do Tocantins;TO;Cerrado;Norte
1703701;Brejinho de Nazaré;TO;Cerrado;Norte
1703800;Buriti do Tocantins;TO;Amazônia;Norte
1703826;Cachoeirinha;TO;Cerrado;Norte
1703842;Campos Lindos;TO;Cerrado;Norte
1703867;Cariri do Tocantins;TO;Cerrado;Norte
1703883;Carmolândia;TO;Amazônia;Norte
1703891;Carrasco Bonito;TO;Amazônia;Norte
1703909;Caseara;TO;Cerrado;Norte
1704105;Centenário;TO;Cerrado;Norte
1704600;Chapada de Areia;TO;Cerrado;Norte
1705102;Chapada da Natividade;TO;Cerrado;Norte
1705508;Colinas do Tocantins;TO;Cerrado;Norte
1705557;Combinado;TO;Cerrado;Norte
1705607;Conceição do Tocantins;TO;Cerrado;Norte
1706001;Couto Magalhães;TO;Cerrado;Norte
1706100;Cristalândia;TO;Cerrado;Norte
1706258;Crixás do Tocantins;TO;Cerrado;Norte
1706506;Darcinópolis;TO;Cerrado;Norte
1707009;Dianópolis;TO;Cerrado;Norte
1707108;Divinópolis do Tocantins;TO;Cerrado;Norte
1707207;Dois Irmãos do Tocantins;TO;Cerrado;Norte
1707306;Dueré;TO;Cerrado;Norte
1707405;Esperantina;TO;Amazônia;Norte
1707553;Fátima;TO;Cerrado;Norte
1707652;Figueirópolis;TO;Cerrado;Norte
1707702;Filadélfia;TO;Cerrado;Norte
1708205;Formoso do Araguaia;TO;Cerrado;Norte
1708254;Tabocão;TO;Cerrado;Norte
1708304;Goianorte;TO;Cerrado;Norte
1709005;Goiatins;TO;Cerrado;Norte
1709302;Guaraí;TO;Cerrado;Norte
1709500;Gurupi;TO;Cerrado;Norte
1709807;Ipueiras;TO;Cerrado;Norte
1710508;Itacajá;TO;Cerrado;Norte
1710706;Itaguatins;TO;Cerrado;Norte
1710904;Itapiratins;TO;Cerrado;Norte
1711100;Itaporã do Tocantins;TO;Amazônia;Norte
1711506;Jaú do Tocantins;TO;Cerrado;Norte
1711803;Juarina;TO;Cerrado;Norte
1711902;Lagoa da Confusão;TO;Cerrado;Norte
1711951;Lagoa do Tocantins;TO;Cerrado;Norte
1712009;Lajeado;TO;Cerrado;Norte
1712157;Lavandeira;TO;Cerrado;Norte
1712405;Lizarda;TO;Cerrado;Norte
1712454;Luzinópolis;TO;Cerrado;Norte
1712504;Marianópolis do Tocantins;TO;Cerrado;Norte
1712702;Mateiros;TO;Cerrado;Norte
1712801;Maurilândia do Tocantins;TO;Cerrado;Norte
1713205;Miracema do Tocantins;TO;Cerrado;Norte
1713304;Miranorte;TO;Cerrado;Norte
1713601;Monte do Carmo;TO;Cerrado;Norte
1713700;Monte Santo do Tocantins;TO;Cerrado;Norte
1713809;Palmeiras do Tocantins;TO;Cerrado;Norte
1713957;Muricilândia;TO;Amazônia;Norte
1714203;Natividade;TO;Cerrado;Norte
1714302;Nazaré;TO;Cerrado;Norte
1714880;Nova Olinda;TO;Cerrado;Norte
1715002;Nova Rosalândia;TO;Cerrado;Norte
1715101;Novo Acordo;TO;Cerrado;Norte
1715150;Novo Alegre;TO;Cerrado;Norte
1715259;Novo Jardim;TO;Cerrado;Norte
1715507;Oliveira de Fátima;TO;Cerrado;Norte
1715705;Palmeirante;TO;Cerrado;Norte
1715754;Palmeirópolis;TO;Cerrado;Norte
1716109;Paraíso do Tocantins;TO;Cerrado;Norte
1716208;Paranã;TO;Cerrado;Norte
1716307;Pau D'Arco;TO;Amazônia;Norte
1716505;Pedro Afonso;TO;Cerrado;Norte
1716604;Peixe;TO;Cerrado;Norte
1716653;Pequizeiro;TO;Amazônia;Norte
1716703;Colméia;TO;Amazônia;Norte
1717008;Pindorama do Tocantins;TO;Cerrado;Norte
1717206;Piraquê;TO;Amazônia;Norte
1717503;Pium;TO;Cerrado;Norte
1717800;Ponte Alta do Bom Jesus;TO;Cerrado;Norte
1717909;Ponte Alta do Tocantins;TO;Cerrado;Norte
1718006;Porto Alegre do Tocantins;TO;Cerrado;Norte
1718204;Porto Nacional;TO;Cerrado;Norte
1718303;Praia Norte;TO;Cerrado;Norte
1718402;Presidente Kennedy;TO;Cerrado;Norte
1718451;Pugmil;TO;Cerrado;Norte
1718501;Recursolândia;TO;Cerrado;Norte
1718550;Riachinho;TO;Amazônia;Norte
1718659;Rio da Conceição;TO;Cerrado;Norte
1718709;Rio dos Bois;TO;Cerrado;Norte
1718758;Rio Sono;TO;Cerrado;Norte
1718808;Sampaio;TO;Amazônia;Norte
1718840;Sandolândia;TO;Cerrado;Norte
1718865;Santa Fé do Araguaia;TO;Amazônia;Norte
1718881;Santa Maria do Tocantins;TO;Cerrado;Norte
1718899;Santa Rita do Tocantins;TO;Cerrado;Norte
1718907;Santa Rosa do Tocantins;TO;Cerrado;Norte
1719004;Santa Tereza do Tocantins;TO;Cerrado;Norte
1720002;Santa Terezinha do Tocantins;TO;Cerrado;Norte
1720101;São Bento do Tocantins;TO;Cerrado;Norte
1720150;São Félix do Tocantins;TO;Cerrado;Norte
1720200;São Miguel do Tocantins;TO;Cerrado;Norte
1720259;São Salvador do Tocantins;TO;Cerrado;Norte
1720309;São Sebastião do Tocantins;TO;Amazônia;Norte
1720499;São Valério;TO;Cerrado;Norte
1720655;Silvanópolis;TO;Cerrado;Norte
1720804;Sítio Novo do Tocantins;TO;Cerrado;Norte
1720853;Sucupira;TO;Cerrado;Norte
1720903;Taguatinga;TO;Cerrado;Norte
1720937;Taipas do Tocantins;TO;Cerrado;Norte
1720978;Talismã;TO;Cerrado;Norte
1721000;Palmas;TO;Cerrado;Norte
1721109;Tocantínia;TO;Cerrado;Norte
1721208;Tocantinópolis;TO;Cerrado;Norte
1721257;Tupirama;TO;Cerrado;Norte
1721307;Tupiratins;TO;Cerrado;Norte
1722081;Wanderlândia;TO;Cerrado;Norte
1722107;Xambioá;TO;Amazônia;Norte
5100102;Acorizal;MT;Cerrado;Centro-Oeste
5100201;Água Boa;MT;Cerrado;Centro-Oeste
5100250;Alta Floresta;MT;Amazônia;Centro-Oeste
5100300;Alto Araguaia;MT;Cerrado;Centro-Oeste
5100359;Alto Boa Vista;MT;Amazônia;Centro-Oeste
5100409;Alto Garças;MT;Cerrado;Centro-Oeste
5100508;Alto Paraguai;MT;Cerrado;Centro-Oeste
5100607;Alto Taquari;MT;Cerrado;Centro-Oeste
5100805;Apiacás;MT;Amazônia;Centro-Oeste
5101001;Araguaiana;MT;Cerrado;Centro-Oeste
5101209;Araguainha;MT;Cerrado;Centro-Oeste
5101258;Araputanga;MT;Amazônia;Centro-Oeste
5101308;Arenápolis;MT;Amazônia;Centro-Oeste
5101407;Aripuanã;MT;Amazônia;Centro-Oeste
5101605;Barão de Melgaço;MT;Pantanal;Centro-Oeste
5101704;Barra do Bugres;MT;Amazônia;Centro-Oeste
5101803;Barra do Garças;MT;Cerrado;Centro-Oeste
5101852;Bom Jesus do Araguaia;MT;Amazônia;Centro-Oeste
5101902;Brasnorte;MT;Amazônia;Centro-Oeste
5102504;Cáceres;MT;Pantanal;Centro-Oeste
5102603;Campinápolis;MT;Cerrado;Centro-Oeste
5102637;Campo Novo do Parecis;MT;Cerrado;Centro-Oeste
5102678;Campo Verde;MT;Cerrado;Centro-Oeste
5102686;Campos de Júlio;MT;Cerrado;Centro-Oeste
5102694;Canabrava do Norte;MT;Amazônia;Centro-Oeste
5102702;Canarana;MT;Cerrado;Centro-Oeste
5102793;Carlinda;MT;Amazônia;Centro-Oeste
5102850;Castanheira;MT;Amazônia;Centro-Oeste
5103007;Chapada dos Guimarães;MT;Cerrado;Centro-Oeste
5103056;Cláudia;MT;Amazônia;Centro-Oeste
5103106;Cocalinho;MT;Cerrado;Centro-Oeste
5103205;Colíder;MT;Amazônia;Centro-Oeste
5103254;Colniza;MT;Amazônia;Centro-Oeste
5103304;Comodoro;MT;Cerrado;Centro-Oeste
5103353;Confresa;MT;Amazônia;Centro-Oeste
5103361;Conquista D'Oeste;MT;Amazônia;Centro-Oeste
5103379;Cotriguaçu;MT;Amazônia;Centro-Oeste
5103403;Cuiabá;MT;Cerrado;Centro-Oeste
5103437;Curvelândia;MT;Amazônia;Centro-Oeste
5103452;Denise;MT;Amazônia;Centro-Oeste
5103502;Diamantino;MT;Cerrado;Centro-Oeste
5103601;Dom Aquino;MT;Cerrado;Centro-Oeste
5103700;Feliz Natal;MT;Amazônia;Centro-Oeste
5103809;Figueirópolis D'Oeste;MT;Amazônia;Centro-Oeste
5103858;Gaúcha do Norte;MT;Amazônia;Centro-Oeste
5103908;General Carneiro;MT;Cerrado;Centro-Oeste
5103957;Glória D'Oeste;MT;Amazônia;Centro-Oeste
5104104;Guarantã do Norte;MT;Amazônia;Centro-Oeste
5104203;Guiratinga;MT;Cerrado;Centro-Oeste
5104500;Indiavaí;MT;Amazônia;Centro-Oeste
5104526;Ipiranga do Norte;MT;Amazônia;Centro-Oeste
5104542;Itanhangá;MT;Amazônia;Centro-Oeste
5104559;Itaúba;MT;Amazônia;Centro-Oeste
5104609;Itiquira;MT;Cerrado;Centro-Oeste
5104807;Jaciara;MT;Cerrado;Centro-Oeste
5104906;Jangada;MT;Cerrado;Centro-Oeste
5105002;Jauru;MT;Amazônia;Centro-Oeste
5105101;Juara;MT;Amazônia;Centro-Oeste
5105150;Juína;MT;Amazônia;Centro-Oeste
5105176;Juruena;MT;Amazônia;Centro-Oeste
5105200;Juscimeira;MT;Cerrado;Centro-Oeste
5105234;Lambari D'Oeste;MT;Amazônia;Centro-Oeste
5105259;Lucas do Rio Verde;MT;Cerrado;Centro-Oeste
5105309;Luciara;MT;Cerrado;Centro-Oeste
5105507;Vila Bela da Santíssima Trindade;MT;Amazônia;Centro-Oeste
5105580;Marcelândia;MT;Amazônia;Centro-Oeste
5105606;Matupá;MT;Amazônia;Centro-Oeste
5105622;Mirassol d'Oeste;MT;Amazônia;Centro-Oeste
5105903;Nobres;MT;Cerrado;Centro-Oeste
5106000;Nortelândia;MT;Amazônia;Centro-Oeste
5106109;Nossa Senhora do Livramento;MT;Cerrado;Centro-Oeste
5106158;Nova Bandeirantes;MT;Amazônia;Centro-Oeste
5106174;Nova Nazaré;MT;Cerrado;Centro-Oeste
5106182;Nova Lacerda;MT;Amazônia;Centro-Oeste
5106190;Nova Santa Helena;MT;Amazônia;Centro-Oeste
5106208;Nova Brasilândia;MT;Cerrado;Centro-Oeste
5106216;Nova Canaã do Norte;MT;Amazônia;Centro-Oeste
5106224;Nova Mutum;MT;Cerrado;Centro-Oeste
5106232;Nova Olímpia;MT;Amazônia;Centro-Oeste
5106240;Nova Ubiratã;MT;Amazônia;Centro-Oeste
5106257;Nova Xavantina;MT;Cerrado;Centro-Oeste
5106265;Novo Mundo;MT;Amazônia;Centro-Oeste
5106273;Novo Horizonte do Norte;MT;Amazônia;Centro-Oeste
5106281;Novo São Joaquim;MT;Cerrado;Centro-Oeste
5106299;Paranaíta;MT;Amazônia;Centro-Oeste
5106307;Paranatinga;MT;Cerrado;Centro-Oeste
5106315;Novo Santo Antônio;MT;Cerrado;Centro-Oeste
5106372;Pedra Preta;MT;Cerrado;Centro-Oeste
5106422;Peixoto de Azevedo;MT;Amazônia;Centro-Oeste
5106455;Planalto da Serra;MT;Cerrado;Centro-Oeste
5106505;Poconé;MT;Pantanal;Centro-Oeste
5106653;Pontal do Araguaia;MT;Cerrado;Centro-Oeste
5106703;Ponte Branca;MT;Cerrado;Centro-Oeste
5106752;Pontes e Lacerda;MT;Amazônia;Centro-Oeste
5106778;Porto Alegre do Norte;MT;Amazônia;Centro-Oeste
5106802;Porto dos Gaúchos;MT;Amazônia;Centro-Oeste
5106828;Porto Esperidião;MT;Amazônia;Centro-Oeste
5106851;Porto Estrela;MT;Cerrado;Centro-Oeste
5107008;Poxoréu;MT;Cerrado;Centro-Oeste
5107040;Primavera do Leste;MT;Cerrado;Centro-Oeste
5107065;Querência;MT;Amazônia;Centro-Oeste
5107107;São José dos Quatro Marcos;MT;Amazônia;Centro-Oeste
5107156;Reserva do Cabaçal;MT;Cerrado;Centro-Oeste
5107180;Ribeirão Cascalheira;MT;Cerrado;Centro-Oeste
5107198;Ribeirãozinho;MT;Cerrado;Centro-Oeste
5107206;Rio Branco;MT;Amazônia;Centro-Oeste
5107248;Santa Carmem;MT;Amazônia;Centro-Oeste
5107263;Santo Afonso;MT;Amazônia;Centro-Oeste
5107297;São José do Povo;MT;Cerrado;Centro-Oeste
5107305;São José do Rio Claro;MT;Amazônia;Centro-Oeste
5107354;São José do Xingu;MT;Amazônia;Centro-Oeste
5107404;São Pedro da Cipa;MT;Cerrado;Centro-Oeste
5107578;Rondolândia;MT;Amazônia;Centro-Oeste
5107602;Rondonópolis;MT;Cerrado;Centro-Oeste
5107701;Rosário Oeste;MT;Cerrado;Centro-Oeste
5107743;Santa Cruz do Xingu;MT;Amazônia;Centro-Oeste
5107750;Salto do Céu;MT;Amazônia;Centro-Oeste
5107768;Santa Rita do Trivelato;MT;Cerrado;Centro-Oeste
5107776;Santa Terezinha;MT;Amazônia;Centro-Oeste
5107792;Santo Antônio do Leste;MT;Cerrado;Centro-Oeste
5107800;Santo Antônio do Leverger;MT;Pantanal;Centro-Oeste
5107859;São Félix do Araguaia;MT;Amazônia;Centro-Oeste
5107875;Sapezal;MT;Cerrado;Centro-Oeste
5107883;Serra Nova Dourada;MT;Cerrado;Centro-Oeste
5107909;Sinop;MT;Amazônia;Centro-Oeste
5107925;Sorriso;MT;Cerrado;Centro-Oeste
5107941;Tabaporã;MT;Amazônia;Centro-Oeste
5107958;Tangará da Serra;MT;Cerrado;Centro-Oeste
5108006;Tapurah;MT;Amazônia;Centro-Oeste
5108055;Terra Nova do Norte;MT;Amazônia;Centro-Oeste
5108105;Tesouro;MT;Cerrado;Centro-Oeste
5108204;Torixoréu;MT;Cerrado;Centro-Oeste
5108303;União do Sul;MT;Amazônia;Centro-Oeste
5108352;Vale de São Domingos;MT;Cerrado;Centro-Oeste
5108402;Várzea Grande;MT;Cerrado;Centro-Oeste
5108501;Vera;MT;Amazônia;Centro-Oeste
5108600;Vila Rica;MT;Amazônia;Centro-Oeste
5108808;Nova Guarita;MT;Amazônia;Centro-Oeste
5108857;Nova Marilândia;MT;Amazônia;Centro-Oeste
5108907;Nova Maringá;MT;Amazônia;Centro-Oeste
5108956;Nova Monte Verde;MT;Amazônia;Centro-Oeste
3500105;Adamantina;SP;Mata Atlântica;Sudeste
3500204;Adolfo;SP;Mata Atlântica;Sudeste
3500303;Aguaí;SP;Mata Atlântica;Sudeste
3500402;Águas da Prata;SP;Mata Atlântica;Sudeste
3500501;Águas de Lindóia;SP;Mata Atlântica;Sudeste
3500550;Águas de Santa Bárbara;SP;Cerrado;Sudeste
3500600;Águas de São Pedro;SP;Mata Atlântica;Sudeste
3500709;Agudos;SP;Cerrado;Sudeste
3500758;Alambari;SP;Mata Atlântica;Sudeste
3500808;Alfredo Marcondes;SP;Mata Atlântica;Sudeste
3500907;Altair;SP;Mata Atlântica;Sudeste
3501004;Altinópolis;SP;Cerrado;Sudeste
3501103;Alto Alegre;SP;Mata Atlântica;Sudeste
3501152;Alumínio;SP;Mata Atlântica;Sudeste
3501202;Álvares Florence;SP;Mata Atlântica;Sudeste
3501301;Álvares Machado;SP;Mata Atlântica;Sudeste
3501400;Álvaro de Carvalho;SP;Mata Atlântica;Sudeste
3501509;Alvinlândia;SP;Mata Atlântica;Sudeste
3501608;Americana;SP;Mata Atlântica;Sudeste
3501707;Américo Brasiliense;SP;Cerrado;Sudeste
3501806;Américo de Campos;SP;Mata Atlântica;Sudeste
3501905;Amparo;SP;Mata Atlântica;Sudeste
3502002;Analândia;SP;Cerrado;Sudeste
3502101;Andradina;SP;Mata Atlântica;Sudeste
3502200;Angatuba;SP;Cerrado;Sudeste
3502309;Anhembi;SP;Cerrado;Sudeste
3502408;Anhumas;SP;Mata Atlântica;Sudeste
3502507;Aparecida;SP;Mata Atlântica;Sudeste
3502606;Aparecida d'Oeste;SP;Mata Atlântica;Sudeste
3502705;Apiaí;SP;Mata Atlântica;Sudeste
3502754;Araçariguama;SP;Mata Atlântica;Sudeste
3502804;Araçatuba;SP;Mata Atlântica;Sudeste
3502903;Araçoiaba da Serra;SP;Mata Atlântica;Sudeste
3503000;Aramina;SP;Cerrado;Sudeste
3503109;Arandu;SP;Mata Atlântica;Sudeste
3503158;Arapeí;SP;Mata Atlântica;Sudeste
3503208;Araraquara;SP;Cerrado;Sudeste
3503307;Araras;SP;Mata Atlântica;Sudeste
3503356;Arco-Íris;SP;Mata Atlântica;Sudeste
3503406;Arealva;SP;Cerrado;Sudeste
3503505;Areias;SP;Mata Atlântica;Sudeste
3503604;Areiópolis;SP;Mata Atlântica;Sudeste
3503703;Ariranha;SP;Mata Atlântica;Sudeste
3503802;Artur Nogueira;SP;Mata Atlântica;Sudeste
3503901;Arujá;SP;Mata Atlântica;Sudeste
3503950;Aspásia;SP;Mata Atlântica;Sudeste
3504008;Assis;SP;Cerrado;Sudeste
3504107;Atibaia;SP;Mata Atlântica;Sudeste
3504206;Auriflama;SP;Mata Atlântica;Sudeste
3504305;Avaí;SP;Mata Atlântica;Sudeste
3504404;Avanhandava;SP;Mata Atlântica;Sudeste
3504503;Avaré;SP;Cerrado;Sudeste
3504602;Bady Bassitt;SP;Mata Atlântica;Sudeste
3504701;Balbinos;SP;Mata Atlântica;Sudeste
3504800;Bálsamo;SP;Mata Atlântica;Sudeste
3504909;Bananal;SP;Mata Atlântica;Sudeste
3505005;Barão de Antonina;SP;Mata Atlântica;Sudeste
3505104;Barbosa;SP;Mata Atlântica;Sudeste
3505203;Bariri;SP;Mata Atlântica;Sudeste
3505302;Barra Bonita;SP;Mata Atlântica;Sudeste
3505351;Barra do Chapéu;SP;Mata Atlântica;Sudeste
3505401;Barra do Turvo;SP;Mata Atlântica;Sudeste
3505500;Barretos;SP;Cerrado;Sudeste
3505609;Barrinha;SP;Mata Atlântica;Sudeste
3505708;Barueri;SP;Mata Atlântica;Sudeste
3505807;Bastos;SP;Mata Atlântica;Sudeste
3505906;Batatais;SP;Mata Atlântica;Sudeste
3506003;Bauru;SP;Cerrado;Sudeste
3506102;Bebedouro;SP;Cerrado;Sudeste
3506201;Bento de Abreu;SP;Mata Atlântica;Sudeste
3506300;Bernardino de Campos;SP;Mata Atlântica;Sudeste
3506359;Bertioga;SP;Mata Atlântica;Sudeste
3506409;Bilac;SP;Mata Atlântica;Sudeste
3506508;Birigui;SP;Mata Atlântica;Sudeste
3506607;Biritiba Mirim;SP;Mata Atlântica;Sudeste
3506706;Boa Esperança do Sul;SP;Cerrado;Sudeste
3506805;Bocaina;SP;Mata Atlântica;Sudeste
3506904;Bofete;SP;Cerrado;Sudeste
3507001;Boituva;SP;Mata Atlântica;Sudeste
3507100;Bom Jesus dos Perdões;SP;Mata Atlântica;Sudeste
3507159;Bom Sucesso de Itararé;SP;Mata Atlântica;Sudeste
3507209;Borá;SP;Mata Atlântica;Sudeste
3507308;Boracéia;SP;Mata Atlântica;Sudeste
3507407;Borborema;SP;Mata Atlântica;Sudeste
3507456;Borebi;SP;Cerrado;Sudeste
3507506;Botucatu;SP;Cerrado;Sudeste
3507605;Bragança Paulista;SP;Mata Atlântica;Sudeste
3507704;Braúna;SP;Mata Atlântica;Sudeste
3507753;Brejo Alegre;SP;Mata Atlântica;Sudeste
3507803;Brodowski;SP;Mata Atlântica;Sudeste
3507902;Brotas;SP;Cerrado;Sudeste
3508009;Buri;SP;Mata Atlântica;Sudeste
3508108;Buritama;SP;Mata Atlântica;Sudeste
3508207;Buritizal;SP;Cerrado;Sudeste
3508306;Cabrália Paulista;SP;Cerrado;Sudeste
3508405;Cabreúva;SP;Mata Atlântica;Sudeste
3508504;Caçapava;SP;Mata Atlântica;Sudeste
3508603;Cachoeira Paulista;SP;Mata Atlântica;Sudeste
3508702;Caconde;SP;Mata Atlântica;Sudeste
3508801;Cafelândia;SP;Mata Atlântica;Sudeste
3508900;Caiabu;SP;Mata Atlântica;Sudeste
3509007;Caieiras;SP;Mata Atlântica;Sudeste
3509106;Caiuá;SP;Mata Atlântica;Sudeste
3509205;Cajamar;SP;Mata Atlântica;Sudeste
3509254;Cajati;SP;Mata Atlântica;Sudeste
3509304;Cajobi;SP;Mata Atlântica;Sudeste
3509403;Cajuru;SP;Cerrado;Sudeste
3509452;Campina do Monte Alegre;SP;Cerrado;Sudeste
3509502;Campinas;SP;Mata Atlântica;Sudeste
3509601;Campo Limpo Paulista;SP;Mata Atlântica;Sudeste
3509700;Campos do Jordão;SP;Mata Atlântica;Sudeste
3509809;Campos Novos Paulista;SP;Cerrado;Sudeste
3509908;Cananéia;SP;Mata Atlântica;Sudeste
3509957;Canas;SP;Mata Atlântica;Sudeste
3510005;Cândido Mota;SP;Mata Atlântica;Sudeste
3510104;Cândido Rodrigues;SP;Mata Atlântica;Sudeste
3510153;Canitar;SP;Mata Atlântica;Sudeste
3510203;Capão Bonito;SP;Mata Atlântica;Sudeste
3510302;Capela do Alto;SP;Mata Atlântica;Sudeste
3510401;Capivari;SP;Mata Atlântica;Sudeste
3510500;Caraguatatuba;SP;Mata Atlântica;Sudeste
3510609;Carapicuíba;SP;Mata Atlântica;Sudeste
3510708;Cardoso;SP;Mata Atlântica;Sudeste
3510807;Casa Branca;SP;Mata Atlântica;Sudeste
3510906;Cássia dos Coqueiros;SP;Cerrado;Sudeste
3511003;Castilho;SP;Mata Atlântica;Sudeste
3511102;Catanduva;SP;Mata Atlântica;Sudeste
3511201;Catiguá;SP;Mata Atlântica;Sudeste
3511300;Cedral;SP;Mata Atlântica;Sudeste
3511409;Cerqueira César;SP;Cerrado;Sudeste
3511508;Cerquilho;SP;Mata Atlântica;Sudeste
3511607;Cesário Lange;SP;Mata Atlântica;Sudeste
3511706;Charqueada;SP;Cerrado;Sudeste
3511904;Clementina;SP;Mata Atlântica;Sudeste
3512001;Colina;SP;Cerrado;Sudeste
3512100;Colômbia;SP;Cerrado;Sudeste
3512209;Conchal;SP;Cerrado;Sudeste
3512308;Conchas;SP;Mata Atlântica;Sudeste
3512407;Cordeirópolis;SP;Mata Atlântica;Sudeste
3512506;Coroados;SP;Mata Atlântica;Sudeste
3512605;Coronel Macedo;SP;Mata Atlântica;Sudeste
3512704;Corumbataí;SP;Mata Atlântica;Sudeste
3512803;Cosmópolis;SP;Mata Atlântica;Sudeste
3512902;Cosmorama;SP;Mata Atlântica;Sudeste
3513009;Cotia;SP;Mata Atlântica;Sudeste
3513108;Cravinhos;SP;Mata Atlântica;Sudeste
3513207;Cristais Paulista;SP;Mata Atlântica;Sudeste
3513306;Cruzália;SP;Mata Atlântica;Sudeste
3513405;Cruzeiro;SP;Mata Atlântica;Sudeste
3513504;Cubatão;SP;Mata Atlântica;Sudeste
3513603;Cunha;SP;Mata Atlântica;Sudeste
3513702;Descalvado;SP;Cerrado;Sudeste
3513801;Diadema;SP;Mata Atlântica;Sudeste
3513850;Dirce Reis;SP;Mata Atlântica;Sudeste
3513900;Divinolândia;SP;Mata Atlântica;Sudeste
3514007;Dobrada;SP;Mata Atlântica;Sudeste
3514106;Dois Córregos;SP;Mata Atlântica;Sudeste
3514205;Dolcinópolis;SP;Mata Atlântica;Sudeste
3514304;Dourado;SP;Mata Atlântica;Sudeste
3514403;Dracena;SP;Mata Atlântica;Sudeste
3514502;Duartina;SP;Mata Atlântica;Sudeste
3514601;Dumont;SP;Mata Atlântica;Sudeste
3514700;Echaporã;SP;Cerrado;Sudeste
3514809;Eldorado;SP;Mata Atlântica;Sudeste
3514908;Elias Fausto;SP;Mata Atlântica;Sudeste
3514924;Elisiário;SP;Mata Atlântica;Sudeste
3514957;Embaúba;SP;Mata Atlântica;Sudeste
3515004;Embu das Artes;SP;Mata Atlântica;Sudeste
3515103;Embu-Guaçu;SP;Mata Atlântica;Sudeste
3515129;Emilianópolis;SP;Mata Atlântica;Sudeste
3515152;Engenheiro Coelho;SP;Mata Atlântica;Sudeste
3515186;Espírito Santo do Pinhal;SP;Mata Atlântica;Sudeste
3515194;Espírito Santo do Turvo;SP;Cerrado;Sudeste
3515202;Estrela d'Oeste;SP;Mata Atlântica;Sudeste
3515301;Estrela do Norte;SP;Mata Atlântica;Sudeste
3515350;Euclides da Cunha Paulista;SP;Mata Atlântica;Sudeste
3515400;Fartura;SP;Mata Atlântica;Sudeste
3515509;Fernandópolis;SP;Mata Atlântica;Sudeste
3515608;Fernando Prestes;SP;Mata Atlântica;Sudeste
3515657;Fernão;SP;Mata Atlântica;Sudeste
3515707;Ferraz de Vasconcelos;SP;Mata Atlântica;Sudeste
3515806;Flora Rica;SP;Mata Atlântica;Sudeste
3515905;Floreal;SP;Mata Atlântica;Sudeste
3516002;Flórida Paulista;SP;Mata Atlântica;Sudeste
3516101;Florínea;SP;Mata Atlântica;Sudeste
3516200;Franca;SP;Cerrado;Sudeste
3516309;Francisco Morato;SP;Mata Atlântica;Sudeste
3516408;Franco da Rocha;SP;Mata Atlântica;Sudeste
3516507;Gabriel Monteiro;SP;Mata Atlântica;Sudeste
3516606;Gália;SP;Mata Atlântica;Sudeste
3516705;Garça;SP;Mata Atlântica;Sudeste
3516804;Gastão Vidigal;SP;Mata Atlântica;Sudeste
3516853;Gavião Peixoto;SP;Cerrado;Sudeste
3516903;General Salgado;SP;Mata Atlântica;Sudeste
3517000;Getulina;SP;Mata Atlântica;Sudeste
3517109;Glicério;SP;Mata Atlântica;Sudeste
3517208;Guaiçara;SP;Mata Atlântica;Sudeste
3517307;Guaimbê;SP;Mata Atlântica;Sudeste
3517406;Guaíra;SP;Mata Atlântica;Sudeste
3517505;Guapiaçu;SP;Mata Atlântica;Sudeste
3517604;Guapiara;SP;Mata Atlântica;Sudeste
3517703;Guará;SP;Mata Atlântica;Sudeste
3517802;Guaraçaí;SP;Mata Atlântica;Sudeste
3517901;Guaraci;SP;Cerrado;Sudeste
3518008;Guarani d'Oeste;SP;Mata Atlântica;Sudeste
3518107;Guarantã;SP;Mata Atlântica;Sudeste
3518206;Guararapes;SP;Mata Atlântica;Sudeste
3518305;Guararema;SP;Mata Atlântica;Sudeste
3518404;Guaratinguetá;SP;Mata Atlântica;Sudeste
3518503;Guareí;SP;Mata Atlântica;Sudeste
3518602;Guariba;SP;Mata Atlântica;Sudeste
3518701;Guarujá;SP;Mata Atlântica;Sudeste
3518800;Guarulhos;SP;Mata Atlântica;Sudeste
3518859;Guatapará;SP;Mata Atlântica;Sudeste
3518909;Guzolândia;SP;Mata Atlântica;Sudeste
3519006;Herculândia;SP;Mata Atlântica;Sudeste
3519055;Holambra;SP;Mata Atlântica;Sudeste
3519071;Hortolândia;SP;Mata Atlântica;Sudeste
3519105;Iacanga;SP;Mata Atlântica;Sudeste
3519204;Iacri;SP;Mata Atlântica;Sudeste
3519253;Iaras;SP;Cerrado;Sudeste
3519303;Ibaté;SP;Cerrado;Sudeste
3519402;Ibirá;SP;Mata Atlântica;Sudeste
3519501;Ibirarema;SP;Mata Atlântica;Sudeste
3519600;Ibitinga;SP;Mata Atlântica;Sudeste
3519709;Ibiúna;SP;Mata Atlântica;Sudeste
3519808;Icém;SP;Cerrado;Sudeste
3519907;Iepê;SP;Mata Atlântica;Sudeste
3520004;Igaraçu do Tietê;SP;Mata Atlântica;Sudeste
3520103;Igarapava;SP;Mata Atlântica;Sudeste
3520202;Igaratá;SP;Mata Atlântica;Sudeste
3520301;Iguape;SP;Mata Atlântica;Sudeste
3520400;Ilhabela;SP;Mata Atlântica;Sudeste
3520426;Ilha Comprida;SP;Mata Atlântica;Sudeste
3520442;Ilha Solteira;SP;Mata Atlântica;Sudeste
3520509;Indaiatuba;SP;Mata Atlântica;Sudeste
3520608;Indiana;SP;Mata Atlântica;Sudeste
3520707;Indiaporã;SP;Mata Atlântica;Sudeste
3520806;Inúbia Paulista;SP;Mata Atlântica;Sudeste
3520905;Ipaussu;SP;Mata Atlântica;Sudeste
3521002;Iperó;SP;Mata Atlântica;Sudeste
3521101;Ipeúna;SP;Mata Atlântica;Sudeste
3521150;Ipiguá;SP;Mata Atlântica;Sudeste
3521200;Iporanga;SP;Mata Atlântica;Sudeste
3521309;Ipuã;SP;Mata Atlântica;Sudeste
3521408;Iracemápolis;SP;Mata Atlântica;Sudeste
3521507;Irapuã;SP;Mata Atlântica;Sudeste
3521606;Irapuru;SP;Mata Atlântica;Sudeste
3521705;Itaberá;SP;Mata Atlântica;Sudeste
3521804;Itaí;SP;Cerrado;Sudeste
3521903;Itajobi;SP;Mata Atlântica;Sudeste
3522000;Itaju;SP;Mata Atlântica;Sudeste
3522109;Itanhaém;SP;Mata Atlântica;Sudeste
3522158;Itaoca;SP;Mata Atlântica;Sudeste
3522208;Itapecerica da Serra;SP;Mata Atlântica;Sudeste
3522307;Itapetininga;SP;Mata Atlântica;Sudeste
3522406;Itapeva;SP;Cerrado;Sudeste
3522505;Itapevi;SP;Mata Atlântica;Sudeste
3522604;Itapira;SP;Mata Atlântica;Sudeste
3522653;Itapirapuã Paulista;SP;Mata Atlântica;Sudeste
3522703;Itápolis;SP;Mata Atlântica;Sudeste
3522802;Itaporanga;SP;Mata Atlântica;Sudeste
3522901;Itapuí;SP;Mata Atlântica;Sudeste
3523008;Itapura;SP;Mata Atlântica;Sudeste
3523107;Itaquaquecetuba;SP;Mata Atlântica;Sudeste
3523206;Itararé;SP;Cerrado;Sudeste
3523305;Itariri;SP;Mata Atlântica;Sudeste
3523404;Itatiba;SP;Mata Atlântica;Sudeste
3523503;Itatinga;SP;Cerrado;Sudeste
3523602;Itirapina;SP;Cerrado;Sudeste
3523701;Itirapuã;SP;Mata Atlântica;Sudeste
3523800;Itobi;SP;Mata Atlântica;Sudeste
3523909;Itu;SP;Mata Atlântica;Sudeste
3524006;Itupeva;SP;Mata Atlântica;Sudeste
3524105;Ituverava;SP;Mata Atlântica;Sudeste
3524204;Jaborandi;SP;Mata Atlântica;Sudeste
3524303;Jaboticabal;SP;Mata Atlântica;Sudeste
3524402;Jacareí;SP;Mata Atlântica;Sudeste
3524501;Jaci;SP;Mata Atlântica;Sudeste
3524600;Jacupiranga;SP;Mata Atlântica;Sudeste
3524709;Jaguariúna;SP;Mata Atlântica;Sudeste
3524808;Jales;SP;Mata Atlântica;Sudeste
3524907;Jambeiro;SP;Mata Atlântica;Sudeste
3525003;Jandira;SP;Mata Atlântica;Sudeste
3525102;Jardinópolis;SP;Mata Atlântica;Sudeste
3525201;Jarinu;SP;Mata Atlântica;Sudeste
3525300;Jaú;SP;Mata Atlântica;Sudeste
3525409;Jeriquara;SP;Cerrado;Sudeste
3525508;Joanópolis;SP;Mata Atlântica;Sudeste
3525607;João Ramalho;SP;Mata Atlântica;Sudeste
3525706;José Bonifácio;SP;Mata Atlântica;Sudeste
3525805;Júlio Mesquita;SP;Mata Atlântica;Sudeste
3525854;Jumirim;SP;Mata Atlântica;Sudeste
3525904;Jundiaí;SP;Mata Atlântica;Sudeste
3526001;Junqueirópolis;SP;Mata Atlântica;Sudeste
3526100;Juquiá;SP;Mata Atlântica;Sudeste
3526209;Juquitiba;SP;Mata Atlântica;Sudeste
3526308;Lagoinha;SP;Mata Atlântica;Sudeste
3526407;Laranjal Paulista;SP;Mata Atlântica;Sudeste
3526506;Lavínia;SP;Mata Atlântica;Sudeste
3526605;Lavrinhas;SP;Mata Atlântica;Sudeste
3526704;Leme;SP;Mata Atlântica;Sudeste
3526803;Lençóis Paulista;SP;Cerrado;Sudeste
3526902;Limeira;SP;Mata Atlântica;Sudeste
3527009;Lindóia;SP;Mata Atlântica;Sudeste
3527108;Lins;SP;Mata Atlântica;Sudeste
3527207;Lorena;SP;Mata Atlântica;Sudeste
3527256;Lourdes;SP;Mata Atlântica;Sudeste
3527306;Louveira;SP;Mata Atlântica;Sudeste
3527405;Lucélia;SP;Mata Atlântica;Sudeste
3527504;Lucianópolis;SP;Cerrado;Sudeste
3527603;Luís Antônio;SP;Cerrado;Sudeste
3527702;Luiziânia;SP;Mata Atlântica;Sudeste
3527801;Lupércio;SP;Mata Atlântica;Sudeste
3527900;Lutécia;SP;Mata Atlântica;Sudeste
3528007;Macatuba;SP;Mata Atlântica;Sudeste
3528106;Macaubal;SP;Mata Atlântica;Sudeste
3528205;Macedônia;SP;Mata Atlântica;Sudeste
3528304;Magda;SP;Mata Atlântica;Sudeste
3528403;Mairinque;SP;Mata Atlântica;Sudeste
3528502;Mairiporã;SP;Mata Atlântica;Sudeste
3528601;Manduri;SP;Mata Atlântica;Sudeste
3528700;Marabá Paulista;SP;Mata Atlântica;Sudeste
3528809;Maracaí;SP;Mata Atlântica;Sudeste
3528858;Marapoama;SP;Mata Atlântica;Sudeste
3528908;Mariápolis;SP;Mata Atlântica;Sudeste
3529005;Marília;SP;Mata Atlântica;Sudeste
3529104;Marinópolis;SP;Mata Atlântica;Sudeste
3529203;Martinópolis;SP;Cerrado;Sudeste
3529302;Matão;SP;Mata Atlântica;Sudeste
3529401;Mauá;SP;Mata Atlântica;Sudeste
3529500;Mendonça;SP;Mata Atlântica;Sudeste
3529609;Meridiano;SP;Mata Atlântica;Sudeste
3529658;Mesópolis;SP;Mata Atlântica;Sudeste
3529708;Miguelópolis;SP;Mata Atlântica;Sudeste
3529807;Mineiros do Tietê;SP;Mata Atlântica;Sudeste
3529906;Miracatu;SP;Mata Atlântica;Sudeste
3530003;Mira Estrela;SP;Mata Atlântica;Sudeste
3530102;Mirandópolis;SP;Mata Atlântica;Sudeste
3530201;Mirante do Paranapanema;SP;Mata Atlântica;Sudeste
3530300;Mirassol;SP;Mata Atlântica;Sudeste
3530409;Mirassolândia;SP;Mata Atlântica;Sudeste
3530508;Mococa;SP;Mata Atlântica;Sudeste
3530607;Mogi das Cruzes;SP;Mata Atlântica;Sudeste
3530706;Mogi Guaçu;SP;Mata Atlântica;Sudeste
3530805;Mogi Mirim;SP;Mata Atlântica;Sudeste
3530904;Mombuca;SP;Mata Atlântica;Sudeste
3531001;Monções;SP;Mata Atlântica;Sudeste
3531100;Mongaguá;SP;Mata Atlântica;Sudeste
3531209;Monte Alegre do Sul;SP;Mata Atlântica;Sudeste
3531308;Monte Alto;SP;Mata Atlântica;Sudeste
3531407;Monte Aprazível;SP;Mata Atlântica;Sudeste
3531506;Monte Azul Paulista;SP;Mata Atlântica;Sudeste
3531605;Monte Castelo;SP;Mata Atlântica;Sudeste
3531704;Monteiro Lobato;SP;Mata Atlântica;Sudeste
3531803;Monte Mor;SP;Mata Atlântica;Sudeste
3531902;Morro Agudo;SP;Mata Atlântica;Sudeste
3532009;Morungaba;SP;Mata Atlântica;Sudeste
3532058;Motuca;SP;Mata Atlântica;Sudeste
3532108;Murutinga do Sul;SP;Mata Atlântica;Sudeste
3532157;Nantes;SP;Mata Atlântica;Sudeste
3532207;Narandiba;SP;Mata Atlântica;Sudeste
3532306;Natividade da Serra;SP;Mata Atlântica;Sudeste
3532405;Nazaré Paulista;SP;Mata Atlântica;Sudeste
3532504;Neves Paulista;SP;Mata Atlântica;Sudeste
3532603;Nhandeara;SP;Mata Atlântica;Sudeste
3532702;Nipoã;SP;Mata Atlântica;Sudeste
3532801;Nova Aliança;SP;Mata Atlântica;Sudeste
3532827;Nova Campina;SP;Mata Atlântica;Sudeste
3532843;Nova Canaã Paulista;SP;Mata Atlântica;Sudeste
3532868;Nova Castilho;SP;Mata Atlântica;Sudeste
3532900;Nova Europa;SP;Mata Atlântica;Sudeste
3533007;Nova Granada;SP;Mata Atlântica;Sudeste
3533106;Nova Guataporanga;SP;Mata Atlântica;Sudeste
3533205;Nova Independência;SP;Mata Atlântica;Sudeste
3533254;Novais;SP;Mata Atlântica;Sudeste
3533304;Nova Luzitânia;SP;Mata Atlântica;Sudeste
3533403;Nova Odessa;SP;Mata Atlântica;Sudeste
3533502;Novo Horizonte;SP;Mata Atlântica;Sudeste
3533601;Nuporanga;SP;Mata Atlântica;Sudeste
3533700;Ocauçu;SP;Cerrado;Sudeste
3533809;Óleo;SP;Mata Atlântica;Sudeste
3533908;Olímpia;SP;Mata Atlântica;Sudeste
3534005;Onda Verde;SP;Mata Atlântica;Sudeste
3534104;Oriente;SP;Mata Atlântica;Sudeste
3534203;Orindiúva;SP;Cerrado;Sudeste
3534302;Orlândia;SP;Mata Atlântica;Sudeste
3534401;Osasco;SP;Mata Atlântica;Sudeste
3534500;Oscar Bressane;SP;Mata Atlântica;Sudeste
3534609;Osvaldo Cruz;SP;Mata Atlântica;Sudeste
3534708;Ourinhos;SP;Mata Atlântica;Sudeste
3534757;Ouroeste;SP;Mata Atlântica;Sudeste
3534807;Ouro Verde;SP;Mata Atlântica;Sudeste
3534906;Pacaembu;SP;Mata Atlântica;Sudeste
3535002;Palestina;SP;Mata Atlântica;Sudeste
3535101;Palmares Paulista;SP;Mata Atlântica;Sudeste
3535200;Palmeira d'Oeste;SP;Mata Atlântica;Sudeste
3535309;Palmital;SP;Mata Atlântica;Sudeste
3535408;Panorama;SP;Mata Atlântica;Sudeste
3535507;Paraguaçu Paulista;SP;Cerrado;Sudeste
3535606;Paraibuna;SP;Mata Atlântica;Sudeste
3535705;Paraíso;SP;Mata Atlântica;Sudeste
3535804;Paranapanema;SP;Cerrado;Sudeste
3535903;Paranapuã;SP;Mata Atlântica;Sudeste
3536000;Parapuã;SP;Mata Atlântica;Sudeste
3536109;Pardinho;SP;Mata Atlântica;Sudeste
3536208;Pariquera-Açu;SP;Mata Atlântica;Sudeste
3536257;Parisi;SP;Mata Atlântica;Sudeste
3536307;Patrocínio Paulista;SP;Cerrado;Sudeste
3536406;Paulicéia;SP;Mata Atlântica;Sudeste
3536505;Paulínia;SP;Mata Atlântica;Sudeste
3536570;Paulistânia;SP;Cerrado;Sudeste
3536604;Paulo de Faria;SP;Cerrado;Sudeste
3536703;Pederneiras;SP;Cerrado;Sudeste
3536802;Pedra Bela;SP;Mata Atlântica;Sudeste
3536901;Pedranópolis;SP;Mata Atlântica;Sudeste
3537008;Pedregulho;SP;Cerrado;Sudeste
3537107;Pedreira;SP;Mata Atlântica;Sudeste
3537156;Pedrinhas Paulista;SP;Mata Atlântica;Sudeste
3537206;Pedro de Toledo;SP;Mata Atlântica;Sudeste
3537305;Penápolis;SP;Mata Atlântica;Sudeste
3537404;Pereira Barreto;SP;Mata Atlântica;Sudeste
3537503;Pereiras;SP;Mata Atlântica;Sudeste
3537602;Peruíbe;SP;Mata Atlântica;Sudeste
3537701;Piacatu;SP;Mata Atlântica;Sudeste
3537800;Piedade;SP;Mata Atlântica;Sudeste
3537909;Pilar do Sul;SP;Mata Atlântica;Sudeste
3538006;Pindamonhangaba;SP;Mata Atlântica;Sudeste
3538105;Pindorama;SP;Mata Atlântica;Sudeste
3538204;Pinhalzinho;SP;Mata Atlântica;Sudeste
3538303;Piquerobi;SP;Mata Atlântica;Sudeste
3538501;Piquete;SP;Mata Atlântica;Sudeste
3538600;Piracaia;SP;Mata Atlântica;Sudeste
3538709;Piracicaba;SP;Mata Atlântica;Sudeste
3538808;Piraju;SP;Mata Atlântica;Sudeste
3538907;Pirajuí;SP;Mata Atlântica;Sudeste
3539004;Pirangi;SP;Mata Atlântica;Sudeste
3539103;Pirapora do Bom Jesus;SP;Mata Atlântica;Sudeste
3539202;Pirapozinho;SP;Mata Atlântica;Sudeste
3539301;Pirassununga;SP;Cerrado;Sudeste
3539400;Piratininga;SP;Mata Atlântica;Sudeste
3539509;Pitangueiras;SP;Mata Atlântica;Sudeste
3539608;Planalto;SP;Mata Atlântica;Sudeste
3539707;Platina;SP;Cerrado;Sudeste
3539806;Poá;SP;Mata Atlântica;Sudeste
3539905;Poloni;SP;Mata Atlântica;Sudeste
3540002;Pompéia;SP;Mata Atlântica;Sudeste
3540101;Pongaí;SP;Mata Atlântica;Sudeste
3540200;Pontal;SP;Mata Atlântica;Sudeste
3540259;Pontalinda;SP;Mata Atlântica;Sudeste
3540309;Pontes Gestal;SP;Mata Atlântica;Sudeste
3540408;Populina;SP;Mata Atlântica;Sudeste
3540507;Porangaba;SP;Mata Atlântica;Sudeste
3540606;Porto Feliz;SP;Mata Atlântica;Sudeste
3540705;Porto Ferreira;SP;Cerrado;Sudeste
3540754;Potim;SP;Mata Atlântica;Sudeste
3540804;Potirendaba;SP;Mata Atlântica;Sudeste
3540853;Pracinha;SP;Mata Atlântica;Sudeste
3540903;Pradópolis;SP;Mata Atlântica;Sudeste
3541000;Praia Grande;SP;Mata Atlântica;Sudeste
3541059;Pratânia;SP;Cerrado;Sudeste
3541109;Presidente Alves;SP;Mata Atlântica;Sudeste
3541208;Presidente Bernardes;SP;Mata Atlântica;Sudeste
3541307;Presidente Epitácio;SP;Mata Atlântica;Sudeste
3541406;Presidente Prudente;SP;Mata Atlântica;Sudeste
3541505;Presidente Venceslau;SP;Mata Atlântica;Sudeste
3541604;Promissão;SP;Mata Atlântica;Sudeste
3541653;Quadra;SP;Mata Atlântica;Sudeste
3541703;Quatá;SP;Mata Atlântica;Sudeste
3541802;Queiroz;SP;Mata Atlântica;Sudeste
3541901;Queluz;SP;Mata Atlântica;Sudeste
3542008;Quintana;SP;Mata Atlântica;Sudeste
3542107;Rafard;SP;Mata Atlântica;Sudeste
3542206;Rancharia;SP;Mata Atlântica;Sudeste
3542305;Redenção da Serra;SP;Mata Atlântica;Sudeste
3542404;Regente Feijó;SP;Mata Atlântica;Sudeste
3542503;Reginópolis;SP;Mata Atlântica;Sudeste
3542602;Registro;SP;Mata Atlântica;Sudeste
3542701;Restinga;SP;Mata Atlântica;Sudeste
3542800;Ribeira;SP;Mata Atlântica;Sudeste
3542909;Ribeirão Bonito;SP;Cerrado;Sudeste
3543006;Ribeirão Branco;SP;Mata Atlântica;Sudeste
3543105;Ribeirão Corrente;SP;Cerrado;Sudeste
3543204;Ribeirão do Sul;SP;Cerrado;Sudeste
3543238;Ribeirão dos Índios;SP;Mata Atlântica;Sudeste
3543253;Ribeirão Grande;SP;Mata Atlântica;Sudeste
3543303;Ribeirão Pires;SP;Mata Atlântica;Sudeste
3543402;Ribeirão Preto;SP;Mata Atlântica;Sudeste
3543501;Riversul;SP;Mata Atlântica;Sudeste
3543600;Rifaina;SP;Cerrado;Sudeste
3543709;Rincão;SP;Mata Atlântica;Sudeste
3543808;Rinópolis;SP;Mata Atlântica;Sudeste
3543907;Rio Claro;SP;Mata Atlântica;Sudeste
3544004;Rio das Pedras;SP;Mata Atlântica;Sudeste
3544103;Rio Grande da Serra;SP;Mata Atlântica;Sudeste
3544202;Riolândia;SP;Mata Atlântica;Sudeste
3544251;Rosana;SP;Mata Atlântica;Sudeste
3544301;Roseira;SP;Mata Atlântica;Sudeste
3544400;Rubiácea;SP;Mata Atlântica;Sudeste
3544509;Rubinéia;SP;Mata Atlântica;Sudeste
3544608;Sabino;SP;Mata Atlântica;Sudeste
3544707;Sagres;SP;Mata Atlântica;Sudeste
3544806;Sales;SP;Mata Atlântica;Sudeste
3544905;Sales Oliveira;SP;Mata Atlântica;Sudeste
3545001;Salesópolis;SP;Mata Atlântica;Sudeste
3545100;Salmourão;SP;Mata Atlântica;Sudeste
3545159;Saltinho;SP;Mata Atlântica;Sudeste
3545209;Salto;SP;Mata Atlântica;Sudeste
3545308;Salto de Pirapora;SP;Mata Atlântica;Sudeste
3545407;Salto Grande;SP;Mata Atlântica;Sudeste
3545506;Sandovalina;SP;Mata Atlântica;Sudeste
3545605;Santa Adélia;SP;Mata Atlântica;Sudeste
3545704;Santa Albertina;SP;Mata Atlântica;Sudeste
3545803;Santa Bárbara d'Oeste;SP;Mata Atlântica;Sudeste
3546009;Santa Branca;SP;Mata Atlântica;Sudeste
3546108;Santa Clara d'Oeste;SP;Mata Atlântica;Sudeste
3546207;Santa Cruz da Conceição;SP;Cerrado;Sudeste
3546256;Santa Cruz da Esperança;SP;Cerrado;Sudeste
3546306;Santa Cruz das Palmeiras;SP;Mata Atlântica;Sudeste
3546405;Santa Cruz do Rio Pardo;SP;Mata Atlântica;Sudeste
3546504;Santa Ernestina;SP;Mata Atlântica;Sudeste
3546603;Santa Fé do Sul;SP;Mata Atlântica;Sudeste
3546702;Santa Gertrudes;SP;Mata Atlântica;Sudeste
3546801;Santa Isabel;SP;Mata Atlântica;Sudeste
3546900;Santa Lúcia;SP;Mata Atlântica;Sudeste
3547007;Santa Maria da Serra;SP;Cerrado;Sudeste
3547106;Santa Mercedes;SP;Mata Atlântica;Sudeste
3547205;Santana da Ponte Pensa;SP;Mata Atlântica;Sudeste
3547304;Santana de Parnaíba;SP;Mata Atlântica;Sudeste
3547403;Santa Rita d'Oeste;SP;Mata Atlântica;Sudeste
3547502;Santa Rita do Passa Quatro;SP;Cerrado;Sudeste
3547601;Santa Rosa de Viterbo;SP;Cerrado;Sudeste
3547650;Santa Salete;SP;Mata Atlântica;Sudeste
3547700;Santo Anastácio;SP;Mata Atlântica;Sudeste
3547809;Santo André;SP;Mata Atlântica;Sudeste
3547908;Santo Antônio da Alegria;SP;Cerrado;Sudeste
3548005;Santo Antônio de Posse;SP;Mata Atlântica;Sudeste
3548054;Santo Antônio do Aracanguá;SP;Mata Atlântica;Sudeste
3548104;Santo Antônio do Jardim;SP;Mata Atlântica;Sudeste
3548203;Santo Antônio do Pinhal;SP;Mata Atlântica;Sudeste
3548302;Santo Expedito;SP;Mata Atlântica;Sudeste
3548401;Santópolis do Aguapeí;SP;Mata Atlântica;Sudeste
3548500;Santos;SP;Mata Atlântica;Sudeste
3548609;São Bento do Sapucaí;SP;Mata Atlântica;Sudeste
3548708;São Bernardo do Campo;SP;Mata Atlântica;Sudeste
3548807;São Caetano do Sul;SP;Mata Atlântica;Sudeste
3548906;São Carlos;SP;Cerrado;Sudeste
3549003;São Francisco;SP;Mata Atlântica;Sudeste
3549102;São João da Boa Vista;SP;Mata Atlântica;Sudeste
3549201;São João das Duas Pontes;SP;Mata Atlântica;Sudeste
3549250;São João de Iracema;SP;Mata Atlântica;Sudeste
3549300;São João do Pau d'Alho;SP;Mata Atlântica;Sudeste
3549409;São Joaquim da Barra;SP;Mata Atlântica;Sudeste
3549508;São José da Bela Vista;SP;Mata Atlântica;Sudeste
3549607;São José do Barreiro;SP;Mata Atlântica;Sudeste
3549706;São José do Rio Pardo;SP;Mata Atlântica;Sudeste
3549805;São José do Rio Preto;SP;Mata Atlântica;Sudeste
3549904;São José dos Campos;SP;Mata Atlântica;Sudeste
3549953;São Lourenço da Serra;SP;Mata Atlântica;Sudeste
3550001;São Luiz do Paraitinga;SP;Mata Atlântica;Sudeste
3550100;São Manuel;SP;Cerrado;Sudeste
3550209;São Miguel Arcanjo;SP;Mata Atlântica;Sudeste
3550308;São Paulo;SP;Mata Atlântica;Sudeste
3550407;São Pedro;SP;Mata Atlântica;Sudeste
3550506;São Pedro do Turvo;SP;Cerrado;Sudeste
3550605;São Roque;SP;Mata Atlântica;Sudeste
3550704;São Sebastião;SP;Mata Atlântica;Sudeste
3550803;São Sebastião da Grama;SP;Mata Atlântica;Sudeste
3550902;São Simão;SP;Cerrado;Sudeste
3551009;São Vicente;SP;Mata Atlântica;Sudeste
3551108;Sarapuí;SP;Mata Atlântica;Sudeste
3551207;Sarutaiá;SP;Mata Atlântica;Sudeste
3551306;Sebastianópolis do Sul;SP;Mata Atlântica;Sudeste
3551405;Serra Azul;SP;Cerrado;Sudeste
3551504;Serrana;SP;Mata Atlântica;Sudeste
3551603;Serra Negra;SP;Mata Atlântica;Sudeste
3551702;Sertãozinho;SP;Mata Atlântica;Sudeste
3551801;Sete Barras;SP;Mata Atlântica;Sudeste
3551900;Severínia;SP;Mata Atlântica;Sudeste
3552007;Silveiras;SP;Mata Atlântica;Sudeste
3552106;Socorro;SP;Mata Atlântica;Sudeste
3552205;Sorocaba;SP;Mata Atlântica;Sudeste
3552304;Sud Mennucci;SP;Mata Atlântica;Sudeste
3552403;Sumaré;SP;Mata Atlântica;Sudeste
3552502;Suzano;SP;Mata Atlântica;Sudeste
3552551;Suzanápolis;SP;Mata Atlântica;Sudeste
3552601;Tabapuã;SP;Mata Atlântica;Sudeste
3552700;Tabatinga;SP;Mata Atlântica;Sudeste
3552809;Taboão da Serra;SP;Mata Atlântica;Sudeste
3552908;Taciba;SP;Mata Atlântica;Sudeste
3553005;Taguaí;SP;Mata Atlântica;Sudeste
3553104;Taiaçu;SP;Mata Atlântica;Sudeste
3553203;Taiúva;SP;Cerrado;Sudeste
3553302;Tambaú;SP;Mata Atlântica;Sudeste
3553401;Tanabi;SP;Mata Atlântica;Sudeste
3553500;Tapiraí;SP;Mata Atlântica;Sudeste
3553609;Tapiratiba;SP;Mata Atlântica;Sudeste
3553658;Taquaral;SP;Cerrado;Sudeste
3553708;Taquaritinga;SP;Mata Atlântica;Sudeste
3553807;Taquarituba;SP;Mata Atlântica;Sudeste
3553856;Taquarivaí;SP;Cerrado;Sudeste
3553906;Tarabai;SP;Mata Atlântica;Sudeste
3553955;Tarumã;SP;Mata Atlântica;Sudeste
3554003;Tatuí;SP;Mata Atlântica;Sudeste
3554102;Taubaté;SP;Mata Atlântica;Sudeste
3554201;Tejupá;SP;Mata Atlântica;Sudeste
3554300;Teodoro Sampaio;SP;Mata Atlântica;Sudeste
3554409;Terra Roxa;SP;Mata Atlântica;Sudeste
3554508;Tietê;SP;Mata Atlântica;Sudeste
3554607;Timburi;SP;Mata Atlântica;Sudeste
3554656;Torre de Pedra;SP;Cerrado;Sudeste
3554706;Torrinha;SP;Mata Atlântica;Sudeste
3554755;Trabiju;SP;Cerrado;Sudeste
3554805;Tremembé;SP;Mata Atlântica;Sudeste
3554904;Três Fronteiras;SP;Mata Atlântica;Sudeste
3554953;Tuiuti;SP;Mata Atlântica;Sudeste
3555000;Tupã;SP;Mata Atlântica;Sudeste
3555109;Tupi Paulista;SP;Mata Atlântica;Sudeste
3555208;Turiúba;SP;Mata Atlântica;Sudeste
3555307;Turmalina;SP;Mata Atlântica;Sudeste
3555356;Ubarana;SP;Mata Atlântica;Sudeste
3555406;Ubatuba;SP;Mata Atlântica;Sudeste
3555505;Ubirajara;SP;Cerrado;Sudeste
3555604;Uchoa;SP;Mata Atlântica;Sudeste
3555703;União Paulista;SP;Mata Atlântica;Sudeste
3555802;Urânia;SP;Mata Atlântica;Sudeste
3555901;Uru;SP;Mata Atlântica;Sudeste
3556008;Urupês;SP;Mata Atlântica;Sudeste
3556107;Valentim Gentil;SP;Mata Atlântica;Sudeste
3556206;Valinhos;SP;Mata Atlântica;Sudeste
3556305;Valparaíso;SP;Mata Atlântica;Sudeste
3556354;Vargem;SP;Mata Atlântica;Sudeste
3556404;Vargem Grande do Sul;SP;Mata Atlântica;Sudeste
3556453;Vargem Grande Paulista;SP;Mata Atlântica;Sudeste
3556503;Várzea Paulista;SP;Mata Atlântica;Sudeste
3556602;Vera Cruz;SP;Mata Atlântica;Sudeste
3556701;Vinhedo;SP;Mata Atlântica;Sudeste
3556800;Viradouro;SP;Mata Atlântica;Sudeste
3556909;Vista Alegre do Alto;SP;Mata Atlântica;Sudeste
3556958;Vitória Brasil;SP;Mata Atlântica;Sudeste
3557006;Votorantim;SP;Mata Atlântica;Sudeste
3557105;Votuporanga;SP;Mata Atlântica;Sudeste
3557154;Zacarias;SP;Mata Atlântica;Sudeste
3557204;Chavantes;SP;Mata Atlântica;Sudeste
3557303;Estiva Gerbi;SP;Mata Atlântica;Sudeste
2500106;Água Branca;PB;Caatinga;Nordeste
2500205;Aguiar;PB;Caatinga;Nordeste
2500304;Alagoa Grande;PB;Caatinga;Nordeste
2500403;Alagoa Nova;PB;Caatinga;Nordeste
2500502;Alagoinha;PB;Caatinga;Nordeste
2500536;Alcantil;PB;Caatinga;Nordeste
2500577;Algodão de Jandaíra;PB;Caatinga;Nordeste
2500601;Alhandra;PB;Mata Atlântica;Nordeste
2500700;São João do Rio do Peixe;PB;Caatinga;Nordeste
2500734;Amparo;PB;Caatinga;Nordeste
2500775;Aparecida;PB;Caatinga;Nordeste
2500809;Araçagi;PB;Caatinga;Nordeste
2500908;Arara;PB;Caatinga;Nordeste
2501005;Araruna;PB;Caatinga;Nordeste
2501104;Areia;PB;Caatinga;Nordeste
2501153;Areia de Baraúnas;PB;Caatinga;Nordeste
2501203;Areial;PB;Caatinga;Nordeste
2501302;Aroeiras;PB;Caatinga;Nordeste
2501351;Assunção;PB;Caatinga;Nordeste
2501401;Baía da Traição;PB;Mata Atlântica;Nordeste
2501500;Bananeiras;PB;Caatinga;Nordeste
2501534;Baraúna;PB;Caatinga;Nordeste
2501575;Barra de Santana;PB;Caatinga;Nordeste
2501609;Barra de Santa Rosa;PB;Caatinga;Nordeste
2501708;Barra de São Miguel;PB;Caatinga;Nordeste
2501807;Bayeux;PB;Mata Atlântica;Nordeste
2501906;Belém;PB;Caatinga;Nordeste
2502003;Belém do Brejo do Cruz;PB;Caatinga;Nordeste
2502052;Bernardino Batista;PB;Caatinga;Nordeste
2502102;Boa Ventura;PB;Caatinga;Nordeste
2502151;Boa Vista;PB;Caatinga;Nordeste
2502201;Bom Jesus;PB;Caatinga;Nordeste
2502300;Bom Sucesso;PB;Caatinga;Nordeste
2502409;Bonito de Santa Fé;PB;Caatinga;Nordeste
2502508;Boqueirão;PB;Caatinga;Nordeste
2502607;Igaracy;PB;Caatinga;Nordeste
2502706;Borborema;PB;Caatinga;Nordeste
2502805;Brejo do Cruz;PB;Caatinga;Nordeste
2502904;Brejo dos Santos;PB;Caatinga;Nordeste
2503001;Caaporã;PB;Mata Atlântica;Nordeste
2503100;Cabaceiras;PB;Caatinga;Nordeste
2503209;Cabedelo;PB;Mata Atlântica;Nordeste
2503308;Cachoeira dos Índios;PB;Caatinga;Nordeste
2503407;Cacimba de Areia;PB;Caatinga;Nordeste
2503506;Cacimba de Dentro;PB;Caatinga;Nordeste
2503555;Cacimbas;PB;Caatinga;Nordeste
2503605;Caiçara;PB;Caatinga;Nordeste
2503704;Cajazeiras;PB;Caatinga;Nordeste
2503753;Cajazeirinhas;PB;Caatinga;Nordeste
2503803;Caldas Brandão;PB;Caatinga;Nordeste
2503902;Camalaú;PB;Caatinga;Nordeste
2504009;Campina Grande;PB;Caatinga;Nordeste
2504033;Capim;PB;Mata Atlântica;Nordeste
2504074;Caraúbas;PB;Caatinga;Nordeste
2504108;Carrapateira;PB;Caatinga;Nordeste
2504157;Casserengue;PB;Caatinga;Nordeste
2504207;Catingueira;PB;Caatinga;Nordeste
2504306;Catolé do Rocha;PB;Caatinga;Nordeste
2504355;Caturité;PB;Caatinga;Nordeste
2504405;Conceição;PB;Caatinga;Nordeste
2504504;Condado;PB;Caatinga;Nordeste
2504603;Conde;PB;Mata Atlântica;Nordeste
2504702;Congo;PB;Caatinga;Nordeste
2504801;Coremas;PB;Caatinga;Nordeste
2504850;Coxixola;PB;Caatinga;Nordeste
2504900;Cruz do Espírito Santo;PB;Mata Atlântica;Nordeste
2505006;Cubati;PB;Caatinga;Nordeste
2505105;Cuité;PB;Caatinga;Nordeste
2505204;Cuitegi;PB;Caatinga;Nordeste
2505238;Cuité de Mamanguape;PB;Caatinga;Nordeste
2505279;Curral de Cima;PB;Caatinga;Nordeste
2505303;Curral Velho;PB;Caatinga;Nordeste
2505352;Damião;PB;Caatinga;Nordeste
2505402;Desterro;PB;Caatinga;Nordeste
2505501;Vista Serrana;PB;Caatinga;Nordeste
2505600;Diamante;PB;Caatinga;Nordeste
2505709;Dona Inês;PB;Caatinga;Nordeste
2505808;Duas Estradas;PB;Caatinga;Nordeste
2505907;Emas;PB;Caatinga;Nordeste
2506004;Esperança;PB;Caatinga;Nordeste
2506103;Fagundes;PB;Caatinga;Nordeste
2506202;Frei Martinho;PB;Caatinga;Nordeste
2506251;Gado Bravo;PB;Caatinga;Nordeste
2506301;Guarabira;PB;Caatinga;Nordeste
2506400;Gurinhém;PB;Caatinga;Nordeste
2506509;Gurjão;PB;Caatinga;Nordeste
2506608;Ibiara;PB;Caatinga;Nordeste
2506707;Imaculada;PB;Caatinga;Nordeste
2506806;Ingá;PB;Caatinga;Nordeste
2506905;Itabaiana;PB;Caatinga;Nordeste
2507002;Itaporanga;PB;Caatinga;Nordeste
2507101;Itapororoca;PB;Caatinga;Nordeste
2507200;Itatuba;PB;Caatinga;Nordeste
2507309;Jacaraú;PB;Caatinga;Nordeste
2507408;Jericó;PB;Caatinga;Nordeste
2507507;João Pessoa;PB;Mata Atlântica;Nordeste
2507606;Juarez Távora;PB;Caatinga;Nordeste
2507705;Juazeirinho;PB;Caatinga;Nordeste
2507804;Junco do Seridó;PB;Caatinga;Nordeste
2507903;Juripiranga;PB;Mata Atlântica;Nordeste
2508000;Juru;PB;Caatinga;Nordeste
2508109;Lagoa;PB;Caatinga;Nordeste
2508208;Lagoa de Dentro;PB;Caatinga;Nordeste
2508307;Lagoa Seca;PB;Caatinga;Nordeste
2508406;Lastro;PB;Caatinga;Nordeste
2508505;Livramento;PB;Caatinga;Nordeste
2508554;Logradouro;PB;Caatinga;Nordeste
2508604;Lucena;PB;Mata Atlântica;Nordeste
2508703;Mãe d'Água;PB;Caatinga;Nordeste
2508802;Malta;PB;Caatinga;Nordeste
2508901;Mamanguape;PB;Mata Atlântica;Nordeste
2509008;Manaíra;PB;Caatinga;Nordeste
2509057;Marcação;PB;Mata Atlântica;Nordeste
2509107;Mari;PB;Caatinga;Nordeste
2509156;Marizópolis;PB;Caatinga;Nordeste
2509206;Massaranduba;PB;Caatinga;Nordeste
2509305;Mataraca;PB;Mata Atlântica;Nordeste
2509339;Matinhas;PB;Caatinga;Nordeste
2509370;Mato Grosso;PB;Caatinga;Nordeste
2509396;Maturéia;PB;Caatinga;Nordeste
2509404;Mogeiro;PB;Caatinga;Nordeste
2509503;Montadas;PB;Caatinga;Nordeste
2509602;Monte Horebe;PB;Caatinga;Nordeste
2509701;Monteiro;PB;Caatinga;Nordeste
2509800;Mulungu;PB;Caatinga;Nordeste
2509909;Natuba;PB;Caatinga;Nordeste
2510006;Nazarezinho;PB;Caatinga;Nordeste
2510105;Nova Floresta;PB;Caatinga;Nordeste
2510204;Nova Olinda;PB;Caatinga;Nordeste
2510303;Nova Palmeira;PB;Caatinga;Nordeste
2510402;Olho d'Água;PB;Caatinga;Nordeste
2510501;Olivedos;PB;Caatinga;Nordeste
2510600;Ouro Velho;PB;Caatinga;Nordeste
2510659;Parari;PB;Caatinga;Nordeste
2510709;Passagem;PB;Caatinga;Nordeste
2510808;Patos;PB;Caatinga;Nordeste
2510907;Paulista;PB;Caatinga;Nordeste
2511004;Pedra Branca;PB;Caatinga;Nordeste
2511103;Pedra Lavrada;PB;Caatinga;Nordeste
2511202;Pedras de Fogo;PB;Mata Atlântica;Nordeste
2511301;Piancó;PB;Caatinga;Nordeste
2511400;Picuí;PB;Caatinga;Nordeste
2511509;Pilar;PB;Caatinga;Nordeste
2511608;Pilões;PB;Caatinga;Nordeste
2511707;Pilõezinhos;PB;Caatinga;Nordeste
2511806;Pirpirituba;PB;Caatinga;Nordeste
2511905;Pitimbu;PB;Mata Atlântica;Nordeste
2512002;Pocinhos;PB;Caatinga;Nordeste
2512036;Poço Dantas;PB;Caatinga;Nordeste
2512077;Poço de José de Moura;PB;Caatinga;Nordeste
2512101;Pombal;PB;Caatinga;Nordeste
2512200;Prata;PB;Caatinga;Nordeste
2512309;Princesa Isabel;PB;Caatinga;Nordeste
2512408;Puxinanã;PB;Caatinga;Nordeste
2512507;Queimadas;PB;Caatinga;Nordeste
2512606;Quixaba;PB;Caatinga;Nordeste
2512705;Remígio;PB;Caatinga;Nordeste
2512721;Pedro Régis;PB;Caatinga;Nordeste
2512747;Riachão;PB;Caatinga;Nordeste
2512754;Riachão do Bacamarte;PB;Caatinga;Nordeste
2512762;Riachão do Poço;PB;Caatinga;Nordeste
2512788;Riacho de Santo Antônio;PB;Caatinga;Nordeste
2512804;Riacho dos Cavalos;PB;Caatinga;Nordeste
2512903;Rio Tinto;PB;Mata Atlântica;Nordeste
2513000;Salgadinho;PB;Caatinga;Nordeste
2513109;Salgado de São Félix;PB;Caatinga;Nordeste
2513158;Santa Cecília;PB;Caatinga;Nordeste
2513208;Santa Cruz;PB;Caatinga;Nordeste
2513307;Santa Helena;PB;Caatinga;Nordeste
2513356;Santa Inês;PB;Caatinga;Nordeste
2513406;Santa Luzia;PB;Caatinga;Nordeste
2513505;Santana de Mangueira;PB;Caatinga;Nordeste
2513604;Santana dos Garrotes;PB;Caatinga;Nordeste
2513653;Joca Claudino;PB;Caatinga;Nordeste
2513703;Santa Rita;PB;Mata Atlântica;Nordeste
2513802;Santa Teresinha;PB;Caatinga;Nordeste
2513851;Santo André;PB;Caatinga;Nordeste
2513901;São Bento;PB;Caatinga;Nordeste
2513927;São Bentinho;PB;Caatinga;Nordeste
2513943;São Domingos do Cariri;PB;Caatinga;Nordeste
2513968;São Domingos;PB;Caatinga;Nordeste
2513984;São Francisco;PB;Caatinga;Nordeste
2514008;São João do Cariri;PB;Caatinga;Nordeste
2514107;São João do Tigre;PB;Caatinga;Nordeste
2514206;São José da Lagoa Tapada;PB;Caatinga;Nordeste
2514305;São José de Caiana;PB;Caatinga;Nordeste
2514404;São José de Espinharas;PB;Caatinga;Nordeste
2514453;São José dos Ramos;PB;Caatinga;Nordeste
2514503;São José de Piranhas;PB;Caatinga;Nordeste
2514552;São José de Princesa;PB;Caatinga;Nordeste
2514602;São José do Bonfim;PB;Caatinga;Nordeste
2514651;São José do Brejo do Cruz;PB;Caatinga;Nordeste
2514701;São José do Sabugi;PB;Caatinga;Nordeste
2514800;São José dos Cordeiros;PB;Caatinga;Nordeste
2514909;São Mamede;PB;Caatinga;Nordeste
2515005;São Miguel de Taipu;PB;Mata Atlântica;Nordeste
2515104;São Sebastião de Lagoa de Roça;PB;Caatinga;Nordeste
2515203;São Sebastião do Umbuzeiro;PB;Caatinga;Nordeste
2515302;Sapé;PB;Caatinga;Nordeste
2515401;São Vicente do Seridó;PB;Caatinga;Nordeste
2515500;Serra Branca;PB;Caatinga;Nordeste
2515609;Serra da Raiz;PB;Caatinga;Nordeste
2515708;Serra Grande;PB;Caatinga;Nordeste
2515807;Serra Redonda;PB;Caatinga;Nordeste
2515906;Serraria;PB;Caatinga;Nordeste
2515930;Sertãozinho;PB;Caatinga;Nordeste
2515971;Sobrado;PB;Caatinga;Nordeste
2516003;Solânea;PB;Caatinga;Nordeste
2516102;Soledade;PB;Caatinga;Nordeste
2516151;Sossêgo;PB;Caatinga;Nordeste
2516201;Sousa;PB;Caatinga;Nordeste
2516300;Sumé;PB;Caatinga;Nordeste
2516409;Tacima;PB;Caatinga;Nordeste
2516508;Taperoá;PB;Caatinga;Nordeste
2516607;Tavares;PB;Caatinga;Nordeste
2516706;Teixeira;PB;Caatinga;Nordeste
2516755;Tenório;PB;Caatinga;Nordeste
2516805;Triunfo;PB;Caatinga;Nordeste
2516904;Uiraúna;PB;Caatinga;Nordeste
2517001;Umbuzeiro;PB;Caatinga;Nordeste
2517100;Várzea;PB;Caatinga;Nordeste
2517209;Vieirópolis;PB;Caatinga;Nordeste
2517407;Zabelê;PB;Caatinga;Nordeste
3200102;Afonso Cláudio;ES;Mata Atlântica;Sudeste
3200136;Águia Branca;ES;Mata Atlântica;Sudeste
3200169;Água Doce do Norte;ES;Mata Atlântica;Sudeste
3200201;Alegre;ES;Mata Atlântica;Sudeste
3200300;Alfredo Chaves;ES;Mata Atlântica;Sudeste
3200359;Alto Rio Novo;ES;Mata Atlântica;Sudeste
3200409;Anchieta;ES;Mata Atlântica;Sudeste
3200508;Apiacá;ES;Mata Atlântica;Sudeste
3200607;Aracruz;ES;Mata Atlântica;Sudeste
3200706;Atílio Vivacqua;ES;Mata Atlântica;Sudeste
3200805;Baixo Guandu;ES;Mata Atlântica;Sudeste
3200904;Barra de São Francisco;ES;Mata Atlântica;Sudeste
3201001;Boa Esperança;ES;Mata Atlântica;Sudeste
3201100;Bom Jesus do Norte;ES;Mata Atlântica;Sudeste
3201159;Brejetuba;ES;Mata Atlântica;Sudeste
3201209;Cachoeiro de Itapemirim;ES;Mata Atlântica;Sudeste
3201308;Cariacica;ES;Mata Atlântica;Sudeste
3201407;Castelo;ES;Mata Atlântica;Sudeste
3201506;Colatina;ES;Mata Atlântica;Sudeste
3201605;Conceição da Barra;ES;Mata Atlântica;Sudeste
3201704;Conceição do Castelo;ES;Mata Atlântica;Sudeste
3201803;Divino de São Lourenço;ES;Mata Atlântica;Sudeste
3201902;Domingos Martins;ES;Mata Atlântica;Sudeste
3202009;Dores do Rio Preto;ES;Mata Atlântica;Sudeste
3202108;Ecoporanga;ES;Mata Atlântica;Sudeste
3202207;Fundão;ES;Mata Atlântica;Sudeste
3202256;Governador Lindenberg;ES;Mata Atlântica;Sudeste
3202306;Guaçuí;ES;Mata Atlântica;Sudeste
3202405;Guarapari;ES;Mata Atlântica;Sudeste
3202454;Ibatiba;ES;Mata Atlântica;Sudeste
3202504;Ibiraçu;ES;Mata Atlântica;Sudeste
3202553;Ibitirama;ES;Mata Atlântica;Sudeste
3202603;Iconha;ES;Mata Atlântica;Sudeste
3202652;Irupi;ES;Mata Atlântica;Sudeste
3202702;Itaguaçu;ES;Mata Atlântica;Sudeste
3202801;Itapemirim;ES;Mata Atlântica;Sudeste
3202900;Itarana;ES;Mata Atlântica;Sudeste
3203007;Iúna;ES;Mata Atlântica;Sudeste
3203056;Jaguaré;ES;Mata Atlântica;Sudeste
3203106;Jerônimo Monteiro;ES;Mata Atlântica;Sudeste
3203130;João Neiva;ES;Mata Atlântica;Sudeste
3203163;Laranja da Terra;ES;Mata Atlântica;Sudeste
3203205;Linhares;ES;Mata Atlântica;Sudeste
3203304;Mantenópolis;ES;Mata Atlântica;Sudeste
3203320;Marataízes;ES;Mata Atlântica;Sudeste
3203346;Marechal Floriano;ES;Mata Atlântica;Sudeste
3203353;Marilândia;ES;Mata Atlântica;Sudeste
3203403;Mimoso do Sul;ES;Mata Atlântica;Sudeste
3203502;Montanha;ES;Mata Atlântica;Sudeste
3203601;Mucurici;ES;Mata Atlântica;Sudeste
3203700;Muniz Freire;ES;Mata Atlântica;Sudeste
3203809;Muqui;ES;Mata Atlântica;Sudeste
3203908;Nova Venécia;ES;Mata Atlântica;Sudeste
3204005;Pancas;ES;Mata Atlântica;Sudeste
3204054;Pedro Canário;ES;Mata Atlântica;Sudeste
3204104;Pinheiros;ES;Mata Atlântica;Sudeste
3204203;Piúma;ES;Mata Atlântica;Sudeste
3204252;Ponto Belo;ES;Mata Atlântica;Sudeste
3204302;Presidente Kennedy;ES;Mata Atlântica;Sudeste
3204351;Rio Bananal;ES;Mata Atlântica;Sudeste
3204401;Rio Novo do Sul;ES;Mata Atlântica;Sudeste
3204500;Santa Leopoldina;ES;Mata Atlântica;Sudeste
3204559;Santa Maria de Jetibá;ES;Mata Atlântica;Sudeste
3204609;Santa Teresa;ES;Mata Atlântica;Sudeste
3204658;São Domingos do Norte;ES;Mata Atlântica;Sudeste
3204708;São Gabriel da Palha;ES;Mata Atlântica;Sudeste
3204807;São José do Calçado;ES;Mata Atlântica;Sudeste
3204906;São Mateus;ES;Mata Atlântica;Sudeste
3204955;São Roque do Canaã;ES;Mata Atlântica;Sudeste
3205002;Serra;ES;Mata Atlântica;Sudeste
3205010;Sooretama;ES;Mata Atlântica;Sudeste
3205036;Vargem Alta;ES;Mata Atlântica;Sudeste
3205069;Venda Nova do Imigrante;ES;Mata Atlântica;Sudeste
3205101;Viana;ES;Mata Atlântica;Sudeste
3205150;Vila Pavão;ES;Mata Atlântica;Sudeste
3205176;Vila Valério;ES;Mata Atlântica;Sudeste
3205200;Vila Velha;ES;Mata Atlântica;Sudeste
3205309;Vitória;ES;Mata Atlântica;Sudeste
4300001;Lagoa Mirim;RS;Pampa;Sul
4300002;Lagoa dos Patos;RS;Pampa;Sul
4300034;Aceguá;RS;Pampa;Sul
4300059;Água Santa;RS;Mata Atlântica;Sul
4300109;Agudo;RS;Mata Atlântica;Sul
4300208;Ajuricaba;RS;Mata Atlântica;Sul
4300307;Alecrim;RS;Mata Atlântica;Sul
4300406;Alegrete;RS;Pampa;Sul
4300455;Alegria;RS;Mata Atlântica;Sul
4300471;Almirante Tamandaré do Sul;RS;Pampa;Sul
4300505;Alpestre;RS;Mata Atlântica;Sul
4300554;Alto Alegre;RS;Mata Atlântica;Sul
4300570;Alto Feliz;RS;Mata Atlântica;Sul
4300604;Alvorada;RS;Pampa;Sul
4300638;Amaral Ferrador;RS;Pampa;Sul
4300646;Ametista do Sul;RS;Mata Atlântica;Sul
4300661;André da Rocha;RS;Mata Atlântica;Sul
4300703;Anta Gorda;RS;Mata Atlântica;Sul
4300802;Antônio Prado;RS;Mata Atlântica;Sul
4300851;Arambaré;RS;Pampa;Sul
4300877;Araricá;RS;Mata Atlântica;Sul
4300901;Aratiba;RS;Mata Atlântica;Sul
4301008;Arroio do Meio;RS;Mata Atlântica;Sul
4301057;Arroio do Sal;RS;Mata Atlântica;Sul
4301073;Arroio do Padre;RS;Pampa;Sul
4301107;Arroio dos Ratos;RS;Pampa;Sul
4301206;Arroio do Tigre;RS;Mata Atlântica;Sul
4301305;Arroio Grande;RS;Pampa;Sul
4301404;Arvorezinha;RS;Mata Atlântica;Sul
4301503;Augusto Pestana;RS;Pampa;Sul
4301552;Áurea;RS;Mata Atlântica;Sul
4301602;Bagé;RS;Pampa;Sul
4301636;Balneário Pinhal;RS;Pampa;Sul
4301651;Barão;RS;Mata Atlântica;Sul
4301701;Barão de Cotegipe;RS;Mata Atlântica;Sul
4301750;Barão do Triunfo;RS;Pampa;Sul
4301800;Barracão;RS;Mata Atlântica;Sul
4301859;Barra do Guarita;RS;Mata Atlântica;Sul
4301875;Barra do Quaraí;RS;Pampa;Sul
4301909;Barra do Ribeiro;RS;Pampa;Sul
4301925;Barra do Rio Azul;RS;Mata Atlântica;Sul
4301958;Barra Funda;RS;Mata Atlântica;Sul
4302006;Barros Cassal;RS;Mata Atlântica;Sul
4302055;Benjamin Constant do Sul;RS;Mata Atlântica;Sul
4302105;Bento Gonçalves;RS;Mata Atlântica;Sul
4302154;Boa Vista das Missões;RS;Pampa;Sul
4302204;Boa Vista do Buricá;RS;Mata Atlântica;Sul
4302220;Boa Vista do Cadeado;RS;Pampa;Sul
4302238;Boa Vista do Incra;RS;Pampa;Sul
4302253;Boa Vista do Sul;RS;Mata Atlântica;Sul
4302303;Bom Jesus;RS;Mata Atlântica;Sul
4302352;Bom Princípio;RS;Mata Atlântica;Sul
4302378;Bom Progresso;RS;Mata Atlântica;Sul
4302402;Bom Retiro do Sul;RS;Mata Atlântica;Sul
4302451;Boqueirão do Leão;RS;Mata Atlântica;Sul
4302501;Bossoroca;RS;Pampa;Sul
4302584;Bozano;RS;Mata Atlântica;Sul
4302600;Braga;RS;Mata Atlântica;Sul
4302659;Brochier;RS;Mata Atlântica;Sul
4302709;Butiá;RS;Pampa;Sul
4302808;Caçapava do Sul;RS;Pampa;Sul
4302907;Cacequi;RS;Pampa;Sul
4303004;Cachoeira do Sul;RS;Pampa;Sul
4303103;Cachoeirinha;RS;Pampa;Sul
4303202;Cacique Doble;RS;Mata Atlântica;Sul
4303301;Caibaté;RS;Pampa;Sul
4303400;Caiçara;RS;Mata Atlântica;Sul
4303509;Camaquã;RS;Pampa;Sul
4303558;Camargo;RS;Mata Atlântica;Sul
4303608;Cambará do Sul;RS;Mata Atlântica;Sul
4303673;Campestre da Serra;RS;Mata Atlântica;Sul
4303707;Campina das Missões;RS;Mata Atlântica;Sul
4303806;Campinas do Sul;RS;Pampa;Sul
4303905;Campo Bom;RS;Mata Atlântica;Sul
4304002;Campo Novo;RS;Mata Atlântica;Sul
4304101;Campos Borges;RS;Mata Atlântica;Sul
4304200;Candelária;RS;Mata Atlântica;Sul
4304309;Cândido Godói;RS;Mata Atlântica;Sul
4304358;Candiota;RS;Pampa;Sul
4304408;Canela;RS;Mata Atlântica;Sul
4304507;Canguçu;RS;Pampa;Sul
4304606;Canoas;RS;Pampa;Sul
4304614;Canudos do Vale;RS;Mata Atlântica;Sul
4304622;Capão Bonito do Sul;RS;Mata Atlântica;Sul
4304630;Capão da Canoa;RS;Mata Atlântica;Sul
4304655;Capão do Cipó;RS;Pampa;Sul
4304663;Capão do Leão;RS;Pampa;Sul
4304671;Capivari do Sul;RS;Pampa;Sul
4304689;Capela de Santana;RS;Mata Atlântica;Sul
4304697;Capitão;RS;Mata Atlântica;Sul
4304705;Carazinho;RS;Pampa;Sul
4304713;Caraá;RS;Mata Atlântica;Sul
4304804;Carlos Barbosa;RS;Mata Atlântica;Sul
4304853;Carlos Gomes;RS;Mata Atlântica;Sul
4304903;Casca;RS;Mata Atlântica;Sul
4304952;Caseiros;RS;Mata Atlântica;Sul
4305009;Catuípe;RS;Mata Atlântica;Sul
4305108;Caxias do Sul;RS;Mata Atlântica;Sul
4305116;Centenário;RS;Mata Atlântica;Sul
4305124;Cerrito;RS;Pampa;Sul
4305132;Cerro Branco;RS;Mata Atlântica;Sul
4305157;Cerro Grande;RS;Mata Atlântica;Sul
4305173;Cerro Grande do Sul;RS;Pampa;Sul
4305207;Cerro Largo;RS;Mata Atlântica;Sul
4305306;Chapada;RS;Pampa;Sul
4305355;Charqueadas;RS;Pampa;Sul
4305371;Charrua;RS;Mata Atlântica;Sul
4305405;Chiapetta;RS;Pampa;Sul
4305439;Chuí;RS;Pampa;Sul
4305447;Chuvisca;RS;Pampa;Sul
4305454;Cidreira;RS;Pampa;Sul
4305504;Ciríaco;RS;Mata Atlântica;Sul
4305587;Colinas;RS;Mata Atlântica;Sul
4305603;Colorado;RS;Mata Atlântica;Sul
4305702;Condor;RS;Pampa;Sul
4305801;Constantina;RS;Mata Atlântica;Sul
4305835;Coqueiro Baixo;RS;Mata Atlântica;Sul
4305850;Coqueiros do Sul;RS;Pampa;Sul
4305871;Coronel Barros;RS;Mata Atlântica;Sul
4305900;Coronel Bicaco;RS;Pampa;Sul
4305934;Coronel Pilar;RS;Mata Atlântica;Sul
4305959;Cotiporã;RS;Mata Atlântica;Sul
4305975;Coxilha;RS;Pampa;Sul
4306007;Crissiumal;RS;Mata Atlântica;Sul
4306056;Cristal;RS;Pampa;Sul
4306072;Cristal do Sul;RS;Mata Atlântica;Sul
4306106;Cruz Alta;RS;Pampa;Sul
4306130;Cruzaltense;RS;Pampa;Sul
4306205;Cruzeiro do Sul;RS;Mata Atlântica;Sul
4306304;David Canabarro;RS;Mata Atlântica;Sul
4306320;Derrubadas;RS;Mata Atlântica;Sul
4306353;Dezesseis de Novembro;RS;Mata Atlântica;Sul
4306379;Dilermando de Aguiar;RS;Pampa;Sul
4306403;Dois Irmãos;RS;Mata Atlântica;Sul
4306429;Dois Irmãos das Missões;RS;Pampa;Sul
4306452;Dois Lajeados;RS;Mata Atlântica;Sul
4306502;Dom Feliciano;RS;Pampa;Sul
4306551;Dom Pedro de Alcântara;RS;Mata Atlântica;Sul
4306601;Dom Pedrito;RS;Pampa;Sul
4306700;Dona Francisca;RS;Mata Atlântica;Sul
4306734;Doutor Maurício Cardoso;RS;Mata Atlântica;Sul
4306759;Doutor Ricardo;RS;Mata Atlântica;Sul
4306767;Eldorado do Sul;RS;Pampa;Sul
4306809;Encantado;RS;Mata Atlântica;Sul
4306908;Encruzilhada do Sul;RS;Pampa;Sul
4306924;Engenho Velho;RS;Mata Atlântica;Sul
4306932;Entre-Ijuís;RS;Pampa;Sul
4306957;Entre Rios do Sul;RS;Pampa;Sul
4306973;Erebango;RS;Pampa;Sul
4307005;Erechim;RS;Mata Atlântica;Sul
4307054;Ernestina;RS;Pampa;Sul
4307104;Herval;RS;Pampa;Sul
4307203;Erval Grande;RS;Mata Atlântica;Sul
4307302;Erval Seco;RS;Mata Atlântica;Sul
4307401;Esmeralda;RS;Mata Atlântica;Sul
4307450;Esperança do Sul;RS;Mata Atlântica;Sul
4307500;Espumoso;RS;Mata Atlântica;Sul
4307559;Estação;RS;Mata Atlântica;Sul
4307609;Estância Velha;RS;Mata Atlântica;Sul
4307708;Esteio;RS;Pampa;Sul
4307807;Estrela;RS;Mata Atlântica;Sul
4307815;Estrela Velha;RS;Mata Atlântica;Sul
4307831;Eugênio de Castro;RS;Pampa;Sul
4307864;Fagundes Varela;RS;Mata Atlântica;Sul
4307906;Farroupilha;RS;Mata Atlântica;Sul
4308003;Faxinal do Soturno;RS;Mata Atlântica;Sul
4308052;Faxinalzinho;RS;Mata Atlântica;Sul
4308078;Fazenda Vilanova;RS;Mata Atlântica;Sul
4308102;Feliz;RS;Mata Atlântica;Sul
4308201;Flores da Cunha;RS;Mata Atlântica;Sul
4308250;Floriano Peixoto;RS;Mata Atlântica;Sul
4308300;Fontoura Xavier;RS;Mata Atlântica;Sul
4308409;Formigueiro;RS;Pampa;Sul
4308433;Forquetinha;RS;Mata Atlântica;Sul
4308458;Fortaleza dos Valos;RS;Pampa;Sul
4308508;Frederico Westphalen;RS;Mata Atlântica;Sul
4308607;Garibaldi;RS;Mata Atlântica;Sul
4308656;Garruchos;RS;Pampa;Sul
4308706;Gaurama;RS;Mata Atlântica;Sul
4308805;General Câmara;RS;Pampa;Sul
4308854;Gentil;RS;Mata Atlântica;Sul
4308904;Getúlio Vargas;RS;Mata Atlântica;Sul
4309001;Giruá;RS;Pampa;Sul
4309050;Glorinha;RS;Pampa;Sul
4309100;Gramado;RS;Mata Atlântica;Sul
4309126;Gramado dos Loureiros;RS;Mata Atlântica;Sul
4309159;Gramado Xavier;RS;Mata Atlântica;Sul
4309209;Gravataí;RS;Pampa;Sul
4309258;Guabiju;RS;Mata Atlântica;Sul
4309308;Guaíba;RS;Pampa;Sul
4309407;Guaporé;RS;Mata Atlântica;Sul
4309506;Guarani das Missões;RS;Mata Atlântica;Sul
4309555;Harmonia;RS;Mata Atlântica;Sul
4309571;Herveiras;RS;Mata Atlântica;Sul
4309605;Horizontina;RS;Mata Atlântica;Sul
4309654;Hulha Negra;RS;Pampa;Sul
4309704;Humaitá;RS;Mata Atlântica;Sul
4309753;Ibarama;RS;Mata Atlântica;Sul
4309803;Ibiaçá;RS;Mata Atlântica;Sul
4309902;Ibiraiaras;RS;Mata Atlântica;Sul
4309951;Ibirapuitã;RS;Mata Atlântica;Sul
4310009;Ibirubá;RS;Mata Atlântica;Sul
4310108;Igrejinha;RS;Mata Atlântica;Sul
4310207;Ijuí;RS;Mata Atlântica;Sul
4310306;Ilópolis;RS;Mata Atlântica;Sul
4310330;Imbé;RS;Pampa;Sul
4310363;Imigrante;RS;Mata Atlântica;Sul
4310405;Independência;RS;Pampa;Sul
4310413;Inhacorá;RS;Pampa;Sul
4310439;Ipê;RS;Mata Atlântica;Sul
4310462;Ipiranga do Sul;RS;Pampa;Sul
4310504;Iraí;RS;Mata Atlântica;Sul
4310538;Itaara;RS;Mata Atlântica;Sul
4310553;Itacurubi;RS;Pampa;Sul
4310579;Itapuca;RS;Mata Atlântica;Sul
4310603;Itaqui;RS;Pampa;Sul
4310652;Itati;RS;Mata Atlântica;Sul
4310702;Itatiba do Sul;RS;Mata Atlântica;Sul
4310751;Ivorá;RS;Mata Atlântica;Sul
4310801;Ivoti;RS;Mata Atlântica;Sul
4310850;Jaboticaba;RS;Mata Atlântica;Sul
4310876;Jacuizinho;RS;Mata Atlântica;Sul
4310900;Jacutinga;RS;Pampa;Sul
4311007;Jaguarão;RS;Pampa;Sul
4311106;Jaguari;RS;Mata Atlântica;Sul
4311122;Jaquirana;RS;Mata Atlântica;Sul
4311130;Jari;RS;Pampa;Sul
4311155;Jóia;RS;Pampa;Sul
4311205;Júlio de Castilhos;RS;Pampa;Sul
4311239;Lagoa Bonita do Sul;RS;Mata Atlântica;Sul
4311254;Lagoão;RS;Mata Atlântica;Sul
4311270;Lagoa dos Três Cantos;RS;Mata Atlântica;Sul
4311304;Lagoa Vermelha;RS;Mata Atlântica;Sul
4311403;Lajeado;RS;Mata Atlântica;Sul
4311429;Lajeado do Bugre;RS;Mata Atlântica;Sul
4311502;Lavras do Sul;RS;Pampa;Sul
4311601;Liberato Salzano;RS;Mata Atlântica;Sul
4311627;Lindolfo Collor;RS;Mata Atlântica;Sul
4311643;Linha Nova;RS;Mata Atlântica;Sul
4311700;Machadinho;RS;Mata Atlântica;Sul
4311718;Maçambará;RS;Pampa;Sul
4311734;Mampituba;RS;Mata Atlântica;Sul
4311759;Manoel Viana;RS;Pampa;Sul
4311775;Maquiné;RS;Mata Atlântica;Sul
4311791;Maratá;RS;Mata Atlântica;Sul
4311809;Marau;RS;Mata Atlântica;Sul
4311908;Marcelino Ramos;RS;Mata Atlântica;Sul
4311981;Mariana Pimentel;RS;Pampa;Sul
4312005;Mariano Moro;RS;Mata Atlântica;Sul
4312054;Marques de Souza;RS;Mata Atlântica;Sul
4312104;Mata;RS;Mata Atlântica;Sul
4312138;Mato Castelhano;RS;Mata Atlântica;Sul
4312153;Mato Leitão;RS;Mata Atlântica;Sul
4312179;Mato Queimado;RS;Mata Atlântica;Sul
4312203;Maximiliano de Almeida;RS;Mata Atlântica;Sul
4312252;Minas do Leão;RS;Pampa;Sul
4312302;Miraguaí;RS;Mata Atlântica;Sul
4312351;Montauri;RS;Mata Atlântica;Sul
4312377;Monte Alegre dos Campos;RS;Mata Atlântica;Sul
4312385;Monte Belo do Sul;RS;Mata Atlântica;Sul
4312401;Montenegro;RS;Pampa;Sul
4312427;Mormaço;RS;Mata Atlântica;Sul
4312443;Morrinhos do Sul;RS;Mata Atlântica;Sul
4312450;Morro Redondo;RS;Pampa;Sul
4312476;Morro Reuter;RS;Mata Atlântica;Sul
4312500;Mostardas;RS;Pampa;Sul
4312609;Muçum;RS;Mata Atlântica;Sul
4312617;Muitos Capões;RS;Mata Atlântica;Sul
4312625;Muliterno;RS;Mata Atlântica;Sul
4312658;Não-Me-Toque;RS;Mata Atlântica;Sul
4312674;Nicolau Vergueiro;RS;Mata Atlântica;Sul
4312708;Nonoai;RS;Mata Atlântica;Sul
4312757;Nova Alvorada;RS;Mata Atlântica;Sul
4312807;Nova Araçá;RS;Mata Atlântica;Sul
4312906;Nova Bassano;RS;Mata Atlântica;Sul
4312955;Nova Boa Vista;RS;Mata Atlântica;Sul
4313003;Nova Bréscia;RS;Mata Atlântica;Sul
4313011;Nova Candelária;RS;Mata Atlântica;Sul
4313037;Nova Esperança do Sul;RS;Pampa;Sul
4313060;Nova Hartz;RS;Mata Atlântica;Sul
4313086;Nova Pádua;RS;Mata Atlântica;Sul
4313102;Nova Palma;RS;Mata Atlântica;Sul
4313201;Nova Petrópolis;RS;Mata Atlântica;Sul
4313300;Nova Prata;RS;Mata Atlântica;Sul
4313334;Nova Ramada;RS;Pampa;Sul
4313359;Nova Roma do Sul;RS;Mata Atlântica;Sul
4313375;Nova Santa Rita;RS;Pampa;Sul
4313391;Novo Cabrais;RS;Pampa;Sul
4313409;Novo Hamburgo;RS;Mata Atlântica;Sul
4313425;Novo Machado;RS;Mata Atlântica;Sul
4313441;Novo Tiradentes;RS;Mata Atlântica;Sul
4313466;Novo Xingu;RS;Mata Atlântica;Sul
4313490;Novo Barreiro;RS;Mata Atlântica;Sul
4313508;Osório;RS;Pampa;Sul
4313607;Paim Filho;RS;Mata Atlântica;Sul
4313656;Palmares do Sul;RS;Pampa;Sul
4313706;Palmeira das Missões;RS;Pampa;Sul
4313805;Palmitinho;RS;Mata Atlântica;Sul
4313904;Panambi;RS;Mata Atlântica;Sul
4313953;Pantano Grande;RS;Pampa;Sul
4314001;Paraí;RS;Mata Atlântica;Sul
4314027;Paraíso do Sul;RS;Mata Atlântica;Sul
4314035;Pareci Novo;RS;Mata Atlântica;Sul
4314050;Parobé;RS;Mata Atlântica;Sul
4314068;Passa Sete;RS;Mata Atlântica;Sul
4314076;Passo do Sobrado;RS;Pampa;Sul
4314100;Passo Fundo;RS;Pampa;Sul
4314134;Paulo Bento;RS;Mata Atlântica;Sul
4314159;Paverama;RS;Mata Atlântica;Sul
4314175;Pedras Altas;RS;Pampa;Sul
4314209;Pedro Osório;RS;Pampa;Sul
4314308;Pejuçara;RS;Mata Atlântica;Sul
4314407;Pelotas;RS;Pampa;Sul
4314423;Picada Café;RS;Mata Atlântica;Sul
4314456;Pinhal;RS;Mata Atlântica;Sul
4314464;Pinhal da Serra;RS;Mata Atlântica;Sul
4314472;Pinhal Grande;RS;Pampa;Sul
4314498;Pinheirinho do Vale;RS;Mata Atlântica;Sul
4314506;Pinheiro Machado;RS;Pampa;Sul
4314548;Pinto Bandeira;RS;Mata Atlântica;Sul
4314555;Pirapó;RS;Pampa;Sul
4314605;Piratini;RS;Pampa;Sul
4314704;Planalto;RS;Mata Atlântica;Sul
4314753;Poço das Antas;RS;Mata Atlântica;Sul
4314779;Pontão;RS;Pampa;Sul
4314787;Ponte Preta;RS;Mata Atlântica;Sul
4314803;Portão;RS;Mata Atlântica;Sul
4314902;Porto Alegre;RS;Pampa;Sul
4315008;Porto Lucena;RS;Mata Atlântica;Sul
4315057;Porto Mauá;RS;Mata Atlântica;Sul
4315073;Porto Vera Cruz;RS;Mata Atlântica;Sul
4315107;Porto Xavier;RS;Mata Atlântica;Sul
4315131;Pouso Novo;RS;Mata Atlântica;Sul
4315149;Presidente Lucena;RS;Mata Atlântica;Sul
4315156;Progresso;RS;Mata Atlântica;Sul
4315172;Protásio Alves;RS;Mata Atlântica;Sul
4315206;Putinga;RS;Mata Atlântica;Sul
4315305;Quaraí;RS;Pampa;Sul
4315313;Quatro Irmãos;RS;Pampa;Sul
4315321;Quevedos;RS;Pampa;Sul
4315354;Quinze de Novembro;RS;Mata Atlântica;Sul
4315404;Redentora;RS;Mata Atlântica;Sul
4315453;Relvado;RS;Mata Atlântica;Sul
4315503;Restinga Sêca;RS;Pampa;Sul
4315552;Rio dos Índios;RS;Mata Atlântica;Sul
4315602;Rio Grande;RS;Pampa;Sul
4315701;Rio Pardo;RS;Pampa;Sul
4315750;Riozinho;RS;Mata Atlântica;Sul
4315800;Roca Sales;RS;Mata Atlântica;Sul
4315909;Rodeio Bonito;RS;Mata Atlântica;Sul
4315958;Rolador;RS;Mata Atlântica;Sul
4316006;Rolante;RS;Mata Atlântica;Sul
4316105;Ronda Alta;RS;Pampa;Sul
4316204;Rondinha;RS;Mata Atlântica;Sul
4316303;Roque Gonzales;RS;Mata Atlântica;Sul
4316402;Rosário do Sul;RS;Pampa;Sul
4316428;Sagrada Família;RS;Mata Atlântica;Sul
4316436;Saldanha Marinho;RS;Mata Atlântica;Sul
4316451;Salto do Jacuí;RS;Pampa;Sul
4316477;Salvador das Missões;RS;Mata Atlântica;Sul
4316501;Salvador do Sul;RS;Mata Atlântica;Sul
4316600;Sananduva;RS;Mata Atlântica;Sul
4316709;Santa Bárbara do Sul;RS;Pampa;Sul
4316733;Santa Cecília do Sul;RS;Mata Atlântica;Sul
4316758;Santa Clara do Sul;RS;Mata Atlântica;Sul
4316808;Santa Cruz do Sul;RS;Mata Atlântica;Sul
4316907;Santa Maria;RS;Pampa;Sul
4316956;Santa Maria do Herval;RS;Mata Atlântica;Sul
4316972;Santa Margarida do Sul;RS;Pampa;Sul
4317004;Santana da Boa Vista;RS;Pampa;Sul
4317103;Sant'Ana do Livramento;RS;Pampa;Sul
4317202;Santa Rosa;RS;Mata Atlântica;Sul
4317251;Santa Tereza;RS;Mata Atlântica;Sul
4317301;Santa Vitória do Palmar;RS;Pampa;Sul
4317400;Santiago;RS;Pampa;Sul
4317509;Santo Ângelo;RS;Pampa;Sul
4317558;Santo Antônio do Palma;RS;Mata Atlântica;Sul
4317608;Santo Antônio da Patrulha;RS;Pampa;Sul
4317707;Santo Antônio das Missões;RS;Pampa;Sul
4317756;Santo Antônio do Planalto;RS;Pampa;Sul
4317806;Santo Augusto;RS;Pampa;Sul
4317905;Santo Cristo;RS;Mata Atlântica;Sul
4317954;Santo Expedito do Sul;RS;Mata Atlântica;Sul
4318002;São Borja;RS;Pampa;Sul
4318051;São Domingos do Sul;RS;Mata Atlântica;Sul
4318101;São Francisco de Assis;RS;Pampa;Sul
4318200;São Francisco de Paula;RS;Mata Atlântica;Sul
4318309;São Gabriel;RS;Pampa;Sul
4318408;São Jerônimo;RS;Pampa;Sul
4318424;São João da Urtiga;RS;Mata Atlântica;Sul
4318432;São João do Polêsine;RS;Mata Atlântica;Sul
4318440;São Jorge;RS;Mata Atlântica;Sul
4318457;São José das Missões;RS;Mata Atlântica;Sul
4318465;São José do Herval;RS;Mata Atlântica;Sul
4318481;São José do Hortêncio;RS;Mata Atlântica;Sul
4318499;São José do Inhacorá;RS;Mata Atlântica;Sul
4318507;São José do Norte;RS;Pampa;Sul
4318606;São José do Ouro;RS;Mata Atlântica;Sul
4318614;São José do Sul;RS;Mata Atlântica;Sul
4318622;São José dos Ausentes;RS;Mata Atlântica;Sul
4318705;São Leopoldo;RS;Mata Atlântica;Sul
4318804;São Lourenço do Sul;RS;Pampa;Sul
4318903;São Luiz Gonzaga;RS;Pampa;Sul
4319000;São Marcos;RS;Mata Atlântica;Sul
4319109;São Martinho;RS;Mata Atlântica;Sul
4319125;São Martinho da Serra;RS;Pampa;Sul
4319158;São Miguel das Missões;RS;Pampa;Sul
4319208;São Nicolau;RS;Pampa;Sul
4319307;São Paulo das Missões;RS;Mata Atlântica;Sul
4319356;São Pedro da Serra;RS;Mata Atlântica;Sul
4319364;São Pedro das Missões;RS;Mata Atlântica;Sul
4319372;São Pedro do Butiá;RS;Mata Atlântica;Sul
4319406;São Pedro do Sul;RS;Pampa;Sul
4319505;São Sebastião do Caí;RS;Mata Atlântica;Sul
4319604;São Sepé;RS;Pampa;Sul
4319703;São Valentim;RS;Mata Atlântica;Sul
4319711;São Valentim do Sul;RS;Mata Atlântica;Sul
4319737;São Valério do Sul;RS;Mata Atlântica;Sul
4319752;São Vendelino;RS;Mata Atlântica;Sul
4319802;São Vicente do Sul;RS;Pampa;Sul
4319901;Sapiranga;RS;Mata Atlântica;Sul
4320008;Sapucaia do Sul;RS;Mata Atlântica;Sul
4320107;Sarandi;RS;Mata Atlântica;Sul
4320206;Seberi;RS;Mata Atlântica;Sul
4320230;Sede Nova;RS;Mata Atlântica;Sul
4320263;Segredo;RS;Mata Atlântica;Sul
4320305;Selbach;RS;Mata Atlântica;Sul
4320321;Senador Salgado Filho;RS;Pampa;Sul
4320354;Sentinela do Sul;RS;Pampa;Sul
4320404;Serafina Corrêa;RS;Mata Atlântica;Sul
4320453;Sério;RS;Mata Atlântica;Sul
4320503;Sertão;RS;Pampa;Sul
4320552;Sertão Santana;RS;Pampa;Sul
4320578;Sete de Setembro;RS;Mata Atlântica;Sul
4320602;Severiano de Almeida;RS;Mata Atlântica;Sul
4320651;Silveira Martins;RS;Mata Atlântica;Sul
4320677;Sinimbu;RS;Mata Atlântica;Sul
4320701;Sobradinho;RS;Mata Atlântica;Sul
4320800;Soledade;RS;Mata Atlântica;Sul
4320859;Tabaí;RS;Mata Atlântica;Sul
4320909;Tapejara;RS;Mata Atlântica;Sul
4321006;Tapera;RS;Mata Atlântica;Sul
4321105;Tapes;RS;Pampa;Sul
4321204;Taquara;RS;Mata Atlântica;Sul
4321303;Taquari;RS;Pampa;Sul
4321329;Taquaruçu do Sul;RS;Mata Atlântica;Sul
4321352;Tavares;RS;Pampa;Sul
4321402;Tenente Portela;RS;Mata Atlântica;Sul
4321436;Terra de Areia;RS;Mata Atlântica;Sul
4321451;Teutônia;RS;Mata Atlântica;Sul
4321469;Tio Hugo;RS;Mata Atlântica;Sul
4321477;Tiradentes do Sul;RS;Mata Atlântica;Sul
4321493;Toropi;RS;Mata Atlântica;Sul
4321501;Torres;RS;Mata Atlântica;Sul
4321600;Tramandaí;RS;Pampa;Sul
4321626;Travesseiro;RS;Mata Atlântica;Sul
4321634;Três Arroios;RS;Mata Atlântica;Sul
4321667;Três Cachoeiras;RS;Mata Atlântica;Sul
4321709;Três Coroas;RS;Mata Atlântica;Sul
4321808;Três de Maio;RS;Mata Atlântica;Sul
4321832;Três Forquilhas;RS;Mata Atlântica;Sul
4321857;Três Palmeiras;RS;Pampa;Sul
4321907;Três Passos;RS;Mata Atlântica;Sul
4321956;Trindade do Sul;RS;Mata Atlântica;Sul
4322004;Triunfo;RS;Pampa;Sul
4322103;Tucunduva;RS;Mata Atlântica;Sul
4322152;Tunas;RS;Mata Atlântica;Sul
4322186;Tupanci do Sul;RS;Mata Atlântica;Sul
4322202;Tupanciretã;RS;Pampa;Sul
4322251;Tupandi;RS;Mata Atlântica;Sul
4322301;Tuparendi;RS;Mata Atlântica;Sul
4322327;Turuçu;RS;Pampa;Sul
4322343;Ubiretama;RS;Mata Atlântica;Sul
4322350;União da Serra;RS;Mata Atlântica;Sul
4322376;Unistalda;RS;Pampa;Sul
4322400;Uruguaiana;RS;Pampa;Sul
4322509;Vacaria;RS;Mata Atlântica;Sul
4322525;Vale Verde;RS;Pampa;Sul
4322533;Vale do Sol;RS;Mata Atlântica;Sul
4322541;Vale Real;RS;Mata Atlântica;Sul
4322558;Vanini;RS;Mata Atlântica;Sul
4322608;Venâncio Aires;RS;Mata Atlântica;Sul
4322707;Vera Cruz;RS;Mata Atlântica;Sul
4322806;Veranópolis;RS;Mata Atlântica;Sul
4322855;Vespasiano Corrêa;RS;Mata Atlântica;Sul
4322905;Viadutos;RS;Mata Atlântica;Sul
4323002;Viamão;RS;Pampa;Sul
4323101;Vicente Dutra;RS;Mata Atlântica;Sul
4323200;Victor Graeff;RS;Mata Atlântica;Sul
4323309;Vila Flores;RS;Mata Atlântica;Sul
4323358;Vila Lângaro;RS;Mata Atlântica;Sul
4323408;Vila Maria;RS;Mata Atlântica;Sul
4323457;Vila Nova do Sul;RS;Pampa;Sul
4323507;Vista Alegre;RS;Mata Atlântica;Sul
4323606;Vista Alegre do Prata;RS;Mata Atlântica;Sul
4323705;Vista Gaúcha;RS;Mata Atlântica;Sul
4323754;Vitória das Missões;RS;Mata Atlântica;Sul
4323770;Westfália;RS;Mata Atlântica;Sul
4323804;Xangri-lá;RS;Mata Atlântica;Sul
5000203;Água Clara;MS;Cerrado;Centro-Oeste
5000252;Alcinópolis;MS;Cerrado;Centro-Oeste
5000609;Amambai;MS;Cerrado;Centro-Oeste
5000708;Anastácio;MS;Cerrado;Centro-Oeste
5000807;Anaurilândia;MS;Mata Atlântica;Centro-Oeste
5000856;Angélica;MS;Mata Atlântica;Centro-Oeste
5000906;Antônio João;MS;Cerrado;Centro-Oeste
5001003;Aparecida do Taboado;MS;Cerrado;Centro-Oeste
5001102;Aquidauana;MS;Pantanal;Centro-Oeste
5001243;Aral Moreira;MS;Cerrado;Centro-Oeste
5001508;Bandeirantes;MS;Cerrado;Centro-Oeste
5001904;Bataguassu;MS;Cerrado;Centro-Oeste
5002001;Batayporã;MS;Mata Atlântica;Centro-Oeste
5002100;Bela Vista;MS;Cerrado;Centro-Oeste
5002159;Bodoquena;MS;Cerrado;Centro-Oeste
5002209;Bonito;MS;Cerrado;Centro-Oeste
5002308;Brasilândia;MS;Cerrado;Centro-Oeste
5002407;Caarapó;MS;Mata Atlântica;Centro-Oeste
5002605;Camapuã;MS;Cerrado;Centro-Oeste
5002704;Campo Grande;MS;Cerrado;Centro-Oeste
5002803;Caracol;MS;Cerrado;Centro-Oeste
5002902;Cassilândia;MS;Cerrado;Centro-Oeste
5002951;Chapadão do Sul;MS;Cerrado;Centro-Oeste
5003108;Corguinho;MS;Cerrado;Centro-Oeste
5003157;Coronel Sapucaia;MS;Cerrado;Centro-Oeste
5003207;Corumbá;MS;Pantanal;Centro-Oeste
5003256;Costa Rica;MS;Cerrado;Centro-Oeste
5003306;Coxim;MS;Cerrado;Centro-Oeste
5003454;Deodápolis;MS;Mata Atlântica;Centro-Oeste
5003488;Dois Irmãos do Buriti;MS;Cerrado;Centro-Oeste
5003504;Douradina;MS;Mata Atlântica;Centro-Oeste
5003702;Dourados;MS;Cerrado;Centro-Oeste
5003751;Eldorado;MS;Mata Atlântica;Centro-Oeste
5003801;Fátima do Sul;MS;Mata Atlântica;Centro-Oeste
5003900;Figueirão;MS;Cerrado;Centro-Oeste
5004007;Glória de Dourados;MS;Mata Atlântica;Centro-Oeste
5004106;Guia Lopes da Laguna;MS;Cerrado;Centro-Oeste
5004304;Iguatemi;MS;Mata Atlântica;Centro-Oeste
5004403;Inocência;MS;Cerrado;Centro-Oeste
5004502;Itaporã;MS;Mata Atlântica;Centro-Oeste
5004601;Itaquiraí;MS;Mata Atlântica;Centro-Oeste
5004700;Ivinhema;MS;Mata Atlântica;Centro-Oeste
5004809;Japorã;MS;Mata Atlântica;Centro-Oeste
5004908;Jaraguari;MS;Cerrado;Centro-Oeste
5005004;Jardim;MS;Cerrado;Centro-Oeste
5005103;Jateí;MS;Mata Atlântica;Centro-Oeste
5005152;Juti;MS;Mata Atlântica;Centro-Oeste
5005202;Ladário;MS;Pantanal;Centro-Oeste
5005251;Laguna Carapã;MS;Cerrado;Centro-Oeste
5005400;Maracaju;MS;Cerrado;Centro-Oeste
5005608;Miranda;MS;Cerrado;Centro-Oeste
5005681;Mundo Novo;MS;Mata Atlântica;Centro-Oeste
5005707;Naviraí;MS;Mata Atlântica;Centro-Oeste
5005806;Nioaque;MS;Cerrado;Centro-Oeste
5006002;Nova Alvorada do Sul;MS;Cerrado;Centro-Oeste
5006200;Nova Andradina;MS;Cerrado;Centro-Oeste
5006259;Novo Horizonte do Sul;MS;Mata Atlântica;Centro-Oeste
5006275;Paraíso das Águas;MS;Cerrado;Centro-Oeste
5006309;Paranaíba;MS;Cerrado;Centro-Oeste
5006358;Paranhos;MS;Cerrado;Centro-Oeste
5006408;Pedro Gomes;MS;Cerrado;Centro-Oeste
5006606;Ponta Porã;MS;Cerrado;Centro-Oeste
5006903;Porto Murtinho;MS;Pantanal;Centro-Oeste
5007109;Ribas do Rio Pardo;MS;Cerrado;Centro-Oeste
5007208;Rio Brilhante;MS;Cerrado;Centro-Oeste
5007307;Rio Negro;MS;Cerrado;Centro-Oeste
5007406;Rio Verde de Mato Grosso;MS;Pantanal;Centro-Oeste
5007505;Rochedo;MS;Cerrado;Centro-Oeste
5007554;Santa Rita do Pardo;MS;Cerrado;Centro-Oeste
5007695;São Gabriel do Oeste;MS;Cerrado;Centro-Oeste
5007703;Sete Quedas;MS;Mata Atlântica;Centro-Oeste
5007802;Selvíria;MS;Cerrado;Centro-Oeste
5007901;Sidrolândia;MS;Cerrado;Centro-Oeste
5007935;Sonora;MS;Cerrado;Centro-Oeste
5007950;Tacuru;MS;Mata Atlântica;Centro-Oeste
5007976;Taquarussu;MS;Mata Atlântica;Centro-Oeste
5008008;Terenos;MS;Cerrado;Centro-Oeste
5008305;Três Lagoas;MS;Cerrado;Centro-Oeste
5008404;Vicentina;MS;Mata Atlântica;Centro-Oeste
2700102;Água Branca;AL;Caatinga;Nordeste
2700201;Anadia;AL;Mata Atlântica;Nordeste
2700300;Arapiraca;AL;Caatinga;Nordeste
2700409;Atalaia;AL;Mata Atlântica;Nordeste
2700508;Barra de Santo Antônio;AL;Mata Atlântica;Nordeste
2700607;Barra de São Miguel;AL;Mata Atlântica;Nordeste
2700706;Batalha;AL;Caatinga;Nordeste
2700805;Belém;AL;Caatinga;Nordeste
2700904;Belo Monte;AL;Caatinga;Nordeste
2701001;Boca da Mata;AL;Mata Atlântica;Nordeste
2701100;Branquinha;AL;Mata Atlântica;Nordeste
2701209;Cacimbinhas;AL;Caatinga;Nordeste
2701308;Cajueiro;AL;Mata Atlântica;Nordeste
2701357;Campestre;AL;Mata Atlântica;Nordeste
2701407;Campo Alegre;AL;Mata Atlântica;Nordeste
2701506;Campo Grande;AL;Caatinga;Nordeste
2701605;Canapi;AL;Caatinga;Nordeste
2701704;Capela;AL;Mata Atlântica;Nordeste
2701803;Carneiros;AL;Caatinga;Nordeste
2701902;Chã Preta;AL;Mata Atlântica;Nordeste
2702009;Coité do Nóia;AL;Caatinga;Nordeste
2702108;Colônia Leopoldina;AL;Mata Atlântica;Nordeste
2702207;Coqueiro Seco;AL;Mata Atlântica;Nordeste
2702306;Coruripe;AL;Mata Atlântica;Nordeste
2702355;Craíbas;AL;Caatinga;Nordeste
2702405;Delmiro Gouveia;AL;Caatinga;Nordeste
2702504;Dois Riachos;AL;Caatinga;Nordeste
2702553;Estrela de Alagoas;AL;Caatinga;Nordeste
2702603;Feira Grande;AL;Caatinga;Nordeste
2702702;Feliz Deserto;AL;Mata Atlântica;Nordeste
2702801;Flexeiras;AL;Mata Atlântica;Nordeste
2702900;Girau do Ponciano;AL;Caatinga;Nordeste
2703007;Ibateguara;AL;Mata Atlântica;Nordeste
2703106;Igaci;AL;Caatinga;Nordeste
2703205;Igreja Nova;AL;Mata Atlântica;Nordeste
2703304;Inhapi;AL;Caatinga;Nordeste
2703403;Jacaré dos Homens;AL;Caatinga;Nordeste
2703502;Jacuípe;AL;Mata Atlântica;Nordeste
2703601;Japaratinga;AL;Mata Atlântica;Nordeste
2703700;Jaramataia;AL;Caatinga;Nordeste
2703759;Jequiá da Praia;AL;Mata Atlântica;Nordeste
2703809;Joaquim Gomes;AL;Mata Atlântica;Nordeste
2703908;Jundiá;AL;Mata Atlântica;Nordeste
2704005;Junqueiro;AL;Mata Atlântica;Nordeste
2704104;Lagoa da Canoa;AL;Caatinga;Nordeste
2704203;Limoeiro de Anadia;AL;Mata Atlântica;Nordeste
2704302;Maceió;AL;Mata Atlântica;Nordeste
2704401;Major Isidoro;AL;Caatinga;Nordeste
2704500;Maragogi;AL;Mata Atlântica;Nordeste
2704609;Maravilha;AL;Caatinga;Nordeste
2704708;Marechal Deodoro;AL;Mata Atlântica;Nordeste
2704807;Maribondo;AL;Mata Atlântica;Nordeste
2704906;Mar Vermelho;AL;Mata Atlântica;Nordeste
2705002;Mata Grande;AL;Caatinga;Nordeste
2705101;Matriz de Camaragibe;AL;Mata Atlântica;Nordeste
2705200;Messias;AL;Mata Atlântica;Nordeste
2705309;Minador do Negrão;AL;Caatinga;Nordeste
2705408;Monteirópolis;AL;Caatinga;Nordeste
2705507;Murici;AL;Mata Atlântica;Nordeste
2705606;Novo Lino;AL;Mata Atlântica;Nordeste
2705705;Olho d'Água das Flores;AL;Caatinga;Nordeste
2705804;Olho d'Água do Casado;AL;Caatinga;Nordeste
2705903;Olho d'Água Grande;AL;Caatinga;Nordeste
2706000;Olivença;AL;Caatinga;Nordeste
2706109;Ouro Branco;AL;Caatinga;Nordeste
2706208;Palestina;AL;Caatinga;Nordeste
2706307;Palmeira dos Índios;AL;Caatinga;Nordeste
2706406;Pão de Açúcar;AL;Caatinga;Nordeste
2706422;Pariconha;AL;Caatinga;Nordeste
2706448;Paripueira;AL;Mata Atlântica;Nordeste
2706505;Passo de Camaragibe;AL;Mata Atlântica;Nordeste
2706604;Paulo Jacinto;AL;Mata Atlântica;Nordeste
2706703;Penedo;AL;Mata Atlântica;Nordeste
2706802;Piaçabuçu;AL;Mata Atlântica;Nordeste
2706901;Pilar;AL;Mata Atlântica;Nordeste
2707008;Pindoba;AL;Mata Atlântica;Nordeste
2707107;Piranhas;AL;Caatinga;Nordeste
2707206;Poço das Trincheiras;AL;Caatinga;Nordeste
2707305;Porto Calvo;AL;Mata Atlântica;Nordeste
2707404;Porto de Pedras;AL;Mata Atlântica;Nordeste
2707503;Porto Real do Colégio;AL;Caatinga;Nordeste
2707602;Quebrangulo;AL;Mata Atlântica;Nordeste
2707701;Rio Largo;AL;Mata Atlântica;Nordeste
2707800;Roteiro;AL;Mata Atlântica;Nordeste
2707909;Santa Luzia do Norte;AL;Mata Atlântica;Nordeste
2708006;Santana do Ipanema;AL;Caatinga;Nordeste
2708105;Santana do Mundaú;AL;Mata Atlântica;Nordeste
2708204;São Brás;AL;Caatinga;Nordeste
2708303;São José da Laje;AL;Mata Atlântica;Nordeste
2708402;São José da Tapera;AL;Caatinga;Nordeste
2708501;São Luís do Quitunde;AL;Mata Atlântica;Nordeste
2708600;São Miguel dos Campos;AL;Mata Atlântica;Nordeste
2708709;São Miguel dos Milagres;AL;Mata Atlântica;Nordeste
2708808;São Sebastião;AL;Mata Atlântica;Nordeste
2708907;Satuba;AL;Mata Atlântica;Nordeste
2708956;Senador Rui Palmeira;AL;Caatinga;Nordeste
2709004;Tanque d'Arca;AL;Mata Atlântica;Nordeste
2709103;Taquarana;AL;Caatinga;Nordeste
2709152;Teotônio Vilela;AL;Mata Atlântica;Nordeste
2709202;Traipu;AL;Caatinga;Nordeste
2709301;União dos Palmares;AL;Mata Atlântica;Nordeste
2709400;Viçosa;AL;Mata Atlântica;Nordeste
3100104;Abadia dos Dourados;MG;Cerrado;Sudeste
3100203;Abaeté;MG;Cerrado;Sudeste
3100302;Abre Campo;MG;Mata Atlântica;Sudeste
3100401;Acaiaca;MG;Mata Atlântica;Sudeste
3100500;Açucena;MG;Mata Atlântica;Sudeste
3100609;Água Boa;MG;Mata Atlântica;Sudeste
3100708;Água Comprida;MG;Mata Atlântica;Sudeste
3100807;Aguanil;MG;Mata Atlântica;Sudeste
3100906;Águas Formosas;MG;Mata Atlântica;Sudeste
3101003;Águas Vermelhas;MG;Mata Atlântica;Sudeste
3101102;Aimorés;MG;Mata Atlântica;Sudeste
3101201;Aiuruoca;MG;Mata Atlântica;Sudeste
3101300;Alagoa;MG;Mata Atlântica;Sudeste
3101409;Albertina;MG;Mata Atlântica;Sudeste
3101508;Além Paraíba;MG;Mata Atlântica;Sudeste
3101607;Alfenas;MG;Mata Atlântica;Sudeste
3101631;Alfredo Vasconcelos;MG;Mata Atlântica;Sudeste
3101706;Almenara;MG;Mata Atlântica;Sudeste
3101805;Alpercata;MG;Mata Atlântica;Sudeste
3101904;Alpinópolis;MG;Cerrado;Sudeste
3102001;Alterosa;MG;Mata Atlântica;Sudeste
3102050;Alto Caparaó;MG;Mata Atlântica;Sudeste
3102100;Alto Rio Doce;MG;Mata Atlântica;Sudeste
3102209;Alvarenga;MG;Mata Atlântica;Sudeste
3102308;Alvinópolis;MG;Mata Atlântica;Sudeste
3102407;Alvorada de Minas;MG;Mata Atlântica;Sudeste
3102506;Amparo do Serra;MG;Mata Atlântica;Sudeste
3102605;Andradas;MG;Mata Atlântica;Sudeste
3102704;Cachoeira de Pajeú;MG;Mata Atlântica;Sudeste
3102803;Andrelândia;MG;Mata Atlântica;Sudeste
3102852;Angelândia;MG;Mata Atlântica;Sudeste
3102902;Antônio Carlos;MG;Mata Atlântica;Sudeste
3103009;Antônio Dias;MG;Mata Atlântica;Sudeste
3103108;Antônio Prado de Minas;MG;Mata Atlântica;Sudeste
3103207;Araçaí;MG;Cerrado;Sudeste
3103306;Aracitaba;MG;Mata Atlântica;Sudeste
3103405;Araçuaí;MG;Mata Atlântica;Sudeste
3103504;Araguari;MG;Cerrado;Sudeste
3103603;Arantina;MG;Mata Atlântica;Sudeste
3103702;Araponga;MG;Mata Atlântica;Sudeste
3103751;Araporã;MG;Mata Atlântica;Sudeste
3103801;Arapuá;MG;Cerrado;Sudeste
3103900;Araújos;MG;Cerrado;Sudeste
3104007;Araxá;MG;Cerrado;Sudeste
3104106;Arceburgo;MG;Mata Atlântica;Sudeste
3104205;Arcos;MG;Cerrado;Sudeste
3104304;Areado;MG;Mata Atlântica;Sudeste
3104403;Argirita;MG;Mata Atlântica;Sudeste
3104452;Aricanduva;MG;Mata Atlântica;Sudeste
3104502;Arinos;MG;Cerrado;Sudeste
3104601;Astolfo Dutra;MG;Mata Atlântica;Sudeste
3104700;Ataléia;MG;Mata Atlântica;Sudeste
3104809;Augusto de Lima;MG;Cerrado;Sudeste
3104908;Baependi;MG;Mata Atlântica;Sudeste
3105004;Baldim;MG;Cerrado;Sudeste
3105103;Bambuí;MG;Cerrado;Sudeste
3105202;Bandeira;MG;Mata Atlântica;Sudeste
3105301;Bandeira do Sul;MG;Mata Atlântica;Sudeste
3105400;Barão de Cocais;MG;Mata Atlântica;Sudeste
3105509;Barão de Monte Alto;MG;Mata Atlântica;Sudeste
3105608;Barbacena;MG;Mata Atlântica;Sudeste
3105707;Barra Longa;MG;Mata Atlântica;Sudeste
3105905;Barroso;MG;Mata Atlântica;Sudeste
3106002;Bela Vista de Minas;MG;Mata Atlântica;Sudeste
3106101;Belmiro Braga;MG;Mata Atlântica;Sudeste
3106200;Belo Horizonte;MG;Mata Atlântica;Sudeste
3106309;Belo Oriente;MG;Mata Atlântica;Sudeste
3106408;Belo Vale;MG;Mata Atlântica;Sudeste
3106507;Berilo;MG;Cerrado;Sudeste
3106606;Bertópolis;MG;Mata Atlântica;Sudeste
3106655;Berizal;MG;Mata Atlântica;Sudeste
3106705;Betim;MG;Mata Atlântica;Sudeste
3106804;Bias Fortes;MG;Mata Atlântica;Sudeste
3106903;Bicas;MG;Mata Atlântica;Sudeste
3107000;Biquinhas;MG;Cerrado;Sudeste
3107109;Boa Esperança;MG;Cerrado;Sudeste
3107208;Bocaina de Minas;MG;Mata Atlântica;Sudeste
3107307;Bocaiúva;MG;Cerrado;Sudeste
3107406;Bom Despacho;MG;Cerrado;Sudeste
3107505;Bom Jardim de Minas;MG;Mata Atlântica;Sudeste
3107604;Bom Jesus da Penha;MG;Mata Atlântica;Sudeste
3107703;Bom Jesus do Amparo;MG;Cerrado;Sudeste
3107802;Bom Jesus do Galho;MG;Mata Atlântica;Sudeste
3107901;Bom Repouso;MG;Mata Atlântica;Sudeste
3108008;Bom Sucesso;MG;Mata Atlântica;Sudeste
3108107;Bonfim;MG;Mata Atlântica;Sudeste
3108206;Bonfinópolis de Minas;MG;Cerrado;Sudeste
3108255;Bonito de Minas;MG;Cerrado;Sudeste
3108305;Borda da Mata;MG;Mata Atlântica;Sudeste
3108404;Botelhos;MG;Mata Atlântica;Sudeste
3108503;Botumirim;MG;Cerrado;Sudeste
3108552;Brasilândia de Minas;MG;Cerrado;Sudeste
3108602;Brasília de Minas;MG;Cerrado;Sudeste
3108701;Brás Pires;MG;Mata Atlântica;Sudeste
3108800;Braúnas;MG;Mata Atlântica;Sudeste
3108909;Brazópolis;MG;Mata Atlântica;Sudeste
3109006;Brumadinho;MG;Mata Atlântica;Sudeste
3109105;Bueno Brandão;MG;Mata Atlântica;Sudeste
3109204;Buenópolis;MG;Cerrado;Sudeste
3109253;Bugre;MG;Mata Atlântica;Sudeste
3109303;Buritis;MG;Cerrado;Sudeste
3109402;Buritizeiro;MG;Cerrado;Sudeste
3109451;Cabeceira Grande;MG;Cerrado;Sudeste
3109501;Cabo Verde;MG;Mata Atlântica;Sudeste
3109600;Cachoeira da Prata;MG;Cerrado;Sudeste
3109709;Cachoeira de Minas;MG;Mata Atlântica;Sudeste
3109808;Cachoeira Dourada;MG;Mata Atlântica;Sudeste
3109907;Caetanópolis;MG;Cerrado;Sudeste
3110004;Caeté;MG;Mata Atlântica;Sudeste
3110103;Caiana;MG;Mata Atlântica;Sudeste
3110202;Cajuri;MG;Mata Atlântica;Sudeste
3110301;Caldas;MG;Mata Atlântica;Sudeste
3110400;Camacho;MG;Mata Atlântica;Sudeste
3110509;Camanducaia;MG;Mata Atlântica;Sudeste
3110608;Cambuí;MG;Mata Atlântica;Sudeste
3110707;Cambuquira;MG;Mata Atlântica;Sudeste
3110806;Campanário;MG;Mata Atlântica;Sudeste
3110905;Campanha;MG;Mata Atlântica;Sudeste
3111002;Campestre;MG;Mata Atlântica;Sudeste
3111101;Campina Verde;MG;Cerrado;Sudeste
3111150;Campo Azul;MG;Cerrado;Sudeste
3111200;Campo Belo;MG;Mata Atlântica;Sudeste
3111309;Campo do Meio;MG;Cerrado;Sudeste
3111408;Campo Florido;MG;Cerrado;Sudeste
3111507;Campos Altos;MG;Cerrado;Sudeste
3111606;Campos Gerais;MG;Cerrado;Sudeste
3111705;Canaã;MG;Mata Atlântica;Sudeste
3111804;Canápolis;MG;Cerrado;Sudeste
3111903;Cana Verde;MG;Mata Atlântica;Sudeste
3112000;Candeias;MG;Mata Atlântica;Sudeste
3112059;Cantagalo;MG;Mata Atlântica;Sudeste
3112109;Caparaó;MG;Mata Atlântica;Sudeste
3112208;Capela Nova;MG;Mata Atlântica;Sudeste
3112307;Capelinha;MG;Cerrado;Sudeste
3112406;Capetinga;MG;Mata Atlântica;Sudeste
3112505;Capim Branco;MG;Cerrado;Sudeste
3112604;Capinópolis;MG;Mata Atlântica;Sudeste
3112653;Capitão Andrade;MG;Mata Atlântica;Sudeste
3112703;Capitão Enéas;MG;Caatinga;Sudeste
3112802;Capitólio;MG;Cerrado;Sudeste
3112901;Caputira;MG;Mata Atlântica;Sudeste
3113008;Caraí;MG;Mata Atlântica;Sudeste
3113107;Caranaíba;MG;Mata Atlântica;Sudeste
3113206;Carandaí;MG;Mata Atlântica;Sudeste
3113305;Carangola;MG;Mata Atlântica;Sudeste
3113404;Caratinga;MG;Mata Atlântica;Sudeste
3113503;Carbonita;MG;Cerrado;Sudeste
3113602;Careaçu;MG;Mata Atlântica;Sudeste
3113701;Carlos Chagas;MG;Mata Atlântica;Sudeste
3113800;Carmésia;MG;Mata Atlântica;Sudeste
3113909;Carmo da Cachoeira;MG;Mata Atlântica;Sudeste
3114006;Carmo da Mata;MG;Mata Atlântica;Sudeste
3114105;Carmo de Minas;MG;Mata Atlântica;Sudeste
3114204;Carmo do Cajuru;MG;Cerrado;Sudeste
3114303;Carmo do Paranaíba;MG;Cerrado;Sudeste
3114402;Carmo do Rio Claro;MG;Mata Atlântica;Sudeste
3114501;Carmópolis de Minas;MG;Mata Atlântica;Sudeste
3114550;Carneirinho;MG;Cerrado;Sudeste
3114600;Carrancas;MG;Mata Atlântica;Sudeste
3114709;Carvalhópolis;MG;Mata Atlântica;Sudeste
3114808;Carvalhos;MG;Mata Atlântica;Sudeste
3114907;Casa Grande;MG;Mata Atlântica;Sudeste
3115003;Cascalho Rico;MG;Cerrado;Sudeste
3115102;Cássia;MG;Cerrado;Sudeste
3115201;Conceição da Barra de Minas;MG;Mata Atlântica;Sudeste
3115300;Cataguases;MG;Mata Atlântica;Sudeste
3115359;Catas Altas;MG;Mata Atlântica;Sudeste
3115409;Catas Altas da Noruega;MG;Mata Atlântica;Sudeste
3115458;Catuji;MG;Mata Atlântica;Sudeste
3115474;Catuti;MG;Caatinga;Sudeste
3115508;Caxambu;MG;Mata Atlântica;Sudeste
3115607;Cedro do Abaeté;MG;Cerrado;Sudeste
3115706;Central de Minas;MG;Mata Atlântica;Sudeste
3115805;Centralina;MG;Mata Atlântica;Sudeste
3115904;Chácara;MG;Mata Atlântica;Sudeste
3116001;Chalé;MG;Mata Atlântica;Sudeste
3116100;Chapada do Norte;MG;Cerrado;Sudeste
3116159;Chapada Gaúcha;MG;Cerrado;Sudeste
3116209;Chiador;MG;Mata Atlântica;Sudeste
3116308;Cipotânea;MG;Mata Atlântica;Sudeste
3116407;Claraval;MG;Mata Atlântica;Sudeste
3116506;Claro dos Poções;MG;Cerrado;Sudeste
3116605;Cláudio;MG;Cerrado;Sudeste
3116704;Coimbra;MG;Mata Atlântica;Sudeste
3116803;Coluna;MG;Mata Atlântica;Sudeste
3116902;Comendador Gomes;MG;Cerrado;Sudeste
3117009;Comercinho;MG;Mata Atlântica;Sudeste
3117108;Conceição da Aparecida;MG;Mata Atlântica;Sudeste
3117207;Conceição das Pedras;MG;Mata Atlântica;Sudeste
3117306;Conceição das Alagoas;MG;Mata Atlântica;Sudeste
3117405;Conceição de Ipanema;MG;Mata Atlântica;Sudeste
3117504;Conceição do Mato Dentro;MG;Mata Atlântica;Sudeste
3117603;Conceição do Pará;MG;Cerrado;Sudeste
3117702;Conceição do Rio Verde;MG;Mata Atlântica;Sudeste
3117801;Conceição dos Ouros;MG;Mata Atlântica;Sudeste
3117836;Cônego Marinho;MG;Cerrado;Sudeste
3117876;Confins;MG;Cerrado;Sudeste
3117900;Congonhal;MG;Mata Atlântica;Sudeste
3118007;Congonhas;MG;Mata Atlântica;Sudeste
3118106;Congonhas do Norte;MG;Mata Atlântica;Sudeste
3118205;Conquista;MG;Mata Atlântica;Sudeste
3118304;Conselheiro Lafaiete;MG;Mata Atlântica;Sudeste
3118403;Conselheiro Pena;MG;Mata Atlântica;Sudeste
3118502;Consolação;MG;Mata Atlântica;Sudeste
3118601;Contagem;MG;Cerrado;Sudeste
3118700;Coqueiral;MG;Mata Atlântica;Sudeste
3118809;Coração de Jesus;MG;Cerrado;Sudeste
3118908;Cordisburgo;MG;Cerrado;Sudeste
3119005;Cordislândia;MG;Mata Atlântica;Sudeste
3119104;Corinto;MG;Cerrado;Sudeste
3119203;Coroaci;MG;Mata Atlântica;Sudeste
3119302;Coromandel;MG;Cerrado;Sudeste
3119401;Coronel Fabriciano;MG;Mata Atlântica;Sudeste
3119500;Coronel Murta;MG;Mata Atlântica;Sudeste
3119609;Coronel Pacheco;MG;Mata Atlântica;Sudeste
3119708;Coronel Xavier Chaves;MG;Mata Atlântica;Sudeste
3119807;Córrego Danta;MG;Cerrado;Sudeste
3119906;Córrego do Bom Jesus;MG;Mata Atlântica;Sudeste
3119955;Córrego Fundo;MG;Cerrado;Sudeste
3120003;Córrego Novo;MG;Mata Atlântica;Sudeste
3120102;Couto de Magalhães de Minas;MG;Cerrado;Sudeste
3120151;Crisólita;MG;Mata Atlântica;Sudeste
3120201;Cristais;MG;Cerrado;Sudeste
3120300;Cristália;MG;Cerrado;Sudeste
3120409;Cristiano Otoni;MG;Mata Atlântica;Sudeste
3120508;Cristina;MG;Mata Atlântica;Sudeste
3120607;Crucilândia;MG;Mata Atlântica;Sudeste
3120706;Cruzeiro da Fortaleza;MG;Cerrado;Sudeste
3120805;Cruzília;MG;Mata Atlântica;Sudeste
3120839;Cuparaque;MG;Mata Atlântica;Sudeste
3120870;Curral de Dentro;MG;Mata Atlântica;Sudeste
3120904;Curvelo;MG;Cerrado;Sudeste
3121001;Datas;MG;Cerrado;Sudeste
3121100;Delfim Moreira;MG;Mata Atlântica;Sudeste
3121209;Delfinópolis;MG;Cerrado;Sudeste
3121258;Delta;MG;Mata Atlântica;Sudeste
3121308;Descoberto;MG;Mata Atlântica;Sudeste
3121407;Desterro de Entre Rios;MG;Mata Atlântica;Sudeste
3121506;Desterro do Melo;MG;Mata Atlântica;Sudeste
3121605;Diamantina;MG;Cerrado;Sudeste
3121704;Diogo de Vasconcelos;MG;Mata Atlântica;Sudeste
3121803;Dionísio;MG;Mata Atlântica;Sudeste
3121902;Divinésia;MG;Mata Atlântica;Sudeste
3122009;Divino;MG;Mata Atlântica;Sudeste
3122108;Divino das Laranjeiras;MG;Mata Atlântica;Sudeste
3122207;Divinolândia de Minas;MG;Mata Atlântica;Sudeste
3122306;Divinópolis;MG;Cerrado;Sudeste
3122355;Divisa Alegre;MG;Mata Atlântica;Sudeste
3122405;Divisa Nova;MG;Mata Atlântica;Sudeste
3122454;Divisópolis;MG;Mata Atlântica;Sudeste
3122470;Dom Bosco;MG;Cerrado;Sudeste
3122504;Dom Cavati;MG;Mata Atlântica;Sudeste
3122603;Dom Joaquim;MG;Mata Atlântica;Sudeste
3122702;Dom Silvério;MG;Mata Atlântica;Sudeste
3122801;Dom Viçoso;MG;Mata Atlântica;Sudeste
3122900;Dona Euzébia;MG;Mata Atlântica;Sudeste
3123007;Dores de Campos;MG;Mata Atlântica;Sudeste
3123106;Dores de Guanhães;MG;Mata Atlântica;Sudeste
3123205;Dores do Indaiá;MG;Cerrado;Sudeste
3123304;Dores do Turvo;MG;Mata Atlântica;Sudeste
3123403;Doresópolis;MG;Cerrado;Sudeste
3123502;Douradoquara;MG;Cerrado;Sudeste
3123528;Durandé;MG;Mata Atlântica;Sudeste
3123601;Elói Mendes;MG;Mata Atlântica;Sudeste
3123700;Engenheiro Caldas;MG;Mata Atlântica;Sudeste
3123809;Engenheiro Navarro;MG;Cerrado;Sudeste
3123858;Entre Folhas;MG;Mata Atlântica;Sudeste
3123908;Entre Rios de Minas;MG;Mata Atlântica;Sudeste
3124005;Ervália;MG;Mata Atlântica;Sudeste
3124104;Esmeraldas;MG;Cerrado;Sudeste
3124203;Espera Feliz;MG;Mata Atlântica;Sudeste
3124302;Espinosa;MG;Caatinga;Sudeste
3124401;Espírito Santo do Dourado;MG;Mata Atlântica;Sudeste
3124500;Estiva;MG;Mata Atlântica;Sudeste
3124609;Estrela Dalva;MG;Mata Atlântica;Sudeste
3124708;Estrela do Indaiá;MG;Cerrado;Sudeste
3124807;Estrela do Sul;MG;Cerrado;Sudeste
3124906;Eugenópolis;MG;Mata Atlântica;Sudeste
3125002;Ewbank da Câmara;MG;Mata Atlântica;Sudeste
3125101;Extrema;MG;Mata Atlântica;Sudeste
3125200;Fama;MG;Mata Atlântica;Sudeste
3125309;Faria Lemos;MG;Mata Atlântica;Sudeste
3125408;Felício dos Santos;MG;Cerrado;Sudeste
3125507;São Gonçalo do Rio Preto;MG;Cerrado;Sudeste
3125606;Felisburgo;MG;Mata Atlântica;Sudeste
3125705;Felixlândia;MG;Cerrado;Sudeste
3125804;Fernandes Tourinho;MG;Mata Atlântica;Sudeste
3125903;Ferros;MG;Mata Atlântica;Sudeste
3125952;Fervedouro;MG;Mata Atlântica;Sudeste
3126000;Florestal;MG;Cerrado;Sudeste
3126109;Formiga;MG;Cerrado;Sudeste
3126208;Formoso;MG;Cerrado;Sudeste
3126307;Fortaleza de Minas;MG;Mata Atlântica;Sudeste
3126406;Fortuna de Minas;MG;Cerrado;Sudeste
3126505;Francisco Badaró;MG;Cerrado;Sudeste
3126604;Francisco Dumont;MG;Cerrado;Sudeste
3126703;Francisco Sá;MG;Caatinga;Sudeste
3126752;Franciscópolis;MG;Mata Atlântica;Sudeste
3126802;Frei Gaspar;MG;Mata Atlântica;Sudeste
3126901;Frei Inocêncio;MG;Mata Atlântica;Sudeste
3126950;Frei Lagonegro;MG;Mata Atlântica;Sudeste
3127008;Fronteira;MG;Cerrado;Sudeste
3127057;Fronteira dos Vales;MG;Mata Atlântica;Sudeste
3127073;Fruta de Leite;MG;Cerrado;Sudeste
3127107;Frutal;MG;Cerrado;Sudeste
3127206;Funilândia;MG;Cerrado;Sudeste
3127305;Galiléia;MG;Mata Atlântica;Sudeste
3127339;Gameleiras;MG;Caatinga;Sudeste
3127354;Glaucilândia;MG;Cerrado;Sudeste
3127370;Goiabeira;MG;Mata Atlântica;Sudeste
3127388;Goianá;MG;Mata Atlântica;Sudeste
3127404;Gonçalves;MG;Mata Atlântica;Sudeste
3127503;Gonzaga;MG;Mata Atlântica;Sudeste
3127602;Gouveia;MG;Cerrado;Sudeste
3127701;Governador Valadares;MG;Mata Atlântica;Sudeste
3127800;Grão Mogol;MG;Cerrado;Sudeste
3127909;Grupiara;MG;Cerrado;Sudeste
3128006;Guanhães;MG;Mata Atlântica;Sudeste
3128105;Guapé;MG;Cerrado;Sudeste
3128204;Guaraciaba;MG;Mata Atlântica;Sudeste
3128253;Guaraciama;MG;Cerrado;Sudeste
3128303;Guaranésia;MG;Mata Atlântica;Sudeste
3128402;Guarani;MG;Mata Atlântica;Sudeste
3128501;Guarará;MG;Mata Atlântica;Sudeste
3128600;Guarda-Mor;MG;Cerrado;Sudeste
3128709;Guaxupé;MG;Mata Atlântica;Sudeste
3128808;Guidoval;MG;Mata Atlântica;Sudeste
3128907;Guimarânia;MG;Cerrado;Sudeste
3129004;Guiricema;MG;Mata Atlântica;Sudeste
3129103;Gurinhatã;MG;Cerrado;Sudeste
3129202;Heliodora;MG;Mata Atlântica;Sudeste
3129301;Iapu;MG;Mata Atlântica;Sudeste
3129400;Ibertioga;MG;Mata Atlântica;Sudeste
3129509;Ibiá;MG;Cerrado;Sudeste
3129608;Ibiaí;MG;Cerrado;Sudeste
3129657;Ibiracatu;MG;Caatinga;Sudeste
3129707;Ibiraci;MG;Cerrado;Sudeste
3129806;Ibirité;MG;Mata Atlântica;Sudeste
3129905;Ibitiúra de Minas;MG;Mata Atlântica;Sudeste
3130002;Ibituruna;MG;Mata Atlântica;Sudeste
3130051;Icaraí de Minas;MG;Cerrado;Sudeste
3130101;Igarapé;MG;Cerrado;Sudeste
3130200;Igaratinga;MG;Cerrado;Sudeste
3130309;Iguatama;MG;Cerrado;Sudeste
3130408;Ijaci;MG;Mata Atlântica;Sudeste
3130507;Ilicínea;MG;Cerrado;Sudeste
3130556;Imbé de Minas;MG;Mata Atlântica;Sudeste
3130606;Inconfidentes;MG;Mata Atlântica;Sudeste
3130655;Indaiabira;MG;Cerrado;Sudeste
3130705;Indianópolis;MG;Cerrado;Sudeste
3130804;Ingaí;MG;Mata Atlântica;Sudeste
3130903;Inhapim;MG;Mata Atlântica;Sudeste
3131000;Inhaúma;MG;Cerrado;Sudeste
3131109;Inimutaba;MG;Cerrado;Sudeste
3131158;Ipaba;MG;Mata Atlântica;Sudeste
3131208;Ipanema;MG;Mata Atlântica;Sudeste
3131307;Ipatinga;MG;Mata Atlântica;Sudeste
3131406;Ipiaçu;MG;Mata Atlântica;Sudeste
3131505;Ipuiúna;MG;Mata Atlântica;Sudeste
3131604;Iraí de Minas;MG;Cerrado;Sudeste
3131703;Itabira;MG;Mata Atlântica;Sudeste
3131802;Itabirinha;MG;Mata Atlântica;Sudeste
3131901;Itabirito;MG;Mata Atlântica;Sudeste
3132008;Itacambira;MG;Cerrado;Sudeste
3132107;Itacarambi;MG;Caatinga;Sudeste
3132206;Itaguara;MG;Mata Atlântica;Sudeste
3132305;Itaipé;MG;Mata Atlântica;Sudeste
3132404;Itajubá;MG;Mata Atlântica;Sudeste
3132503;Itamarandiba;MG;Cerrado;Sudeste
3132602;Itamarati de Minas;MG;Mata Atlântica;Sudeste
3132701;Itambacuri;MG;Mata Atlântica;Sudeste
3132800;Itambé do Mato Dentro;MG;Cerrado;Sudeste
3132909;Itamogi;MG;Mata Atlântica;Sudeste
3133006;Itamonte;MG;Mata Atlântica;Sudeste
3133105;Itanhandu;MG;Mata Atlântica;Sudeste
3133204;Itanhomi;MG;Mata Atlântica;Sudeste
3133303;Itaobim;MG;Mata Atlântica;Sudeste
3133402;Itapagipe;MG;Cerrado;Sudeste
3133501;Itapecerica;MG;Mata Atlântica;Sudeste
3133600;Itapeva;MG;Mata Atlântica;Sudeste
3133709;Itatiaiuçu;MG;Mata Atlântica;Sudeste
3133758;Itaú de Minas;MG;Cerrado;Sudeste
3133808;Itaúna;MG;Mata Atlântica;Sudeste
3133907;Itaverava;MG;Mata Atlântica;Sudeste
3134004;Itinga;MG;Mata Atlântica;Sudeste
3134103;Itueta;MG;Mata Atlântica;Sudeste
3134202;Ituiutaba;MG;Cerrado;Sudeste
3134301;Itumirim;MG;Mata Atlântica;Sudeste
3134400;Iturama;MG;Cerrado;Sudeste
3134509;Itutinga;MG;Mata Atlântica;Sudeste
3134608;Jaboticatubas;MG;Cerrado;Sudeste
3134707;Jacinto;MG;Mata Atlântica;Sudeste
3134806;Jacuí;MG;Mata Atlântica;Sudeste
3134905;Jacutinga;MG;Mata Atlântica;Sudeste
3135001;Jaguaraçu;MG;Mata Atlântica;Sudeste
3135050;Jaíba;MG;Caatinga;Sudeste
3135076;Jampruca;MG;Mata Atlântica;Sudeste
3135100;Janaúba;MG;Caatinga;Sudeste
3135209;Januária;MG;Cerrado;Sudeste
3135308;Japaraíba;MG;Cerrado;Sudeste
3135357;Japonvar;MG;Cerrado;Sudeste
3135407;Jeceaba;MG;Mata Atlântica;Sudeste
3135456;Jenipapo de Minas;MG;Mata Atlântica;Sudeste
3135506;Jequeri;MG;Mata Atlântica;Sudeste
3135605;Jequitaí;MG;Cerrado;Sudeste
3135704;Jequitibá;MG;Cerrado;Sudeste
3135803;Jequitinhonha;MG;Mata Atlântica;Sudeste
3135902;Jesuânia;MG;Mata Atlântica;Sudeste
3136009;Joaíma;MG;Mata Atlântica;Sudeste
3136108;Joanésia;MG;Mata Atlântica;Sudeste
3136207;João Monlevade;MG;Mata Atlântica;Sudeste
3136306;João Pinheiro;MG;Cerrado;Sudeste
3136405;Joaquim Felício;MG;Cerrado;Sudeste
3136504;Jordânia;MG;Mata Atlântica;Sudeste
3136520;José Gonçalves de Minas;MG;Cerrado;Sudeste
3136553;José Raydan;MG;Mata Atlântica;Sudeste
3136579;Josenópolis;MG;Cerrado;Sudeste
3136603;Nova União;MG;Cerrado;Sudeste
3136652;Juatuba;MG;Cerrado;Sudeste
3136702;Juiz de Fora;MG;Mata Atlântica;Sudeste
3136801;Juramento;MG;Cerrado;Sudeste
3136900;Juruaia;MG;Mata Atlântica;Sudeste
3136959;Juvenília;MG;Caatinga;Sudeste
3137007;Ladainha;MG;Mata Atlântica;Sudeste
3137106;Lagamar;MG;Cerrado;Sudeste
3137205;Lagoa da Prata;MG;Cerrado;Sudeste
3137304;Lagoa dos Patos;MG;Cerrado;Sudeste
3137403;Lagoa Dourada;MG;Mata Atlântica;Sudeste
3137502;Lagoa Formosa;MG;Cerrado;Sudeste
3137536;Lagoa Grande;MG;Cerrado;Sudeste
3137601;Lagoa Santa;MG;Cerrado;Sudeste
3137700;Lajinha;MG;Mata Atlântica;Sudeste
3137809;Lambari;MG;Mata Atlântica;Sudeste
3137908;Lamim;MG;Mata Atlântica;Sudeste
3138005;Laranjal;MG;Mata Atlântica;Sudeste
3138104;Lassance;MG;Cerrado;Sudeste
3138203;Lavras;MG;Mata Atlântica;Sudeste
3138302;Leandro Ferreira;MG;Cerrado;Sudeste
3138351;Leme do Prado;MG;Cerrado;Sudeste
3138401;Leopoldina;MG;Mata Atlântica;Sudeste
3138500;Liberdade;MG;Mata Atlântica;Sudeste
3138609;Lima Duarte;MG;Mata Atlântica;Sudeste
3138625;Limeira do Oeste;MG;Cerrado;Sudeste
3138658;Lontra;MG;Cerrado;Sudeste
3138674;Luisburgo;MG;Mata Atlântica;Sudeste
3138682;Luislândia;MG;Cerrado;Sudeste
3138708;Luminárias;MG;Mata Atlântica;Sudeste
3138807;Luz;MG;Cerrado;Sudeste
3138906;Machacalis;MG;Mata Atlântica;Sudeste
3139003;Machado;MG;Mata Atlântica;Sudeste
3139102;Madre de Deus de Minas;MG;Mata Atlântica;Sudeste
3139201;Malacacheta;MG;Mata Atlântica;Sudeste
3139250;Mamonas;MG;Caatinga;Sudeste
3139300;Manga;MG;Caatinga;Sudeste
3139409;Manhuaçu;MG;Mata Atlântica;Sudeste
3139508;Manhumirim;MG;Mata Atlântica;Sudeste
3139607;Mantena;MG;Mata Atlântica;Sudeste
3139706;Maravilhas;MG;Mata Atlântica;Sudeste
3139805;Mar de Espanha;MG;Mata Atlântica;Sudeste
3139904;Maria da Fé;MG;Mata Atlântica;Sudeste
3140001;Mariana;MG;Mata Atlântica;Sudeste
3140100;Marilac;MG;Mata Atlântica;Sudeste
3140159;Mário Campos;MG;Mata Atlântica;Sudeste
3140209;Maripá de Minas;MG;Mata Atlântica;Sudeste
3140308;Marliéria;MG;Mata Atlântica;Sudeste
3140407;Marmelópolis;MG;Mata Atlântica;Sudeste
3140506;Martinho Campos;MG;Cerrado;Sudeste
3140530;Martins Soares;MG;Mata Atlântica;Sudeste
3140555;Mata Verde;MG;Mata Atlântica;Sudeste
3140605;Materlândia;MG;Mata Atlântica;Sudeste
3140704;Mateus Leme;MG;Cerrado;Sudeste
3140803;Matias Barbosa;MG;Mata Atlântica;Sudeste
3140852;Matias Cardoso;MG;Caatinga;Sudeste
3140902;Matipó;MG;Mata Atlântica;Sudeste
3141009;Mato Verde;MG;Caatinga;Sudeste
3141108;Matozinhos;MG;Cerrado;Sudeste
3141207;Matutina;MG;Cerrado;Sudeste
3141306;Medeiros;MG;Cerrado;Sudeste
3141405;Medina;MG;Mata Atlântica;Sudeste
3141504;Mendes Pimentel;MG;Mata Atlântica;Sudeste
3141603;Mercês;MG;Mata Atlântica;Sudeste
3141702;Mesquita;MG;Mata Atlântica;Sudeste
3141801;Minas Novas;MG;Cerrado;Sudeste
3141900;Minduri;MG;Mata Atlântica;Sudeste
3142007;Mirabela;MG;Cerrado;Sudeste
3142106;Miradouro;MG;Mata Atlântica;Sudeste
3142205;Miraí;MG;Mata Atlântica;Sudeste
3142254;Miravânia;MG;Cerrado;Sudeste
3142304;Moeda;MG;Mata Atlântica;Sudeste
3142403;Moema;MG;Cerrado;Sudeste
3142502;Monjolos;MG;Cerrado;Sudeste
3142601;Monsenhor Paulo;MG;Mata Atlântica;Sudeste
3142700;Montalvânia;MG;Cerrado;Sudeste
3142809;Monte Alegre de Minas;MG;Cerrado;Sudeste
3142908;Monte Azul;MG;Caatinga;Sudeste
3143005;Monte Belo;MG;Mata Atlântica;Sudeste
3143104;Monte Carmelo;MG;Cerrado;Sudeste
3143153;Monte Formoso;MG;Mata Atlântica;Sudeste
3143203;Monte Santo de Minas;MG;Mata Atlântica;Sudeste
3143302;Montes Claros;MG;Cerrado;Sudeste
3143401;Monte Sião;MG;Mata Atlântica;Sudeste
3143450;Montezuma;MG;Cerrado;Sudeste
3143500;Morada Nova de Minas;MG;Cerrado;Sudeste
3143609;Morro da Garça;MG;Cerrado;Sudeste
3143708;Morro do Pilar;MG;Mata Atlântica;Sudeste
3143807;Munhoz;MG;Mata Atlântica;Sudeste
3143906;Muriaé;MG;Mata Atlântica;Sudeste
3144003;Mutum;MG;Mata Atlântica;Sudeste
3144102;Muzambinho;MG;Mata Atlântica;Sudeste
3144201;Nacip Raydan;MG;Mata Atlântica;Sudeste
3144300;Nanuque;MG;Mata Atlântica;Sudeste
3144359;Naque;MG;Mata Atlântica;Sudeste
3144375;Natalândia;MG;Cerrado;Sudeste
3144409;Natércia;MG;Mata Atlântica;Sudeste
3144508;Nazareno;MG;Mata Atlântica;Sudeste
3144607;Nepomuceno;MG;Mata Atlântica;Sudeste
3144656;Ninheira;MG;Mata Atlântica;Sudeste
3144672;Nova Belém;MG;Mata Atlântica;Sudeste
3144706;Nova Era;MG;Mata Atlântica;Sudeste
3144805;Nova Lima;MG;Mata Atlântica;Sudeste
3144904;Nova Módica;MG;Mata Atlântica;Sudeste
3145000;Nova Ponte;MG;Cerrado;Sudeste
3145059;Nova Porteirinha;MG;Caatinga;Sudeste
3145109;Nova Resende;MG;Mata Atlântica;Sudeste
3145208;Nova Serrana;MG;Cerrado;Sudeste
3145307;Novo Cruzeiro;MG;Mata Atlântica;Sudeste
3145356;Novo Oriente de Minas;MG;Mata Atlântica;Sudeste
3145372;Novorizonte;MG;Cerrado;Sudeste
3145406;Olaria;MG;Mata Atlântica;Sudeste
3145455;Olhos-d'Água;MG;Cerrado;Sudeste
3145505;Olímpio Noronha;MG;Mata Atlântica;Sudeste
3145604;Oliveira;MG;Mata Atlântica;Sudeste
3145703;Oliveira Fortes;MG;Mata Atlântica;Sudeste
3145802;Onça de Pitangui;MG;Mata Atlântica;Sudeste
3145851;Oratórios;MG;Mata Atlântica;Sudeste
3145877;Orizânia;MG;Mata Atlântica;Sudeste
3145901;Ouro Branco;MG;Mata Atlântica;Sudeste
3146008;Ouro Fino;MG;Mata Atlântica;Sudeste
3146107;Ouro Preto;MG;Mata Atlântica;Sudeste
3146206;Ouro Verde de Minas;MG;Mata Atlântica;Sudeste
3146255;Padre Carvalho;MG;Cerrado;Sudeste
3146305;Padre Paraíso;MG;Mata Atlântica;Sudeste
3146404;Paineiras;MG;Cerrado;Sudeste
3146503;Pains;MG;Cerrado;Sudeste
3146552;Pai Pedro;MG;Caatinga;Sudeste
3146602;Paiva;MG;Mata Atlântica;Sudeste
3146701;Palma;MG;Mata Atlântica;Sudeste
3146750;Palmópolis;MG;Mata Atlântica;Sudeste
3146909;Papagaios;MG;Cerrado;Sudeste
3147006;Paracatu;MG;Cerrado;Sudeste
3147105;Pará de Minas;MG;Mata Atlântica;Sudeste
3147204;Paraguaçu;MG;Mata Atlântica;Sudeste
3147303;Paraisópolis;MG;Mata Atlântica;Sudeste
3147402;Paraopeba;MG;Cerrado;Sudeste
3147501;Passabém;MG;Mata Atlântica;Sudeste
3147600;Passa Quatro;MG;Mata Atlântica;Sudeste
3147709;Passa Tempo;MG;Mata Atlântica;Sudeste
3147808;Passa Vinte;MG;Mata Atlântica;Sudeste
3147907;Passos;MG;Cerrado;Sudeste
3147956;Patis;MG;Caatinga;Sudeste
3148004;Patos de Minas;MG;Cerrado;Sudeste
3148103;Patrocínio;MG;Cerrado;Sudeste
3148202;Patrocínio do Muriaé;MG;Mata Atlântica;Sudeste
3148301;Paula Cândido;MG;Mata Atlântica;Sudeste
3148400;Paulistas;MG;Mata Atlântica;Sudeste
3148509;Pavão;MG;Mata Atlântica;Sudeste
3148608;Peçanha;MG;Mata Atlântica;Sudeste
3148707;Pedra Azul;MG;Mata Atlântica;Sudeste
3148756;Pedra Bonita;MG;Mata Atlântica;Sudeste
3148806;Pedra do Anta;MG;Mata Atlântica;Sudeste
3148905;Pedra do Indaiá;MG;Mata Atlântica;Sudeste
3149002;Pedra Dourada;MG;Mata Atlântica;Sudeste
3149101;Pedralva;MG;Mata Atlântica;Sudeste
3149150;Pedras de Maria da Cruz;MG;Caatinga;Sudeste
3149200;Pedrinópolis;MG;Cerrado;Sudeste
3149309;Pedro Leopoldo;MG;Cerrado;Sudeste
3149408;Pedro Teixeira;MG;Mata Atlântica;Sudeste
3149507;Pequeri;MG;Mata Atlântica;Sudeste
3149606;Pequi;MG;Cerrado;Sudeste
3149705;Perdigão;MG;Cerrado;Sudeste
3149804;Perdizes;MG;Cerrado;Sudeste
3149903;Perdões;MG;Mata Atlântica;Sudeste
3149952;Periquito;MG;Mata Atlântica;Sudeste
3150000;Pescador;MG;Mata Atlântica;Sudeste
3150109;Piau;MG;Mata Atlântica;Sudeste
3150158;Piedade de Caratinga;MG;Mata Atlântica;Sudeste
3150208;Piedade de Ponte Nova;MG;Mata Atlântica;Sudeste
3150307;Piedade do Rio Grande;MG;Mata Atlântica;Sudeste
3150406;Piedade dos Gerais;MG;Mata Atlântica;Sudeste
3150505;Pimenta;MG;Cerrado;Sudeste
3150539;Pingo d'Água;MG;Mata Atlântica;Sudeste
3150570;Pintópolis;MG;Cerrado;Sudeste
3150604;Piracema;MG;Mata Atlântica;Sudeste
3150703;Pirajuba;MG;Mata Atlântica;Sudeste
3150802;Piranga;MG;Mata Atlântica;Sudeste
3150901;Piranguçu;MG;Mata Atlântica;Sudeste
3151008;Piranguinho;MG;Mata Atlântica;Sudeste
3151107;Pirapetinga;MG;Mata Atlântica;Sudeste
3151206;Pirapora;MG;Cerrado;Sudeste
3151305;Piraúba;MG;Mata Atlântica;Sudeste
3151404;Pitangui;MG;Cerrado;Sudeste
3151503;Piumhi;MG;Cerrado;Sudeste
3151602;Planura;MG;Cerrado;Sudeste
3151701;Poço Fundo;MG;Mata Atlântica;Sudeste
3151800;Poços de Caldas;MG;Mata Atlântica;Sudeste
3151909;Pocrane;MG;Mata Atlântica;Sudeste
3152006;Pompéu;MG;Cerrado;Sudeste
3152105;Ponte Nova;MG;Mata Atlântica;Sudeste
3152131;Ponto Chique;MG;Cerrado;Sudeste
3152170;Ponto dos Volantes;MG;Mata Atlântica;Sudeste
3152204;Porteirinha;MG;Caatinga;Sudeste
3152303;Porto Firme;MG;Mata Atlântica;Sudeste
3152402;Poté;MG;Mata Atlântica;Sudeste
3152501;Pouso Alegre;MG;Mata Atlântica;Sudeste
3152600;Pouso Alto;MG;Mata Atlântica;Sudeste
3152709;Prados;MG;Mata Atlântica;Sudeste
3152808;Prata;MG;Cerrado;Sudeste
3152907;Pratápolis;MG;Mata Atlântica;Sudeste
3153004;Pratinha;MG;Cerrado;Sudeste
3153103;Presidente Bernardes;MG;Mata Atlântica;Sudeste
3153202;Presidente Juscelino;MG;Cerrado;Sudeste
3153301;Presidente Kubitschek;MG;Mata Atlântica;Sudeste
3153400;Presidente Olegário;MG;Cerrado;Sudeste
3153509;Alto Jequitibá;MG;Mata Atlântica;Sudeste
3153608;Prudente de Morais;MG;Cerrado;Sudeste
3153707;Quartel Geral;MG;Cerrado;Sudeste
3153806;Queluzito;MG;Mata Atlântica;Sudeste
3153905;Raposos;MG;Mata Atlântica;Sudeste
3154002;Raul Soares;MG;Mata Atlântica;Sudeste
3154101;Recreio;MG;Mata Atlântica;Sudeste
3154150;Reduto;MG;Mata Atlântica;Sudeste
3154200;Resende Costa;MG;Mata Atlântica;Sudeste
3154309;Resplendor;MG;Mata Atlântica;Sudeste
3154408;Ressaquinha;MG;Mata Atlântica;Sudeste
3154457;Riachinho;MG;Cerrado;Sudeste
3154507;Riacho dos Machados;MG;Cerrado;Sudeste
3154606;Ribeirão das Neves;MG;Cerrado;Sudeste
3154705;Ribeirão Vermelho;MG;Mata Atlântica;Sudeste
3154804;Rio Acima;MG;Mata Atlântica;Sudeste
3154903;Rio Casca;MG;Mata Atlântica;Sudeste
3155009;Rio Doce;MG;Mata Atlântica;Sudeste
3155108;Rio do Prado;MG;Mata Atlântica;Sudeste
3155207;Rio Espera;MG;Mata Atlântica;Sudeste
3155306;Rio Manso;MG;Mata Atlântica;Sudeste
3155405;Rio Novo;MG;Mata Atlântica;Sudeste
3155504;Rio Paranaíba;MG;Cerrado;Sudeste
3155603;Rio Pardo de Minas;MG;Cerrado;Sudeste
3155702;Rio Piracicaba;MG;Mata Atlântica;Sudeste
3155801;Rio Pomba;MG;Mata Atlântica;Sudeste
3155900;Rio Preto;MG;Mata Atlântica;Sudeste
3156007;Rio Vermelho;MG;Mata Atlântica;Sudeste
3156106;Ritápolis;MG;Mata Atlântica;Sudeste
3156205;Rochedo de Minas;MG;Mata Atlântica;Sudeste
3156304;Rodeiro;MG;Mata Atlântica;Sudeste
3156403;Romaria;MG;Cerrado;Sudeste
3156452;Rosário da Limeira;MG;Mata Atlântica;Sudeste
3156502;Rubelita;MG;Mata Atlântica;Sudeste
3156601;Rubim;MG;Mata Atlântica;Sudeste
3156700;Sabará;MG;Mata Atlântica;Sudeste
3156809;Sabinópolis;MG;Mata Atlântica;Sudeste
3156908;Sacramento;MG;Cerrado;Sudeste
3157005;Salinas;MG;Mata Atlântica;Sudeste
3157104;Salto da Divisa;MG;Mata Atlântica;Sudeste
3157203;Santa Bárbara;MG;Mata Atlântica;Sudeste
3157252;Santa Bárbara do Leste;MG;Mata Atlântica;Sudeste
3157278;Santa Bárbara do Monte Verde;MG;Mata Atlântica;Sudeste
3157302;Santa Bárbara do Tugúrio;MG;Mata Atlântica;Sudeste
3157336;Santa Cruz de Minas;MG;Mata Atlântica;Sudeste
3157377;Santa Cruz de Salinas;MG;Mata Atlântica;Sudeste
3157401;Santa Cruz do Escalvado;MG;Mata Atlântica;Sudeste
3157500;Santa Efigênia de Minas;MG;Mata Atlântica;Sudeste
3157609;Santa Fé de Minas;MG;Cerrado;Sudeste
3157658;Santa Helena de Minas;MG;Mata Atlântica;Sudeste
3157708;Santa Juliana;MG;Cerrado;Sudeste
3157807;Santa Luzia;MG;Cerrado;Sudeste
3157906;Santa Margarida;MG;Mata Atlântica;Sudeste
3158003;Santa Maria de Itabira;MG;Mata Atlântica;Sudeste
3158102;Santa Maria do Salto;MG;Mata Atlântica;Sudeste
3158201;Santa Maria do Suaçuí;MG;Mata Atlântica;Sudeste
3158300;Santana da Vargem;MG;Mata Atlântica;Sudeste
3158409;Santana de Cataguases;MG;Mata Atlântica;Sudeste
3158508;Santana de Pirapama;MG;Cerrado;Sudeste
3158607;Santana do Deserto;MG;Mata Atlântica;Sudeste
3158706;Santana do Garambéu;MG;Mata Atlântica;Sudeste
3158805;Santana do Jacaré;MG;Mata Atlântica;Sudeste
3158904;Santana do Manhuaçu;MG;Mata Atlântica;Sudeste
3158953;Santana do Paraíso;MG;Mata Atlântica;Sudeste
3159001;Santana do Riacho;MG;Cerrado;Sudeste
3159100;Santana dos Montes;MG;Mata Atlântica;Sudeste
3159209;Santa Rita de Caldas;MG;Mata Atlântica;Sudeste
3159308;Santa Rita de Jacutinga;MG;Mata Atlântica;Sudeste
3159357;Santa Rita de Minas;MG;Mata Atlântica;Sudeste
3159407;Santa Rita de Ibitipoca;MG;Mata Atlântica;Sudeste
3159506;Santa Rita do Itueto;MG;Mata Atlântica;Sudeste
3159605;Santa Rita do Sapucaí;MG;Mata Atlântica;Sudeste
3159704;Santa Rosa da Serra;MG;Cerrado;Sudeste
3159803;Santa Vitória;MG;Cerrado;Sudeste
3159902;Santo Antônio do Amparo;MG;Mata Atlântica;Sudeste
3160009;Santo Antônio do Aventureiro;MG;Mata Atlântica;Sudeste
3160108;Santo Antônio do Grama;MG;Mata Atlântica;Sudeste
3160207;Santo Antônio do Itambé;MG;Mata Atlântica;Sudeste
3160306;Santo Antônio do Jacinto;MG;Mata Atlântica;Sudeste
3160405;Santo Antônio do Monte;MG;Cerrado;Sudeste
3160454;Santo Antônio do Retiro;MG;Cerrado;Sudeste
3160504;Santo Antônio do Rio Abaixo;MG;Mata Atlântica;Sudeste
3160603;Santo Hipólito;MG;Cerrado;Sudeste
3160702;Santos Dumont;MG;Mata Atlântica;Sudeste
3160801;São Bento Abade;MG;Mata Atlântica;Sudeste
3160900;São Brás do Suaçuí;MG;Mata Atlântica;Sudeste
3160959;São Domingos das Dores;MG;Mata Atlântica;Sudeste
3161007;São Domingos do Prata;MG;Mata Atlântica;Sudeste
3161056;São Félix de Minas;MG;Mata Atlântica;Sudeste
3161106;São Francisco;MG;Cerrado;Sudeste
3161205;São Francisco de Paula;MG;Mata Atlântica;Sudeste
3161304;São Francisco de Sales;MG;Cerrado;Sudeste
3161403;São Francisco do Glória;MG;Mata Atlântica;Sudeste
3161502;São Geraldo;MG;Mata Atlântica;Sudeste
3161601;São Geraldo da Piedade;MG;Mata Atlântica;Sudeste
3161650;São Geraldo do Baixio;MG;Mata Atlântica;Sudeste
3161700;São Gonçalo do Abaeté;MG;Cerrado;Sudeste
3161809;São Gonçalo do Pará;MG;Cerrado;Sudeste
3161908;São Gonçalo do Rio Abaixo;MG;Mata Atlântica;Sudeste
3162005;São Gonçalo do Sapucaí;MG;Mata Atlântica;Sudeste
3162104;São Gotardo;MG;Cerrado;Sudeste
3162203;São João Batista do Glória;MG;Cerrado;Sudeste
3162252;São João da Lagoa;MG;Cerrado;Sudeste
3162302;São João da Mata;MG;Mata Atlântica;Sudeste
3162401;São João da Ponte;MG;Caatinga;Sudeste
3162450;São João das Missões;MG;Caatinga;Sudeste
3162500;São João del Rei;MG;Mata Atlântica;Sudeste
3162559;São João do Manhuaçu;MG;Mata Atlântica;Sudeste
3162575;São João do Manteninha;MG;Mata Atlântica;Sudeste
3162609;São João do Oriente;MG;Mata Atlântica;Sudeste
3162658;São João do Pacuí;MG;Cerrado;Sudeste
3162708;São João do Paraíso;MG;Mata Atlântica;Sudeste
3162807;São João Evangelista;MG;Mata Atlântica;Sudeste
3162906;São João Nepomuceno;MG;Mata Atlântica;Sudeste
3162922;São Joaquim de Bicas;MG;Mata Atlântica;Sudeste
3162948;São José da Barra;MG;Cerrado;Sudeste
3162955;São José da Lapa;MG;Cerrado;Sudeste
3163003;São José da Safira;MG;Mata Atlântica;Sudeste
3163102;São José da Varginha;MG;Cerrado;Sudeste
3163201;São José do Alegre;MG;Mata Atlântica;Sudeste
3163300;São José do Divino;MG;Mata Atlântica;Sudeste
3163409;São José do Goiabal;MG;Mata Atlântica;Sudeste
3163508;São José do Jacuri;MG;Mata Atlântica;Sudeste
3163607;São José do Mantimento;MG;Mata Atlântica;Sudeste
3163706;São Lourenço;MG;Mata Atlântica;Sudeste
3163805;São Miguel do Anta;MG;Mata Atlântica;Sudeste
3163904;São Pedro da União;MG;Mata Atlântica;Sudeste
3164001;São Pedro dos Ferros;MG;Mata Atlântica;Sudeste
3164100;São Pedro do Suaçuí;MG;Mata Atlântica;Sudeste
3164209;São Romão;MG;Cerrado;Sudeste
3164308;São Roque de Minas;MG;Cerrado;Sudeste
3164407;São Sebastião da Bela Vista;MG;Mata Atlântica;Sudeste
3164431;São Sebastião da Vargem Alegre;MG;Mata Atlântica;Sudeste
3164472;São Sebastião do Anta;MG;Mata Atlântica;Sudeste
3164506;São Sebastião do Maranhão;MG;Mata Atlântica;Sudeste
3164605;São Sebastião do Oeste;MG;Cerrado;Sudeste
3164704;São Sebastião do Paraíso;MG;Mata Atlântica;Sudeste
3164803;São Sebastião do Rio Preto;MG;Mata Atlântica;Sudeste
3164902;São Sebastião do Rio Verde;MG;Mata Atlântica;Sudeste
3165008;São Tiago;MG;Mata Atlântica;Sudeste
3165107;São Tomás de Aquino;MG;Mata Atlântica;Sudeste
3165206;São Tomé das Letras;MG;Mata Atlântica;Sudeste
3165305;São Vicente de Minas;MG;Mata Atlântica;Sudeste
3165404;Sapucaí-Mirim;MG;Mata Atlântica;Sudeste
3165503;Sardoá;MG;Mata Atlântica;Sudeste
3165537;Sarzedo;MG;Mata Atlântica;Sudeste
3165552;Setubinha;MG;Mata Atlântica;Sudeste
3165560;Sem-Peixe;MG;Mata Atlântica;Sudeste
3165578;Senador Amaral;MG;Mata Atlântica;Sudeste
3165602;Senador Cortes;MG;Mata Atlântica;Sudeste
3165701;Senador Firmino;MG;Mata Atlântica;Sudeste
3165800;Senador José Bento;MG;Mata Atlântica;Sudeste
3165909;Senador Modestino Gonçalves;MG;Cerrado;Sudeste
3166006;Senhora de Oliveira;MG;Mata Atlântica;Sudeste
3166105;Senhora do Porto;MG;Mata Atlântica;Sudeste
3166204;Senhora dos Remédios;MG;Mata Atlântica;Sudeste
3166303;Sericita;MG;Mata Atlântica;Sudeste
3166402;Seritinga;MG;Mata Atlântica;Sudeste
3166501;Serra Azul de Minas;MG;Mata Atlântica;Sudeste
3166600;Serra da Saudade;MG;Cerrado;Sudeste
3166709;Serra dos Aimorés;MG;Mata Atlântica;Sudeste
3166808;Serra do Salitre;MG;Cerrado;Sudeste
3166907;Serrania;MG;Mata Atlântica;Sudeste
3166956;Serranópolis de Minas;MG;Caatinga;Sudeste
3167004;Serranos;MG;Mata Atlântica;Sudeste
3167103;Serro;MG;Mata Atlântica;Sudeste
3167202;Sete Lagoas;MG;Cerrado;Sudeste
3167301;Silveirânia;MG;Mata Atlântica;Sudeste
3167400;Silvianópolis;MG;Mata Atlântica;Sudeste
3167509;Simão Pereira;MG;Mata Atlântica;Sudeste
3167608;Simonésia;MG;Mata Atlântica;Sudeste
3167707;Sobrália;MG;Mata Atlântica;Sudeste
3167806;Soledade de Minas;MG;Mata Atlântica;Sudeste
3167905;Tabuleiro;MG;Mata Atlântica;Sudeste
3168002;Taiobeiras;MG;Cerrado;Sudeste
3168051;Taparuba;MG;Mata Atlântica;Sudeste
3168101;Tapira;MG;Cerrado;Sudeste
3168200;Tapiraí;MG;Cerrado;Sudeste
3168309;Taquaraçu de Minas;MG;Cerrado;Sudeste
3168408;Tarumirim;MG;Mata Atlântica;Sudeste
3168507;Teixeiras;MG;Mata Atlântica;Sudeste
3168606;Teófilo Otoni;MG;Mata Atlântica;Sudeste
3168705;Timóteo;MG;Mata Atlântica;Sudeste
3168804;Tiradentes;MG;Mata Atlântica;Sudeste
3168903;Tiros;MG;Cerrado;Sudeste
3169000;Tocantins;MG;Mata Atlântica;Sudeste
3169059;Tocos do Moji;MG;Mata Atlântica;Sudeste
3169109;Toledo;MG;Mata Atlântica;Sudeste
3169208;Tombos;MG;Mata Atlântica;Sudeste
3169307;Três Corações;MG;Mata Atlântica;Sudeste
3169356;Três Marias;MG;Cerrado;Sudeste
3169406;Três Pontas;MG;Mata Atlântica;Sudeste
3169505;Tumiritinga;MG;Mata Atlântica;Sudeste
3169604;Tupaciguara;MG;Cerrado;Sudeste
3169703;Turmalina;MG;Cerrado;Sudeste
3169802;Turvolândia;MG;Mata Atlântica;Sudeste
3169901;Ubá;MG;Mata Atlântica;Sudeste
3170008;Ubaí;MG;Cerrado;Sudeste
3170057;Ubaporanga;MG;Mata Atlântica;Sudeste
3170107;Uberaba;MG;Cerrado;Sudeste
3170206;Uberlândia;MG;Cerrado;Sudeste
3170305;Umburatiba;MG;Mata Atlântica;Sudeste
3170404;Unaí;MG;Cerrado;Sudeste
3170438;União de Minas;MG;Cerrado;Sudeste
3170479;Uruana de Minas;MG;Cerrado;Sudeste
3170503;Urucânia;MG;Mata Atlântica;Sudeste
3170529;Urucuia;MG;Cerrado;Sudeste
3170578;Vargem Alegre;MG;Mata Atlântica;Sudeste
3170602;Vargem Bonita;MG;Cerrado;Sudeste
3170651;Vargem Grande do Rio Pardo;MG;Cerrado;Sudeste
3170701;Varginha;MG;Mata Atlântica;Sudeste
3170750;Varjão de Minas;MG;Cerrado;Sudeste
3170800;Várzea da Palma;MG;Cerrado;Sudeste
3170909;Varzelândia;MG;Caatinga;Sudeste
3171006;Vazante;MG;Cerrado;Sudeste
3171030;Verdelândia;MG;Caatinga;Sudeste
3171071;Veredinha;MG;Cerrado;Sudeste
3171105;Veríssimo;MG;Cerrado;Sudeste
3171154;Vermelho Novo;MG;Mata Atlântica;Sudeste
3171204;Vespasiano;MG;Cerrado;Sudeste
3171303;Viçosa;MG;Mata Atlântica;Sudeste
3171402;Vieiras;MG;Mata Atlântica;Sudeste
3171501;Mathias Lobato;MG;Mata Atlântica;Sudeste
3171600;Virgem da Lapa;MG;Cerrado;Sudeste
3171709;Virgínia;MG;Mata Atlântica;Sudeste
3171808;Virginópolis;MG;Mata Atlântica;Sudeste
3171907;Virgolândia;MG;Mata Atlântica;Sudeste
3172004;Visconde do Rio Branco;MG;Mata Atlântica;Sudeste
3172103;Volta Grande;MG;Mata Atlântica;Sudeste
3172202;Wenceslau Braz;MG;Mata Atlântica;Sudeste
1500107;Abaetetuba;PA;Amazônia;Norte
1500131;Abel Figueiredo;PA;Amazônia;Norte
1500206;Acará;PA;Amazônia;Norte
1500305;Afuá;PA;Amazônia;Norte
1500347;Água Azul do Norte;PA;Amazônia;Norte
1500404;Alenquer;PA;Amazônia;Norte
1500503;Almeirim;PA;Amazônia;Norte
1500602;Altamira;PA;Amazônia;Norte
1500701;Anajás;PA;Amazônia;Norte
1500800;Ananindeua;PA;Amazônia;Norte
1500859;Anapu;PA;Amazônia;Norte
1500909;Augusto Corrêa;PA;Amazônia;Norte
1500958;Aurora do Pará;PA;Amazônia;Norte
1501006;Aveiro;PA;Amazônia;Norte
1501105;Bagre;PA;Amazônia;Norte
1501204;Baião;PA;Amazônia;Norte
1501253;Bannach;PA;Amazônia;Norte
1501303;Barcarena;PA;Amazônia;Norte
1501402;Belém;PA;Amazônia;Norte
1501451;Belterra;PA;Amazônia;Norte
1501501;Benevides;PA;Amazônia;Norte
1501576;Bom Jesus do Tocantins;PA;Amazônia;Norte
1501600;Bonito;PA;Amazônia;Norte
1501709;Bragança;PA;Amazônia;Norte
1501725;Brasil Novo;PA;Amazônia;Norte
1501758;Brejo Grande do Araguaia;PA;Amazônia;Norte
1501782;Breu Branco;PA;Amazônia;Norte
1501808;Breves;PA;Amazônia;Norte
1501907;Bujaru;PA;Amazônia;Norte
1501956;Cachoeira do Piriá;PA;Amazônia;Norte
1502004;Cachoeira do Arari;PA;Amazônia;Norte
1502103;Cametá;PA;Amazônia;Norte
1502152;Canaã dos Carajás;PA;Amazônia;Norte
1502202;Capanema;PA;Amazônia;Norte
1502301;Capitão Poço;PA;Amazônia;Norte
1502400;Castanhal;PA;Amazônia;Norte
1502509;Chaves;PA;Amazônia;Norte
1502608;Colares;PA;Amazônia;Norte
1502707;Conceição do Araguaia;PA;Amazônia;Norte
1502756;Concórdia do Pará;PA;Amazônia;Norte
1502764;Cumaru do Norte;PA;Amazônia;Norte
1502772;Curionópolis;PA;Amazônia;Norte
1502806;Curralinho;PA;Amazônia;Norte
1502855;Curuá;PA;Amazônia;Norte
1502905;Curuçá;PA;Amazônia;Norte
1502939;Dom Eliseu;PA;Amazônia;Norte
1502954;Eldorado do Carajás;PA;Amazônia;Norte
1503002;Faro;PA;Amazônia;Norte
1503044;Floresta do Araguaia;PA;Amazônia;Norte
1503077;Garrafão do Norte;PA;Amazônia;Norte
1503093;Goianésia do Pará;PA;Amazônia;Norte
1503101;Gurupá;PA;Amazônia;Norte
1503200;Igarapé-Açu;PA;Amazônia;Norte
1503309;Igarapé-Miri;PA;Amazônia;Norte
1503408;Inhangapi;PA;Amazônia;Norte
1503457;Ipixuna do Pará;PA;Amazônia;Norte
1503507;Irituia;PA;Amazônia;Norte
1503606;Itaituba;PA;Amazônia;Norte
1503705;Itupiranga;PA;Amazônia;Norte
1503754;Jacareacanga;PA;Amazônia;Norte
1503804;Jacundá;PA;Amazônia;Norte
1503903;Juruti;PA;Amazônia;Norte
1504000;Limoeiro do Ajuru;PA;Amazônia;Norte
1504059;Mãe do Rio;PA;Amazônia;Norte
1504109;Magalhães Barata;PA;Amazônia;Norte
1504208;Marabá;PA;Amazônia;Norte
1504307;Maracanã;PA;Amazônia;Norte
1504406;Marapanim;PA;Amazônia;Norte
1504422;Marituba;PA;Amazônia;Norte
1504455;Medicilândia;PA;Amazônia;Norte
1504505;Melgaço;PA;Amazônia;Norte
1504604;Mocajuba;PA;Amazônia;Norte
1504703;Moju;PA;Amazônia;Norte
1504752;Mojuí dos Campos;PA;Amazônia;Norte
1504802;Monte Alegre;PA;Amazônia;Norte
1504901;Muaná;PA;Amazônia;Norte
1504950;Nova Esperança do Piriá;PA;Amazônia;Norte
1504976;Nova Ipixuna;PA;Amazônia;Norte
1505007;Nova Timboteua;PA;Amazônia;Norte
1505031;Novo Progresso;PA;Amazônia;Norte
1505064;Novo Repartimento;PA;Amazônia;Norte
1505106;Óbidos;PA;Amazônia;Norte
1505205;Oeiras do Pará;PA;Amazônia;Norte
1505304;Oriximiná;PA;Amazônia;Norte
1505403;Ourém;PA;Amazônia;Norte
1505437;Ourilândia do Norte;PA;Amazônia;Norte
1505486;Pacajá;PA;Amazônia;Norte
1505494;Palestina do Pará;PA;Amazônia;Norte
1505502;Paragominas;PA;Amazônia;Norte
1505536;Parauapebas;PA;Amazônia;Norte
1505551;Pau D'Arco;PA;Amazônia;Norte
1505601;Peixe-Boi;PA;Amazônia;Norte
1505635;Piçarra;PA;Amazônia;Norte
1505650;Placas;PA;Amazônia;Norte
1505700;Ponta de Pedras;PA;Amazônia;Norte
1505809;Portel;PA;Amazônia;Norte
1505908;Porto de Moz;PA;Amazônia;Norte
1506005;Prainha;PA;Amazônia;Norte
1506104;Primavera;PA;Amazônia;Norte
1506112;Quatipuru;PA;Amazônia;Norte
1506138;Redenção;PA;Amazônia;Norte
1506161;Rio Maria;PA;Amazônia;Norte
1506187;Rondon do Pará;PA;Amazônia;Norte
1506195;Rurópolis;PA;Amazônia;Norte
1506203;Salinópolis;PA;Amazônia;Norte
1506302;Salvaterra;PA;Amazônia;Norte
1506351;Santa Bárbara do Pará;PA;Amazônia;Norte
1506401;Santa Cruz do Arari;PA;Amazônia;Norte
1506500;Santa Izabel do Pará;PA;Amazônia;Norte
1506559;Santa Luzia do Pará;PA;Amazônia;Norte
1506583;Santa Maria das Barreiras;PA;Amazônia;Norte
1506609;Santa Maria do Pará;PA;Amazônia;Norte
1506708;Santana do Araguaia;PA;Amazônia;Norte
1506807;Santarém;PA;Amazônia;Norte
1506906;Santarém Novo;PA;Amazônia;Norte
1507003;Santo Antônio do Tauá;PA;Amazônia;Norte
1507102;São Caetano de Odivelas;PA;Amazônia;Norte
1507151;São Domingos do Araguaia;PA;Amazônia;Norte
1507201;São Domingos do Capim;PA;Amazônia;Norte
1507300;São Félix do Xingu;PA;Amazônia;Norte
1507409;São Francisco do Pará;PA;Amazônia;Norte
1507458;São Geraldo do Araguaia;PA;Amazônia;Norte
1507466;São João da Ponta;PA;Amazônia;Norte
1507474;São João de Pirabas;PA;Amazônia;Norte
1507508;São João do Araguaia;PA;Amazônia;Norte
1507607;São Miguel do Guamá;PA;Amazônia;Norte
1507706;São Sebastião da Boa Vista;PA;Amazônia;Norte
1507755;Sapucaia;PA;Amazônia;Norte
1507805;Senador José Porfírio;PA;Amazônia;Norte
1507904;Soure;PA;Amazônia;Norte
1507953;Tailândia;PA;Amazônia;Norte
1507961;Terra Alta;PA;Amazônia;Norte
1507979;Terra Santa;PA;Amazônia;Norte
1508001;Tomé-Açu;PA;Amazônia;Norte
1508035;Tracuateua;PA;Amazônia;Norte
1508050;Trairão;PA;Amazônia;Norte
1508084;Tucumã;PA;Amazônia;Norte
1508100;Tucuruí;PA;Amazônia;Norte
1508126;Ulianópolis;PA;Amazônia;Norte
1508159;Uruará;PA;Amazônia;Norte
1508209;Vigia;PA;Amazônia;Norte
1508308;Viseu;PA;Amazônia;Norte
1508357;Vitória do Xingu;PA;Amazônia;Norte
1508407;Xinguara;PA;Amazônia;Norte
2900108;Abaíra;BA;Caatinga;Nordeste
2900207;Abaré;BA;Caatinga;Nordeste
2900306;Acajutiba;BA;Mata Atlântica;Nordeste
2900355;Adustina;BA;Caatinga;Nordeste
2900405;Água Fria;BA;Mata Atlântica;Nordeste
2900504;Érico Cardoso;BA;Caatinga;Nordeste
2900603;Aiquara;BA;Mata Atlântica;Nordeste
2900702;Alagoinhas;BA;Mata Atlântica;Nordeste
2900801;Alcobaça;BA;Mata Atlântica;Nordeste
2900900;Almadina;BA;Mata Atlântica;Nordeste
2901007;Amargosa;BA;Mata Atlântica;Nordeste
2901106;Amélia Rodrigues;BA;Mata Atlântica;Nordeste
2901155;América Dourada;BA;Caatinga;Nordeste
2901205;Anagé;BA;Caatinga;Nordeste
2901304;Andaraí;BA;Caatinga;Nordeste
2901353;Andorinha;BA;Caatinga;Nordeste
2901403;Angical;BA;Caatinga;Nordeste
2901502;Anguera;BA;Mata Atlântica;Nordeste
2901601;Antas;BA;Caatinga;Nordeste
2901700;Antônio Cardoso;BA;Mata Atlântica;Nordeste
2901809;Antônio Gonçalves;BA;Caatinga;Nordeste
2901908;Aporá;BA;Mata Atlântica;Nordeste
2901957;Apuarema;BA;Mata Atlântica;Nordeste
2902005;Aracatu;BA;Caatinga;Nordeste
2902054;Araçás;BA;Mata Atlântica;Nordeste
2902104;Araci;BA;Caatinga;Nordeste
2902203;Aramari;BA;Mata Atlântica;Nordeste
2902252;Arataca;BA;Mata Atlântica;Nordeste
2902302;Aratuípe;BA;Mata Atlântica;Nordeste
2902401;Aurelino Leal;BA;Mata Atlântica;Nordeste
2902500;Baianópolis;BA;Cerrado;Nordeste
2902609;Baixa Grande;BA;Caatinga;Nordeste
2902658;Banzaê;BA;Caatinga;Nordeste
2902708;Barra;BA;Caatinga;Nordeste
2902807;Barra da Estiva;BA;Caatinga;Nordeste
2902906;Barra do Choça;BA;Mata Atlântica;Nordeste
2903003;Barra do Mendes;BA;Caatinga;Nordeste
2903102;Barra do Rocha;BA;Mata Atlântica;Nordeste
2903201;Barreiras;BA;Cerrado;Nordeste
2903235;Barro Alto;BA;Caatinga;Nordeste
2903276;Barrocas;BA;Caatinga;Nordeste
2903300;Barro Preto;BA;Mata Atlântica;Nordeste
2903409;Belmonte;BA;Mata Atlântica;Nordeste
2903508;Belo Campo;BA;Mata Atlântica;Nordeste
2903607;Biritinga;BA;Caatinga;Nordeste
2903706;Boa Nova;BA;Mata Atlântica;Nordeste
2903805;Boa Vista do Tupim;BA;Caatinga;Nordeste
2903904;Bom Jesus da Lapa;BA;Caatinga;Nordeste
2903953;Bom Jesus da Serra;BA;Caatinga;Nordeste
2904001;Boninal;BA;Caatinga;Nordeste
2904050;Bonito;BA;Caatinga;Nordeste
2904100;Boquira;BA;Caatinga;Nordeste
2904209;Botuporã;BA;Caatinga;Nordeste
2904308;Brejões;BA;Mata Atlântica;Nordeste
2904407;Brejolândia;BA;Caatinga;Nordeste
2904506;Brotas de Macaúbas;BA;Caatinga;Nordeste
2904605;Brumado;BA;Caatinga;Nordeste
2904704;Buerarema;BA;Mata Atlântica;Nordeste
2904753;Buritirama;BA;Caatinga;Nordeste
2904803;Caatiba;BA;Mata Atlântica;Nordeste
2904852;Cabaceiras do Paraguaçu;BA;Mata Atlântica;Nordeste
2904902;Cachoeira;BA;Mata Atlântica;Nordeste
2905008;Caculé;BA;Caatinga;Nordeste
2905107;Caém;BA;Caatinga;Nordeste
2905156;Caetanos;BA;Caatinga;Nordeste
2905206;Caetité;BA;Cerrado;Nordeste
2905305;Cafarnaum;BA;Caatinga;Nordeste
2905404;Cairu;BA;Mata Atlântica;Nordeste
2905503;Caldeirão Grande;BA;Caatinga;Nordeste
2905602;Camacan;BA;Mata Atlântica;Nordeste
2905701;Camaçari;BA;Mata Atlântica;Nordeste
2905800;Camamu;BA;Mata Atlântica;Nordeste
2905909;Campo Alegre de Lourdes;BA;Caatinga;Nordeste
2906006;Campo Formoso;BA;Caatinga;Nordeste
2906105;Canápolis;BA;Caatinga;Nordeste
2906204;Canarana;BA;Caatinga;Nordeste
2906303;Canavieiras;BA;Mata Atlântica;Nordeste
2906402;Candeal;BA;Caatinga;Nordeste
2906501;Candeias;BA;Mata Atlântica;Nordeste
2906600;Candiba;BA;Caatinga;Nordeste
2906709;Cândido Sales;BA;Mata Atlântica;Nordeste
2906808;Cansanção;BA;Caatinga;Nordeste
2906824;Canudos;BA;Caatinga;Nordeste
2906857;Capela do Alto Alegre;BA;Caatinga;Nordeste
2906873;Capim Grosso;BA;Caatinga;Nordeste
2906899;Caraíbas;BA;Caatinga;Nordeste
2906907;Caravelas;BA;Mata Atlântica;Nordeste
2907004;Cardeal da Silva;BA;Mata Atlântica;Nordeste
2907103;Carinhanha;BA;Caatinga;Nordeste
2907202;Casa Nova;BA;Caatinga;Nordeste
2907301;Castro Alves;BA;Mata Atlântica;Nordeste
2907400;Catolândia;BA;Cerrado;Nordeste
2907509;Catu;BA;Mata Atlântica;Nordeste
2907558;Caturama;BA;Caatinga;Nordeste
2907608;Central;BA;Caatinga;Nordeste
2907707;Chorrochó;BA;Caatinga;Nordeste
2907806;Cícero Dantas;BA;Caatinga;Nordeste
2907905;Cipó;BA;Caatinga;Nordeste
2908002;Coaraci;BA;Mata Atlântica;Nordeste
2908101;Cocos;BA;Cerrado;Nordeste
2908200;Conceição da Feira;BA;Mata Atlântica;Nordeste
2908309;Conceição do Almeida;BA;Mata Atlântica;Nordeste
2908408;Conceição do Coité;BA;Caatinga;Nordeste
2908507;Conceição do Jacuípe;BA;Mata Atlântica;Nordeste
2908606;Conde;BA;Mata Atlântica;Nordeste
2908705;Condeúba;BA;Caatinga;Nordeste
2908804;Contendas do Sincorá;BA;Caatinga;Nordeste
2908903;Coração de Maria;BA;Mata Atlântica;Nordeste
2909000;Cordeiros;BA;Caatinga;Nordeste
2909109;Coribe;BA;Cerrado;Nordeste
2909208;Coronel João Sá;BA;Caatinga;Nordeste
2909307;Correntina;BA;Cerrado;Nordeste
2909406;Cotegipe;BA;Cerrado;Nordeste
2909505;Cravolândia;BA;Mata Atlântica;Nordeste
2909604;Crisópolis;BA;Caatinga;Nordeste
2909703;Cristópolis;BA;Cerrado;Nordeste
2909802;Cruz das Almas;BA;Mata Atlântica;Nordeste
2909901;Curaçá;BA;Caatinga;Nordeste
2910008;Dário Meira;BA;Mata Atlântica;Nordeste
2910057;Dias d'Ávila;BA;Mata Atlântica;Nordeste
2910107;Dom Basílio;BA;Caatinga;Nordeste
2910206;Dom Macedo Costa;BA;Mata Atlântica;Nordeste
2910305;Elísio Medrado;BA;Mata Atlântica;Nordeste
2910404;Encruzilhada;BA;Mata Atlântica;Nordeste
2910503;Entre Rios;BA;Mata Atlântica;Nordeste
2910602;Esplanada;BA;Mata Atlântica;Nordeste
2910701;Euclides da Cunha;BA;Caatinga;Nordeste
2910727;Eunápolis;BA;Mata Atlântica;Nordeste
2910750;Fátima;BA;Caatinga;Nordeste
2910776;Feira da Mata;BA;Caatinga;Nordeste
2910800;Feira de Santana;BA;Mata Atlântica;Nordeste
2910859;Filadélfia;BA;Caatinga;Nordeste
2910909;Firmino Alves;BA;Mata Atlântica;Nordeste
2911006;Floresta Azul;BA;Mata Atlântica;Nordeste
2911105;Formosa do Rio Preto;BA;Cerrado;Nordeste
2911204;Gandu;BA;Mata Atlântica;Nordeste
2911253;Gavião;BA;Caatinga;Nordeste
2911303;Gentio do Ouro;BA;Caatinga;Nordeste
2911402;Glória;BA;Caatinga;Nordeste
2911501;Gongogi;BA;Mata Atlântica;Nordeste
2911600;Governador Mangabeira;BA;Mata Atlântica;Nordeste
2911659;Guajeru;BA;Caatinga;Nordeste
2911709;Guanambi;BA;Caatinga;Nordeste
2911808;Guaratinga;BA;Mata Atlântica;Nordeste
2911857;Heliópolis;BA;Caatinga;Nordeste
2911907;Iaçu;BA;Caatinga;Nordeste
2912004;Ibiassucê;BA;Caatinga;Nordeste
2912103;Ibicaraí;BA;Mata Atlântica;Nordeste
2912202;Ibicoara;BA;Caatinga;Nordeste
2912301;Ibicuí;BA;Mata Atlântica;Nordeste
2912400;Ibipeba;BA;Caatinga;Nordeste
2912509;Ibipitanga;BA;Caatinga;Nordeste
2912608;Ibiquera;BA;Caatinga;Nordeste
2912707;Ibirapitanga;BA;Mata Atlântica;Nordeste
2912806;Ibirapuã;BA;Mata Atlântica;Nordeste
2912905;Ibirataia;BA;Mata Atlântica;Nordeste
2913002;Ibitiara;BA;Caatinga;Nordeste
2913101;Ibititá;BA;Caatinga;Nordeste
2913200;Ibotirama;BA;Caatinga;Nordeste
2913309;Ichu;BA;Caatinga;Nordeste
2913408;Igaporã;BA;Cerrado;Nordeste
2913457;Igrapiúna;BA;Mata Atlântica;Nordeste
2913507;Iguaí;BA;Mata Atlântica;Nordeste
2913606;Ilhéus;BA;Mata Atlântica;Nordeste
2913705;Inhambupe;BA;Mata Atlântica;Nordeste
2913804;Ipecaetá;BA;Caatinga;Nordeste
2913903;Ipiaú;BA;Mata Atlântica;Nordeste
2914000;Ipirá;BA;Caatinga;Nordeste
2914109;Ipupiara;BA;Caatinga;Nordeste
2914208;Irajuba;BA;Mata Atlântica;Nordeste
2914307;Iramaia;BA;Caatinga;Nordeste
2914406;Iraquara;BA;Caatinga;Nordeste
2914505;Irará;BA;Mata Atlântica;Nordeste
2914604;Irecê;BA;Caatinga;Nordeste
2914653;Itabela;BA;Mata Atlântica;Nordeste
2914703;Itaberaba;BA;Caatinga;Nordeste
2914802;Itabuna;BA;Mata Atlântica;Nordeste
2914901;Itacaré;BA;Mata Atlântica;Nordeste
2915007;Itaeté;BA;Caatinga;Nordeste
2915106;Itagi;BA;Mata Atlântica;Nordeste
2915205;Itagibá;BA;Mata Atlântica;Nordeste
2915304;Itagimirim;BA;Mata Atlântica;Nordeste
2915353;Itaguaçu da Bahia;BA;Caatinga;Nordeste
2915403;Itaju do Colônia;BA;Mata Atlântica;Nordeste
2915502;Itajuípe;BA;Mata Atlântica;Nordeste
2915601;Itamaraju;BA;Mata Atlântica;Nordeste
2915700;Itamari;BA;Mata Atlântica;Nordeste
2915809;Itambé;BA;Mata Atlântica;Nordeste
2915908;Itanagra;BA;Mata Atlântica;Nordeste
2916005;Itanhém;BA;Mata Atlântica;Nordeste
2916104;Itaparica;BA;Mata Atlântica;Nordeste
2916203;Itapé;BA;Mata Atlântica;Nordeste
2916302;Itapebi;BA;Mata Atlântica;Nordeste
2916401;Itapetinga;BA;Mata Atlântica;Nordeste
2916500;Itapicuru;BA;Caatinga;Nordeste
2916609;Itapitanga;BA;Mata Atlântica;Nordeste
2916708;Itaquara;BA;Mata Atlântica;Nordeste
2916807;Itarantim;BA;Mata Atlântica;Nordeste
2916856;Itatim;BA;Caatinga;Nordeste
2916906;Itiruçu;BA;Mata Atlântica;Nordeste
2917003;Itiúba;BA;Caatinga;Nordeste
2917102;Itororó;BA;Mata Atlântica;Nordeste
2917201;Ituaçu;BA;Caatinga;Nordeste
2917300;Ituberá;BA;Mata Atlântica;Nordeste
2917334;Iuiu;BA;Caatinga;Nordeste
2917359;Jaborandi;BA;Cerrado;Nordeste
2917409;Jacaraci;BA;Caatinga;Nordeste
2917508;Jacobina;BA;Caatinga;Nordeste
2917607;Jaguaquara;BA;Mata Atlântica;Nordeste
2917706;Jaguarari;BA;Caatinga;Nordeste
2917805;Jaguaripe;BA;Mata Atlântica;Nordeste
2917904;Jandaíra;BA;Mata Atlântica;Nordeste
2918001;Jequié;BA;Caatinga;Nordeste
2918100;Jeremoabo;BA;Caatinga;Nordeste
2918209;Jiquiriçá;BA;Mata Atlântica;Nordeste
2918308;Jitaúna;BA;Mata Atlântica;Nordeste
2918357;João Dourado;BA;Caatinga;Nordeste
2918407;Juazeiro;BA;Caatinga;Nordeste
2918456;Jucuruçu;BA;Mata Atlântica;Nordeste
2918506;Jussara;BA;Caatinga;Nordeste
2918555;Jussari;BA;Mata Atlântica;Nordeste
2918605;Jussiape;BA;Caatinga;Nordeste
2918704;Lafaiete Coutinho;BA;Mata Atlântica;Nordeste
2918753;Lagoa Real;BA;Caatinga;Nordeste
2918803;Laje;BA;Mata Atlântica;Nordeste
2918902;Lajedão;BA;Mata Atlântica;Nordeste
2919009;Lajedinho;BA;Caatinga;Nordeste
2919058;Lajedo do Tabocal;BA;Mata Atlântica;Nordeste
2919108;Lamarão;BA;Caatinga;Nordeste
2919157;Lapão;BA;Caatinga;Nordeste
2919207;Lauro de Freitas;BA;Mata Atlântica;Nordeste
2919306;Lençóis;BA;Caatinga;Nordeste
2919405;Licínio de Almeida;BA;Caatinga;Nordeste
2919504;Livramento de Nossa Senhora;BA;Caatinga;Nordeste
2919553;Luís Eduardo Magalhães;BA;Cerrado;Nordeste
2919603;Macajuba;BA;Caatinga;Nordeste
2919702;Macarani;BA;Mata Atlântica;Nordeste
2919801;Macaúbas;BA;Caatinga;Nordeste
2919900;Macururé;BA;Caatinga;Nordeste
2919926;Madre de Deus;BA;Mata Atlântica;Nordeste
2919959;Maetinga;BA;Caatinga;Nordeste
2920007;Maiquinique;BA;Mata Atlântica;Nordeste
2920106;Mairi;BA;Caatinga;Nordeste
2920205;Malhada;BA;Caatinga;Nordeste
2920304;Malhada de Pedras;BA;Caatinga;Nordeste
2920403;Manoel Vitorino;BA;Caatinga;Nordeste
2920452;Mansidão;BA;Cerrado;Nordeste
2920502;Maracás;BA;Caatinga;Nordeste
2920601;Maragogipe;BA;Mata Atlântica;Nordeste
2920700;Maraú;BA;Mata Atlântica;Nordeste
2920809;Marcionílio Souza;BA;Caatinga;Nordeste
2920908;Mascote;BA;Mata Atlântica;Nordeste
2921005;Mata de São João;BA;Mata Atlântica;Nordeste
2921054;Matina;BA;Caatinga;Nordeste
2921104;Medeiros Neto;BA;Mata Atlântica;Nordeste
2921203;Miguel Calmon;BA;Caatinga;Nordeste
2921302;Milagres;BA;Caatinga;Nordeste
2921401;Mirangaba;BA;Caatinga;Nordeste
2921450;Mirante;BA;Caatinga;Nordeste
2921500;Monte Santo;BA;Caatinga;Nordeste
2921609;Morpará;BA;Caatinga;Nordeste
2921708;Morro do Chapéu;BA;Caatinga;Nordeste
2921807;Mortugaba;BA;Caatinga;Nordeste
2921906;Mucugê;BA;Caatinga;Nordeste
2922003;Mucuri;BA;Mata Atlântica;Nordeste
2922052;Mulungu do Morro;BA;Caatinga;Nordeste
2922102;Mundo Novo;BA;Caatinga;Nordeste
2922201;Muniz Ferreira;BA;Mata Atlântica;Nordeste
2922250;Muquém do São Francisco;BA;Caatinga;Nordeste
2922300;Muritiba;BA;Mata Atlântica;Nordeste
2922409;Mutuípe;BA;Mata Atlântica;Nordeste
2922508;Nazaré;BA;Mata Atlântica;Nordeste
2922607;Nilo Peçanha;BA;Mata Atlântica;Nordeste
2922656;Nordestina;BA;Caatinga;Nordeste
2922706;Nova Canaã;BA;Mata Atlântica;Nordeste
2922730;Nova Fátima;BA;Caatinga;Nordeste
2922755;Nova Ibiá;BA;Mata Atlântica;Nordeste
2922805;Nova Itarana;BA;Caatinga;Nordeste
2922854;Nova Redenção;BA;Caatinga;Nordeste
2922904;Nova Soure;BA;Caatinga;Nordeste
2923001;Nova Viçosa;BA;Mata Atlântica;Nordeste
2923035;Novo Horizonte;BA;Caatinga;Nordeste
2923050;Novo Triunfo;BA;Caatinga;Nordeste
2923100;Olindina;BA;Caatinga;Nordeste
2923209;Oliveira dos Brejinhos;BA;Caatinga;Nordeste
2923308;Ouriçangas;BA;Mata Atlântica;Nordeste
2923357;Ourolândia;BA;Caatinga;Nordeste
2923407;Palmas de Monte Alto;BA;Caatinga;Nordeste
2923506;Palmeiras;BA;Caatinga;Nordeste
2923605;Paramirim;BA;Caatinga;Nordeste
2923704;Paratinga;BA;Caatinga;Nordeste
2923803;Paripiranga;BA;Caatinga;Nordeste
2923902;Pau Brasil;BA;Mata Atlântica;Nordeste
2924009;Paulo Afonso;BA;Caatinga;Nordeste
2924058;Pé de Serra;BA;Caatinga;Nordeste
2924108;Pedrão;BA;Mata Atlântica;Nordeste
2924207;Pedro Alexandre;BA;Caatinga;Nordeste
2924306;Piatã;BA;Caatinga;Nordeste
2924405;Pilão Arcado;BA;Caatinga;Nordeste
2924504;Pindaí;BA;Caatinga;Nordeste
2924603;Pindobaçu;BA;Caatinga;Nordeste
2924652;Pintadas;BA;Caatinga;Nordeste
2924678;Piraí do Norte;BA;Mata Atlântica;Nordeste
2924702;Piripá;BA;Caatinga;Nordeste
2924801;Piritiba;BA;Caatinga;Nordeste
2924900;Planaltino;BA;Caatinga;Nordeste
2925006;Planalto;BA;Mata Atlântica;Nordeste
2925105;Poções;BA;Caatinga;Nordeste
2925204;Pojuca;BA;Mata Atlântica;Nordeste
2925253;Ponto Novo;BA;Caatinga;Nordeste
2925303;Porto Seguro;BA;Mata Atlântica;Nordeste
2925402;Potiraguá;BA;Mata Atlântica;Nordeste
2925501;Prado;BA;Mata Atlântica;Nordeste
2925600;Presidente Dutra;BA;Caatinga;Nordeste
2925709;Presidente Jânio Quadros;BA;Caatinga;Nordeste
2925758;Presidente Tancredo Neves;BA;Mata Atlântica;Nordeste
2925808;Queimadas;BA;Caatinga;Nordeste
2925907;Quijingue;BA;Caatinga;Nordeste
2925931;Quixabeira;BA;Caatinga;Nordeste
2925956;Rafael Jambeiro;BA;Caatinga;Nordeste
2926004;Remanso;BA;Caatinga;Nordeste
2926103;Retirolândia;BA;Caatinga;Nordeste
2926202;Riachão das Neves;BA;Cerrado;Nordeste
2926301;Riachão do Jacuípe;BA;Caatinga;Nordeste
2926400;Riacho de Santana;BA;Caatinga;Nordeste
2926509;Ribeira do Amparo;BA;Caatinga;Nordeste
2926608;Ribeira do Pombal;BA;Caatinga;Nordeste
2926657;Ribeirão do Largo;BA;Mata Atlântica;Nordeste
2926707;Rio de Contas;BA;Caatinga;Nordeste
2926806;Rio do Antônio;BA;Caatinga;Nordeste
2926905;Rio do Pires;BA;Caatinga;Nordeste
2927002;Rio Real;BA;Mata Atlântica;Nordeste
2927101;Rodelas;BA;Caatinga;Nordeste
2927200;Ruy Barbosa;BA;Caatinga;Nordeste
2927309;Salinas da Margarida;BA;Mata Atlântica;Nordeste
2927408;Salvador;BA;Mata Atlântica;Nordeste
2927507;Santa Bárbara;BA;Caatinga;Nordeste
2927606;Santa Brígida;BA;Caatinga;Nordeste
2927705;Santa Cruz Cabrália;BA;Mata Atlântica;Nordeste
2927804;Santa Cruz da Vitória;BA;Mata Atlântica;Nordeste
2927903;Santa Inês;BA;Mata Atlântica;Nordeste
2928000;Santaluz;BA;Caatinga;Nordeste
2928059;Santa Luzia;BA;Mata Atlântica;Nordeste
2928109;Santa Maria da Vitória;BA;Caatinga;Nordeste
2928208;Santana;BA;Caatinga;Nordeste
2928307;Santanópolis;BA;Caatinga;Nordeste
2928406;Santa Rita de Cássia;BA;Cerrado;Nordeste
2928505;Santa Terezinha;BA;Caatinga;Nordeste
2928604;Santo Amaro;BA;Mata Atlântica;Nordeste
2928703;Santo Antônio de Jesus;BA;Mata Atlântica;Nordeste
2928802;Santo Estêvão;BA;Caatinga;Nordeste
2928901;São Desidério;BA;Cerrado;Nordeste
2928950;São Domingos;BA;Caatinga;Nordeste
2929008;São Félix;BA;Mata Atlântica;Nordeste
2929057;São Félix do Coribe;BA;Caatinga;Nordeste
2929107;São Felipe;BA;Mata Atlântica;Nordeste
2929206;São Francisco do Conde;BA;Mata Atlântica;Nordeste
2929255;São Gabriel;BA;Caatinga;Nordeste
2929305;São Gonçalo dos Campos;BA;Mata Atlântica;Nordeste
2929354;São José da Vitória;BA;Mata Atlântica;Nordeste
2929370;São José do Jacuípe;BA;Caatinga;Nordeste
2929404;São Miguel das Matas;BA;Mata Atlântica;Nordeste
2929503;São Sebastião do Passé;BA;Mata Atlântica;Nordeste
2929602;Sapeaçu;BA;Mata Atlântica;Nordeste
2929701;Sátiro Dias;BA;Caatinga;Nordeste
2929750;Saubara;BA;Mata Atlântica;Nordeste
2929800;Saúde;BA;Caatinga;Nordeste
2929909;Seabra;BA;Caatinga;Nordeste
2930006;Sebastião Laranjeiras;BA;Caatinga;Nordeste
2930105;Senhor do Bonfim;BA;Caatinga;Nordeste
2930154;Serra do Ramalho;BA;Caatinga;Nordeste
2930204;Sento Sé;BA;Caatinga;Nordeste
2930303;Serra Dourada;BA;Caatinga;Nordeste
2930402;Serra Preta;BA;Mata Atlântica;Nordeste
2930501;Serrinha;BA;Caatinga;Nordeste
2930600;Serrolândia;BA;Caatinga;Nordeste
2930709;Simões Filho;BA;Mata Atlântica;Nordeste
2930758;Sítio do Mato;BA;Caatinga;Nordeste
2930766;Sítio do Quinto;BA;Caatinga;Nordeste
2930774;Sobradinho;BA;Caatinga;Nordeste
2930808;Souto Soares;BA;Caatinga;Nordeste
2930907;Tabocas do Brejo Velho;BA;Cerrado;Nordeste
2931004;Tanhaçu;BA;Caatinga;Nordeste
2931053;Tanque Novo;BA;Caatinga;Nordeste
2931103;Tanquinho;BA;Mata Atlântica;Nordeste
2931202;Taperoá;BA;Mata Atlântica;Nordeste
2931301;Tapiramutá;BA;Caatinga;Nordeste
2931350;Teixeira de Freitas;BA;Mata Atlântica;Nordeste
2931400;Teodoro Sampaio;BA;Mata Atlântica;Nordeste
2931509;Teofilândia;BA;Caatinga;Nordeste
2931608;Teolândia;BA;Mata Atlântica;Nordeste
2931707;Terra Nova;BA;Mata Atlântica;Nordeste
2931806;Tremedal;BA;Caatinga;Nordeste
2931905;Tucano;BA;Caatinga;Nordeste
2932002;Uauá;BA;Caatinga;Nordeste
2932101;Ubaíra;BA;Mata Atlântica;Nordeste
2932200;Ubaitaba;BA;Mata Atlântica;Nordeste
2932309;Ubatã;BA;Mata Atlântica;Nordeste
2932408;Uibaí;BA;Caatinga;Nordeste
2932457;Umburanas;BA;Caatinga;Nordeste
2932507;Una;BA;Mata Atlântica;Nordeste
2932606;Urandi;BA;Caatinga;Nordeste
2932705;Uruçuca;BA;Mata Atlântica;Nordeste
2932804;Utinga;BA;Caatinga;Nordeste
2932903;Valença;BA;Mata Atlântica;Nordeste
2933000;Valente;BA;Caatinga;Nordeste
2933059;Várzea da Roça;BA;Caatinga;Nordeste
2933109;Várzea do Poço;BA;Caatinga;Nordeste
2933158;Várzea Nova;BA;Caatinga;Nordeste
2933174;Varzedo;BA;Mata Atlântica;Nordeste
2933208;Vera Cruz;BA;Mata Atlântica;Nordeste
2933257;Vereda;BA;Mata Atlântica;Nordeste
2933307;Vitória da Conquista;BA;Mata Atlântica;Nordeste
2933406;Wagner;BA;Caatinga;Nordeste
2933455;Wanderley;BA;Caatinga;Nordeste
2933505;Wenceslau Guimarães;BA;Mata Atlântica;Nordeste
2933604;Xique-Xique;BA;Caatinga;Nordeste
2800100;Amparo do São Francisco;SE;Caatinga;Nordeste
2800209;Aquidabã;SE;Caatinga;Nordeste
2800308;Aracaju;SE;Mata Atlântica;Nordeste
2800407;Arauá;SE;Mata Atlântica;Nordeste
2800506;Areia Branca;SE;Mata Atlântica;Nordeste
2800605;Barra dos Coqueiros;SE;Mata Atlântica;Nordeste
2800670;Boquim;SE;Mata Atlântica;Nordeste
2800704;Brejo Grande;SE;Mata Atlântica;Nordeste
2801009;Campo do Brito;SE;Caatinga;Nordeste
2801108;Canhoba;SE;Caatinga;Nordeste
2801207;Canindé de São Francisco;SE;Caatinga;Nordeste
2801306;Capela;SE;Mata Atlântica;Nordeste
2801405;Carira;SE;Caatinga;Nordeste
2801504;Carmópolis;SE;Mata Atlântica;Nordeste
2801603;Cedro de São João;SE;Caatinga;Nordeste
2801702;Cristinápolis;SE;Mata Atlântica;Nordeste
2801900;Cumbe;SE;Mata Atlântica;Nordeste
2802007;Divina Pastora;SE;Mata Atlântica;Nordeste
2802106;Estância;SE;Mata Atlântica;Nordeste
2802205;Feira Nova;SE;Caatinga;Nordeste
2802304;Frei Paulo;SE;Caatinga;Nordeste
2802403;Gararu;SE;Caatinga;Nordeste
2802502;General Maynard;SE;Mata Atlântica;Nordeste
2802601;Gracho Cardoso;SE;Caatinga;Nordeste
2802700;Ilha das Flores;SE;Mata Atlântica;Nordeste
2802809;Indiaroba;SE;Mata Atlântica;Nordeste
2802908;Itabaiana;SE;Caatinga;Nordeste
2803005;Itabaianinha;SE;Caatinga;Nordeste
2803104;Itabi;SE;Caatinga;Nordeste
2803203;Itaporanga d'Ajuda;SE;Mata Atlântica;Nordeste
2803302;Japaratuba;SE;Mata Atlântica;Nordeste
2803401;Japoatã;SE;Mata Atlântica;Nordeste
2803500;Lagarto;SE;Caatinga;Nordeste
2803609;Laranjeiras;SE;Mata Atlântica;Nordeste
2803708;Macambira;SE;Caatinga;Nordeste
2803807;Malhada dos Bois;SE;Caatinga;Nordeste
2803906;Malhador;SE;Mata Atlântica;Nordeste
2804003;Maruim;SE;Mata Atlântica;Nordeste
2804102;Moita Bonita;SE;Caatinga;Nordeste
2804201;Monte Alegre de Sergipe;SE;Caatinga;Nordeste
2804300;Muribeca;SE;Mata Atlântica;Nordeste
2804409;Neópolis;SE;Mata Atlântica;Nordeste
2804458;Nossa Senhora Aparecida;SE;Caatinga;Nordeste
2804508;Nossa Senhora da Glória;SE;Caatinga;Nordeste
2804607;Nossa Senhora das Dores;SE;Mata Atlântica;Nordeste
2804706;Nossa Senhora de Lourdes;SE;Caatinga;Nordeste
2804805;Nossa Senhora do Socorro;SE;Mata Atlântica;Nordeste
2804904;Pacatuba;SE;Mata Atlântica;Nordeste
2805000;Pedra Mole;SE;Caatinga;Nordeste
2805109;Pedrinhas;SE;Mata Atlântica;Nordeste
2805208;Pinhão;SE;Caatinga;Nordeste
2805307;Pirambu;SE;Mata Atlântica;Nordeste
2805406;Poço Redondo;SE;Caatinga;Nordeste
2805505;Poço Verde;SE;Caatinga;Nordeste
2805604;Porto da Folha;SE;Caatinga;Nordeste
2805703;Propriá;SE;Mata Atlântica;Nordeste
2805802;Riachão do Dantas;SE;Caatinga;Nordeste
2805901;Riachuelo;SE;Mata Atlântica;Nordeste
2806008;Ribeirópolis;SE;Caatinga;Nordeste
2806107;Rosário do Catete;SE;Mata Atlântica;Nordeste
2806206;Salgado;SE;Mata Atlântica;Nordeste
2806305;Santa Luzia do Itanhy;SE;Mata Atlântica;Nordeste
2806404;Santana do São Francisco;SE;Mata Atlântica;Nordeste
2806503;Santa Rosa de Lima;SE;Mata Atlântica;Nordeste
2806602;Santo Amaro das Brotas;SE;Mata Atlântica;Nordeste
2806701;São Cristóvão;SE;Mata Atlântica;Nordeste
2806800;São Domingos;SE;Mata Atlântica;Nordeste
2806909;São Francisco;SE;Mata Atlântica;Nordeste
2807006;São Miguel do Aleixo;SE;Mata Atlântica;Nordeste
2807105;Simão Dias;SE;Caatinga;Nordeste
2807204;Siriri;SE;Mata Atlântica;Nordeste
2807303;Telha;SE;Mata Atlântica;Nordeste
2807402;Tobias Barreto;SE;Caatinga;Nordeste
2807501;Tomar do Geru;SE;Caatinga;Nordeste
2807600;Umbaúba;SE;Mata Atlântica;Nordeste
2600054;Abreu e Lima;PE;Mata Atlântica;Nordeste
2600104;Afogados da Ingazeira;PE;Caatinga;Nordeste
2600203;Afrânio;PE;Caatinga;Nordeste
2600302;Agrestina;PE;Caatinga;Nordeste
2600401;Água Preta;PE;Mata Atlântica;Nordeste
2600500;Águas Belas;PE;Caatinga;Nordeste
2600609;Alagoinha;PE;Caatinga;Nordeste
2600708;Aliança;PE;Mata Atlântica;Nordeste
2600807;Altinho;PE;Caatinga;Nordeste
2600906;Amaraji;PE;Mata Atlântica;Nordeste
2601003;Angelim;PE;Caatinga;Nordeste
2601052;Araçoiaba;PE;Mata Atlântica;Nordeste
2601102;Araripina;PE;Caatinga;Nordeste
2601201;Arcoverde;PE;Caatinga;Nordeste
2601300;Barra de Guabiraba;PE;Mata Atlântica;Nordeste
2601409;Barreiros;PE;Mata Atlântica;Nordeste
2601508;Belém de Maria;PE;Mata Atlântica;Nordeste
2601607;Belém do São Francisco;PE;Caatinga;Nordeste
2601706;Belo Jardim;PE;Caatinga;Nordeste
2601805;Betânia;PE;Caatinga;Nordeste
2601904;Bezerros;PE;Caatinga;Nordeste
2602001;Bodocó;PE;Caatinga;Nordeste
2602100;Bom Conselho;PE;Mata Atlântica;Nordeste
2602209;Bom Jardim;PE;Caatinga;Nordeste
2602308;Bonito;PE;Mata Atlântica;Nordeste
2602407;Brejão;PE;Mata Atlântica;Nordeste
2602506;Brejinho;PE;Caatinga;Nordeste
2602605;Brejo da Madre de Deus;PE;Caatinga;Nordeste
2602704;Buenos Aires;PE;Mata Atlântica;Nordeste
2602803;Buíque;PE;Caatinga;Nordeste
2602902;Cabo de Santo Agostinho;PE;Mata Atlântica;Nordeste
2603009;Cabrobó;PE;Caatinga;Nordeste
2603108;Cachoeirinha;PE;Caatinga;Nordeste
2603207;Caetés;PE;Caatinga;Nordeste
2603306;Calçado;PE;Caatinga;Nordeste
2603405;Calumbi;PE;Caatinga;Nordeste
2603454;Camaragibe;PE;Mata Atlântica;Nordeste
2603504;Camocim de São Félix;PE;Mata Atlântica;Nordeste
2603603;Camutanga;PE;Mata Atlântica;Nordeste
2603702;Canhotinho;PE;Mata Atlântica;Nordeste
2603801;Capoeiras;PE;Caatinga;Nordeste
2603900;Carnaíba;PE;Caatinga;Nordeste
2603926;Carnaubeira da Penha;PE;Caatinga;Nordeste
2604007;Carpina;PE;Mata Atlântica;Nordeste
2604106;Caruaru;PE;Caatinga;Nordeste
2604155;Casinhas;PE;Caatinga;Nordeste
2604205;Catende;PE;Mata Atlântica;Nordeste
2604304;Cedro;PE;Caatinga;Nordeste
2604403;Chã de Alegria;PE;Mata Atlântica;Nordeste
2604502;Chã Grande;PE;Mata Atlântica;Nordeste
2604601;Condado;PE;Mata Atlântica;Nordeste
2604700;Correntes;PE;Mata Atlântica;Nordeste
2604809;Cortês;PE;Mata Atlântica;Nordeste
2604908;Cumaru;PE;Caatinga;Nordeste
2605004;Cupira;PE;Caatinga;Nordeste
2605103;Custódia;PE;Caatinga;Nordeste
2605152;Dormentes;PE;Caatinga;Nordeste
2605202;Escada;PE;Mata Atlântica;Nordeste
2605301;Exu;PE;Caatinga;Nordeste
2605400;Feira Nova;PE;Mata Atlântica;Nordeste
2605459;Fernando de Noronha;PE;Mata Atlântica;Nordeste
2605509;Ferreiros;PE;Mata Atlântica;Nordeste
2605608;Flores;PE;Caatinga;Nordeste
2605707;Floresta;PE;Caatinga;Nordeste
2605806;Frei Miguelinho;PE;Caatinga;Nordeste
2605905;Gameleira;PE;Mata Atlântica;Nordeste
2606002;Garanhuns;PE;Caatinga;Nordeste
2606101;Glória do Goitá;PE;Mata Atlântica;Nordeste
2606200;Goiana;PE;Mata Atlântica;Nordeste
2606309;Granito;PE;Caatinga;Nordeste
2606408;Gravatá;PE;Caatinga;Nordeste
2606507;Iati;PE;Caatinga;Nordeste
2606606;Ibimirim;PE;Caatinga;Nordeste
2606705;Ibirajuba;PE;Caatinga;Nordeste
2606804;Igarassu;PE;Mata Atlântica;Nordeste
2606903;Iguaracy;PE;Caatinga;Nordeste
2607000;Inajá;PE;Caatinga;Nordeste
2607109;Ingazeira;PE;Caatinga;Nordeste
2607208;Ipojuca;PE;Mata Atlântica;Nordeste
2607307;Ipubi;PE;Caatinga;Nordeste
2607406;Itacuruba;PE;Caatinga;Nordeste
2607505;Itaíba;PE;Caatinga;Nordeste
2607604;Ilha de Itamaracá;PE;Mata Atlântica;Nordeste
2607653;Itambé;PE;Mata Atlântica;Nordeste
2607703;Itapetim;PE;Caatinga;Nordeste
2607752;Itapissuma;PE;Mata Atlântica;Nordeste
2607802;Itaquitinga;PE;Mata Atlântica;Nordeste
2607901;Jaboatão dos Guararapes;PE;Mata Atlântica;Nordeste
2607950;Jaqueira;PE;Mata Atlântica;Nordeste
2608008;Jataúba;PE;Caatinga;Nordeste
2608057;Jatobá;PE;Caatinga;Nordeste
2608107;João Alfredo;PE;Caatinga;Nordeste
2608206;Joaquim Nabuco;PE;Mata Atlântica;Nordeste
2608255;Jucati;PE;Caatinga;Nordeste
2608305;Jupi;PE;Caatinga;Nordeste
2608404;Jurema;PE;Mata Atlântica;Nordeste
2608453;Lagoa do Carro;PE;Mata Atlântica;Nordeste
2608503;Lagoa de Itaenga;PE;Mata Atlântica;Nordeste
2608602;Lagoa do Ouro;PE;Mata Atlântica;Nordeste
2608701;Lagoa dos Gatos;PE;Mata Atlântica;Nordeste
2608750;Lagoa Grande;PE;Caatinga;Nordeste
2608800;Lajedo;PE;Caatinga;Nordeste
2608909;Limoeiro;PE;Mata Atlântica;Nordeste
2609006;Macaparana;PE;Mata Atlântica;Nordeste
2609105;Machados;PE;Mata Atlântica;Nordeste
2609154;Manari;PE;Caatinga;Nordeste
2609204;Maraial;PE;Mata Atlântica;Nordeste
2609303;Mirandiba;PE;Caatinga;Nordeste
2609402;Moreno;PE;Mata Atlântica;Nordeste
2609501;Nazaré da Mata;PE;Mata Atlântica;Nordeste
2609600;Olinda;PE;Mata Atlântica;Nordeste
2609709;Orobó;PE;Mata Atlântica;Nordeste
2609808;Orocó;PE;Caatinga;Nordeste
2609907;Ouricuri;PE;Caatinga;Nordeste
2610004;Palmares;PE;Mata Atlântica;Nordeste
2610103;Palmeirina;PE;Mata Atlântica;Nordeste
2610202;Panelas;PE;Caatinga;Nordeste
2610301;Paranatama;PE;Caatinga;Nordeste
2610400;Parnamirim;PE;Caatinga;Nordeste
2610509;Passira;PE;Caatinga;Nordeste
2610608;Paudalho;PE;Mata Atlântica;Nordeste
2610707;Paulista;PE;Mata Atlântica;Nordeste
2610806;Pedra;PE;Caatinga;Nordeste
2610905;Pesqueira;PE;Caatinga;Nordeste
2611002;Petrolândia;PE;Caatinga;Nordeste
2611101;Petrolina;PE;Caatinga;Nordeste
2611200;Poção;PE;Caatinga;Nordeste
2611309;Pombos;PE;Mata Atlântica;Nordeste
2611408;Primavera;PE;Mata Atlântica;Nordeste
2611507;Quipapá;PE;Mata Atlântica;Nordeste
2611533;Quixaba;PE;Caatinga;Nordeste
2611606;Recife;PE;Mata Atlântica;Nordeste
2611705;Riacho das Almas;PE;Caatinga;Nordeste
2611804;Ribeirão;PE;Mata Atlântica;Nordeste
2611903;Rio Formoso;PE;Mata Atlântica;Nordeste
2612000;Sairé;PE;Mata Atlântica;Nordeste
2612109;Salgadinho;PE;Caatinga;Nordeste
2612208;Salgueiro;PE;Caatinga;Nordeste
2612307;Saloá;PE;Caatinga;Nordeste
2612406;Sanharó;PE;Caatinga;Nordeste
2612455;Santa Cruz;PE;Caatinga;Nordeste
2612471;Santa Cruz da Baixa Verde;PE;Caatinga;Nordeste
2612505;Santa Cruz do Capibaribe;PE;Caatinga;Nordeste
2612554;Santa Filomena;PE;Caatinga;Nordeste
2612604;Santa Maria da Boa Vista;PE;Caatinga;Nordeste
2612703;Santa Maria do Cambucá;PE;Caatinga;Nordeste
2612802;Santa Terezinha;PE;Caatinga;Nordeste
2612901;São Benedito do Sul;PE;Mata Atlântica;Nordeste
2613008;São Bento do Una;PE;Caatinga;Nordeste
2613107;São Caitano;PE;Caatinga;Nordeste
2613206;São João;PE;Caatinga;Nordeste
2613305;São Joaquim do Monte;PE;Caatinga;Nordeste
2613404;São José da Coroa Grande;PE;Mata Atlântica;Nordeste
2613503;São José do Belmonte;PE;Caatinga;Nordeste
2613602;São José do Egito;PE;Caatinga;Nordeste
2613701;São Lourenço da Mata;PE;Mata Atlântica;Nordeste
2613800;São Vicente Férrer;PE;Mata Atlântica;Nordeste
2613909;Serra Talhada;PE;Caatinga;Nordeste
2614006;Serrita;PE;Caatinga;Nordeste
2614105;Sertânia;PE;Caatinga;Nordeste
2614204;Sirinhaém;PE;Mata Atlântica;Nordeste
2614303;Moreilândia;PE;Caatinga;Nordeste
2614402;Solidão;PE;Caatinga;Nordeste
2614501;Surubim;PE;Caatinga;Nordeste
2614600;Tabira;PE;Caatinga;Nordeste
2614709;Tacaimbó;PE;Caatinga;Nordeste
2614808;Tacaratu;PE;Caatinga;Nordeste
2614857;Tamandaré;PE;Mata Atlântica;Nordeste
2615003;Taquaritinga do Norte;PE;Caatinga;Nordeste
2615102;Terezinha;PE;Mata Atlântica;Nordeste
2615201;Terra Nova;PE;Caatinga;Nordeste
2615300;Timbaúba;PE;Mata Atlântica;Nordeste
2615409;Toritama;PE;Caatinga;Nordeste
2615508;Tracunhaém;PE;Mata Atlântica;Nordeste
2615607;Trindade;PE;Caatinga;Nordeste
2615706;Triunfo;PE;Caatinga;Nordeste
2615805;Tupanatinga;PE;Caatinga;Nordeste
2615904;Tuparetama;PE;Caatinga;Nordeste
2616001;Venturosa;PE;Caatinga;Nordeste
2616100;Verdejante;PE;Caatinga;Nordeste
2616183;Vertente do Lério;PE;Caatinga;Nordeste
2616209;Vertentes;PE;Caatinga;Nordeste
2616308;Vicência;PE;Mata Atlântica;Nordeste
2616407;Vitória de Santo Antão;PE;Mata Atlântica;Nordeste
2616506;Xexéu;PE;Mata Atlântica;Nordeste
2300101;Abaiara;CE;Caatinga;Nordeste
2300150;Acarape;CE;Caatinga;Nordeste
2300200;Acaraú;CE;Caatinga;Nordeste
2300309;Acopiara;CE;Caatinga;Nordeste
2300408;Aiuaba;CE;Caatinga;Nordeste
2300507;Alcântaras;CE;Caatinga;Nordeste
2300606;Altaneira;CE;Caatinga;Nordeste
2300705;Alto Santo;CE;Caatinga;Nordeste
2300754;Amontada;CE;Caatinga;Nordeste
2300804;Antonina do Norte;CE;Caatinga;Nordeste
2300903;Apuiarés;CE;Caatinga;Nordeste
2301000;Aquiraz;CE;Caatinga;Nordeste
2301109;Aracati;CE;Caatinga;Nordeste
2301208;Aracoiaba;CE;Caatinga;Nordeste
2301257;Ararendá;CE;Caatinga;Nordeste
2301307;Araripe;CE;Caatinga;Nordeste
2301406;Aratuba;CE;Caatinga;Nordeste
2301505;Arneiroz;CE;Caatinga;Nordeste
2301604;Assaré;CE;Caatinga;Nordeste
2301703;Aurora;CE;Caatinga;Nordeste
2301802;Baixio;CE;Caatinga;Nordeste
2301851;Banabuiú;CE;Caatinga;Nordeste
2301901;Barbalha;CE;Caatinga;Nordeste
2301950;Barreira;CE;Caatinga;Nordeste
2302008;Barro;CE;Caatinga;Nordeste
2302057;Barroquinha;CE;Caatinga;Nordeste
2302107;Baturité;CE;Caatinga;Nordeste
2302206;Beberibe;CE;Caatinga;Nordeste
2302305;Bela Cruz;CE;Caatinga;Nordeste
2302404;Boa Viagem;CE;Caatinga;Nordeste
2302503;Brejo Santo;CE;Caatinga;Nordeste
2302602;Camocim;CE;Caatinga;Nordeste
2302701;Campos Sales;CE;Caatinga;Nordeste
2302800;Canindé;CE;Caatinga;Nordeste
2302909;Capistrano;CE;Caatinga;Nordeste
2303006;Caridade;CE;Caatinga;Nordeste
2303105;Cariré;CE;Caatinga;Nordeste
2303204;Caririaçu;CE;Caatinga;Nordeste
2303303;Cariús;CE;Caatinga;Nordeste
2303402;Carnaubal;CE;Caatinga;Nordeste
2303501;Cascavel;CE;Caatinga;Nordeste
2303600;Catarina;CE;Caatinga;Nordeste
2303659;Catunda;CE;Caatinga;Nordeste
2303709;Caucaia;CE;Caatinga;Nordeste
2303808;Cedro;CE;Caatinga;Nordeste
2303907;Chaval;CE;Caatinga;Nordeste
2303931;Choró;CE;Caatinga;Nordeste
2303956;Chorozinho;CE;Caatinga;Nordeste
2304004;Coreaú;CE;Caatinga;Nordeste
2304103;Crateús;CE;Caatinga;Nordeste
2304202;Crato;CE;Caatinga;Nordeste
2304236;Croatá;CE;Caatinga;Nordeste
2304251;Cruz;CE;Caatinga;Nordeste
2304269;Deputado Irapuan Pinheiro;CE;Caatinga;Nordeste
2304277;Ereré;CE;Caatinga;Nordeste
2304285;Eusébio;CE;Caatinga;Nordeste
2304301;Farias Brito;CE;Caatinga;Nordeste
2304350;Forquilha;CE;Caatinga;Nordeste
2304400;Fortaleza;CE;Caatinga;Nordeste
2304459;Fortim;CE;Caatinga;Nordeste
2304509;Frecheirinha;CE;Caatinga;Nordeste
2304608;General Sampaio;CE;Caatinga;Nordeste
2304657;Graça;CE;Caatinga;Nordeste
2304707;Granja;CE;Caatinga;Nordeste
2304806;Granjeiro;CE;Caatinga;Nordeste
2304905;Groaíras;CE;Caatinga;Nordeste
2304954;Guaiúba;CE;Caatinga;Nordeste
2305001;Guaraciaba do Norte;CE;Caatinga;Nordeste
2305100;Guaramiranga;CE;Caatinga;Nordeste
2305209;Hidrolândia;CE;Caatinga;Nordeste
2305233;Horizonte;CE;Caatinga;Nordeste
2305266;Ibaretama;CE;Caatinga;Nordeste
2305308;Ibiapina;CE;Caatinga;Nordeste
2305332;Ibicuitinga;CE;Caatinga;Nordeste
2305357;Icapuí;CE;Caatinga;Nordeste
2305407;Icó;CE;Caatinga;Nordeste
2305506;Iguatu;CE;Caatinga;Nordeste
2305605;Independência;CE;Caatinga;Nordeste
2305654;Ipaporanga;CE;Caatinga;Nordeste
2305704;Ipaumirim;CE;Caatinga;Nordeste
2305803;Ipu;CE;Caatinga;Nordeste
2305902;Ipueiras;CE;Caatinga;Nordeste
2306009;Iracema;CE;Caatinga;Nordeste
2306108;Irauçuba;CE;Caatinga;Nordeste
2306207;Itaiçaba;CE;Caatinga;Nordeste
2306256;Itaitinga;CE;Caatinga;Nordeste
2306306;Itapajé;CE;Caatinga;Nordeste
2306405;Itapipoca;CE;Caatinga;Nordeste
2306504;Itapiúna;CE;Caatinga;Nordeste
2306553;Itarema;CE;Caatinga;Nordeste
2306603;Itatira;CE;Caatinga;Nordeste
2306702;Jaguaretama;CE;Caatinga;Nordeste
2306801;Jaguaribara;CE;Caatinga;Nordeste
2306900;Jaguaribe;CE;Caatinga;Nordeste
2307007;Jaguaruana;CE;Caatinga;Nordeste
2307106;Jardim;CE;Caatinga;Nordeste
2307205;Jati;CE;Caatinga;Nordeste
2307254;Jijoca de Jericoacoara;CE;Caatinga;Nordeste
2307304;Juazeiro do Norte;CE;Caatinga;Nordeste
2307403;Jucás;CE;Caatinga;Nordeste
2307502;Lavras da Mangabeira;CE;Caatinga;Nordeste
2307601;Limoeiro do Norte;CE;Caatinga;Nordeste
2307635;Madalena;CE;Caatinga;Nordeste
2307650;Maracanaú;CE;Caatinga;Nordeste
2307700;Maranguape;CE;Caatinga;Nordeste
2307809;Marco;CE;Caatinga;Nordeste
2307908;Martinópole;CE;Caatinga;Nordeste
2308005;Massapê;CE;Caatinga;Nordeste
2308104;Mauriti;CE;Caatinga;Nordeste
2308203;Meruoca;CE;Caatinga;Nordeste
2308302;Milagres;CE;Caatinga;Nordeste
2308351;Milhã;CE;Caatinga;Nordeste
2308377;Miraíma;CE;Caatinga;Nordeste
2308401;Missão Velha;CE;Caatinga;Nordeste
2308500;Mombaça;CE;Caatinga;Nordeste
2308609;Monsenhor Tabosa;CE;Caatinga;Nordeste
2308708;Morada Nova;CE;Caatinga;Nordeste
2308807;Moraújo;CE;Caatinga;Nordeste
2308906;Morrinhos;CE;Caatinga;Nordeste
2309003;Mucambo;CE;Caatinga;Nordeste
2309102;Mulungu;CE;Caatinga;Nordeste
2309201;Nova Olinda;CE;Caatinga;Nordeste
2309300;Nova Russas;CE;Caatinga;Nordeste
2309409;Novo Oriente;CE;Caatinga;Nordeste
2309458;Ocara;CE;Caatinga;Nordeste
2309508;Orós;CE;Caatinga;Nordeste
2309607;Pacajus;CE;Caatinga;Nordeste
2309706;Pacatuba;CE;Caatinga;Nordeste
2309805;Pacoti;CE;Caatinga;Nordeste
2309904;Pacujá;CE;Caatinga;Nordeste
2310001;Palhano;CE;Caatinga;Nordeste
2310100;Palmácia;CE;Caatinga;Nordeste
2310209;Paracuru;CE;Caatinga;Nordeste
2310258;Paraipaba;CE;Caatinga;Nordeste
2310308;Parambu;CE;Caatinga;Nordeste
2310407;Paramoti;CE;Caatinga;Nordeste
2310506;Pedra Branca;CE;Caatinga;Nordeste
2310605;Penaforte;CE;Caatinga;Nordeste
2310704;Pentecoste;CE;Caatinga;Nordeste
2310803;Pereiro;CE;Caatinga;Nordeste
2310852;Pindoretama;CE;Caatinga;Nordeste
2310902;Piquet Carneiro;CE;Caatinga;Nordeste
2310951;Pires Ferreira;CE;Caatinga;Nordeste
2311009;Poranga;CE;Caatinga;Nordeste
2311108;Porteiras;CE;Caatinga;Nordeste
2311207;Potengi;CE;Caatinga;Nordeste
2311231;Potiretama;CE;Caatinga;Nordeste
2311264;Quiterianópolis;CE;Caatinga;Nordeste
2311306;Quixadá;CE;Caatinga;Nordeste
2311355;Quixelô;CE;Caatinga;Nordeste
2311405;Quixeramobim;CE;Caatinga;Nordeste
2311504;Quixeré;CE;Caatinga;Nordeste
2311603;Redenção;CE;Caatinga;Nordeste
2311702;Reriutaba;CE;Caatinga;Nordeste
2311801;Russas;CE;Caatinga;Nordeste
2311900;Saboeiro;CE;Caatinga;Nordeste
2311959;Salitre;CE;Caatinga;Nordeste
2312007;Santana do Acaraú;CE;Caatinga;Nordeste
2312106;Santana do Cariri;CE;Caatinga;Nordeste
2312205;Santa Quitéria;CE;Caatinga;Nordeste
2312304;São Benedito;CE;Caatinga;Nordeste
2312403;São Gonçalo do Amarante;CE;Caatinga;Nordeste
2312502;São João do Jaguaribe;CE;Caatinga;Nordeste
2312601;São Luís do Curu;CE;Caatinga;Nordeste
2312700;Senador Pompeu;CE;Caatinga;Nordeste
2312809;Senador Sá;CE;Caatinga;Nordeste
2312908;Sobral;CE;Caatinga;Nordeste
2313005;Solonópole;CE;Caatinga;Nordeste
2313104;Tabuleiro do Norte;CE;Caatinga;Nordeste
2313203;Tamboril;CE;Caatinga;Nordeste
2313252;Tarrafas;CE;Caatinga;Nordeste
2313302;Tauá;CE;Caatinga;Nordeste
2313351;Tejuçuoca;CE;Caatinga;Nordeste
2313401;Tianguá;CE;Caatinga;Nordeste
2313500;Trairi;CE;Caatinga;Nordeste
2313559;Tururu;CE;Caatinga;Nordeste
2313609;Ubajara;CE;Caatinga;Nordeste
2313708;Umari;CE;Caatinga;Nordeste
2313757;Umirim;CE;Caatinga;Nordeste
2313807;Uruburetama;CE;Caatinga;Nordeste
2313906;Uruoca;CE;Caatinga;Nordeste
2313955;Varjota;CE;Caatinga;Nordeste
2314003;Várzea Alegre;CE;Caatinga;Nordeste
2314102;Viçosa do Ceará;CE;Caatinga;Nordeste
2400109;Acari;RN;Caatinga;Nordeste
2400208;Açu;RN;Caatinga;Nordeste
2400307;Afonso Bezerra;RN;Caatinga;Nordeste
2400406;Água Nova;RN;Caatinga;Nordeste
2400505;Alexandria;RN;Caatinga;Nordeste
2400604;Almino Afonso;RN;Caatinga;Nordeste
2400703;Alto do Rodrigues;RN;Caatinga;Nordeste
2400802;Angicos;RN;Caatinga;Nordeste
2400901;Antônio Martins;RN;Caatinga;Nordeste
2401008;Apodi;RN;Caatinga;Nordeste
2401107;Areia Branca;RN;Caatinga;Nordeste
2401206;Arês;RN;Mata Atlântica;Nordeste
2401305;Campo Grande;RN;Caatinga;Nordeste
2401404;Baía Formosa;RN;Mata Atlântica;Nordeste
2401453;Baraúna;RN;Caatinga;Nordeste
2401503;Barcelona;RN;Caatinga;Nordeste
2401602;Bento Fernandes;RN;Caatinga;Nordeste
2401651;Bodó;RN;Caatinga;Nordeste
2401701;Bom Jesus;RN;Caatinga;Nordeste
2401800;Brejinho;RN;Caatinga;Nordeste
2401859;Caiçara do Norte;RN;Caatinga;Nordeste
2401909;Caiçara do Rio do Vento;RN;Caatinga;Nordeste
2402006;Caicó;RN;Caatinga;Nordeste
2402105;Campo Redondo;RN;Caatinga;Nordeste
2402204;Canguaretama;RN;Mata Atlântica;Nordeste
2402303;Caraúbas;RN;Caatinga;Nordeste
2402402;Carnaúba dos Dantas;RN;Caatinga;Nordeste
2402501;Carnaubais;RN;Caatinga;Nordeste
2402600;Ceará-Mirim;RN;Caatinga;Nordeste
2402709;Cerro Corá;RN;Caatinga;Nordeste
2402808;Coronel Ezequiel;RN;Caatinga;Nordeste
2402907;Coronel João Pessoa;RN;Caatinga;Nordeste
2403004;Cruzeta;RN;Caatinga;Nordeste
2403103;Currais Novos;RN;Caatinga;Nordeste
2403202;Doutor Severiano;RN;Caatinga;Nordeste
2403251;Parnamirim;RN;Caatinga;Nordeste
2403301;Encanto;RN;Caatinga;Nordeste
2403400;Equador;RN;Caatinga;Nordeste
2403509;Espírito Santo;RN;Mata Atlântica;Nordeste
2403608;Extremoz;RN;Caatinga;Nordeste
2403707;Felipe Guerra;RN;Caatinga;Nordeste
2403756;Fernando Pedroza;RN;Caatinga;Nordeste
2403806;Florânia;RN;Caatinga;Nordeste
2403905;Francisco Dantas;RN;Caatinga;Nordeste
2404002;Frutuoso Gomes;RN;Caatinga;Nordeste
2404101;Galinhos;RN;Caatinga;Nordeste
2404200;Goianinha;RN;Mata Atlântica;Nordeste
2404309;Governador Dix-Sept Rosado;RN;Caatinga;Nordeste
2404408;Grossos;RN;Caatinga;Nordeste
2404507;Guamaré;RN;Caatinga;Nordeste
2404606;Ielmo Marinho;RN;Caatinga;Nordeste
2404705;Ipanguaçu;RN;Caatinga;Nordeste
2404804;Ipueira;RN;Caatinga;Nordeste
2404853;Itajá;RN;Caatinga;Nordeste
2404903;Itaú;RN;Caatinga;Nordeste
2405009;Jaçanã;RN;Caatinga;Nordeste
2405108;Jandaíra;RN;Caatinga;Nordeste
2405207;Janduís;RN;Caatinga;Nordeste
2405306;Januário Cicco;RN;Caatinga;Nordeste
2405405;Japi;RN;Caatinga;Nordeste
2405504;Jardim de Angicos;RN;Caatinga;Nordeste
2405603;Jardim de Piranhas;RN;Caatinga;Nordeste
2405702;Jardim do Seridó;RN;Caatinga;Nordeste
2405801;João Câmara;RN;Caatinga;Nordeste
2405900;João Dias;RN;Caatinga;Nordeste
2406007;José da Penha;RN;Caatinga;Nordeste
2406106;Jucurutu;RN;Caatinga;Nordeste
2406155;Jundiá;RN;Caatinga;Nordeste
2406205;Lagoa d'Anta;RN;Caatinga;Nordeste
2406304;Lagoa de Pedras;RN;Caatinga;Nordeste
2406403;Lagoa de Velhos;RN;Caatinga;Nordeste
2406502;Lagoa Nova;RN;Caatinga;Nordeste
2406601;Lagoa Salgada;RN;Caatinga;Nordeste
2406700;Lajes;RN;Caatinga;Nordeste
2406809;Lajes Pintadas;RN;Caatinga;Nordeste
2406908;Lucrécia;RN;Caatinga;Nordeste
2407005;Luís Gomes;RN;Caatinga;Nordeste
2407104;Macaíba;RN;Caatinga;Nordeste
2407203;Macau;RN;Caatinga;Nordeste
2407252;Major Sales;RN;Caatinga;Nordeste
2407302;Marcelino Vieira;RN;Caatinga;Nordeste
2407401;Martins;RN;Caatinga;Nordeste
2407500;Maxaranguape;RN;Mata Atlântica;Nordeste
2407609;Messias Targino;RN;Caatinga;Nordeste
2407708;Montanhas;RN;Caatinga;Nordeste
2407807;Monte Alegre;RN;Caatinga;Nordeste
2407906;Monte das Gameleiras;RN;Caatinga;Nordeste
2408003;Mossoró;RN;Caatinga;Nordeste
2408102;Natal;RN;Mata Atlântica;Nordeste
2408201;Nísia Floresta;RN;Mata Atlântica;Nordeste
2408300;Nova Cruz;RN;Caatinga;Nordeste
2408409;Olho d'Água do Borges;RN;Caatinga;Nordeste
2408508;Ouro Branco;RN;Caatinga;Nordeste
2408607;Paraná;RN;Caatinga;Nordeste
2408706;Paraú;RN;Caatinga;Nordeste
2408805;Parazinho;RN;Caatinga;Nordeste
2408904;Parelhas;RN;Caatinga;Nordeste
2408953;Rio do Fogo;RN;Caatinga;Nordeste
2409100;Passa e Fica;RN;Caatinga;Nordeste
2409209;Passagem;RN;Caatinga;Nordeste
2409308;Patu;RN;Caatinga;Nordeste
2409332;Santa Maria;RN;Caatinga;Nordeste
2409407;Pau dos Ferros;RN;Caatinga;Nordeste
2409506;Pedra Grande;RN;Caatinga;Nordeste
2409605;Pedra Preta;RN;Caatinga;Nordeste
2409704;Pedro Avelino;RN;Caatinga;Nordeste
2409803;Pedro Velho;RN;Caatinga;Nordeste
2409902;Pendências;RN;Caatinga;Nordeste
2410009;Pilões;RN;Caatinga;Nordeste
2410108;Poço Branco;RN;Caatinga;Nordeste
2410207;Portalegre;RN;Caatinga;Nordeste
2410256;Porto do Mangue;RN;Caatinga;Nordeste
2410306;Serra Caiada;RN;Caatinga;Nordeste
2410405;Pureza;RN;Caatinga;Nordeste
2410504;Rafael Fernandes;RN;Caatinga;Nordeste
2410603;Rafael Godeiro;RN;Caatinga;Nordeste
2410702;Riacho da Cruz;RN;Caatinga;Nordeste
2410801;Riacho de Santana;RN;Caatinga;Nordeste
2410900;Riachuelo;RN;Caatinga;Nordeste
2411007;Rodolfo Fernandes;RN;Caatinga;Nordeste
2411056;Tibau;RN;Caatinga;Nordeste
2411106;Ruy Barbosa;RN;Caatinga;Nordeste
2411205;Santa Cruz;RN;Caatinga;Nordeste
2411403;Santana do Matos;RN;Caatinga;Nordeste
2411429;Santana do Seridó;RN;Caatinga;Nordeste
2411502;Santo Antônio;RN;Caatinga;Nordeste
2411601;São Bento do Norte;RN;Caatinga;Nordeste
2411700;São Bento do Trairí;RN;Caatinga;Nordeste
2411809;São Fernando;RN;Caatinga;Nordeste
2411908;São Francisco do Oeste;RN;Caatinga;Nordeste
2412005;São Gonçalo do Amarante;RN;Caatinga;Nordeste
2412104;São João do Sabugi;RN;Caatinga;Nordeste
2412203;São José de Mipibu;RN;Caatinga;Nordeste
2412302;São José do Campestre;RN;Caatinga;Nordeste
2412401;São José do Seridó;RN;Caatinga;Nordeste
2412500;São Miguel;RN;Caatinga;Nordeste
2412559;São Miguel do Gostoso;RN;Caatinga;Nordeste
2412609;São Paulo do Potengi;RN;Caatinga;Nordeste
2412708;São Pedro;RN;Caatinga;Nordeste
2412807;São Rafael;RN;Caatinga;Nordeste
2412906;São Tomé;RN;Caatinga;Nordeste
2413003;São Vicente;RN;Caatinga;Nordeste
2413102;Senador Elói de Souza;RN;Caatinga;Nordeste
2413201;Senador Georgino Avelino;RN;Mata Atlântica;Nordeste
2413300;Serra de São Bento;RN;Caatinga;Nordeste
2413359;Serra do Mel;RN;Caatinga;Nordeste
2413409;Serra Negra do Norte;RN;Caatinga;Nordeste
2413508;Serrinha;RN;Caatinga;Nordeste
2413557;Serrinha dos Pintos;RN;Caatinga;Nordeste
2413607;Severiano Melo;RN;Caatinga;Nordeste
2413706;Sítio Novo;RN;Caatinga;Nordeste
2413805;Taboleiro Grande;RN;Caatinga;Nordeste
2413904;Taipu;RN;Caatinga;Nordeste
2414001;Tangará;RN;Caatinga;Nordeste
2414100;Tenente Ananias;RN;Caatinga;Nordeste
2414159;Tenente Laurentino Cruz;RN;Caatinga;Nordeste
2414209;Tibau do Sul;RN;Mata Atlântica;Nordeste
2414308;Timbaúba dos Batistas;RN;Caatinga;Nordeste
2414407;Touros;RN;Caatinga;Nordeste
2414456;Triunfo Potiguar;RN;Caatinga;Nordeste
2414506;Umarizal;RN;Caatinga;Nordeste
2414605;Upanema;RN;Caatinga;Nordeste
2414704;Várzea;RN;Caatinga;Nordeste
2414753;Venha-Ver;RN;Caatinga;Nordeste
2414803;Vera Cruz;RN;Caatinga;Nordeste
2414902;Viçosa;RN;Caatinga;Nordeste
2415008;Vila Flor;RN;Mata Atlântica;Nordeste
3300100;Angra dos Reis;RJ;Mata Atlântica;Sudeste
3300159;Aperibé;RJ;Mata Atlântica;Sudeste
3300209;Araruama;RJ;Mata Atlântica;Sudeste
3300225;Areal;RJ;Mata Atlântica;Sudeste
3300233;Armação dos Búzios;RJ;Mata Atlântica;Sudeste
3300258;Arraial do Cabo;RJ;Mata Atlântica;Sudeste
3300308;Barra do Piraí;RJ;Mata Atlântica;Sudeste
3300407;Barra Mansa;RJ;Mata Atlântica;Sudeste
3300456;Belford Roxo;RJ;Mata Atlântica;Sudeste
3300506;Bom Jardim;RJ;Mata Atlântica;Sudeste
3300605;Bom Jesus do Itabapoana;RJ;Mata Atlântica;Sudeste
3300704;Cabo Frio;RJ;Mata Atlântica;Sudeste
3300803;Cachoeiras de Macacu;RJ;Mata Atlântica;Sudeste
3300902;Cambuci;RJ;Mata Atlântica;Sudeste
3300936;Carapebus;RJ;Mata Atlântica;Sudeste
3300951;Comendador Levy Gasparian;RJ;Mata Atlântica;Sudeste
3301009;Campos dos Goytacazes;RJ;Mata Atlântica;Sudeste
3301108;Cantagalo;RJ;Mata Atlântica;Sudeste
3301157;Cardoso Moreira;RJ;Mata Atlântica;Sudeste
3301207;Carmo;RJ;Mata Atlântica;Sudeste
3301306;Casimiro de Abreu;RJ;Mata Atlântica;Sudeste
3301405;Conceição de Macabu;RJ;Mata Atlântica;Sudeste
3301504;Cordeiro;RJ;Mata Atlântica;Sudeste
3301603;Duas Barras;RJ;Mata Atlântica;Sudeste
3301702;Duque de Caxias;RJ;Mata Atlântica;Sudeste
3301801;Engenheiro Paulo de Frontin;RJ;Mata Atlântica;Sudeste
3301850;Guapimirim;RJ;Mata Atlântica;Sudeste
3301876;Iguaba Grande;RJ;Mata Atlântica;Sudeste
3301900;Itaboraí;RJ;Mata Atlântica;Sudeste
3302007;Itaguaí;RJ;Mata Atlântica;Sudeste
3302056;Italva;RJ;Mata Atlântica;Sudeste
3302106;Itaocara;RJ;Mata Atlântica;Sudeste
3302205;Itaperuna;RJ;Mata Atlântica;Sudeste
3302254;Itatiaia;RJ;Mata Atlântica;Sudeste
3302270;Japeri;RJ;Mata Atlântica;Sudeste
3302304;Laje do Muriaé;RJ;Mata Atlântica;Sudeste
3302403;Macaé;RJ;Mata Atlântica;Sudeste
3302452;Macuco;RJ;Mata Atlântica;Sudeste
3302502;Magé;RJ;Mata Atlântica;Sudeste
3302601;Mangaratiba;RJ;Mata Atlântica;Sudeste
3302700;Maricá;RJ;Mata Atlântica;Sudeste
3302809;Mendes;RJ;Mata Atlântica;Sudeste
3302858;Mesquita;RJ;Mata Atlântica;Sudeste
3302908;Miguel Pereira;RJ;Mata Atlântica;Sudeste
3303005;Miracema;RJ;Mata Atlântica;Sudeste
3303104;Natividade;RJ;Mata Atlântica;Sudeste
3303203;Nilópolis;RJ;Mata Atlântica;Sudeste
3303302;Niterói;RJ;Mata Atlântica;Sudeste
3303401;Nova Friburgo;RJ;Mata Atlântica;Sudeste
3303500;Nova Iguaçu;RJ;Mata Atlântica;Sudeste
3303609;Paracambi;RJ;Mata Atlântica;Sudeste
3303708;Paraíba do Sul;RJ;Mata Atlântica;Sudeste
3303807;Paraty;RJ;Mata Atlântica;Sudeste
3303856;Paty do Alferes;RJ;Mata Atlântica;Sudeste
3303906;Petrópolis;RJ;Mata Atlântica;Sudeste
3303955;Pinheiral;RJ;Mata Atlântica;Sudeste
3304003;Piraí;RJ;Mata Atlântica;Sudeste
3304102;Porciúncula;RJ;Mata Atlântica;Sudeste
3304110;Porto Real;RJ;Mata Atlântica;Sudeste
3304128;Quatis;RJ;Mata Atlântica;Sudeste
3304144;Queimados;RJ;Mata Atlântica;Sudeste
3304151;Quissamã;RJ;Mata Atlântica;Sudeste
3304201;Resende;RJ;Mata Atlântica;Sudeste
3304300;Rio Bonito;RJ;Mata Atlântica;Sudeste
3304409;Rio Claro;RJ;Mata Atlântica;Sudeste
3304508;Rio das Flores;RJ;Mata Atlântica;Sudeste
3304524;Rio das Ostras;RJ;Mata Atlântica;Sudeste
3304557;Rio de Janeiro;RJ;Mata Atlântica;Sudeste
3304607;Santa Maria Madalena;RJ;Mata Atlântica;Sudeste
3304706;Santo Antônio de Pádua;RJ;Mata Atlântica;Sudeste
3304755;São Francisco de Itabapoana;RJ;Mata Atlântica;Sudeste
3304805;São Fidélis;RJ;Mata Atlântica;Sudeste
3304904;São Gonçalo;RJ;Mata Atlântica;Sudeste
3305000;São João da Barra;RJ;Mata Atlântica;Sudeste
3305109;São João de Meriti;RJ;Mata Atlântica;Sudeste
3305133;São José de Ubá;RJ;Mata Atlântica;Sudeste
3305158;São José do Vale do Rio Preto;RJ;Mata Atlântica;Sudeste
3305208;São Pedro da Aldeia;RJ;Mata Atlântica;Sudeste
3305307;São Sebastião do Alto;RJ;Mata Atlântica;Sudeste
3305406;Sapucaia;RJ;Mata Atlântica;Sudeste
3305505;Saquarema;RJ;Mata Atlântica;Sudeste
3305554;Seropédica;RJ;Mata Atlântica;Sudeste
3305604;Silva Jardim;RJ;Mata Atlântica;Sudeste
3305703;Sumidouro;RJ;Mata Atlântica;Sudeste
3305752;Tanguá;RJ;Mata Atlântica;Sudeste
3305802;Teresópolis;RJ;Mata Atlântica;Sudeste
3305901;Trajano de Moraes;RJ;Mata Atlântica;Sudeste
3306008;Três Rios;RJ;Mata Atlântica;Sudeste
3306107;Valença;RJ;Mata Atlântica;Sudeste
3306156;Varre-Sai;RJ;Mata Atlântica;Sudeste
3306206;Vassouras;RJ;Mata Atlântica;Sudeste
3306305;Volta Redonda;RJ;Mata Atlântica;Sudeste
2100055;Açailândia;MA;Amazônia;Nordeste
2100105;Afonso Cunha;MA;Cerrado;Nordeste
2100154;Água Doce do Maranhão;MA;Cerrado;Nordeste
2100204;Alcântara;MA;Amazônia;Nordeste
2100303;Aldeias Altas;MA;Cerrado;Nordeste
2100402;Altamira do Maranhão;MA;Amazônia;Nordeste
2100436;Alto Alegre do Maranhão;MA;Cerrado;Nordeste
2100477;Alto Alegre do Pindaré;MA;Amazônia;Nordeste
2100501;Alto Parnaíba;MA;Cerrado;Nordeste
2100550;Amapá do Maranhão;MA;Amazônia;Nordeste
2100600;Amarante do Maranhão;MA;Amazônia;Nordeste
2100709;Anajatuba;MA;Amazônia;Nordeste
2100808;Anapurus;MA;Cerrado;Nordeste
2100832;Apicum-Açu;MA;Amazônia;Nordeste
2100873;Araguanã;MA;Amazônia;Nordeste
2100907;Araioses;MA;Cerrado;Nordeste
2100956;Arame;MA;Amazônia;Nordeste
2101004;Arari;MA;Amazônia;Nordeste
2101103;Axixá;MA;Amazônia;Nordeste
2101202;Bacabal;MA;Amazônia;Nordeste
2101251;Bacabeira;MA;Amazônia;Nordeste
2101301;Bacuri;MA;Amazônia;Nordeste
2101350;Bacurituba;MA;Amazônia;Nordeste
2101400;Balsas;MA;Cerrado;Nordeste
2101509;Barão de Grajaú;MA;Cerrado;Nordeste
2101608;Barra do Corda;MA;Cerrado;Nordeste
2101707;Barreirinhas;MA;Cerrado;Nordeste
2101731;Belágua;MA;Cerrado;Nordeste
2101772;Bela Vista do Maranhão;MA;Amazônia;Nordeste
2101806;Benedito Leite;MA;Cerrado;Nordeste
2101905;Bequimão;MA;Amazônia;Nordeste
2101939;Bernardo do Mearim;MA;Cerrado;Nordeste
2101970;Boa Vista do Gurupi;MA;Amazônia;Nordeste
2102002;Bom Jardim;MA;Amazônia;Nordeste
2102036;Bom Jesus das Selvas;MA;Amazônia;Nordeste
2102077;Bom Lugar;MA;Amazônia;Nordeste
2102101;Brejo;MA;Cerrado;Nordeste
2102150;Brejo de Areia;MA;Amazônia;Nordeste
2102200;Buriti;MA;Cerrado;Nordeste
2102309;Buriti Bravo;MA;Cerrado;Nordeste
2102325;Buriticupu;MA;Amazônia;Nordeste
2102358;Buritirana;MA;Cerrado;Nordeste
2102374;Cachoeira Grande;MA;Cerrado;Nordeste
2102408;Cajapió;MA;Amazônia;Nordeste
2102507;Cajari;MA;Amazônia;Nordeste
2102556;Campestre do Maranhão;MA;Cerrado;Nordeste
2102606;Cândido Mendes;MA;Amazônia;Nordeste
2102705;Cantanhede;MA;Cerrado;Nordeste
2102754;Capinzal do Norte;MA;Cerrado;Nordeste
2102804;Carolina;MA;Cerrado;Nordeste
2102903;Carutapera;MA;Amazônia;Nordeste
2103000;Caxias;MA;Cerrado;Nordeste
2103109;Cedral;MA;Amazônia;Nordeste
2103125;Central do Maranhão;MA;Amazônia;Nordeste
2103158;Centro do Guilherme;MA;Amazônia;Nordeste
2103174;Centro Novo do Maranhão;MA;Amazônia;Nordeste
2103208;Chapadinha;MA;Cerrado;Nordeste
2103257;Cidelândia;MA;Amazônia;Nordeste
2103307;Codó;MA;Cerrado;Nordeste
2103406;Coelho Neto;MA;Cerrado;Nordeste
2103505;Colinas;MA;Cerrado;Nordeste
2103554;Conceição do Lago-Açu;MA;Amazônia;Nordeste
2103604;Coroatá;MA;Cerrado;Nordeste
2103703;Cururupu;MA;Amazônia;Nordeste
2103752;Davinópolis;MA;Cerrado;Nordeste
2103802;Dom Pedro;MA;Cerrado;Nordeste
2103901;Duque Bacelar;MA;Cerrado;Nordeste
2104008;Esperantinópolis;MA;Cerrado;Nordeste
2104057;Estreito;MA;Cerrado;Nordeste
2104073;Feira Nova do Maranhão;MA;Cerrado;Nordeste
2104081;Fernando Falcão;MA;Cerrado;Nordeste
2104099;Formosa da Serra Negra;MA;Cerrado;Nordeste
2104107;Fortaleza dos Nogueiras;MA;Cerrado;Nordeste
2104206;Fortuna;MA;Cerrado;Nordeste
2104305;Godofredo Viana;MA;Amazônia;Nordeste
2104404;Gonçalves Dias;MA;Cerrado;Nordeste
2104503;Governador Archer;MA;Cerrado;Nordeste
2104552;Governador Edison Lobão;MA;Cerrado;Nordeste
2104602;Governador Eugênio Barros;MA;Cerrado;Nordeste
2104628;Governador Luiz Rocha;MA;Cerrado;Nordeste
2104651;Governador Newton Bello;MA;Amazônia;Nordeste
2104677;Governador Nunes Freire;MA;Amazônia;Nordeste
2104701;Graça Aranha;MA;Cerrado;Nordeste
2104800;Grajaú;MA;Cerrado;Nordeste
2104909;Guimarães;MA;Amazônia;Nordeste
2105005;Humberto de Campos;MA;Cerrado;Nordeste
2105104;Icatu;MA;Amazônia;Nordeste
2105153;Igarapé do Meio;MA;Amazônia;Nordeste
2105203;Igarapé Grande;MA;Cerrado;Nordeste
2105302;Imperatriz;MA;Cerrado;Nordeste
2105351;Itaipava do Grajaú;MA;Cerrado;Nordeste
2105401;Itapecuru Mirim;MA;Cerrado;Nordeste
2105427;Itinga do Maranhão;MA;Amazônia;Nordeste
2105450;Jatobá;MA;Cerrado;Nordeste
2105476;Jenipapo dos Vieiras;MA;Cerrado;Nordeste
2105500;João Lisboa;MA;Amazônia;Nordeste
2105609;Joselândia;MA;Cerrado;Nordeste
2105658;Junco do Maranhão;MA;Amazônia;Nordeste
2105708;Lago da Pedra;MA;Cerrado;Nordeste
2105807;Lago do Junco;MA;Cerrado;Nordeste
2105906;Lago Verde;MA;Amazônia;Nordeste
2105922;Lagoa do Mato;MA;Cerrado;Nordeste
2105948;Lago dos Rodrigues;MA;Cerrado;Nordeste
2105963;Lagoa Grande do Maranhão;MA;Cerrado;Nordeste
2105989;Lajeado Novo;MA;Cerrado;Nordeste
2106003;Lima Campos;MA;Cerrado;Nordeste
2106102;Loreto;MA;Cerrado;Nordeste
2106201;Luís Domingues;MA;Amazônia;Nordeste
2106300;Magalhães de Almeida;MA;Cerrado;Nordeste
2106326;Maracaçumé;MA;Amazônia;Nordeste
2106359;Marajá do Sena;MA;Cerrado;Nordeste
2106375;Maranhãozinho;MA;Amazônia;Nordeste
2106409;Mata Roma;MA;Cerrado;Nordeste
2106508;Matinha;MA;Amazônia;Nordeste
2106607;Matões;MA;Cerrado;Nordeste
2106631;Matões do Norte;MA;Cerrado;Nordeste
2106672;Milagres do Maranhão;MA;Cerrado;Nordeste
2106706;Mirador;MA;Cerrado;Nordeste
2106755;Miranda do Norte;MA;Cerrado;Nordeste
2106805;Mirinzal;MA;Amazônia;Nordeste
2106904;Monção;MA;Amazônia;Nordeste
2107001;Montes Altos;MA;Cerrado;Nordeste
2107100;Morros;MA;Cerrado;Nordeste
2107209;Nina Rodrigues;MA;Cerrado;Nordeste
2107258;Nova Colinas;MA;Cerrado;Nordeste
2107308;Nova Iorque;MA;Cerrado;Nordeste
2107357;Nova Olinda do Maranhão;MA;Amazônia;Nordeste
2107407;Olho d'Água das Cunhãs;MA;Amazônia;Nordeste
2107456;Olinda Nova do Maranhão;MA;Amazônia;Nordeste
2107506;Paço do Lumiar;MA;Amazônia;Nordeste
2107605;Palmeirândia;MA;Amazônia;Nordeste
2107704;Paraibano;MA;Cerrado;Nordeste
2107803;Parnarama;MA;Cerrado;Nordeste
2107902;Passagem Franca;MA;Cerrado;Nordeste
2108009;Pastos Bons;MA;Cerrado;Nordeste
2108058;Paulino Neves;MA;Cerrado;Nordeste
2108108;Paulo Ramos;MA;Amazônia;Nordeste
2108207;Pedreiras;MA;Cerrado;Nordeste
2108256;Pedro do Rosário;MA;Amazônia;Nordeste
2108306;Penalva;MA;Amazônia;Nordeste
2108405;Peri Mirim;MA;Amazônia;Nordeste
2108454;Peritoró;MA;Cerrado;Nordeste
2108504;Pindaré-Mirim;MA;Amazônia;Nordeste
2108603;Pinheiro;MA;Amazônia;Nordeste
2108702;Pio XII;MA;Amazônia;Nordeste
2108801;Pirapemas;MA;Cerrado;Nordeste
2108900;Poção de Pedras;MA;Cerrado;Nordeste
2109007;Porto Franco;MA;Cerrado;Nordeste
2109056;Porto Rico do Maranhão;MA;Amazônia;Nordeste
2109106;Presidente Dutra;MA;Cerrado;Nordeste
2109205;Presidente Juscelino;MA;Amazônia;Nordeste
2109239;Presidente Médici;MA;Amazônia;Nordeste
2109270;Presidente Sarney;MA;Amazônia;Nordeste
2109304;Presidente Vargas;MA;Cerrado;Nordeste
2109403;Primeira Cruz;MA;Cerrado;Nordeste
2109452;Raposa;MA;Amazônia;Nordeste
2109502;Riachão;MA;Cerrado;Nordeste
2109551;Ribamar Fiquene;MA;Cerrado;Nordeste
2109601;Rosário;MA;Amazônia;Nordeste
2109700;Sambaíba;MA;Cerrado;Nordeste
2109759;Santa Filomena do Maranhão;MA;Cerrado;Nordeste
2109809;Santa Helena;MA;Amazônia;Nordeste
2109908;Santa Inês;MA;Amazônia;Nordeste
2110005;Santa Luzia;MA;Amazônia;Nordeste
2110039;Santa Luzia do Paruá;MA;Amazônia;Nordeste
2110104;Santa Quitéria do Maranhão;MA;Cerrado;Nordeste
2110203;Santa Rita;MA;Amazônia;Nordeste
2110237;Santana do Maranhão;MA;Cerrado;Nordeste
2110278;Santo Amaro do Maranhão;MA;Cerrado;Nordeste
2110302;Santo Antônio dos Lopes;MA;Cerrado;Nordeste
2110401;São Benedito do Rio Preto;MA;Cerrado;Nordeste
2110500;São Bento;MA;Amazônia;Nordeste
2110609;São Bernardo;MA;Cerrado;Nordeste
2110658;São Domingos do Azeitão;MA;Cerrado;Nordeste
2110708;São Domingos do Maranhão;MA;Cerrado;Nordeste
2110807;São Félix de Balsas;MA;Cerrado;Nordeste
2110856;São Francisco do Brejão;MA;Amazônia;Nordeste
2110906;São Francisco do Maranhão;MA;Cerrado;Nordeste
2111003;São João Batista;MA;Amazônia;Nordeste
2111029;São João do Carú;MA;Amazônia;Nordeste
2111052;São João do Paraíso;MA;Cerrado;Nordeste
2111078;São João do Soter;MA;Cerrado;Nordeste
2111102;São João dos Patos;MA;Cerrado;Nordeste
2111201;São José de Ribamar;MA;Amazônia;Nordeste
2111250;São José dos Basílios;MA;Cerrado;Nordeste
2111300;São Luís;MA;Amazônia;Nordeste
2111409;São Luís Gonzaga do Maranhão;MA;Cerrado;Nordeste
2111508;São Mateus do Maranhão;MA;Cerrado;Nordeste
2111532;São Pedro da Água Branca;MA;Amazônia;Nordeste
2111573;São Pedro dos Crentes;MA;Cerrado;Nordeste
2111607;São Raimundo das Mangabeiras;MA;Cerrado;Nordeste
2111631;São Raimundo do Doca Bezerra;MA;Cerrado;Nordeste
2111672;São Roberto;MA;Cerrado;Nordeste
2111706;São Vicente Ferrer;MA;Amazônia;Nordeste
2111722;Satubinha;MA;Amazônia;Nordeste
2111748;Senador Alexandre Costa;MA;Cerrado;Nordeste
2111763;Senador La Rocque;MA;Amazônia;Nordeste
2111789;Serrano do Maranhão;MA;Amazônia;Nordeste
2111805;Sítio Novo;MA;Cerrado;Nordeste
2111904;Sucupira do Norte;MA;Cerrado;Nordeste
2111953;Sucupira do Riachão;MA;Cerrado;Nordeste
2112001;Tasso Fragoso;MA;Cerrado;Nordeste
2112100;Timbiras;MA;Cerrado;Nordeste
2112209;Timon;MA;Cerrado;Nordeste
2112233;Trizidela do Vale;MA;Cerrado;Nordeste
2112274;Tufilândia;MA;Amazônia;Nordeste
2112308;Tuntum;MA;Cerrado;Nordeste
2112407;Turiaçu;MA;Amazônia;Nordeste
2112456;Turilândia;MA;Amazônia;Nordeste
2112506;Tutóia;MA;Cerrado;Nordeste
2112605;Urbano Santos;MA;Cerrado;Nordeste
2112704;Vargem Grande;MA;Cerrado;Nordeste
2112803;Viana;MA;Amazônia;Nordeste
2112852;Vila Nova dos Martírios;MA;Amazônia;Nordeste
2112902;Vitória do Mearim;MA;Amazônia;Nordeste
2113009;Vitorino Freire;MA;Amazônia;Nordeste
2114007;Zé Doca;MA;Amazônia;Nordeste
1200013;Acrelândia;AC;Amazônia;Norte
1200054;Assis Brasil;AC;Amazônia;Norte
1200104;Brasiléia;AC;Amazônia;Norte
1200138;Bujari;AC;Amazônia;Norte
1200179;Capixaba;AC;Amazônia;Norte
1200203;Cruzeiro do Sul;AC;Amazônia;Norte
1200252;Epitaciolândia;AC;Amazônia;Norte
1200302;Feijó;AC;Amazônia;Norte
1200328;Jordão;AC;Amazônia;Norte
1200336;Mâncio Lima;AC;Amazônia;Norte
1200344;Manoel Urbano;AC;Amazônia;Norte
1200351;Marechal Thaumaturgo;AC;Amazônia;Norte
1200385;Plácido de Castro;AC;Amazônia;Norte
1200393;Porto Walter;AC;Amazônia;Norte
1200401;Rio Branco;AC;Amazônia;Norte
1200427;Rodrigues Alves;AC;Amazônia;Norte
1200435;Santa Rosa do Purus;AC;Amazônia;Norte
1200450;Senador Guiomard;AC;Amazônia;Norte
1200500;Sena Madureira;AC;Amazônia;Norte
1200609;Tarauacá;AC;Amazônia;Norte
1200708;Xapuri;AC;Amazônia;Norte
1200807;Porto Acre;AC;Amazônia;Norte
5300108;Brasília;DF;Cerrado;Centro-Oeste
4100103;Abatiá;PR;Mata Atlântica;Sul
4100202;Adrianópolis;PR;Mata Atlântica;Sul
4100301;Agudos do Sul;PR;Mata Atlântica;Sul
4100400;Almirante Tamandaré;PR;Mata Atlântica;Sul
4100459;Altamira do Paraná;PR;Mata Atlântica;Sul
4100509;Altônia;PR;Mata Atlântica;Sul
4100608;Alto Paraná;PR;Mata Atlântica;Sul
4100707;Alto Piquiri;PR;Mata Atlântica;Sul
4100806;Alvorada do Sul;PR;Mata Atlântica;Sul
4100905;Amaporã;PR;Mata Atlântica;Sul
4101002;Ampére;PR;Mata Atlântica;Sul
4101051;Anahy;PR;Mata Atlântica;Sul
4101101;Andirá;PR;Mata Atlântica;Sul
4101150;Ângulo;PR;Mata Atlântica;Sul
4101200;Antonina;PR;Mata Atlântica;Sul
4101309;Antônio Olinto;PR;Mata Atlântica;Sul
4101408;Apucarana;PR;Mata Atlântica;Sul
4101507;Arapongas;PR;Mata Atlântica;Sul
4101606;Arapoti;PR;Mata Atlântica;Sul
4101655;Arapuã;PR;Mata Atlântica;Sul
4101705;Araruna;PR;Mata Atlântica;Sul
4101804;Araucária;PR;Mata Atlântica;Sul
4101853;Ariranha do Ivaí;PR;Mata Atlântica;Sul
4101903;Assaí;PR;Mata Atlântica;Sul
4102000;Assis Chateaubriand;PR;Mata Atlântica;Sul
4102109;Astorga;PR;Mata Atlântica;Sul
4102208;Atalaia;PR;Mata Atlântica;Sul
4102307;Balsa Nova;PR;Mata Atlântica;Sul
4102406;Bandeirantes;PR;Mata Atlântica;Sul
4102505;Barbosa Ferraz;PR;Mata Atlântica;Sul
4102604;Barracão;PR;Mata Atlântica;Sul
4102703;Barra do Jacaré;PR;Mata Atlântica;Sul
4102752;Bela Vista da Caroba;PR;Mata Atlântica;Sul
4102802;Bela Vista do Paraíso;PR;Mata Atlântica;Sul
4102901;Bituruna;PR;Mata Atlântica;Sul
4103008;Boa Esperança;PR;Mata Atlântica;Sul
4103024;Boa Esperança do Iguaçu;PR;Mata Atlântica;Sul
4103040;Boa Ventura de São Roque;PR;Mata Atlântica;Sul
4103057;Boa Vista da Aparecida;PR;Mata Atlântica;Sul
4103107;Bocaiúva do Sul;PR;Mata Atlântica;Sul
4103156;Bom Jesus do Sul;PR;Mata Atlântica;Sul
4103206;Bom Sucesso;PR;Mata Atlântica;Sul
4103222;Bom Sucesso do Sul;PR;Mata Atlântica;Sul
4103305;Borrazópolis;PR;Mata Atlântica;Sul
4103354;Braganey;PR;Mata Atlântica;Sul
4103370;Brasilândia do Sul;PR;Mata Atlântica;Sul
4103404;Cafeara;PR;Mata Atlântica;Sul
4103453;Cafelândia;PR;Mata Atlântica;Sul
4103479;Cafezal do Sul;PR;Mata Atlântica;Sul
4103503;Califórnia;PR;Mata Atlântica;Sul
4103602;Cambará;PR;Mata Atlântica;Sul
4103701;Cambé;PR;Mata Atlântica;Sul
4103800;Cambira;PR;Mata Atlântica;Sul
4103909;Campina da Lagoa;PR;Mata Atlântica;Sul
4103958;Campina do Simão;PR;Mata Atlântica;Sul
4104006;Campina Grande do Sul;PR;Mata Atlântica;Sul
4104055;Campo Bonito;PR;Mata Atlântica;Sul
4104105;Campo do Tenente;PR;Mata Atlântica;Sul
4104204;Campo Largo;PR;Mata Atlântica;Sul
4104253;Campo Magro;PR;Mata Atlântica;Sul
4104303;Campo Mourão;PR;Mata Atlântica;Sul
4104402;Cândido de Abreu;PR;Mata Atlântica;Sul
4104428;Candói;PR;Mata Atlântica;Sul
4104451;Cantagalo;PR;Mata Atlântica;Sul
4104501;Capanema;PR;Mata Atlântica;Sul
4104600;Capitão Leônidas Marques;PR;Mata Atlântica;Sul
4104659;Carambeí;PR;Mata Atlântica;Sul
4104709;Carlópolis;PR;Mata Atlântica;Sul
4104808;Cascavel;PR;Mata Atlântica;Sul
4104907;Castro;PR;Mata Atlântica;Sul
4105003;Catanduvas;PR;Mata Atlântica;Sul
4105102;Centenário do Sul;PR;Mata Atlântica;Sul
4105201;Cerro Azul;PR;Mata Atlântica;Sul
4105300;Céu Azul;PR;Mata Atlântica;Sul
4105409;Chopinzinho;PR;Mata Atlântica;Sul
4105508;Cianorte;PR;Mata Atlântica;Sul
4105607;Cidade Gaúcha;PR;Mata Atlântica;Sul
4105706;Clevelândia;PR;Mata Atlântica;Sul
4105805;Colombo;PR;Mata Atlântica;Sul
4105904;Colorado;PR;Mata Atlântica;Sul
4106001;Congonhinhas;PR;Mata Atlântica;Sul
4106100;Conselheiro Mairinck;PR;Mata Atlântica;Sul
4106209;Contenda;PR;Mata Atlântica;Sul
4106308;Corbélia;PR;Mata Atlântica;Sul
4106407;Cornélio Procópio;PR;Mata Atlântica;Sul
4106456;Coronel Domingos Soares;PR;Mata Atlântica;Sul
4106506;Coronel Vivida;PR;Mata Atlântica;Sul
4106555;Corumbataí do Sul;PR;Mata Atlântica;Sul
4106571;Cruzeiro do Iguaçu;PR;Mata Atlântica;Sul
4106605;Cruzeiro do Oeste;PR;Mata Atlântica;Sul
4106704;Cruzeiro do Sul;PR;Mata Atlântica;Sul
4106803;Cruz Machado;PR;Mata Atlântica;Sul
4106852;Cruzmaltina;PR;Mata Atlântica;Sul
4106902;Curitiba;PR;Mata Atlântica;Sul
4107009;Curiúva;PR;Mata Atlântica;Sul
4107108;Diamante do Norte;PR;Mata Atlântica;Sul
4107124;Diamante do Sul;PR;Mata Atlântica;Sul
4107157;Diamante D'Oeste;PR;Mata Atlântica;Sul
4107207;Dois Vizinhos;PR;Mata Atlântica;Sul
4107256;Douradina;PR;Mata Atlântica;Sul
4107306;Doutor Camargo;PR;Mata Atlântica;Sul
4107405;Enéas Marques;PR;Mata Atlântica;Sul
4107504;Engenheiro Beltrão;PR;Mata Atlântica;Sul
4107520;Esperança Nova;PR;Mata Atlântica;Sul
4107538;Entre Rios do Oeste;PR;Mata Atlântica;Sul
4107546;Espigão Alto do Iguaçu;PR;Mata Atlântica;Sul
4107553;Farol;PR;Mata Atlântica;Sul
4107603;Faxinal;PR;Mata Atlântica;Sul
4107652;Fazenda Rio Grande;PR;Mata Atlântica;Sul
4107702;Fênix;PR;Mata Atlântica;Sul
4107736;Fernandes Pinheiro;PR;Mata Atlântica;Sul
4107751;Figueira;PR;Mata Atlântica;Sul
4107801;Floraí;PR;Mata Atlântica;Sul
4107850;Flor da Serra do Sul;PR;Mata Atlântica;Sul
4107900;Floresta;PR;Mata Atlântica;Sul
4108007;Florestópolis;PR;Mata Atlântica;Sul
4108106;Flórida;PR;Mata Atlântica;Sul
4108205;Formosa do Oeste;PR;Mata Atlântica;Sul
4108304;Foz do Iguaçu;PR;Mata Atlântica;Sul
4108320;Francisco Alves;PR;Mata Atlântica;Sul
4108403;Francisco Beltrão;PR;Mata Atlântica;Sul
4108452;Foz do Jordão;PR;Mata Atlântica;Sul
4108502;General Carneiro;PR;Mata Atlântica;Sul
4108551;Godoy Moreira;PR;Mata Atlântica;Sul
4108601;Goioerê;PR;Mata Atlântica;Sul
4108650;Goioxim;PR;Mata Atlântica;Sul
4108700;Grandes Rios;PR;Mata Atlântica;Sul
4108809;Guaíra;PR;Mata Atlântica;Sul
4108908;Guairaçá;PR;Mata Atlântica;Sul
4108957;Guamiranga;PR;Mata Atlântica;Sul
4109005;Guapirama;PR;Mata Atlântica;Sul
4109104;Guaporema;PR;Mata Atlântica;Sul
4109203;Guaraci;PR;Mata Atlântica;Sul
4109302;Guaraniaçu;PR;Mata Atlântica;Sul
4109401;Guarapuava;PR;Mata Atlântica;Sul
4109500;Guaraqueçaba;PR;Mata Atlântica;Sul
4109609;Guaratuba;PR;Mata Atlântica;Sul
4109658;Honório Serpa;PR;Mata Atlântica;Sul
4109708;Ibaiti;PR;Mata Atlântica;Sul
4109757;Ibema;PR;Mata Atlântica;Sul
4109807;Ibiporã;PR;Mata Atlântica;Sul
4109906;Icaraíma;PR;Mata Atlântica;Sul
4110003;Iguaraçu;PR;Mata Atlântica;Sul
4110052;Iguatu;PR;Mata Atlântica;Sul
4110078;Imbaú;PR;Mata Atlântica;Sul
4110102;Imbituva;PR;Mata Atlântica;Sul
4110201;Inácio Martins;PR;Mata Atlântica;Sul
4110300;Inajá;PR;Mata Atlântica;Sul
4110409;Indianópolis;PR;Mata Atlântica;Sul
4110508;Ipiranga;PR;Mata Atlântica;Sul
4110607;Iporã;PR;Mata Atlântica;Sul
4110656;Iracema do Oeste;PR;Mata Atlântica;Sul
4110706;Irati;PR;Mata Atlântica;Sul
4110805;Iretama;PR;Mata Atlântica;Sul
4110904;Itaguajé;PR;Mata Atlântica;Sul
4110953;Itaipulândia;PR;Mata Atlântica;Sul
4111001;Itambaracá;PR;Mata Atlântica;Sul
4111100;Itambé;PR;Mata Atlântica;Sul
4111209;Itapejara d'Oeste;PR;Mata Atlântica;Sul
4111258;Itaperuçu;PR;Mata Atlântica;Sul
4111308;Itaúna do Sul;PR;Mata Atlântica;Sul
4111407;Ivaí;PR;Mata Atlântica;Sul
4111506;Ivaiporã;PR;Mata Atlântica;Sul
4111555;Ivaté;PR;Mata Atlântica;Sul
4111605;Ivatuba;PR;Mata Atlântica;Sul
4111704;Jaboti;PR;Mata Atlântica;Sul
4111803;Jacarezinho;PR;Mata Atlântica;Sul
4111902;Jaguapitã;PR;Mata Atlântica;Sul
4112009;Jaguariaíva;PR;Cerrado;Sul
4112108;Jandaia do Sul;PR;Mata Atlântica;Sul
4112207;Janiópolis;PR;Mata Atlântica;Sul
4112306;Japira;PR;Mata Atlântica;Sul
4112405;Japurá;PR;Mata Atlântica;Sul
4112504;Jardim Alegre;PR;Mata Atlântica;Sul
4112603;Jardim Olinda;PR;Mata Atlântica;Sul
4112702;Jataizinho;PR;Mata Atlântica;Sul
4112751;Jesuítas;PR;Mata Atlântica;Sul
4112801;Joaquim Távora;PR;Mata Atlântica;Sul
4112900;Jundiaí do Sul;PR;Mata Atlântica;Sul
4112959;Juranda;PR;Mata Atlântica;Sul
4113007;Jussara;PR;Mata Atlântica;Sul
4113106;Kaloré;PR;Mata Atlântica;Sul
4113205;Lapa;PR;Mata Atlântica;Sul
4113254;Laranjal;PR;Mata Atlântica;Sul
4113304;Laranjeiras do Sul;PR;Mata Atlântica;Sul
4113403;Leópolis;PR;Mata Atlântica;Sul
4113429;Lidianópolis;PR;Mata Atlântica;Sul
4113452;Lindoeste;PR;Mata Atlântica;Sul
4113502;Loanda;PR;Mata Atlântica;Sul
4113601;Lobato;PR;Mata Atlântica;Sul
4113700;Londrina;PR;Mata Atlântica;Sul
4113734;Luiziana;PR;Mata Atlântica;Sul
4113759;Lunardelli;PR;Mata Atlântica;Sul
4113809;Lupionópolis;PR;Mata Atlântica;Sul
4113908;Mallet;PR;Mata Atlântica;Sul
4114005;Mamborê;PR;Mata Atlântica;Sul
4114104;Mandaguaçu;PR;Mata Atlântica;Sul
4114203;Mandaguari;PR;Mata Atlântica;Sul
4114302;Mandirituba;PR;Mata Atlântica;Sul
4114351;Manfrinópolis;PR;Mata Atlântica;Sul
4114401;Mangueirinha;PR;Mata Atlântica;Sul
4114500;Manoel Ribas;PR;Mata Atlântica;Sul
4114609;Marechal Cândido Rondon;PR;Mata Atlântica;Sul
4114708;Maria Helena;PR;Mata Atlântica;Sul
4114807;Marialva;PR;Mata Atlântica;Sul
4114906;Marilândia do Sul;PR;Mata Atlântica;Sul
4115002;Marilena;PR;Mata Atlântica;Sul
4115101;Mariluz;PR;Mata Atlântica;Sul
4115200;Maringá;PR;Mata Atlântica;Sul
4115309;Mariópolis;PR;Mata Atlântica;Sul
4115358;Maripá;PR;Mata Atlântica;Sul
4115408;Marmeleiro;PR;Mata Atlântica;Sul
4115457;Marquinho;PR;Mata Atlântica;Sul
4115507;Marumbi;PR;Mata Atlântica;Sul
4115606;Matelândia;PR;Mata Atlântica;Sul
4115705;Matinhos;PR;Mata Atlântica;Sul
4115739;Mato Rico;PR;Mata Atlântica;Sul
4115754;Mauá da Serra;PR;Mata Atlântica;Sul
4115804;Medianeira;PR;Mata Atlântica;Sul
4115853;Mercedes;PR;Mata Atlântica;Sul
4115903;Mirador;PR;Mata Atlântica;Sul
4116000;Miraselva;PR;Mata Atlântica;Sul
4116059;Missal;PR;Mata Atlântica;Sul
4116109;Moreira Sales;PR;Mata Atlântica;Sul
4116208;Morretes;PR;Mata Atlântica;Sul
4116307;Munhoz de Melo;PR;Mata Atlântica;Sul
4116406;Nossa Senhora das Graças;PR;Mata Atlântica;Sul
4116505;Nova Aliança do Ivaí;PR;Mata Atlântica;Sul
4116604;Nova América da Colina;PR;Mata Atlântica;Sul
4116703;Nova Aurora;PR;Mata Atlântica;Sul
4116802;Nova Cantu;PR;Mata Atlântica;Sul
4116901;Nova Esperança;PR;Mata Atlântica;Sul
4116950;Nova Esperança do Sudoeste;PR;Mata Atlântica;Sul
4117008;Nova Fátima;PR;Mata Atlântica;Sul
4117057;Nova Laranjeiras;PR;Mata Atlântica;Sul
4117107;Nova Londrina;PR;Mata Atlântica;Sul
4117206;Nova Olímpia;PR;Mata Atlântica;Sul
4117214;Nova Santa Bárbara;PR;Mata Atlântica;Sul
4117222;Nova Santa Rosa;PR;Mata Atlântica;Sul
4117255;Nova Prata do Iguaçu;PR;Mata Atlântica;Sul
4117271;Nova Tebas;PR;Mata Atlântica;Sul
4117297;Novo Itacolomi;PR;Mata Atlântica;Sul
4117305;Ortigueira;PR;Mata Atlântica;Sul
4117404;Ourizona;PR;Mata Atlântica;Sul
4117453;Ouro Verde do Oeste;PR;Mata Atlântica;Sul
4117503;Paiçandu;PR;Mata Atlântica;Sul
4117602;Palmas;PR;Mata Atlântica;Sul
4117701;Palmeira;PR;Mata Atlântica;Sul
4117800;Palmital;PR;Mata Atlântica;Sul
4117909;Palotina;PR;Mata Atlântica;Sul
4118006;Paraíso do Norte;PR;Mata Atlântica;Sul
4118105;Paranacity;PR;Mata Atlântica;Sul
4118204;Paranaguá;PR;Mata Atlântica;Sul
4118303;Paranapoema;PR;Mata Atlântica;Sul
4118402;Paranavaí;PR;Mata Atlântica;Sul
4118451;Pato Bragado;PR;Mata Atlântica;Sul
4118501;Pato Branco;PR;Mata Atlântica;Sul
4118600;Paula Freitas;PR;Mata Atlântica;Sul
4118709;Paulo Frontin;PR;Mata Atlântica;Sul
4118808;Peabiru;PR;Mata Atlântica;Sul
4118857;Perobal;PR;Mata Atlântica;Sul
4118907;Pérola;PR;Mata Atlântica;Sul
4119004;Pérola d'Oeste;PR;Mata Atlântica;Sul
4119103;Piên;PR;Mata Atlântica;Sul
4119152;Pinhais;PR;Mata Atlântica;Sul
4119202;Pinhalão;PR;Mata Atlântica;Sul
4119251;Pinhal de São Bento;PR;Mata Atlântica;Sul
4119301;Pinhão;PR;Mata Atlântica;Sul
4119400;Piraí do Sul;PR;Mata Atlântica;Sul
4119509;Piraquara;PR;Mata Atlântica;Sul
4119608;Pitanga;PR;Mata Atlântica;Sul
4119657;Pitangueiras;PR;Mata Atlântica;Sul
4119707;Planaltina do Paraná;PR;Mata Atlântica;Sul
4119806;Planalto;PR;Mata Atlântica;Sul
4119905;Ponta Grossa;PR;Mata Atlântica;Sul
4119954;Pontal do Paraná;PR;Mata Atlântica;Sul
4120002;Porecatu;PR;Mata Atlântica;Sul
4120101;Porto Amazonas;PR;Mata Atlântica;Sul
4120150;Porto Barreiro;PR;Mata Atlântica;Sul
4120200;Porto Rico;PR;Mata Atlântica;Sul
4120309;Porto Vitória;PR;Mata Atlântica;Sul
4120333;Prado Ferreira;PR;Mata Atlântica;Sul
4120358;Pranchita;PR;Mata Atlântica;Sul
4120408;Presidente Castelo Branco;PR;Mata Atlântica;Sul
4120507;Primeiro de Maio;PR;Mata Atlântica;Sul
4120606;Prudentópolis;PR;Mata Atlântica;Sul
4120655;Quarto Centenário;PR;Mata Atlântica;Sul
4120705;Quatiguá;PR;Mata Atlântica;Sul
4120804;Quatro Barras;PR;Mata Atlântica;Sul
4120853;Quatro Pontes;PR;Mata Atlântica;Sul
4120903;Quedas do Iguaçu;PR;Mata Atlântica;Sul
4121000;Querência do Norte;PR;Mata Atlântica;Sul
4121109;Quinta do Sol;PR;Mata Atlântica;Sul
4121208;Quitandinha;PR;Mata Atlântica;Sul
4121257;Ramilândia;PR;Mata Atlântica;Sul
4121307;Rancho Alegre;PR;Mata Atlântica;Sul
4121356;Rancho Alegre D'Oeste;PR;Mata Atlântica;Sul
4121406;Realeza;PR;Mata Atlântica;Sul
4121505;Rebouças;PR;Mata Atlântica;Sul
4121604;Renascença;PR;Mata Atlântica;Sul
4121703;Reserva;PR;Mata Atlântica;Sul
4121752;Reserva do Iguaçu;PR;Mata Atlântica;Sul
4121802;Ribeirão Claro;PR;Mata Atlântica;Sul
4121901;Ribeirão do Pinhal;PR;Mata Atlântica;Sul
4122008;Rio Azul;PR;Mata Atlântica;Sul
4122107;Rio Bom;PR;Mata Atlântica;Sul
4122156;Rio Bonito do Iguaçu;PR;Mata Atlântica;Sul
4122172;Rio Branco do Ivaí;PR;Mata Atlântica;Sul
4122206;Rio Branco do Sul;PR;Mata Atlântica;Sul
4122305;Rio Negro;PR;Mata Atlântica;Sul
4122404;Rolândia;PR;Mata Atlântica;Sul
4122503;Roncador;PR;Mata Atlântica;Sul
4122602;Rondon;PR;Mata Atlântica;Sul
4122651;Rosário do Ivaí;PR;Mata Atlântica;Sul
4122701;Sabáudia;PR;Mata Atlântica;Sul
4122800;Salgado Filho;PR;Mata Atlântica;Sul
4122909;Salto do Itararé;PR;Mata Atlântica;Sul
4123006;Salto do Lontra;PR;Mata Atlântica;Sul
4123105;Santa Amélia;PR;Mata Atlântica;Sul
4123204;Santa Cecília do Pavão;PR;Mata Atlântica;Sul
4123303;Santa Cruz de Monte Castelo;PR;Mata Atlântica;Sul
4123402;Santa Fé;PR;Mata Atlântica;Sul
4123501;Santa Helena;PR;Mata Atlântica;Sul
4123600;Santa Inês;PR;Mata Atlântica;Sul
4123709;Santa Isabel do Ivaí;PR;Mata Atlântica;Sul
4123808;Santa Izabel do Oeste;PR;Mata Atlântica;Sul
4123824;Santa Lúcia;PR;Mata Atlântica;Sul
4123857;Santa Maria do Oeste;PR;Mata Atlântica;Sul
4123907;Santa Mariana;PR;Mata Atlântica;Sul
4123956;Santa Mônica;PR;Mata Atlântica;Sul
4124004;Santana do Itararé;PR;Mata Atlântica;Sul
4124020;Santa Tereza do Oeste;PR;Mata Atlântica;Sul
4124053;Santa Terezinha de Itaipu;PR;Mata Atlântica;Sul
4124103;Santo Antônio da Platina;PR;Mata Atlântica;Sul
4124202;Santo Antônio do Caiuá;PR;Mata Atlântica;Sul
4124301;Santo Antônio do Paraíso;PR;Mata Atlântica;Sul
4124400;Santo Antônio do Sudoeste;PR;Mata Atlântica;Sul
4124509;Santo Inácio;PR;Mata Atlântica;Sul
4124608;São Carlos do Ivaí;PR;Mata Atlântica;Sul
4124707;São Jerônimo da Serra;PR;Mata Atlântica;Sul
4124806;São João;PR;Mata Atlântica;Sul
4124905;São João do Caiuá;PR;Mata Atlântica;Sul
4125001;São João do Ivaí;PR;Mata Atlântica;Sul
4125100;São João do Triunfo;PR;Mata Atlântica;Sul
4125209;São Jorge d'Oeste;PR;Mata Atlântica;Sul
4125308;São Jorge do Ivaí;PR;Mata Atlântica;Sul
4125357;São Jorge do Patrocínio;PR;Mata Atlântica;Sul
4125407;São José da Boa Vista;PR;Mata Atlântica;Sul
4125456;São José das Palmeiras;PR;Mata Atlântica;Sul
4125506;São José dos Pinhais;PR;Mata Atlântica;Sul
4125555;São Manoel do Paraná;PR;Mata Atlântica;Sul
4125605;São Mateus do Sul;PR;Mata Atlântica;Sul
4125704;São Miguel do Iguaçu;PR;Mata Atlântica;Sul
4125753;São Pedro do Iguaçu;PR;Mata Atlântica;Sul
4125803;São Pedro do Ivaí;PR;Mata Atlântica;Sul
4125902;São Pedro do Paraná;PR;Mata Atlântica;Sul
4126009;São Sebastião da Amoreira;PR;Mata Atlântica;Sul
4126108;São Tomé;PR;Mata Atlântica;Sul
4126207;Sapopema;PR;Mata Atlântica;Sul
4126256;Sarandi;PR;Mata Atlântica;Sul
4126272;Saudade do Iguaçu;PR;Mata Atlântica;Sul
4126306;Sengés;PR;Mata Atlântica;Sul
4126355;Serranópolis do Iguaçu;PR;Mata Atlântica;Sul
4126405;Sertaneja;PR;Mata Atlântica;Sul
4126504;Sertanópolis;PR;Mata Atlântica;Sul
4126603;Siqueira Campos;PR;Mata Atlântica;Sul
4126652;Sulina;PR;Mata Atlântica;Sul
4126678;Tamarana;PR;Mata Atlântica;Sul
4126702;Tamboara;PR;Mata Atlântica;Sul
4126801;Tapejara;PR;Mata Atlântica;Sul
4126900;Tapira;PR;Mata Atlântica;Sul
4127007;Teixeira Soares;PR;Mata Atlântica;Sul
4127106;Telêmaco Borba;PR;Mata Atlântica;Sul
4127205;Terra Boa;PR;Mata Atlântica;Sul
4127304;Terra Rica;PR;Mata Atlântica;Sul
4127403;Terra Roxa;PR;Mata Atlântica;Sul
4127502;Tibagi;PR;Mata Atlântica;Sul
4127601;Tijucas do Sul;PR;Mata Atlântica;Sul
4127700;Toledo;PR;Mata Atlântica;Sul
4127809;Tomazina;PR;Mata Atlântica;Sul
4127858;Três Barras do Paraná;PR;Mata Atlântica;Sul
4127882;Tunas do Paraná;PR;Mata Atlântica;Sul
4127908;Tuneiras do Oeste;PR;Mata Atlântica;Sul
4127957;Tupãssi;PR;Mata Atlântica;Sul
4127965;Turvo;PR;Mata Atlântica;Sul
4128005;Ubiratã;PR;Mata Atlântica;Sul
4128104;Umuarama;PR;Mata Atlântica;Sul
4128203;União da Vitória;PR;Mata Atlântica;Sul
4128302;Uniflor;PR;Mata Atlântica;Sul
4128401;Uraí;PR;Mata Atlântica;Sul
4128500;Wenceslau Braz;PR;Mata Atlântica;Sul
4128534;Ventania;PR;Mata Atlântica;Sul
4128559;Vera Cruz do Oeste;PR;Mata Atlântica;Sul
4128609;Verê;PR;Mata Atlântica;Sul
4128625;Alto Paraíso;PR;Mata Atlântica;Sul
4128633;Doutor Ulysses;PR;Mata Atlântica;Sul
4128658;Virmond;PR;Mata Atlântica;Sul
4128708;Vitorino;PR;Mata Atlântica;Sul
4128807;Xambrê;PR;Mata Atlântica;Sul
1600055;Serra do Navio;AP;Amazônia;Norte
1600105;Amapá;AP;Amazônia;Norte
1600154;Pedra Branca do Amapari;AP;Amazônia;Norte
1600204;Calçoene;AP;Amazônia;Norte
1600212;Cutias;AP;Amazônia;Norte
1600238;Ferreira Gomes;AP;Amazônia;Norte
1600253;Itaubal;AP;Amazônia;Norte
1600279;Laranjal do Jari;AP;Amazônia;Norte
1600303;Macapá;AP;Amazônia;Norte
1600402;Mazagão;AP;Amazônia;Norte
1600501;Oiapoque;AP;Amazônia;Norte
1600535;Porto Grande;AP;Amazônia;Norte
1600550;Pracuúba;AP;Amazônia;Norte
1600600;Santana;AP;Amazônia;Norte
1600709;Tartarugalzinho;AP;Amazônia;Norte
1600808;Vitória do Jari;AP;Amazônia;Norte
