JvmtiExport can_access_local_variables 0
JvmtiExport can_hotswap_or_post_breakpoint 0
JvmtiExport can_post_on_exceptions 0
# 642 ciObject found
ciInstanceKlass java/lang/Cloneable 1 0 7 100 1 100 1 1 1
instanceKlass io/netty/handler/timeout/IdleStateEvent
instanceKlass io/netty/channel/socket/ChannelInputShutdownReadComplete
instanceKlass io/netty/channel/AbstractChannel$AbstractUnsafe$6
instanceKlass org/apache/logging/log4j/core/pattern/ThrowableStackTraceRenderer$Context
instanceKlass org/apache/logging/log4j/core/pattern/ThrowableStackTraceRenderer$Context$Metadata
instanceKlass jdk/internal/misc/ScopedMemoryAccess$Scope$Handle
instanceKlass io/netty/buffer/HeapByteBufUtil
instanceKlass io/netty/buffer/CompositeByteBuf$Component
instanceKlass io/netty/buffer/CompositeByteBuf$2
instanceKlass io/netty/buffer/CompositeByteBuf$1
instanceKlass io/netty/buffer/PoolThreadCache$MemoryRegionCache$Entry
instanceKlass io/netty/buffer/CompositeByteBuf$ByteWrapper
instanceKlass org/apache/spark/network/protocol/ResponseMessage
instanceKlass org/apache/spark/network/server/OneForOneStreamManager$StreamState
instanceKlass scala/collection/convert/AsJavaExtensions$IteratorHasAsJava
instanceKlass org/apache/spark/storage/BlockManagerManagedBuffer$
instanceKlass org/apache/spark/storage/ByteBufferBlockData
instanceKlass org/apache/spark/storage/BlockId$
instanceKlass org/apache/spark/network/shuffle/protocol/BlockTransferMessage$Decoder
instanceKlass org/apache/spark/network/server/TransportRequestHandler$1
instanceKlass org/apache/spark/network/protocol/MessageDecoder$1
instanceKlass io/netty/util/internal/shaded/org/jctools/queues/SupportsIterator
instanceKlass io/netty/util/internal/PromiseNotificationUtil
instanceKlass io/netty/util/internal/AdaptiveCalculator
instanceKlass io/netty/buffer/PoolThreadCache$FreeOnFinalize
instanceKlass io/netty/handler/codec/CodecOutputList$CodecOutputLists
instanceKlass io/netty/handler/codec/CodecOutputList$1
instanceKlass io/netty/handler/codec/CodecOutputList$CodecOutputListRecycler
instanceKlass io/netty/buffer/ByteBufHolder
instanceKlass io/netty/channel/AbstractChannelHandlerContext$WriteTask
instanceKlass org/apache/spark/network/shuffle/OneForOneBlockFetcher$1
instanceKlass io/netty/util/internal/MathUtil
instanceKlass io/netty/buffer/UnsafeByteBufUtil
instanceKlass org/apache/spark/network/protocol/Encoders$StringArrays
instanceKlass org/apache/spark/network/protocol/Encoders$Strings
instanceKlass org/apache/spark/network/shuffle/OneForOneBlockFetcher$ChunkCallback
instanceKlass org/apache/spark/network/shuffle/protocol/BlockTransferMessage
instanceKlass org/apache/spark/util/collection/OpenHashSet$$anon$1
instanceKlass org/apache/spark/network/client/ChunkReceivedCallback
instanceKlass org/apache/spark/network/shuffle/OneForOneBlockFetcher
instanceKlass io/netty/handler/timeout/IdleStateHandler$AbstractIdleTask
instanceKlass io/netty/channel/nio/AbstractNioChannel$AbstractNioUnsafe$2
instanceKlass io/netty/channel/nio/AbstractNioChannel$AbstractNioUnsafe$1
instanceKlass io/netty/util/ReferenceCountUtil
instanceKlass io/netty/util/internal/SocketUtils$5
instanceKlass io/netty/channel/DefaultMaxMessagesRecvByteBufAllocator$MaxMessageHandle$1
instanceKlass io/netty/util/UncheckedBooleanSupplier
instanceKlass io/netty/util/BooleanSupplier
instanceKlass io/netty/channel/DefaultMaxMessagesRecvByteBufAllocator$MaxMessageHandle
instanceKlass io/netty/channel/RecvByteBufAllocator$ExtendedHandle
instanceKlass io/netty/util/internal/SocketUtils$3
instanceKlass io/netty/bootstrap/Bootstrap$1
instanceKlass io/netty/util/concurrent/GenericProgressiveFutureListener
instanceKlass io/netty/resolver/AbstractAddressResolver
instanceKlass io/netty/resolver/AddressResolver
instanceKlass io/netty/resolver/SimpleNameResolver
instanceKlass io/netty/resolver/NameResolver
instanceKlass io/netty/resolver/AddressResolverGroup
instanceKlass io/netty/bootstrap/Bootstrap$ExternalAddressResolver
instanceKlass org/apache/spark/network/client/MergedBlockMetaResponseCallback
instanceKlass org/apache/spark/network/protocol/AbstractMessage
instanceKlass org/apache/spark/network/protocol/RequestMessage
instanceKlass org/apache/spark/network/client/TransportClient$StdChannelListener
instanceKlass org/apache/spark/network/util/TransportFrameDecoder$Interceptor
instanceKlass org/apache/spark/network/server/MessageHandler
instanceKlass sun/nio/ch/SocketChannelImpl$DefaultOptionsHolder
instanceKlass io/netty/channel/nio/AbstractNioByteChannel$1
instanceKlass java/util/concurrent/atomic/Striped64$Cell
instanceKlass io/netty/channel/socket/SocketChannelConfig
instanceKlass io/netty/channel/socket/DuplexChannelConfig
instanceKlass org/apache/parquet/format/BlockCipher$Decryptor
instanceKlass io/netty/buffer/PoolThreadCache$MemoryRegionCache
instanceKlass org/apache/spark/network/client/TransportClient
instanceKlass org/apache/spark/network/client/TransportClientFactory$ClientPool
instanceKlass org/apache/spark/network/shuffle/RetryingBlockTransferor$RetryingBlockTransferListener
instanceKlass org/apache/spark/network/shuffle/BlockPushingListener
instanceKlass org/apache/spark/network/shuffle/ErrorHandler
instanceKlass org/apache/arrow/memory/AllocationOutcomeDetails
instanceKlass shaded/parquet/org/apache/thrift/TUnion$1
instanceKlass org/apache/spark/network/shuffle/RetryingBlockTransferor
instanceKlass org/apache/spark/network/netty/NettyBlockTransferService$$anon$2
instanceKlass org/apache/spark/network/BlockTransferService$$anon$1
instanceKlass org/apache/spark/storage/BlockManagerMessages$BlockLocationsAndStatus
instanceKlass org/apache/arrow/memory/BufferManager
instanceKlass org/apache/spark/scheduler/IndirectTaskResult
instanceKlass org/apache/arrow/util/AutoCloseables$3
instanceKlass org/apache/arrow/util/AutoCloseables
instanceKlass org/apache/arrow/vector/ipc/message/ArrowBlock
instanceKlass com/google/flatbuffers/Struct
instanceKlass org/apache/arrow/vector/ipc/message/ArrowBuffer
instanceKlass org/apache/arrow/vector/compression/CompressionUtil
instanceKlass org/apache/arrow/vector/ipc/message/ArrowRecordBatch
instanceKlass org/apache/arrow/vector/TypeLayout$2
instanceKlass org/apache/arrow/vector/TypeLayout
instanceKlass org/apache/arrow/vector/ipc/message/ArrowFieldNode
instanceKlass io/netty/buffer/PoolArena$1
instanceKlass io/netty/buffer/PoolThreadCache$1
instanceKlass org/apache/arrow/vector/BitVectorHelper
instanceKlass org/apache/spark/sql/execution/datasources/parquet/ParquetVectorUpdaterFactory$DoubleUpdater
instanceKlass org/apache/spark/sql/execution/datasources/parquet/WKBConverterStrategy
instanceKlass org/apache/spark/sql/execution/datasources/parquet/ParquetVectorUpdaterFactory$LongUpdater
instanceKlass org/apache/spark/sql/execution/arrow/ArrowWriter
instanceKlass org/apache/arrow/memory/util/MemoryUtil$2
instanceKlass org/apache/arrow/memory/util/MemoryUtil$1
instanceKlass org/apache/arrow/memory/util/MemoryUtil
instanceKlass org/apache/arrow/vector/BaseValueVector$DataAndValidityBuffers
instanceKlass jdk/jfr/internal/SecuritySupport$6
instanceKlass jdk/jfr/internal/EventInstrumentation$FieldInfo
instanceKlass jdk/jfr/internal/ASMToolkit
instanceKlass jdk/internal/org/objectweb/asm/commons/Method
instanceKlass jdk/jfr/internal/EventWriter
instanceKlass jdk/jfr/internal/StringPool
instanceKlass jdk/jfr/internal/EventHandlerCreator
instanceKlass jdk/jfr/SettingDefinition
instanceKlass jdk/jfr/internal/handlers/EventHandler
instanceKlass jdk/jfr/internal/MirrorEvent
instanceKlass jdk/jfr/internal/RequestEngine
instanceKlass jdk/jfr/internal/RequestEngine$RequestHook
instanceKlass jdk/jfr/internal/EventControl$NamedControl
instanceKlass jdk/jfr/internal/settings/BooleanValue
instanceKlass jdk/jfr/internal/Control
instanceKlass jdk/jfr/SettingDescriptor
instanceKlass jdk/jfr/BooleanFlag
instanceKlass jdk/jfr/internal/EventControl
instanceKlass jdk/jfr/internal/AnnotationConstruct$AnnotationInvokationHandler
instanceKlass jdk/jfr/internal/SettingsManager
instanceKlass jdk/jfr/internal/Logger
instanceKlass jdk/jfr/EventType
instanceKlass jdk/jfr/Frequency
instanceKlass jdk/jfr/Percentage
instanceKlass jdk/jfr/DataAmount
instanceKlass jdk/jfr/MemoryAddress
instanceKlass jdk/jfr/internal/Cutoff
instanceKlass jdk/jfr/internal/Throttle
instanceKlass jdk/jfr/internal/MetadataLoader$FieldElement
instanceKlass jdk/jfr/internal/MetadataLoader$TypeElement
instanceKlass jdk/jfr/Category
instanceKlass jdk/jfr/Unsigned
instanceKlass jdk/jfr/Experimental
instanceKlass jdk/jfr/TransitionFrom
instanceKlass jdk/jfr/TransitionTo
instanceKlass jdk/jfr/Relational
instanceKlass jdk/jfr/internal/SecuritySupport$1
instanceKlass jdk/jfr/internal/MetadataLoader
instanceKlass jdk/jfr/Timestamp
instanceKlass jdk/jfr/internal/SecuritySupport$2
instanceKlass jdk/jfr/Description
instanceKlass jdk/jfr/ContentType
instanceKlass jdk/jfr/Timespan
instanceKlass jdk/jfr/ValueDescriptor
instanceKlass jdk/jfr/internal/PrivateAccess
instanceKlass jdk/jfr/Name
instanceKlass jdk/jfr/internal/AnnotationConstruct
instanceKlass jdk/jfr/SettingControl
instanceKlass jdk/jfr/internal/Type
instanceKlass jdk/jfr/MetadataDefinition
instanceKlass jdk/jfr/Enabled
instanceKlass jdk/jfr/Period
instanceKlass jdk/jfr/StackTrace
instanceKlass jdk/jfr/Threshold
instanceKlass jdk/jfr/Registered
instanceKlass jdk/jfr/Label
instanceKlass jdk/jfr/AnnotationElement
instanceKlass jdk/jfr/internal/TypeLibrary
instanceKlass jdk/jfr/internal/MetadataRepository
instanceKlass jdk/jfr/internal/Utils
instanceKlass io/netty/buffer/IntPriorityQueue
instanceKlass io/netty/buffer/PoolChunk
instanceKlass io/netty/buffer/PoolChunkMetric
instanceKlass io/netty/util/internal/DirectCleaner$CleanableDirectBufferImpl
instanceKlass io/netty/util/internal/RefCnt$UnsafeRefCnt
instanceKlass io/netty/util/internal/RefCnt
instanceKlass io/netty/util/Recycler$EnhancedHandle
instanceKlass io/netty/util/Recycler$Handle
instanceKlass io/netty/util/internal/ObjectPool$Handle
instanceKlass io/netty/util/Recycler$LocalPool
instanceKlass io/netty/util/Recycler
instanceKlass org/apache/arrow/memory/BoundsChecking
instanceKlass org/apache/arrow/memory/util/HistoricalLog
instanceKlass org/apache/arrow/memory/BufferLedger
instanceKlass org/apache/arrow/memory/LowCostIdentityHashMap
instanceKlass org/apache/arrow/memory/AllocationOutcome
instanceKlass org/apache/arrow/memory/util/CommonUtil
instanceKlass org/apache/arrow/vector/util/DataSizeRoundingUtil
instanceKlass org/apache/spark/sql/execution/arrow/ArrowFieldWriter
instanceKlass org/apache/spark/sql/execution/arrow/ArrowWriter$
instanceKlass org/apache/arrow/vector/VectorUnloader
instanceKlass org/apache/arrow/vector/ipc/message/ArrowBodyCompression
instanceKlass org/apache/arrow/vector/compression/NoCompressionCodec
instanceKlass org/apache/arrow/vector/compression/CompressionCodec
instanceKlass org/apache/spark/sql/execution/arrow/ArrowCompressionUtils$
instanceKlass org/apache/arrow/vector/FloatingPointVector
instanceKlass org/apache/arrow/vector/types/Types$2
instanceKlass org/apache/arrow/memory/ReusableBuffer
instanceKlass org/apache/arrow/vector/VariableWidthFieldVector
instanceKlass org/apache/arrow/vector/VariableWidthVector
instanceKlass org/apache/arrow/vector/DensityAwareVector
instanceKlass org/apache/arrow/memory/util/LargeMemoryUtil
instanceKlass org/apache/arrow/vector/util/TransferPair
instanceKlass org/apache/arrow/vector/complex/reader/FieldReader
instanceKlass org/apache/arrow/vector/complex/reader/BaseReader$RepeatedMapReader
instanceKlass org/apache/arrow/vector/complex/reader/BaseReader$RepeatedListReader
instanceKlass org/apache/arrow/vector/complex/reader/BaseReader$RepeatedStructReader
instanceKlass org/apache/arrow/vector/complex/reader/BaseReader$ScalarReader
instanceKlass org/apache/arrow/vector/complex/reader/ExtensionReader
instanceKlass org/apache/arrow/vector/complex/reader/BitReader
instanceKlass org/apache/arrow/vector/complex/reader/LargeVarBinaryReader
instanceKlass org/apache/arrow/vector/complex/reader/LargeVarCharReader
instanceKlass org/apache/arrow/vector/complex/reader/ViewVarCharReader
instanceKlass org/apache/arrow/vector/complex/reader/ViewVarBinaryReader
instanceKlass org/apache/arrow/vector/complex/reader/VarCharReader
instanceKlass org/apache/arrow/vector/complex/reader/VarBinaryReader
instanceKlass org/apache/arrow/vector/complex/reader/FixedSizeBinaryReader
instanceKlass org/apache/arrow/vector/complex/reader/DecimalReader
instanceKlass org/apache/arrow/vector/complex/reader/Decimal256Reader
instanceKlass org/apache/arrow/vector/complex/reader/IntervalMonthDayNanoReader
instanceKlass org/apache/arrow/vector/complex/reader/IntervalDayReader
instanceKlass org/apache/arrow/vector/complex/reader/TimeNanoReader
instanceKlass org/apache/arrow/vector/complex/reader/TimeMicroReader
instanceKlass org/apache/arrow/vector/complex/reader/TimeStampNanoTZReader
instanceKlass org/apache/arrow/vector/complex/reader/TimeStampMicroTZReader
instanceKlass org/apache/arrow/vector/complex/reader/TimeStampMilliTZReader
instanceKlass org/apache/arrow/vector/complex/reader/TimeStampSecTZReader
instanceKlass org/apache/arrow/vector/complex/reader/TimeStampNanoReader
instanceKlass org/apache/arrow/vector/complex/reader/TimeStampMicroReader
instanceKlass org/apache/arrow/vector/complex/reader/TimeStampMilliReader
instanceKlass org/apache/arrow/vector/complex/reader/TimeStampSecReader
instanceKlass org/apache/arrow/vector/complex/reader/DurationReader
instanceKlass org/apache/arrow/vector/complex/reader/DateMilliReader
instanceKlass org/apache/arrow/vector/complex/reader/Float8Reader
instanceKlass org/apache/arrow/vector/complex/reader/UInt8Reader
instanceKlass org/apache/arrow/vector/complex/reader/BigIntReader
instanceKlass org/apache/arrow/vector/complex/reader/TimeMilliReader
instanceKlass org/apache/arrow/vector/complex/reader/TimeSecReader
instanceKlass org/apache/arrow/vector/complex/reader/IntervalYearReader
instanceKlass org/apache/arrow/vector/complex/reader/DateDayReader
instanceKlass org/apache/arrow/vector/complex/reader/Float4Reader
instanceKlass org/apache/arrow/vector/complex/reader/UInt4Reader
instanceKlass org/apache/arrow/vector/complex/reader/IntReader
instanceKlass org/apache/arrow/vector/complex/reader/Float2Reader
instanceKlass org/apache/arrow/vector/complex/reader/SmallIntReader
instanceKlass org/apache/arrow/vector/complex/reader/UInt2Reader
instanceKlass org/apache/arrow/vector/complex/reader/UInt1Reader
instanceKlass org/apache/arrow/vector/complex/reader/TinyIntReader
instanceKlass org/apache/arrow/vector/complex/reader/BaseReader$MapReader
instanceKlass org/apache/arrow/vector/complex/reader/BaseReader$ListReader
instanceKlass org/apache/arrow/vector/complex/reader/BaseReader$StructReader
instanceKlass org/apache/arrow/vector/complex/reader/BaseReader
instanceKlass org/apache/arrow/vector/BaseValueVector
instanceKlass org/apache/arrow/vector/VectorDefinitionSetter
instanceKlass org/apache/arrow/vector/FixedWidthVector
instanceKlass org/apache/arrow/vector/ElementAddressableVector
instanceKlass org/apache/arrow/vector/ValueIterableVector
instanceKlass org/apache/arrow/vector/BaseIntVector
instanceKlass org/apache/arrow/vector/complex/writer/FieldWriter
instanceKlass org/apache/arrow/vector/complex/writer/BaseWriter$ExtensionWriter
instanceKlass org/apache/arrow/vector/complex/writer/BaseWriter$ScalarWriter
instanceKlass org/apache/arrow/vector/complex/writer/BitWriter
instanceKlass org/apache/arrow/vector/complex/writer/LargeVarBinaryWriter
instanceKlass org/apache/arrow/vector/complex/writer/LargeVarCharWriter
instanceKlass org/apache/arrow/vector/complex/writer/ViewVarCharWriter
instanceKlass org/apache/arrow/vector/complex/writer/ViewVarBinaryWriter
instanceKlass org/apache/arrow/vector/complex/writer/VarCharWriter
instanceKlass org/apache/arrow/vector/complex/writer/VarBinaryWriter
instanceKlass org/apache/arrow/vector/complex/writer/FixedSizeBinaryWriter
instanceKlass org/apache/arrow/vector/complex/writer/DecimalWriter
instanceKlass org/apache/arrow/vector/complex/writer/Decimal256Writer
instanceKlass org/apache/arrow/vector/complex/writer/IntervalMonthDayNanoWriter
instanceKlass org/apache/arrow/vector/complex/writer/IntervalDayWriter
instanceKlass org/apache/arrow/vector/complex/writer/TimeNanoWriter
instanceKlass org/apache/arrow/vector/complex/writer/TimeMicroWriter
instanceKlass org/apache/arrow/vector/complex/writer/TimeStampNanoTZWriter
instanceKlass org/apache/arrow/vector/complex/writer/TimeStampMicroTZWriter
instanceKlass org/apache/arrow/vector/complex/writer/TimeStampMilliTZWriter
instanceKlass org/apache/arrow/vector/complex/writer/TimeStampSecTZWriter
instanceKlass org/apache/arrow/vector/complex/writer/TimeStampNanoWriter
instanceKlass org/apache/arrow/vector/complex/writer/TimeStampMicroWriter
instanceKlass org/apache/arrow/vector/complex/writer/TimeStampMilliWriter
instanceKlass org/apache/arrow/vector/complex/writer/TimeStampSecWriter
instanceKlass org/apache/arrow/vector/complex/writer/DurationWriter
instanceKlass org/apache/arrow/vector/complex/writer/DateMilliWriter
instanceKlass org/apache/arrow/vector/complex/writer/Float8Writer
instanceKlass org/apache/arrow/vector/complex/writer/UInt8Writer
instanceKlass org/apache/arrow/vector/complex/writer/BigIntWriter
instanceKlass org/apache/arrow/vector/complex/writer/TimeMilliWriter
instanceKlass org/apache/arrow/vector/complex/writer/TimeSecWriter
instanceKlass org/apache/arrow/vector/complex/writer/IntervalYearWriter
instanceKlass org/apache/arrow/vector/complex/writer/DateDayWriter
instanceKlass org/apache/arrow/vector/complex/writer/Float4Writer
instanceKlass org/apache/arrow/vector/complex/writer/UInt4Writer
instanceKlass org/apache/arrow/vector/complex/writer/IntWriter
instanceKlass org/apache/arrow/vector/complex/writer/Float2Writer
instanceKlass org/apache/arrow/vector/complex/writer/SmallIntWriter
instanceKlass org/apache/arrow/vector/complex/writer/UInt2Writer
instanceKlass org/apache/arrow/vector/complex/writer/UInt1Writer
instanceKlass org/apache/arrow/vector/complex/writer/TinyIntWriter
instanceKlass org/apache/arrow/vector/complex/writer/BaseWriter$MapWriter
instanceKlass org/apache/arrow/vector/complex/writer/BaseWriter$ListWriter
instanceKlass org/apache/arrow/vector/complex/writer/BaseWriter$StructWriter
instanceKlass org/apache/arrow/vector/complex/writer/BaseWriter
instanceKlass org/apache/arrow/vector/complex/Positionable
instanceKlass org/apache/arrow/vector/types/Types$1
instanceKlass org/apache/arrow/vector/types/Types
instanceKlass org/apache/arrow/vector/compare/VectorValueEqualizer
instanceKlass org/apache/arrow/vector/VectorSchemaRoot
instanceKlass org/apache/arrow/memory/util/AssertionUtil
instanceKlass org/apache/spark/sql/execution/arrow/ArrowConverters
instanceKlass org/apache/spark/sql/execution/arrow/ArrowConverters$
instanceKlass com/fasterxml/jackson/databind/deser/SettableAnyProperty
instanceKlass com/fasterxml/jackson/databind/deser/impl/ObjectIdReader
instanceKlass org/apache/arrow/vector/ipc/message/FBSerializables
instanceKlass com/google/flatbuffers/Utf8
instanceKlass com/google/flatbuffers/FlatBufferBuilder$ByteBufferFactory
instanceKlass org/apache/arrow/vector/ipc/message/IpcOption
instanceKlass org/apache/arrow/vector/ipc/message/ArrowMessage
instanceKlass org/apache/arrow/vector/ipc/message/FBSerializable
instanceKlass org/apache/arrow/vector/ipc/message/MessageSerializer
instanceKlass org/apache/arrow/vector/ipc/WriteChannel
instanceKlass org/apache/arrow/util/Collections2
instanceKlass org/apache/arrow/vector/types/pojo/ArrowType$ArrowTypeVisitor
instanceKlass com/fasterxml/jackson/databind/jsontype/impl/TypeIdResolverBase
instanceKlass com/fasterxml/jackson/databind/jsontype/impl/StdTypeResolverBuilder$1
instanceKlass com/fasterxml/jackson/annotation/JsonTypeName
instanceKlass com/fasterxml/jackson/databind/jsontype/NamedType
instanceKlass com/fasterxml/jackson/databind/annotation/JsonTypeIdResolver
instanceKlass com/fasterxml/jackson/databind/jsontype/TypeIdResolver
instanceKlass com/fasterxml/jackson/databind/jsontype/TypeSerializer
instanceKlass com/fasterxml/jackson/databind/jsontype/impl/StdTypeResolverBuilder
instanceKlass com/fasterxml/jackson/annotation/JsonTypeInfo$Value
instanceKlass com/fasterxml/jackson/databind/introspect/AnnotationCollector$TwoAnnotations
instanceKlass com/fasterxml/jackson/annotation/JsonSubTypes$Type
instanceKlass com/fasterxml/jackson/annotation/JsonSubTypes
instanceKlass org/apache/arrow/vector/FieldVector
instanceKlass org/apache/arrow/vector/ValueVector
instanceKlass org/apache/arrow/vector/types/pojo/DictionaryEncoding
instanceKlass org/apache/arrow/vector/types/pojo/FieldType
instanceKlass com/fasterxml/jackson/databind/deser/BasicDeserializerFactory$ContainerDefaultMappings
instanceKlass com/google/flatbuffers/Table
instanceKlass com/google/flatbuffers/FlatBufferBuilder
instanceKlass org/apache/arrow/vector/types/pojo/Field
instanceKlass com/fasterxml/jackson/databind/ObjectWriter$Prefetch
instanceKlass com/fasterxml/jackson/databind/ObjectWriter$GeneratorSettings
instanceKlass com/fasterxml/jackson/core/util/MinimalPrettyPrinter
instanceKlass org/apache/arrow/vector/types/pojo/Schema
instanceKlass org/apache/arrow/util/Preconditions
instanceKlass org/apache/arrow/memory/rounding/DefaultRoundingPolicy
instanceKlass org/apache/arrow/memory/AllocationListener$1
instanceKlass org/apache/arrow/memory/AllocationListener
instanceKlass org/apache/arrow/memory/OwnershipTransferResult
instanceKlass org/apache/arrow/memory/ReferenceManager$1
instanceKlass org/apache/arrow/memory/ArrowBuf
instanceKlass io/netty/buffer/UnpooledByteBufAllocator$UnpooledByteBufAllocatorMetric
instanceKlass io/netty/buffer/Unpooled
instanceKlass io/netty/util/ResourceLeakDetectorFactory
instanceKlass io/netty/buffer/PooledByteBufAllocatorL
instanceKlass org/apache/arrow/memory/netty/NettyAllocationManager$1
instanceKlass org/apache/arrow/memory/ValueWithKeyIncluded
instanceKlass org/apache/arrow/memory/netty/DefaultAllocationManagerFactory
instanceKlass org/apache/arrow/memory/AllocationManager$Factory
instanceKlass org/apache/arrow/memory/CheckAllocator
instanceKlass org/apache/arrow/memory/DefaultAllocationManagerOption$1
instanceKlass org/apache/arrow/memory/DefaultAllocationManagerOption
instanceKlass org/apache/arrow/memory/ImmutableConfig$InitShim
instanceKlass org/apache/arrow/memory/ImmutableConfig$Builder
instanceKlass org/apache/arrow/memory/AllocationReservation
instanceKlass org/apache/arrow/memory/ReferenceManager
instanceKlass org/apache/arrow/memory/AllocationManager
instanceKlass org/apache/arrow/memory/BaseAllocator$Config
instanceKlass org/apache/arrow/memory/rounding/RoundingPolicy
instanceKlass org/apache/arrow/memory/Accountant
instanceKlass org/apache/arrow/memory/BufferAllocator
instanceKlass org/apache/spark/sql/util/ArrowUtils$
instanceKlass org/apache/spark/security/SocketAuthServer
instanceKlass org/apache/spark/security/SocketAuthHelper
instanceKlass org/apache/spark/security/SocketAuthServer$
instanceKlass org/apache/spark/api/python/Converter
instanceKlass org/apache/spark/api/python/PythonRDD$
instanceKlass org/apache/xbean/asm9/AnnotationVisitor
instanceKlass org/apache/parquet/internal/hadoop/metadata/IndexReference
instanceKlass org/apache/parquet/column/statistics/geospatial/GeospatialStatistics
instanceKlass org/apache/parquet/column/EncodingStats
instanceKlass org/apache/parquet/column/statistics/SizeStatistics
instanceKlass org/apache/spark/sql/execution/ProjectEvaluatorFactory
instanceKlass org/sparkproject/guava/collect/PeekingIterator
instanceKlass org/sparkproject/guava/collect/Iterators
instanceKlass org/sparkproject/guava/collect/ImmutableSet$SetBuilderImpl
instanceKlass com/fasterxml/jackson/core/json/DupDetector
instanceKlass org/apache/spark/sql/catalyst/expressions/SelectedField$
instanceKlass scala/collection/View$
instanceKlass org/apache/spark/sql/catalyst/analysis/ExpandStarParameters
instanceKlass java/text/DontCareFieldPosition$1
instanceKlass java/text/Format$FieldDelegate
instanceKlass java/text/DecimalFormat$DigitArrays
instanceKlass java/text/DecimalFormat$FastPathData
instanceKlass scala/util/matching/Regex$Replacement
instanceKlass org/apache/spark/sql/execution/metric/CustomMetrics$
instanceKlass org/apache/spark/sql/catalyst/expressions/MutableValue
instanceKlass org/apache/spark/sql/catalyst/expressions/GenericRow
instanceKlass io/netty/handler/stream/ChunkedStream
instanceKlass io/netty/handler/stream/ChunkedInput
instanceKlass io/netty/util/AbstractReferenceCounted
instanceKlass io/netty/channel/FileRegion
instanceKlass java/util/concurrent/LinkedBlockingDeque$AbstractItr
instanceKlass org/apache/spark/sql/execution/UnsafeRowSerializerInstance$$anon$2$$anon$3
instanceKlass net/jpountz/lz4/LZ4BlockInputStream$Builder
instanceKlass org/apache/spark/storage/ShuffleBlockFetcherIterator$SuccessFetchResult
instanceKlass java/nio/channels/Channels
instanceKlass org/apache/spark/storage/ShuffleBlockFetcherIterator$FetchRequest
instanceKlass org/apache/spark/storage/ShuffleBlockFetcherIterator$FetchBlockInfo
instanceKlass org/apache/spark/network/shuffle/MergedBlocksMetaListener
instanceKlass org/apache/spark/storage/ShuffleBlockFetcherIterator$FetchResult
instanceKlass org/apache/spark/storage/PushBasedFetchHelper
instanceKlass org/apache/spark/storage/ShuffleFetchCompletionListener
instanceKlass org/apache/spark/storage/ShuffleBlockFetcherIterator$
instanceKlass org/apache/spark/storage/ShuffleBlockFetcherIterator
instanceKlass org/apache/spark/shuffle/BlockStoreShuffleReader
instanceKlass org/apache/spark/shuffle/BlockStoreShuffleReader$
instanceKlass org/apache/spark/MapSizesByExecutorId
instanceKlass org/apache/spark/scheduler/HDFSCacheTaskLocation
instanceKlass org/apache/spark/scheduler/ExecutorCacheTaskLocation
instanceKlass org/apache/spark/scheduler/HostTaskLocation
instanceKlass org/apache/spark/scheduler/TaskLocation$
instanceKlass org/apache/spark/sql/execution/ShuffledRowRDDPartition
instanceKlass org/apache/spark/sql/types/MaxLength
instanceKlass org/apache/spark/sql/types/FixedLength
instanceKlass org/apache/spark/sql/execution/adaptive/ResultQueryStageExec$
instanceKlass java/math/BigDecimal$StringBuilderHelper
instanceKlass org/apache/spark/sql/execution/PartialReducerPartitionSpec
instanceKlass org/apache/spark/sql/execution/CoalescedMapperPartitionSpec
instanceKlass org/apache/spark/sql/catalyst/plans/physical/CoalescedBoundary
instanceKlass org/apache/spark/sql/execution/PartialMapperPartitionSpec
instanceKlass org/apache/spark/sql/execution/CoalescedPartitionSpec$
instanceKlass org/apache/spark/sql/execution/CoalescedPartitionSpec
instanceKlass org/apache/spark/sql/execution/adaptive/ShufflePartitionsUtil$
instanceKlass org/apache/spark/sql/execution/adaptive/ShuffleStageInfo
instanceKlass org/apache/spark/sql/execution/adaptive/ShuffleStageInfo$
instanceKlass org/apache/spark/sql/execution/adaptive/SimpleCost
instanceKlass org/apache/spark/sql/catalyst/plans/logical/statsEstimation/SizeInBytesOnlyStatsPlanVisitor$
instanceKlass org/apache/spark/sql/catalyst/plans/logical/LogicalPlanVisitor
instanceKlass org/apache/spark/sql/catalyst/plans/logical/Statistics$
instanceKlass org/apache/spark/sql/execution/adaptive/AQETestHelper$
instanceKlass org/apache/spark/sql/execution/adaptive/StageSuccess
instanceKlass org/apache/spark/sql/execution/adaptive/StageMaterializationEvent
instanceKlass org/apache/spark/util/MetricUtils$
instanceKlass org/apache/spark/scheduler/CompressedMapStatus
instanceKlass org/apache/spark/shuffle/checksum/RowBasedChecksum$
instanceKlass org/apache/spark/scheduler/MapStatus$
instanceKlass org/apache/spark/shuffle/api/metadata/MapOutputCommitMessage
instanceKlass scala/runtime/java8/JFunction2$mcJJJ$sp
instanceKlass org/sparkproject/guava/io/Closeables
instanceKlass sun/nio/ch/Util$4
instanceKlass jdk/internal/misc/ExtendedMapMode
instanceKlass java/nio/channels/FileChannel$MapMode
instanceKlass org/apache/spark/shuffle/sort/io/LocalDiskShuffleMapOutputWriter$PartitionWriterChannel
instanceKlass org/apache/spark/shuffle/api/WritableByteChannelWrapper
instanceKlass org/apache/spark/shuffle/sort/io/LocalDiskShuffleMapOutputWriter$LocalDiskShufflePartitionWriter
instanceKlass org/apache/spark/sql/catalyst/expressions/XXH64
instanceKlass org/apache/spark/storage/DiskBlockObjectWriter$ManualCloseOutputStream
instanceKlass org/apache/spark/storage/FileSegment
instanceKlass org/apache/spark/util/collection/PairsWriter
instanceKlass org/apache/spark/unsafe/map/BytesToBytesMap$MapIterator
instanceKlass org/apache/spark/unsafe/UnsafeAlignedOffset
instanceKlass org/apache/spark/sql/execution/datasources/parquet/ParquetDictionary
instanceKlass org/apache/spark/sql/execution/datasources/parquet/VectorizedColumnReader$2
instanceKlass org/apache/spark/sql/execution/datasources/parquet/VectorizedRleValuesReader$1
instanceKlass org/apache/spark/sql/execution/datasources/parquet/ParquetVectorUpdaterFactory$IntegerUpdater
instanceKlass org/apache/parquet/CorruptDeltaByteArrays
instanceKlass org/apache/parquet/column/values/bitpacking/ByteBitPackingForLongLE$1
instanceKlass org/apache/parquet/column/values/bitpacking/ByteBitPackingForLongLE
instanceKlass org/apache/parquet/column/values/bitpacking/ByteBitPackingForLongBE$1
instanceKlass org/apache/parquet/column/values/bitpacking/BytePackerForLong
instanceKlass org/apache/parquet/column/values/bitpacking/BytePackerForLongFactory
instanceKlass org/apache/parquet/column/values/bitpacking/ByteBitPackingForLongBE
instanceKlass org/apache/parquet/column/values/bitpacking/ByteBitPackingLE$1
instanceKlass org/apache/parquet/column/values/bitpacking/ByteBitPackingLE
instanceKlass org/apache/parquet/column/values/bitpacking/ByteBitPackingBE$1
instanceKlass org/apache/parquet/column/values/bitpacking/BytePacker
instanceKlass org/apache/parquet/column/values/bitpacking/BytePackerFactory
instanceKlass org/apache/parquet/column/values/bitpacking/ByteBitPackingBE
instanceKlass org/apache/parquet/column/values/bitpacking/LemireBitPackingLE$1
instanceKlass org/apache/parquet/column/values/bitpacking/LemireBitPackingLE
instanceKlass org/apache/parquet/column/values/bitpacking/LemireBitPackingBE$1
instanceKlass org/apache/parquet/column/values/bitpacking/IntPacker
instanceKlass org/apache/parquet/column/values/bitpacking/IntPackerFactory
instanceKlass org/apache/parquet/column/values/bitpacking/LemireBitPackingBE
instanceKlass org/apache/spark/sql/execution/datasources/parquet/VectorizedColumnReader$1
instanceKlass org/apache/parquet/hadoop/ColumnChunkPageReadStore$ColumnChunkPageReader$1
instanceKlass org/apache/spark/sql/execution/datasources/parquet/ParquetVectorUpdaterFactory$BinaryUpdater
instanceKlass org/apache/spark/sql/execution/datasources/parquet/ParquetVectorUpdaterFactory$1
instanceKlass org/xerial/snappy/SnappyNative
instanceKlass org/xerial/snappy/OSInfo
instanceKlass org/xerial/snappy/SnappyApi
instanceKlass org/xerial/snappy/SnappyLoader
instanceKlass org/xerial/snappy/Snappy
instanceKlass org/apache/parquet/hadoop/codec/CleanUtil
instanceKlass org/apache/parquet/hadoop/codec/SnappyUtil
instanceKlass org/apache/parquet/column/Encoding$10
instanceKlass org/apache/parquet/hadoop/codec/ZstandardCodec
instanceKlass org/apache/spark/sql/execution/datasources/parquet/ParquetVectorUpdater
instanceKlass org/apache/spark/sql/execution/datasources/parquet/ParquetVectorUpdaterFactory
instanceKlass org/apache/spark/sql/execution/datasources/parquet/ParquetReadState
instanceKlass org/apache/spark/sql/execution/datasources/parquet/VectorizedValuesReader
instanceKlass org/apache/spark/sql/execution/vectorized/Dictionary
instanceKlass org/apache/spark/sql/execution/datasources/parquet/VectorizedColumnReader
instanceKlass org/apache/parquet/column/page/DataPage$Visitor
instanceKlass org/apache/parquet/hadoop/ColumnChunkPageReadStore$ColumnChunkPageReader
instanceKlass org/apache/parquet/column/page/PageReader
instanceKlass org/apache/hadoop/thirdparty/com/google/common/cache/LocalCache$StrongValueReference
instanceKlass org/apache/hadoop/thirdparty/com/google/common/util/concurrent/AbstractFuture$Failure
instanceKlass org/apache/hadoop/thirdparty/com/google/common/util/concurrent/AbstractFuture$Cancellation
instanceKlass org/apache/hadoop/thirdparty/com/google/common/util/concurrent/AbstractFuture$DelegatingToFuture
instanceKlass org/apache/hadoop/thirdparty/com/google/common/util/concurrent/Platform
instanceKlass org/apache/hadoop/thirdparty/com/google/common/util/concurrent/Uninterruptibles
instanceKlass org/apache/hadoop/thirdparty/com/google/common/base/Stopwatch
instanceKlass org/apache/hadoop/thirdparty/com/google/common/util/concurrent/AbstractFuture$Listener
instanceKlass org/apache/hadoop/thirdparty/com/google/common/util/concurrent/AbstractFutureState$Waiter
instanceKlass org/apache/hadoop/thirdparty/com/google/common/util/concurrent/LazyLogger
instanceKlass org/apache/hadoop/thirdparty/com/google/common/util/concurrent/AbstractFutureState$AtomicHelper
instanceKlass org/apache/hadoop/thirdparty/com/google/common/util/concurrent/internal/InternalFutureFailureAccess
instanceKlass org/apache/hadoop/thirdparty/com/google/common/util/concurrent/AbstractFuture$Trusted
instanceKlass org/apache/hadoop/thirdparty/com/google/common/util/concurrent/ListenableFuture
instanceKlass org/apache/hadoop/io/compress/DoNotPool
instanceKlass org/apache/parquet/hadoop/codec/NonBlockedDecompressor
instanceKlass org/apache/hadoop/io/compress/CodecPool
instanceKlass org/apache/hadoop/io/compress/Decompressor
instanceKlass org/apache/hadoop/io/compress/Compressor
instanceKlass org/apache/parquet/hadoop/codec/SnappyCodec
instanceKlass org/apache/hadoop/io/compress/CompressionCodec
instanceKlass org/apache/parquet/hadoop/CodecFactory$3
instanceKlass org/apache/parquet/format/DataPageHeader$DataPageHeaderTupleSchemeFactory
instanceKlass org/apache/parquet/format/DataPageHeader$DataPageHeaderStandardSchemeFactory
instanceKlass org/apache/parquet/bytes/BytesInput
instanceKlass org/apache/parquet/hadoop/ParquetFileReader$1
instanceKlass org/apache/parquet/format/MetadataValidator
instanceKlass org/apache/parquet/format/DictionaryPageHeader$DictionaryPageHeaderTupleSchemeFactory
instanceKlass org/apache/parquet/format/DictionaryPageHeader$DictionaryPageHeaderStandardSchemeFactory
instanceKlass org/apache/parquet/format/DataPageHeaderV2
instanceKlass org/apache/parquet/format/DictionaryPageHeader
instanceKlass org/apache/parquet/format/IndexPageHeader
instanceKlass org/apache/parquet/format/DataPageHeader
instanceKlass org/apache/parquet/format/PageHeader$PageHeaderTupleSchemeFactory
instanceKlass org/apache/parquet/format/PageHeader$PageHeaderStandardSchemeFactory
instanceKlass org/apache/parquet/format/PageHeader
instanceKlass org/apache/parquet/hadoop/ParquetFileReader$Chunk
instanceKlass org/apache/parquet/hadoop/ParquetFileReader$ChunkListBuilder$ChunkData
instanceKlass sun/nio/ch/WindowsAsynchronousFileChannelImpl$ReadTask
instanceKlass sun/nio/ch/Iocp$ResultHandler
instanceKlass sun/nio/ch/PendingFuture
instanceKlass sun/nio/ch/PendingIoCache
instanceKlass sun/nio/ch/Invoker$GroupAndInvokeCount
instanceKlass sun/nio/ch/Invoker
instanceKlass sun/nio/ch/AsynchronousChannelGroupImpl$1
instanceKlass sun/nio/ch/AsynchronousChannelGroupImpl$2
instanceKlass sun/nio/ch/Iocp$EventHandlerTask
instanceKlass sun/nio/ch/ThreadPool
instanceKlass sun/nio/ch/Iocp$CompletionStatus
instanceKlass java/nio/channels/AsynchronousChannelGroup
instanceKlass sun/nio/ch/WindowsAsynchronousFileChannelImpl$DefaultIocpHolder
instanceKlass sun/nio/ch/Groupable
instanceKlass sun/nio/ch/Iocp$OverlappedChannel
instanceKlass org/apache/hadoop/fs/RawLocalFileSystem$AsyncHandler
instanceKlass java/nio/channels/CompletionHandler
instanceKlass org/apache/hadoop/fs/impl/VectorIOBufferPool
instanceKlass org/apache/hadoop/fs/impl/FileRangeImpl
instanceKlass org/apache/parquet/hadoop/util/wrapped/io/FileRangeBridge$WrappedFileRange
instanceKlass org/apache/parquet/io/ParquetFileRange
instanceKlass org/apache/hadoop/fs/FileRange
instanceKlass org/apache/parquet/hadoop/util/wrapped/io/FileRangeBridge
instanceKlass org/apache/parquet/util/DynMethods$UnboundMethod
instanceKlass org/apache/parquet/util/DynMethods$Builder
instanceKlass org/apache/parquet/hadoop/util/wrapped/io/BindingUtils
instanceKlass org/apache/parquet/hadoop/util/wrapped/io/VectorIoBridge
instanceKlass org/apache/parquet/bytes/ByteBufferReleaser
instanceKlass org/apache/parquet/hadoop/ParquetFileReader$ChunkListBuilder
instanceKlass org/apache/parquet/hadoop/ParquetFileReader$ChunkDescriptor
instanceKlass org/apache/parquet/hadoop/ParquetFileReader$ConsecutivePartList
instanceKlass org/apache/parquet/hadoop/util/counters/BenchmarkCounter$NullCounter
instanceKlass org/apache/parquet/hadoop/util/counters/CounterLoader
instanceKlass org/apache/parquet/hadoop/util/counters/ICounter
instanceKlass org/apache/parquet/hadoop/util/counters/BenchmarkCounter
instanceKlass org/apache/parquet/hadoop/ColumnChunkPageReadStore
instanceKlass org/apache/spark/sql/execution/datasources/parquet/ParquetRowIndexUtil$
instanceKlass org/apache/spark/sql/execution/datasources/parquet/ParquetRowIndexUtil
instanceKlass org/apache/spark/sql/catalyst/util/ResolveDefaultColumns
instanceKlass org/apache/spark/sql/execution/datasources/parquet/ParquetColumnVector
instanceKlass org/apache/spark/sql/types/DataTypes
instanceKlass org/apache/spark/sql/vectorized/ColumnVector$1
instanceKlass scala/jdk/javaapi/CollectionConverters
instanceKlass org/apache/parquet/hadoop/api/ReadSupport$ReadContext
instanceKlass org/apache/spark/sql/execution/datasources/parquet/ParquetSchemaConverter$
instanceKlass org/apache/spark/sql/execution/datasources/parquet/SparkToParquetSchemaConverter
instanceKlass org/apache/spark/sql/execution/datasources/parquet/SparkToParquetSchemaConverter$
instanceKlass org/apache/spark/sql/types/DataType$JSortedObject$
instanceKlass com/fasterxml/jackson/core/filter/TokenFilter
instanceKlass org/json4s/AsJsonInput$$anon$2
instanceKlass org/json4s/AsJsonInput
instanceKlass org/json4s/AsJsonInput$
instanceKlass org/json4s/AsJsonInputInstances
instanceKlass org/apache/parquet/hadoop/api/InitContext
instanceKlass org/apache/parquet/io/api/RecordMaterializer
instanceKlass org/apache/spark/sql/execution/datasources/parquet/SpecificParquetRecordReaderBase$ParquetRowGroupReaderImpl
instanceKlass org/apache/spark/sql/execution/datasources/RecordReaderIterator
instanceKlass org/apache/spark/sql/execution/datasources/parquet/SpecificParquetRecordReaderBase$ParquetRowGroupReader
instanceKlass org/apache/hadoop/mapreduce/StatusReporter
instanceKlass org/apache/hadoop/mapreduce/TaskID$CharTaskTypeMaps
instanceKlass org/apache/hadoop/mapreduce/ID
instanceKlass org/apache/spark/sql/connector/catalog/CatalogV2Implicits$MultipartIdentifierHelper
instanceKlass org/apache/spark/sql/connector/catalog/CatalogV2Implicits$
instanceKlass org/apache/spark/sql/execution/datasources/parquet/ParquetFilters$ParquetSchemaType
instanceKlass org/apache/spark/sql/execution/datasources/parquet/ParquetFilters$ParquetPrimitiveField
instanceKlass org/apache/parquet/filter2/predicate/Operators$SupportsLtGt
instanceKlass org/apache/parquet/filter2/predicate/Operators$SupportsEqNotEq
instanceKlass org/apache/parquet/filter2/predicate/Operators$Column
instanceKlass org/apache/parquet/filter2/predicate/UserDefinedPredicate
instanceKlass org/apache/spark/sql/package$
instanceKlass org/apache/parquet/util/AutoCloseables
instanceKlass org/apache/parquet/VersionParser$ParsedVersion
instanceKlass org/apache/parquet/VersionParser
instanceKlass org/apache/parquet/Strings
instanceKlass org/apache/parquet/SemanticVersion$NumberOrString
instanceKlass org/apache/parquet/SemanticVersion$Prerelease
instanceKlass org/apache/parquet/SemanticVersion
instanceKlass org/apache/parquet/CorruptStatistics
instanceKlass org/apache/parquet/schema/PrimitiveType$PrimitiveTypeName$2$1
instanceKlass org/apache/parquet/schema/PrimitiveType$PrimitiveTypeName$4$1
instanceKlass org/apache/parquet/hadoop/metadata/ColumnChunkProperties
instanceKlass org/apache/parquet/hadoop/metadata/ColumnChunkMetaData
instanceKlass org/apache/parquet/schema/PrimitiveStringifier
instanceKlass org/apache/parquet/schema/PrimitiveComparator
instanceKlass org/apache/parquet/schema/PrimitiveType$PrimitiveTypeName$1$1
instanceKlass org/apache/parquet/column/statistics/Statistics$1
instanceKlass org/apache/parquet/column/statistics/Statistics$Builder
instanceKlass org/apache/parquet/column/statistics/Statistics
instanceKlass org/apache/parquet/format/converter/ParquetMetadataConverter$2
instanceKlass org/apache/parquet/column/page/Page
instanceKlass org/apache/parquet/column/values/RequiresPreviousReader
instanceKlass org/apache/parquet/column/Dictionary
instanceKlass org/apache/parquet/column/values/ValuesReader
instanceKlass org/apache/parquet/hadoop/metadata/Canonicalizer
instanceKlass org/apache/parquet/hadoop/metadata/ColumnPath
instanceKlass org/apache/parquet/hadoop/metadata/BlockMetaData
instanceKlass shaded/parquet/org/apache/thrift/TBaseHelper$NestedStructureComparator
instanceKlass shaded/parquet/org/apache/thrift/TBaseHelper
instanceKlass org/apache/parquet/format/ColumnOrder$1
instanceKlass shaded/parquet/org/apache/thrift/TUnion$TUnionTupleSchemeFactory
instanceKlass shaded/parquet/org/apache/thrift/scheme/TupleScheme
instanceKlass shaded/parquet/org/apache/thrift/TUnion$TUnionStandardSchemeFactory
instanceKlass org/apache/parquet/format/Statistics$StatisticsTupleSchemeFactory
instanceKlass org/apache/parquet/format/Statistics$StatisticsStandardSchemeFactory
instanceKlass org/apache/parquet/format/GeospatialStatistics
instanceKlass org/apache/parquet/format/SizeStatistics
instanceKlass org/apache/parquet/format/PageEncodingStats
instanceKlass org/apache/parquet/format/Statistics
instanceKlass org/apache/parquet/format/ColumnMetaData$ColumnMetaDataTupleSchemeFactory
instanceKlass org/apache/parquet/format/ColumnMetaData$ColumnMetaDataStandardSchemeFactory
instanceKlass org/apache/parquet/format/ColumnMetaData
instanceKlass org/apache/parquet/format/ColumnChunk$ColumnChunkTupleSchemeFactory
instanceKlass org/apache/parquet/format/ColumnChunk$ColumnChunkStandardSchemeFactory
instanceKlass org/apache/parquet/format/SortingColumn
instanceKlass org/apache/parquet/format/ColumnChunk
instanceKlass org/apache/parquet/format/RowGroup$RowGroupTupleSchemeFactory
instanceKlass org/apache/parquet/format/RowGroup$RowGroupStandardSchemeFactory
instanceKlass org/apache/spark/unsafe/map/BytesToBytesMap$Location
instanceKlass org/apache/spark/unsafe/map/HashMapGrowthStrategy$Doubling
instanceKlass org/apache/spark/unsafe/map/HashMapGrowthStrategy
instanceKlass org/apache/spark/sql/catalyst/expressions/UnsafeDataUtils
instanceKlass org/apache/spark/unsafe/bitset/BitSetMethods
instanceKlass org/apache/spark/shuffle/IndexShuffleBlockResolver$
instanceKlass org/apache/spark/shuffle/api/ShufflePartitionWriter
instanceKlass org/apache/spark/shuffle/sort/io/LocalDiskShuffleMapOutputWriter
instanceKlass org/apache/spark/network/shuffle/checksum/ShuffleChecksumHelper
instanceKlass org/apache/spark/shuffle/api/ShuffleMapOutputWriter
instanceKlass org/apache/spark/shuffle/sort/io/LocalDiskShuffleExecutorComponents
instanceKlass org/apache/spark/shuffle/sort/PackedRecordPointer
instanceKlass org/apache/spark/shuffle/sort/SortShuffleManager$
instanceKlass org/apache/spark/sql/execution/metric/SQLShuffleWriteMetricsReporter
instanceKlass org/apache/spark/sql/catalyst/catalog/CatalogDatabase
instanceKlass org/apache/spark/sql/catalyst/plans/logical/statsEstimation/ValueInterval
instanceKlass org/apache/arrow/vector/types/pojo/ArrowType
instanceKlass org/apache/spark/sql/streaming/OutputMode
instanceKlass org/apache/spark/sql/catalyst/expressions/package
instanceKlass scala/Function1$UnliftOps$
instanceKlass scala/Function1$UnliftOps
instanceKlass org/apache/spark/unsafe/hash/Murmur3_x86_32
instanceKlass org/apache/spark/sql/catalyst/expressions/Pmod$
instanceKlass org/apache/spark/sql/catalyst/expressions/CodeGeneratorWithInterpretedFallback
instanceKlass org/apache/spark/sql/execution/WholeStageCodegenEvaluatorFactory$WholeStageCodegenPartitionEvaluator$$anon$1
instanceKlass org/apache/spark/sql/internal/TaskContextConfigProvider
instanceKlass org/apache/spark/sql/execution/WholeStageCodegenEvaluatorFactory$WholeStageCodegenPartitionEvaluator
instanceKlass org/apache/spark/sql/execution/FileSourceScanExec$$anon$1
instanceKlass org/apache/spark/deploy/SparkHadoopUtil$$anon$2
instanceKlass scala/Function0$mcJ$sp
instanceKlass org/apache/spark/sql/execution/datasources/FileScanRDD$$anon$1
instanceKlass scala/collection/immutable/VectorSliceBuilder
instanceKlass org/apache/spark/util/MutablePair
instanceKlass scala/util/package$chaining$
instanceKlass scala/util/ChainingSyntax
instanceKlass scala/util/ChainingOps$
instanceKlass org/apache/spark/scheduler/MergeStatus
instanceKlass org/apache/spark/scheduler/MapStatus
instanceKlass org/apache/spark/ShuffleStatus$
instanceKlass org/apache/spark/ShuffleStatus
instanceKlass org/roaringbitmap/ContainerPointer
instanceKlass org/roaringbitmap/RoaringArray
instanceKlass org/roaringbitmap/RelativeRangeConsumer
instanceKlass org/roaringbitmap/BatchIterator
instanceKlass org/roaringbitmap/Container
instanceKlass org/roaringbitmap/WordStorage
instanceKlass org/roaringbitmap/PeekableIntIterator
instanceKlass java/util/PrimitiveIterator$OfInt
instanceKlass java/util/PrimitiveIterator
instanceKlass org/roaringbitmap/IntIterator
instanceKlass org/roaringbitmap/RoaringBitmap
instanceKlass org/roaringbitmap/AppendableStorage
instanceKlass org/roaringbitmap/BitmapDataProvider
instanceKlass org/roaringbitmap/ImmutableBitmapDataProvider
instanceKlass org/apache/spark/shuffle/sort/SortShuffleWriter$
instanceKlass org/apache/spark/ShuffleDependency$
instanceKlass org/apache/spark/shuffle/checksum/RowBasedChecksum
instanceKlass org/apache/spark/sql/catalyst/expressions/UnsafeRowChecksum$
instanceKlass org/apache/spark/sql/catalyst/plans/physical/RoundRobinPartitioning
instanceKlass org/apache/spark/rdd/UnionPartition
instanceKlass scala/collection/parallel/IterableSplitter$Mapped
instanceKlass scala/collection/generic/DefaultSignalling
instanceKlass scala/collection/generic/VolatileAbort
instanceKlass scala/collection/parallel/IterableSplitter$ZippedAll
instanceKlass scala/collection/parallel/IterableSplitter$Taken
instanceKlass org/apache/spark/rdd/UnionRDD$
instanceKlass scala/collection/parallel/ForkJoinTasks$FJTWrappedTask
instanceKlass scala/collection/parallel/Tasks$WrappedTask
instanceKlass scala/collection/parallel/ForkJoinTaskSupport
instanceKlass scala/collection/parallel/AdaptiveWorkStealingForkJoinTasks
instanceKlass scala/collection/parallel/AdaptiveWorkStealingTasks
instanceKlass scala/collection/parallel/ForkJoinTasks
instanceKlass scala/collection/parallel/HavingForkJoinPool
instanceKlass scala/concurrent/BlockContext
instanceKlass scala/concurrent/impl/ExecutionContextImpl$DefaultThreadFactory
instanceKlass scala/collection/parallel/ExecutionContextTaskSupport$
instanceKlass scala/collection/parallel/ExecutionContextTaskSupport
instanceKlass scala/collection/parallel/ExecutionContextTasks
instanceKlass scala/collection/parallel/package$
instanceKlass scala/collection/parallel/SeqSplitter
instanceKlass scala/collection/parallel/AugmentedSeqIterator
instanceKlass scala/collection/parallel/PreciseSplitter
instanceKlass scala/collection/generic/GenericParCompanion
instanceKlass scala/collection/parallel/ParIterableLike$SignallingOps
instanceKlass scala/collection/parallel/CombinerFactory
instanceKlass scala/collection/parallel/ParIterableLike$TaskOps
instanceKlass scala/collection/parallel/ParIterableLike$BuilderOps
instanceKlass scala/collection/parallel/IterableSplitter
instanceKlass scala/collection/parallel/AugmentedIterableIterator
instanceKlass scala/collection/parallel/RemainsIterator
instanceKlass scala/collection/generic/DelegatedSignalling
instanceKlass scala/collection/generic/Signalling
instanceKlass scala/collection/parallel/Splitter
instanceKlass scala/collection/parallel/ParIterableLike$NonDivisible
instanceKlass scala/collection/parallel/ParIterableLike$NonDivisibleTask
instanceKlass scala/collection/parallel/ParIterableLike$StrictSplitterCheckTask
instanceKlass scala/collection/parallel/Task
instanceKlass scala/collection/parallel/immutable/ParVector
instanceKlass scala/collection/parallel/immutable/ParSeq
instanceKlass scala/collection/parallel/immutable/ParIterable
instanceKlass scala/collection/parallel/ParSeq
instanceKlass scala/collection/parallel/ParSeqLike
instanceKlass scala/collection/parallel/ParIterable
instanceKlass scala/collection/parallel/ParIterableLike
instanceKlass scala/collection/Parallel
instanceKlass scala/collection/CustomParallelizable
instanceKlass scala/collection/Parallelizable
instanceKlass scala/collection/generic/GenericParTemplate
instanceKlass scala/collection/generic/HasNewCombiner
instanceKlass scala/collection/generic/GenericTraversableTemplate
instanceKlass scala/collection/generic/HasNewBuilder
instanceKlass org/apache/spark/sql/execution/datasources/parquet/ParquetFilters
instanceKlass org/apache/parquet/filter2/predicate/FilterPredicate
instanceKlass org/apache/spark/sql/catalyst/util/RebaseDateTime$RebaseSpec
instanceKlass org/apache/hadoop/mapreduce/task/JobContextImpl
instanceKlass scala/collection/MapFactory$ToFactory
instanceKlass scala/collection/MapFactory$
instanceKlass scala/util/Try$WithFilter
instanceKlass org/apache/spark/sql/execution/ColumnarToRowEvaluatorFactory
instanceKlass org/apache/spark/sql/catalyst/expressions/aggregate/DeclarativeAggregate$RichAttribute
instanceKlass scala/collection/mutable/HashMap$DeserializationFactory
instanceKlass scala/util/Either$RightProjection
instanceKlass scala/util/Either$LeftProjection
instanceKlass org/apache/spark/PartitionEvaluator
instanceKlass org/apache/spark/sql/execution/WholeStageCodegenEvaluatorFactory
instanceKlass scala/collection/parallel/TaskSupport
instanceKlass scala/collection/parallel/Tasks
instanceKlass org/apache/spark/sql/execution/ui/SparkListenerSQLExecutionEnd
instanceKlass org/apache/spark/sql/execution/ui/SparkListenerSQLAdaptiveSQLMetricUpdates
instanceKlass org/apache/spark/sql/execution/ui/SparkListenerDriverAccumUpdates
instanceKlass org/apache/spark/sql/catalyst/expressions/FileSourceConstantMetadataAttribute$
instanceKlass org/apache/spark/sql/execution/datasources/FilePartition
instanceKlass org/apache/spark/sql/connector/read/InputPartition
instanceKlass org/apache/spark/paths/SparkPath
instanceKlass org/apache/spark/paths/SparkPath$
instanceKlass scala/math/Ordering$BigDecimal$
instanceKlass scala/math/Numeric$BigDecimalAsIfIntegral$
instanceKlass scala/math/Ordering$BigDecimalOrdering
instanceKlass scala/math/Numeric$BigDecimalAsIfIntegral
instanceKlass scala/math/Numeric$BigDecimalIsConflicted
instanceKlass scala/math/Ordering$Char$
instanceKlass scala/math/Numeric$CharIsIntegral$
instanceKlass scala/math/Ordering$CharOrdering
instanceKlass scala/math/Numeric$CharIsIntegral
instanceKlass scala/math/Ordering$BigInt$
instanceKlass scala/math/Numeric$BigIntIsIntegral$
instanceKlass scala/math/Ordering$BigIntOrdering
instanceKlass scala/math/Numeric$BigIntIsIntegral
instanceKlass scala/collection/immutable/NumericRange$
instanceKlass org/apache/spark/sql/execution/PartitionedFileUtil$
instanceKlass org/apache/spark/sql/execution/ListingPartition
instanceKlass org/apache/spark/sql/execution/datasources/FilePartition$
instanceKlass org/apache/spark/sql/execution/FileSourceScanLike$GenericScanFileListing
instanceKlass org/apache/spark/sql/execution/datasources/FileStatusWithMetadata
instanceKlass org/apache/spark/sql/execution/datasources/PartitionDirectory
instanceKlass org/apache/spark/sql/execution/datasources/PartitionDirectory$
instanceKlass org/apache/spark/sql/catalyst/expressions/BasePredicate
instanceKlass org/apache/spark/sql/execution/datasources/FilePruningRunner
instanceKlass org/apache/spark/util/SerializableConfiguration$
instanceKlass org/apache/spark/sql/execution/datasources/parquet/ParquetWriteSupport$
instanceKlass org/apache/spark/sql/execution/datasources/PartitionedFile
instanceKlass org/apache/spark/sql/execution/datasources/FileFormat$
instanceKlass org/apache/spark/sql/catalyst/expressions/codegen/ByteCodeStats
instanceKlass org/codehaus/janino/SimpleCompiler$2
instanceKlass java/util/function/IntToLongFunction
instanceKlass java/util/function/IntToDoubleFunction
instanceKlass java/util/function/DoubleBinaryOperator
instanceKlass java/util/stream/DoubleStream
instanceKlass org/apache/spark/sql/catalyst/expressions/SubExprEvaluationRuntime
instanceKlass org/codehaus/commons/compiler/util/Numbers
instanceKlass org/apache/spark/unsafe/types/UTF8String$LongWrapper
instanceKlass org/apache/spark/unsafe/types/UTF8String$IntWrapper
instanceKlass org/apache/spark/unsafe/array/LongArray
instanceKlass org/apache/spark/memory/MemoryConsumer
instanceKlass org/codehaus/janino/UnitCompiler$21
instanceKlass org/codehaus/janino/util/ClassFile$FieldInfo
instanceKlass org/codehaus/janino/ReflectionIClass$3
instanceKlass org/codehaus/janino/UnitCompiler$28$1
instanceKlass org/apache/spark/sql/catalyst/util/MathUtils
instanceKlass org/apache/spark/sql/catalyst/expressions/BaseOrdering
instanceKlass org/apache/spark/util/collection/unsafe/sort/RecordComparator
instanceKlass org/apache/spark/sql/catalyst/trees/MutableInt
instanceKlass org/apache/spark/sql/execution/datasources/WriteFilesSpec
instanceKlass org/apache/spark/sql/catalyst/expressions/codegen/UnsafeRowJoiner
instanceKlass org/apache/spark/sql/catalyst/expressions/package$Projection
instanceKlass org/apache/spark/sql/catalyst/expressions/ExpressionsEvaluator
instanceKlass org/codehaus/commons/compiler/util/iterator/FilterListIterator
instanceKlass org/codehaus/janino/UnitCompiler$20
instanceKlass org/codehaus/janino/UnitCompiler$14$1
instanceKlass org/codehaus/janino/UnitCompiler$14
instanceKlass org/codehaus/janino/UnitCompiler$7
instanceKlass org/codehaus/janino/UnitCompiler$28$2$1
instanceKlass org/codehaus/janino/UnitCompiler$28$2
instanceKlass org/codehaus/janino/UnitCompiler$28
instanceKlass org/apache/spark/sql/catalyst/expressions/codegen/BufferHolder
instanceKlass org/codehaus/janino/UnitCompiler$22
instanceKlass org/codehaus/janino/UnitCompiler$13
instanceKlass org/codehaus/janino/util/ClassFile$InnerClassesAttribute$Entry
instanceKlass org/codehaus/janino/UnitCompiler$44
instanceKlass org/codehaus/janino/util/ClassFile$CodeAttribute$ExceptionTableEntry
instanceKlass org/codehaus/janino/UnitCompiler$11
instanceKlass org/codehaus/janino/CodeContext$FixUp
instanceKlass org/codehaus/janino/util/ClassFile$StackMapTableAttribute$7
instanceKlass org/codehaus/janino/util/ClassFile$StackMapTableAttribute$6
instanceKlass org/codehaus/janino/util/ClassFile$StackMapTableAttribute$5
instanceKlass org/codehaus/janino/util/ClassFile$StackMapTableAttribute$4
instanceKlass org/codehaus/janino/util/ClassFile$StackMapTableAttribute$3
instanceKlass org/codehaus/janino/util/ClassFile$StackMapTableAttribute$2
instanceKlass org/codehaus/janino/util/ClassFile$StackMapTableAttribute$1
instanceKlass org/codehaus/janino/util/ClassFile$StackMapTableAttribute$StackMapFrame
instanceKlass org/codehaus/janino/UnitCompiler$16$1
instanceKlass org/codehaus/janino/UnitCompiler$15$1
instanceKlass org/codehaus/janino/UnitCompiler$19$1
instanceKlass org/codehaus/janino/UnitCompiler$23
instanceKlass org/codehaus/janino/UnitCompiler$26
instanceKlass org/codehaus/janino/UnitCompiler$25
instanceKlass org/codehaus/janino/CodeContext$Relocatable
instanceKlass org/codehaus/janino/util/ClassFile$StackMapTableAttribute$UninitializedVariableInfo
instanceKlass org/codehaus/janino/UnitCompiler$16
instanceKlass org/codehaus/janino/UnitCompiler$15
instanceKlass org/codehaus/janino/UnitCompiler$19
instanceKlass org/codehaus/janino/UnitCompiler$6
instanceKlass org/codehaus/janino/UnitCompiler$12
instanceKlass org/codehaus/janino/Java$LocalVariable
instanceKlass org/codehaus/janino/util/ClassFile$StackMapTableAttribute$ObjectVariableInfo
instanceKlass org/codehaus/janino/Java$LocalVariableSlot
instanceKlass org/codehaus/janino/CodeContext$LocalScope
instanceKlass org/codehaus/janino/StackMap
instanceKlass org/codehaus/janino/CodeContext
instanceKlass org/codehaus/janino/util/ClassFile$MethodInfo
instanceKlass org/codehaus/janino/Mod
instanceKlass org/codehaus/janino/UnitCompiler$42
instanceKlass org/codehaus/janino/util/ClassFile$ConstantPoolInfo
instanceKlass org/codehaus/janino/util/ClassFile
instanceKlass org/codehaus/commons/compiler/util/iterator/Iterables$5
instanceKlass org/codehaus/commons/compiler/util/iterator/Iterables$4
instanceKlass org/codehaus/commons/compiler/util/iterator/Iterables$2
instanceKlass org/codehaus/commons/compiler/util/iterator/Iterables$1
instanceKlass org/codehaus/commons/compiler/util/Predicate
instanceKlass org/codehaus/commons/compiler/util/iterator/Iterables
instanceKlass org/codehaus/janino/UnitCompiler$24
instanceKlass org/codehaus/janino/MethodDescriptor
instanceKlass org/apache/spark/sql/errors/QueryExecutionErrors
instanceKlass org/codehaus/janino/UnitCompiler$43
instanceKlass org/codehaus/janino/UnitCompiler$3
instanceKlass org/codehaus/janino/UnitCompiler$2
instanceKlass org/codehaus/janino/SimpleCompiler$1
instanceKlass org/codehaus/janino/UnitCompiler$17$2
instanceKlass org/codehaus/janino/UnitCompiler$17$1
instanceKlass org/codehaus/janino/UnitCompiler$17
instanceKlass org/codehaus/janino/util/ClassFile$StackMapTableAttribute$VerificationTypeInfo
instanceKlass org/codehaus/janino/util/ClassFile$ElementValue
instanceKlass org/codehaus/janino/UnitCompiler$Compilable2
instanceKlass org/codehaus/janino/CodeContext$Offset
instanceKlass org/codehaus/janino/util/ClassFile$AttributeInfo
instanceKlass org/codehaus/janino/util/Annotatable
instanceKlass org/codehaus/janino/IClass$IField
instanceKlass org/codehaus/janino/UnitCompiler
instanceKlass org/codehaus/janino/IParameterizedType
instanceKlass java/lang/Override
instanceKlass org/codehaus/janino/IClass$IAnnotation
instanceKlass org/codehaus/janino/IClass$IInvocable
instanceKlass org/codehaus/janino/IClass$IMember
instanceKlass org/codehaus/janino/IClass$1
instanceKlass org/codehaus/janino/ITypeVariable
instanceKlass org/codehaus/janino/Descriptor
instanceKlass org/codehaus/commons/compiler/util/resource/ResourceFinder
instanceKlass org/codehaus/janino/IClass
instanceKlass org/codehaus/janino/ITypeVariableOrIClass
instanceKlass org/codehaus/janino/Java$AbstractAnnotation
instanceKlass org/codehaus/janino/Parser$1
instanceKlass org/codehaus/janino/util/AbstractTraverser$4$1
instanceKlass org/codehaus/janino/util/AbstractTraverser$7$1
instanceKlass org/codehaus/janino/util/AbstractTraverser$11
instanceKlass org/codehaus/janino/util/AbstractTraverser$10
instanceKlass org/codehaus/janino/util/AbstractTraverser$9
instanceKlass org/codehaus/janino/util/AbstractTraverser$8
instanceKlass org/codehaus/janino/Visitor$ConstructorInvocationVisitor
instanceKlass org/codehaus/janino/Visitor$TypeVisitor
instanceKlass org/codehaus/janino/util/AbstractTraverser$7
instanceKlass org/codehaus/janino/util/AbstractTraverser$6
instanceKlass org/codehaus/janino/Visitor$FunctionDeclaratorVisitor
instanceKlass org/codehaus/janino/util/AbstractTraverser$5
instanceKlass org/codehaus/janino/Visitor$LvalueVisitor
instanceKlass org/codehaus/janino/util/AbstractTraverser$4
instanceKlass org/codehaus/janino/util/AbstractTraverser$3
instanceKlass org/codehaus/janino/util/AbstractTraverser$2
instanceKlass org/codehaus/janino/util/AbstractTraverser$1
instanceKlass org/codehaus/janino/Visitor$TryStatementResourceVisitor
instanceKlass org/codehaus/janino/Visitor$AnnotationVisitor
instanceKlass org/codehaus/janino/Visitor$ElementValueVisitor
instanceKlass org/codehaus/janino/Visitor$ArrayInitializerOrRvalueVisitor
instanceKlass org/codehaus/janino/Visitor$AtomVisitor
instanceKlass org/codehaus/janino/Visitor$BlockStatementVisitor
instanceKlass org/codehaus/janino/Visitor$FieldDeclarationOrInitializerVisitor
instanceKlass org/codehaus/janino/Visitor$TypeBodyDeclarationVisitor
instanceKlass org/codehaus/janino/Visitor$RvalueVisitor
instanceKlass org/codehaus/janino/Visitor$TypeDeclarationVisitor
instanceKlass org/codehaus/janino/Visitor$ImportVisitor
instanceKlass org/codehaus/janino/Visitor$AbstractCompilationUnitVisitor
instanceKlass org/codehaus/janino/util/AbstractTraverser
instanceKlass org/codehaus/janino/util/Traverser
instanceKlass org/codehaus/janino/Java$Rvalue$2
instanceKlass org/codehaus/janino/Java$EnclosingScopeOfTypeDeclaration
instanceKlass org/codehaus/janino/IType
instanceKlass org/codehaus/janino/Java
instanceKlass org/codehaus/janino/Java$FieldDeclarationOrInitializer
instanceKlass org/codehaus/janino/TokenStreamImpl$1
instanceKlass org/codehaus/janino/Token
instanceKlass org/codehaus/commons/compiler/Location
instanceKlass org/codehaus/janino/TokenStreamImpl
instanceKlass org/codehaus/janino/Java$AnnotationTypeDeclaration
instanceKlass org/codehaus/janino/Java$EnumDeclaration
instanceKlass org/codehaus/janino/Java$MemberTypeDeclaration
instanceKlass org/codehaus/janino/Java$TypeBodyDeclaration
instanceKlass org/codehaus/janino/Java$ModuleDirective
instanceKlass org/codehaus/janino/Java$LambdaParameters
instanceKlass org/codehaus/janino/Java$LambdaBody
instanceKlass org/codehaus/janino/Java$InnerClassDeclaration
instanceKlass org/codehaus/janino/Java$ArrayInitializerOrRvalue
instanceKlass org/codehaus/janino/Java$BlockStatement
instanceKlass org/codehaus/janino/Java$Annotation
instanceKlass org/codehaus/janino/Java$Modifier
instanceKlass org/codehaus/janino/Java$ElementValue
instanceKlass org/codehaus/janino/Java$TypeArgument
instanceKlass org/codehaus/janino/TokenStream
instanceKlass org/codehaus/janino/Parser
instanceKlass org/codehaus/janino/Scanner
instanceKlass org/apache/spark/sql/catalyst/expressions/codegen/GeneratedClass
instanceKlass org/apache/spark/sql/catalyst/util/CollationSupport
instanceKlass org/apache/spark/unsafe/types/BinaryView
instanceKlass org/codehaus/commons/compiler/util/SystemProperties
instanceKlass org/codehaus/janino/UnitCompiler$ClassFileConsumer
instanceKlass org/codehaus/janino/IClassLoader
instanceKlass org/codehaus/janino/Java$Located
instanceKlass org/codehaus/commons/compiler/ISimpleCompiler
instanceKlass org/codehaus/janino/Java$DocCommentable
instanceKlass org/codehaus/janino/Java$PackageMemberTypeDeclaration
instanceKlass org/codehaus/janino/Java$NamedTypeDeclaration
instanceKlass org/codehaus/janino/Java$AbstractTypeDeclaration
instanceKlass org/codehaus/janino/Java$ClassDeclaration
instanceKlass org/codehaus/janino/Java$TypeDeclaration
instanceKlass org/codehaus/janino/Java$Locatable
instanceKlass org/codehaus/janino/Java$Annotatable
instanceKlass org/codehaus/janino/Java$AbstractCompilationUnit
instanceKlass org/codehaus/janino/Java$Scope
instanceKlass org/codehaus/commons/compiler/Cookable
instanceKlass org/codehaus/commons/compiler/IClassBodyEvaluator
instanceKlass org/codehaus/commons/compiler/ICookable
instanceKlass sun/security/util/MemoryCache$QueueCacheEntry
instanceKlass org/apache/spark/sql/catalyst/expressions/codegen/CodeAndComment
instanceKlass org/apache/spark/sql/catalyst/expressions/codegen/CodeFormatter$
instanceKlass org/apache/spark/sql/execution/BufferedRowIterator
instanceKlass org/apache/spark/sql/catalyst/util/MathUtils$
instanceKlass org/apache/spark/sql/catalyst/expressions/codegen/SubExprCodes
instanceKlass scala/runtime/RichInt
instanceKlass org/apache/spark/sql/types/TypeCollection$
instanceKlass org/apache/spark/sql/catalyst/trees/SQLQueryContext
instanceKlass org/apache/spark/sql/catalyst/expressions/NumericEvalContext$
instanceKlass org/apache/spark/sql/catalyst/expressions/Add$
instanceKlass org/apache/spark/sql/catalyst/dsl/package$ExpressionConversions$DslExpression
instanceKlass org/apache/spark/sql/catalyst/dsl/package$ImplicitOperators
instanceKlass org/apache/spark/sql/catalyst/dsl/package$expressions$
instanceKlass org/apache/spark/sql/catalyst/dsl/package$ExpressionConversions
instanceKlass org/apache/spark/sql/catalyst/expressions/codegen/SimpleExprValue
instanceKlass org/apache/spark/sql/catalyst/expressions/codegen/ExprValue$
instanceKlass org/apache/spark/sql/types/UserDefinedType$
instanceKlass org/apache/spark/sql/catalyst/expressions/codegen/UnsafeWriter
instanceKlass org/apache/spark/sql/catalyst/expressions/codegen/GenerateUnsafeProjection$Schema
instanceKlass org/apache/spark/sql/catalyst/expressions/codegen/CodeGenerator
instanceKlass org/apache/spark/sql/catalyst/expressions/codegen/NewFunctionSpec
instanceKlass org/apache/spark/sql/vectorized/ColumnVector
instanceKlass org/apache/spark/sql/vectorized/ColumnarBatch
instanceKlass org/apache/spark/sql/catalyst/expressions/codegen/CodegenContext$MutableStateArrays
instanceKlass org/apache/spark/sql/execution/UnsafeKVExternalSorter
instanceKlass org/apache/spark/sql/execution/UnsafeFixedWidthAggregationMap
instanceKlass org/apache/spark/sql/catalyst/expressions/codegen/GlobalValue
instanceKlass org/apache/spark/sql/catalyst/expressions/codegen/Inline
instanceKlass org/apache/spark/sql/catalyst/expressions/codegen/Block$
instanceKlass org/apache/spark/sql/catalyst/expressions/codegen/Block$BlockHelper$
instanceKlass org/apache/spark/sql/catalyst/expressions/codegen/VariableValue
instanceKlass org/apache/spark/sql/catalyst/expressions/codegen/LiteralValue
instanceKlass org/apache/spark/sql/catalyst/expressions/codegen/JavaCode$
instanceKlass org/apache/spark/sql/catalyst/expressions/codegen/ExprCode$
instanceKlass org/apache/spark/sql/catalyst/expressions/codegen/SubExprEliminationState
instanceKlass org/apache/spark/sql/catalyst/expressions/codegen/ExprCode
instanceKlass org/apache/spark/sql/execution/aggregate/HashMapGenerator$Buffer
instanceKlass org/apache/spark/sql/execution/aggregate/HashMapGenerator
instanceKlass org/apache/spark/util/NonFateSharingCache
instanceKlass org/apache/spark/util/NonFateSharingCache$
instanceKlass org/apache/spark/sql/catalyst/expressions/codegen/CodeGenerator$
instanceKlass org/apache/spark/sql/catalyst/expressions/codegen/CodegenContext
instanceKlass org/apache/spark/sql/execution/SQLExecutionThreadLocalCaptured
instanceKlass org/apache/spark/sql/execution/ui/SparkPlanGraphClusterWrapper
instanceKlass org/apache/spark/sql/catalyst/plans/logical/Statistics
instanceKlass org/apache/spark/sql/execution/ui/SparkListenerSQLAdaptiveExecutionUpdate
instanceKlass org/apache/spark/sql/execution/adaptive/OptimizeShuffleWithLocalRead$BroadcastJoinWithShuffleRight$
instanceKlass org/apache/spark/sql/execution/adaptive/OptimizeShuffleWithLocalRead$BroadcastJoinWithShuffleLeft$
instanceKlass scala/runtime/java8/JFunction1$mcIJ$sp
instanceKlass org/apache/spark/sql/execution/adaptive/CoalesceGroup
instanceKlass org/apache/spark/sql/execution/adaptive/AdaptiveSparkPlanExec$CreateStageResult
instanceKlass org/apache/spark/sql/catalyst/encoders/ExpressionEncoder$Deserializer
instanceKlass org/apache/spark/sql/catalyst/expressions/BindReferences$
instanceKlass org/apache/spark/sql/catalyst/expressions/ExpectsInputTypes$
instanceKlass org/apache/spark/sql/execution/ui/SparkPlanGraphNodeWrapper
instanceKlass org/apache/spark/sql/execution/ui/SparkPlanGraphWrapper
instanceKlass org/apache/spark/sql/execution/ui/SparkPlanGraph
instanceKlass org/apache/spark/sql/execution/ui/SparkPlanGraphEdge
instanceKlass org/apache/spark/sql/execution/ui/SparkPlanGraphNode
instanceKlass org/apache/spark/sql/execution/ui/SQLPlanMetric
instanceKlass org/apache/spark/sql/execution/ui/SparkPlanGraph$
instanceKlass org/apache/spark/sql/catalyst/plans/logical/LocalRelation$
instanceKlass org/apache/spark/sql/catalyst/plans/logical/CatalystSerde$
instanceKlass org/apache/spark/scheduler/SparkListenerMiscellaneousProcessAdded
instanceKlass org/apache/spark/scheduler/SparkListenerLogStart
instanceKlass org/apache/spark/sql/execution/metric/SQLShuffleWriteMetricsReporter$
instanceKlass org/apache/spark/sql/execution/metric/SQLMetric$
instanceKlass org/apache/spark/sql/execution/metric/SQLMetrics$
instanceKlass org/apache/spark/sql/execution/metric/SQLShuffleReadMetricsReporter$
instanceKlass org/apache/spark/sql/execution/metric/SQLMetricInfo
instanceKlass org/apache/spark/sql/ExtendedExplainGenerator
instanceKlass org/apache/spark/sql/catalyst/plans/logical/TableSpec
instanceKlass org/apache/spark/sql/util/CaseInsensitiveStringMap
instanceKlass org/apache/spark/sql/catalyst/plans/logical/EventTimeWatermark$
instanceKlass org/apache/spark/sql/execution/WholeStageCodegenExec$
instanceKlass org/apache/spark/sql/catalyst/plans/QueryPlan$
instanceKlass org/apache/spark/sql/execution/exchange/ValidateRequirements$
instanceKlass org/apache/spark/sql/catalyst/trees/MultiTransform$
instanceKlass org/apache/spark/shuffle/ShuffleWriteProcessor
instanceKlass org/apache/spark/sql/execution/UnsafeExternalRowSorter$PrefixComputer
instanceKlass org/apache/spark/sql/execution/exchange/ShuffleExchangeExec$
instanceKlass org/apache/spark/sql/catalyst/plans/physical/StatefulOpClusteredDistribution
instanceKlass org/apache/spark/sql/catalyst/plans/physical/BroadcastDistribution
instanceKlass org/apache/spark/sql/catalyst/plans/physical/AllTuples$
instanceKlass org/apache/spark/sql/catalyst/plans/physical/SinglePartition$
instanceKlass org/apache/spark/sql/catalyst/expressions/SortOrder$
instanceKlass org/apache/spark/sql/catalyst/plans/physical/UnknownPartitioning
instanceKlass org/apache/spark/sql/catalyst/plans/physical/HashPartitioningLike
instanceKlass org/apache/spark/sql/execution/window/WindowExecBase
instanceKlass org/apache/spark/sql/execution/ShufflePartitionSpec
instanceKlass org/apache/spark/sql/execution/exchange/REPARTITION_BY_COL$
instanceKlass org/apache/spark/sql/execution/exchange/ENSURE_REQUIREMENTS$
instanceKlass org/apache/spark/sql/execution/exchange/REBALANCE_PARTITIONS_BY_COL$
instanceKlass org/apache/spark/sql/execution/exchange/REBALANCE_PARTITIONS_BY_NONE$
instanceKlass org/apache/spark/sql/execution/adaptive/AQEShuffleReadRule
instanceKlass org/apache/spark/sql/execution/adaptive/Cost
instanceKlass org/apache/spark/sql/execution/adaptive/SimpleCostEvaluator
instanceKlass org/apache/spark/sql/execution/ObjectProducerExec
instanceKlass org/apache/spark/sql/execution/adaptive/AQEUtils$
instanceKlass org/apache/spark/sql/execution/adaptive/CostEvaluator
instanceKlass org/apache/spark/sql/execution/adaptive/AdaptiveSparkPlanExec$
instanceKlass org/apache/spark/sql/catalyst/plans/physical/ClusteredDistribution
instanceKlass org/apache/spark/sql/execution/columnar/InMemoryTableScanLike
instanceKlass org/apache/spark/sql/catalyst/plans/physical/UnspecifiedDistribution$
instanceKlass org/apache/spark/sql/catalyst/catalog/CatalogTable
instanceKlass org/apache/spark/sql/execution/ScanFileListing
instanceKlass org/apache/spark/sql/execution/datasources/FileSourceStrategy$MetadataStructColumn$1$
instanceKlass org/apache/spark/sql/catalyst/expressions/ExpressionSet$
instanceKlass org/apache/spark/sql/catalyst/planning/PhysicalWindow$
instanceKlass org/apache/spark/sql/catalyst/expressions/SessionWindow$
instanceKlass org/apache/spark/unsafe/KVIterator
instanceKlass org/apache/spark/sql/catalyst/util/UnsafeRowUtils$
instanceKlass org/apache/spark/sql/execution/aggregate/AggregateCodegenSupport
instanceKlass org/apache/spark/sql/execution/GeneratePredicateHelper
instanceKlass org/apache/spark/sql/execution/BlockingOperatorWithCodegen
instanceKlass org/apache/spark/sql/execution/streaming/operators/stateful/StateStoreWriter
instanceKlass org/apache/spark/sql/execution/python/PythonSQLMetrics
instanceKlass org/apache/spark/sql/execution/streaming/operators/stateful/WatermarkSupport
instanceKlass org/apache/spark/sql/execution/streaming/operators/stateful/StateStoreReader
instanceKlass org/apache/spark/sql/execution/streaming/operators/stateful/StatefulOperator
instanceKlass org/apache/spark/sql/execution/aggregate/BaseAggregateExec
instanceKlass org/apache/spark/sql/execution/aggregate/AggUtils$
instanceKlass org/apache/spark/sql/catalyst/expressions/ExpressionSet
instanceKlass org/apache/spark/sql/catalyst/expressions/ExpressionStats
instanceKlass scala/runtime/java8/JFunction2$mcIII$sp
instanceKlass org/apache/spark/sql/catalyst/expressions/ExpressionEquals
instanceKlass org/apache/spark/sql/catalyst/expressions/EquivalentExpressions$
instanceKlass org/apache/spark/sql/catalyst/expressions/EquivalentExpressions
instanceKlass org/apache/spark/sql/catalyst/planning/PhysicalAggregation$
instanceKlass org/apache/spark/sql/execution/UnsafeRowSerializer$
instanceKlass org/apache/spark/sql/execution/SparkPlan$
instanceKlass org/apache/spark/sql/catalyst/plans/physical/Partitioning
instanceKlass org/apache/spark/sql/execution/datasources/v2/AppendWrite$
instanceKlass org/apache/spark/sql/catalyst/plans/logical/BaseEvalPythonUDTF
instanceKlass org/apache/spark/sql/execution/BaseLimitExec
instanceKlass org/apache/spark/sql/execution/window/WindowGroupLimitMode
instanceKlass org/apache/spark/sql/execution/LimitExec
instanceKlass org/apache/spark/sql/sources/Filter
instanceKlass org/apache/spark/sql/connector/catalog/Dependency
instanceKlass org/apache/spark/sql/execution/datasources/v2/DataSourceV2ScanExecBase
instanceKlass org/apache/spark/sql/execution/datasources/v2/SupportsCustomDriverMetrics
instanceKlass org/apache/spark/sql/catalyst/planning/GenericStrategy
instanceKlass org/apache/spark/sql/execution/ColumnarToRowTransition
instanceKlass org/apache/spark/sql/execution/RowToColumnarTransition
instanceKlass org/apache/spark/sql/execution/FileSourceScanLike
instanceKlass org/apache/spark/sql/execution/DataSourceScanExec
instanceKlass org/apache/spark/sql/catalyst/plans/physical/ShuffleSpec
instanceKlass org/apache/spark/sql/execution/exchange/ShuffleOrigin
instanceKlass org/apache/spark/sql/execution/exchange/BroadcastExchangeLike
instanceKlass org/apache/spark/sql/execution/exchange/ShuffleExchangeLike
instanceKlass org/apache/spark/sql/catalyst/plans/physical/Distribution
instanceKlass org/apache/spark/sql/execution/joins/HashJoin
instanceKlass org/apache/spark/sql/catalyst/plans/physical/BroadcastMode
instanceKlass org/apache/spark/sql/execution/joins/ShuffledJoin
instanceKlass org/apache/spark/sql/execution/joins/JoinCodegenSupport
instanceKlass org/apache/spark/sql/execution/joins/BaseJoinExec
instanceKlass org/apache/spark/sql/execution/BinaryExecNode
instanceKlass org/apache/spark/sql/execution/adaptive/AdaptiveExecutionContext
instanceKlass org/apache/spark/sql/catalyst/optimizer/PlanMerger
instanceKlass org/apache/spark/sql/catalyst/planning/DeltaBasedRowLevelOperation$
instanceKlass org/apache/spark/sql/catalyst/util/ResolveDefaultColumnsUtils$
instanceKlass org/apache/spark/sql/catalyst/util/ResolveDefaultColumns$
instanceKlass org/apache/spark/sql/catalyst/util/ResolveDefaultColumnsUtils
instanceKlass org/apache/spark/sql/execution/datasources/VariantInRelation
instanceKlass org/apache/spark/sql/execution/datasources/CatalogFileIndex
instanceKlass org/apache/spark/sql/connector/write/Write
instanceKlass org/apache/spark/sql/connector/write/BatchWrite
instanceKlass org/apache/spark/sql/catalyst/plans/logical/OffsetAndLimit$
instanceKlass org/apache/spark/sql/catalyst/planning/PhysicalOperation$
instanceKlass org/apache/spark/sql/catalyst/planning/GroupBasedRowLevelOperation$
instanceKlass org/apache/spark/sql/catalyst/planning/RowLevelOperationExtractor
instanceKlass org/apache/spark/sql/catalyst/expressions/SchemaPruning$RootField
instanceKlass org/apache/spark/sql/catalyst/expressions/SchemaPruning$
instanceKlass org/apache/spark/sql/execution/datasources/LogicalRelationWithTable$
instanceKlass org/apache/spark/sql/catalyst/planning/ScanOperation$
instanceKlass org/apache/spark/sql/catalyst/planning/OperationHelper
instanceKlass org/apache/spark/sql/catalyst/plans/logical/RowLevelWrite
instanceKlass org/apache/spark/sql/execution/datasources/v2/OptimizeMetadataOnlyDeleteFromTable$RewrittenRowLevelCommand$
instanceKlass org/apache/spark/sql/catalyst/expressions/aggregate/Count$
instanceKlass org/apache/spark/sql/catalyst/expressions/SubqueryExpression$
instanceKlass org/apache/spark/sql/catalyst/optimizer/NestedColumnAliasing$
instanceKlass org/apache/spark/sql/catalyst/optimizer/GeneratorNestedColumnAliasing$
instanceKlass org/apache/spark/sql/catalyst/expressions/IntegerLiteral$
instanceKlass org/apache/spark/sql/catalyst/plans/logical/LogicalPlanIntegrity$
instanceKlass org/apache/spark/sql/catalyst/util/MapData
instanceKlass org/apache/spark/sql/catalyst/plans/logical/SequentialOrSimpleUnion$
instanceKlass org/apache/spark/sql/catalyst/plans/QueryPlan$$anon$1
instanceKlass org/apache/spark/sql/catalyst/util/SparkDateTimeUtils$
instanceKlass org/apache/spark/sql/catalyst/optimizer/InsertMapSortExpression$
instanceKlass org/apache/spark/sql/catalyst/expressions/DynamicPruning
instanceKlass org/apache/spark/sql/connector/write/LogicalWriteInfo
instanceKlass org/apache/spark/sql/connector/read/Scan
instanceKlass org/apache/spark/sql/catalyst/analysis/CastSupport
instanceKlass org/apache/spark/sql/catalyst/analysis/HintErrorLogger$
instanceKlass org/apache/spark/sql/catalyst/optimizer/BuildSide
instanceKlass org/apache/spark/sql/catalyst/optimizer/JoinSelectionHelper
instanceKlass org/apache/spark/sql/execution/CacheManager$
instanceKlass org/apache/spark/sql/catalyst/plans/QueryPlan$$anon$2
instanceKlass org/apache/spark/sql/util/SchemaValidationMode$ALLOW_NEW_FIELDS$
instanceKlass org/apache/spark/sql/util/SchemaValidationMode
instanceKlass org/apache/spark/sql/execution/datasources/v2/V2TableRefreshUtil$
instanceKlass org/apache/spark/sql/catalyst/analysis/UnsupportedOperationChecker$
instanceKlass org/apache/spark/sql/execution/ExplainUtils$
instanceKlass org/apache/spark/sql/execution/FormattedMode$
instanceKlass org/apache/spark/sql/execution/CostMode$
instanceKlass org/apache/spark/sql/execution/CodegenMode$
instanceKlass org/apache/spark/sql/execution/ExtendedMode$
instanceKlass org/apache/spark/sql/execution/SimpleMode$
instanceKlass org/apache/spark/sql/execution/ExplainMode$
instanceKlass org/apache/spark/sql/execution/SparkPlanInfo
instanceKlass org/apache/spark/sql/execution/SparkPlanInfo$
instanceKlass org/apache/spark/sql/execution/ui/SparkListenerSQLExecutionStart
instanceKlass org/apache/spark/sql/artifact/ArtifactManager$StateCleanupRunner
instanceKlass org/apache/spark/sql/artifact/ArtifactStateForCleanup
instanceKlass jdk/internal/ref/CleanerImpl$InnocuousThreadFactory
instanceKlass org/apache/spark/sql/artifact/ArtifactManager$
instanceKlass org/apache/spark/sql/util/ArtifactUtils$
instanceKlass org/apache/spark/sql/catalyst/plans/logical/Limit$
instanceKlass org/apache/spark/sql/catalyst/analysis/resolver/ResolverTag$
instanceKlass org/apache/spark/sql/catalyst/analysis/AliasResolution$
instanceKlass org/apache/spark/sql/internal/InvokeInlineUserDefinedFunction
instanceKlass org/apache/spark/sql/internal/CaseWhenOtherwise
instanceKlass org/apache/spark/sql/internal/UpdateFields
instanceKlass org/apache/spark/sql/internal/UnresolvedExtractValue
instanceKlass org/apache/spark/sql/internal/UnresolvedNamedLambdaVariable
instanceKlass org/apache/spark/sql/internal/LambdaFunction
instanceKlass org/apache/spark/sql/internal/Window
instanceKlass org/apache/spark/sql/internal/SortOrder
instanceKlass org/apache/spark/sql/internal/SqlExpression
instanceKlass org/apache/spark/sql/internal/Cast
instanceKlass org/apache/spark/sql/classic/ExpressionColumnNode
instanceKlass org/apache/spark/sql/classic/ExpressionColumnNode$
instanceKlass org/apache/spark/sql/catalyst/expressions/ToStringBase$$anonfun$getBinaryFormatter$10
instanceKlass org/apache/spark/sql/catalyst/expressions/BinaryParser
instanceKlass org/apache/spark/sql/catalyst/expressions/ToStringBase$
instanceKlass org/apache/spark/sql/catalyst/expressions/ToStringBase$$anonfun$binaryFormatter$2
instanceKlass org/apache/spark/sql/classic/ClassicConversions$ColumnConstructorExt
instanceKlass org/apache/spark/sql/catalyst/expressions/ExprId$
instanceKlass org/apache/spark/sql/catalyst/expressions/aggregate/Partial$
instanceKlass org/apache/spark/sql/catalyst/expressions/aggregate/Final$
instanceKlass org/apache/spark/sql/catalyst/expressions/aggregate/PartialMerge$
instanceKlass org/apache/spark/sql/catalyst/expressions/ExprUtils$
instanceKlass org/apache/spark/sql/catalyst/plans/logical/Project$
instanceKlass org/apache/commons/lang3/ArrayUtils
instanceKlass org/apache/commons/lang3/ClassUtils
instanceKlass org/apache/spark/sql/catalyst/expressions/aggregate/Complete$
instanceKlass org/apache/spark/sql/catalyst/expressions/aggregate/AggregateExpression$
instanceKlass org/apache/spark/sql/catalyst/catalog/SessionCatalog$Temp$
instanceKlass org/apache/spark/sql/catalyst/catalog/SessionCatalog$Builtin$
instanceKlass org/apache/spark/sql/catalyst/catalog/SessionCatalog$SessionFunctionKind
instanceKlass org/apache/spark/sql/catalyst/analysis/FunctionResolution$
instanceKlass org/apache/spark/sql/catalyst/expressions/LiteralTreeBits$
instanceKlass org/apache/spark/sql/catalyst/plans/logical/Aggregate$
instanceKlass org/apache/spark/sql/execution/aggregate/TypedAggregateExpression
instanceKlass org/apache/spark/sql/catalyst/encoders/AgnosticEncoders$TransformingEncoder
instanceKlass org/apache/spark/sql/catalyst/DeserializerBuildHelper$
instanceKlass org/apache/spark/sql/catalyst/expressions/package$
instanceKlass org/apache/spark/sql/catalyst/CatalystTypeConverters$CatalystTypeConverter
instanceKlass org/apache/spark/sql/catalyst/CatalystTypeConverters$
instanceKlass org/apache/spark/sql/catalyst/util/QuotingUtils$
instanceKlass sun/security/util/ManifestEntryVerifier$SunProviderHolder
instanceKlass java/util/Base64$Encoder
instanceKlass java/util/Base64$Decoder
instanceKlass java/util/Base64
instanceKlass java/security/interfaces/RSAKey
instanceKlass javax/crypto/SecretKey
instanceKlass sun/security/util/Length
instanceKlass sun/security/util/KeyUtil
instanceKlass java/security/interfaces/XECKey
instanceKlass java/security/interfaces/ECKey
instanceKlass sun/security/util/JarConstraintsParameters
instanceKlass sun/security/util/ConstraintsParameters
instanceKlass java/security/cert/CertPath
instanceKlass java/math/MutableBigInteger
instanceKlass java/security/spec/DSAParameterSpec
instanceKlass java/security/interfaces/DSAParams
instanceKlass java/security/interfaces/DSAPrivateKey
instanceKlass java/security/PrivateKey
instanceKlass javax/security/auth/Destroyable
instanceKlass java/security/Signature$1
instanceKlass jdk/internal/access/JavaSecuritySignatureAccess
instanceKlass java/security/SignatureSpi
instanceKlass sun/security/x509/OIDMap$OIDInfo
instanceKlass sun/security/x509/OIDMap
instanceKlass sun/security/x509/PKIXExtensions
instanceKlass jdk/internal/icu/util/CodePointTrie$Data
instanceKlass jdk/internal/icu/util/CodePointTrie$1
instanceKlass jdk/internal/icu/util/CodePointMap
instanceKlass jdk/internal/icu/util/VersionInfo
instanceKlass jdk/internal/icu/impl/ICUBinary$1
instanceKlass jdk/internal/icu/impl/ICUBinary
instanceKlass jdk/internal/icu/impl/NormalizerImpl$IsAcceptable
instanceKlass jdk/internal/icu/impl/ICUBinary$Authenticate
instanceKlass jdk/internal/icu/impl/NormalizerImpl
instanceKlass jdk/internal/icu/impl/Norm2AllModes$Norm2AllModesSingleton
instanceKlass jdk/internal/icu/impl/Norm2AllModes$NFKCSingleton
instanceKlass jdk/internal/icu/impl/Norm2AllModes
instanceKlass jdk/internal/icu/text/Normalizer2
instanceKlass jdk/internal/icu/text/NormalizerBase$ModeImpl
instanceKlass jdk/internal/icu/text/NormalizerBase$NFKDModeImpl
instanceKlass jdk/internal/icu/text/NormalizerBase$1
instanceKlass jdk/internal/icu/text/NormalizerBase$Mode
instanceKlass jdk/internal/icu/text/NormalizerBase
instanceKlass java/text/Normalizer
instanceKlass sun/security/x509/AVAKeyword
instanceKlass sun/security/util/SignatureUtil
instanceKlass sun/security/x509/CertificateExtensions
instanceKlass sun/security/pkcs/PKCS9Attribute
instanceKlass sun/security/pkcs/PKCS9Attributes
instanceKlass sun/security/util/DisabledAlgorithmConstraints$Constraints$Holder
instanceKlass sun/security/util/DisabledAlgorithmConstraints$1
instanceKlass sun/security/util/DisabledAlgorithmConstraints$Constraint
instanceKlass sun/security/util/DisabledAlgorithmConstraints$Constraints
instanceKlass sun/security/util/AlgorithmDecomposer
instanceKlass sun/security/util/DisabledAlgorithmConstraints$JarHolder
instanceKlass sun/security/pkcs/SignerInfo
instanceKlass jdk/internal/event/EventHelper
instanceKlass sun/security/jca/JCAUtil
instanceKlass sun/security/util/MemoryCache$CacheEntry
instanceKlass sun/security/x509/X509AttributeName
instanceKlass sun/security/util/IOUtils
instanceKlass java/security/interfaces/DSAPublicKey
instanceKlass java/security/interfaces/DSAKey
instanceKlass java/security/spec/DSAPublicKeySpec
instanceKlass java/security/KeyFactorySpi
instanceKlass sun/security/jca/ProviderList$ServiceList$1
instanceKlass java/security/KeyFactory
instanceKlass java/security/spec/EncodedKeySpec$1
instanceKlass jdk/internal/access/JavaSecuritySpecAccess
instanceKlass java/security/spec/EncodedKeySpec
instanceKlass java/security/spec/KeySpec
instanceKlass sun/security/util/BitArray
instanceKlass java/security/AlgorithmParametersSpi
instanceKlass java/security/AlgorithmParameters
instanceKlass sun/security/x509/X509Key
instanceKlass java/security/PublicKey
instanceKlass sun/security/x509/CertificateX509Key
instanceKlass sun/security/x509/CertificateValidity
instanceKlass sun/security/x509/AVA
instanceKlass sun/security/x509/RDN
instanceKlass javax/security/auth/x500/X500Principal
instanceKlass sun/security/x509/X500Name$1
instanceKlass sun/security/x509/X500Name
instanceKlass sun/security/x509/GeneralNameInterface
instanceKlass sun/security/x509/CertificateAlgorithmId
instanceKlass sun/security/x509/SerialNumber
instanceKlass sun/security/x509/CertificateSerialNumber
instanceKlass sun/security/x509/CertificateVersion
instanceKlass sun/security/x509/X509CertInfo
instanceKlass sun/security/x509/CertAttrSet
instanceKlass sun/security/util/Cache$EqualByteArray
instanceKlass sun/security/util/Cache
instanceKlass java/security/cert/CertificateFactorySpi
instanceKlass java/security/cert/CertificateFactory
instanceKlass sun/security/x509/AlgorithmId
instanceKlass sun/security/util/DerValue
instanceKlass sun/security/pkcs/ContentInfo
instanceKlass sun/security/util/DerInputStream
instanceKlass sun/security/pkcs/PKCS7
instanceKlass sun/security/util/ManifestDigester$Section
instanceKlass sun/security/util/ManifestDigester$Entry
instanceKlass sun/security/util/ManifestDigester$Position
instanceKlass sun/security/util/ManifestDigester
instanceKlass sun/security/util/ManifestEntryVerifier
instanceKlass org/apache/spark/sql/errors/QueryExecutionErrors$
instanceKlass org/apache/spark/sql/catalyst/encoders/AgnosticEncoders$ProductEncoder
instanceKlass org/apache/spark/sql/catalyst/encoders/AgnosticEncoders$MapEncoder
instanceKlass org/apache/spark/sql/catalyst/encoders/AgnosticEncoders$OptionEncoder
instanceKlass org/apache/spark/sql/catalyst/encoders/AgnosticEncoders$EnumEncoder
instanceKlass org/apache/spark/sql/catalyst/encoders/AgnosticExpressionPathEncoder
instanceKlass org/apache/spark/sql/catalyst/InternalRow$
instanceKlass org/apache/spark/sql/catalyst/encoders/EncoderUtils$
instanceKlass org/apache/spark/sql/catalyst/expressions/objects/SerializerSupport
instanceKlass org/apache/spark/sql/catalyst/SerializerBuildHelper$
instanceKlass org/apache/spark/sql/catalyst/encoders/ExpressionEncoder$
instanceKlass org/apache/spark/sql/catalyst/encoders/package$
instanceKlass org/apache/spark/sql/classic/TypedAggUtils$
instanceKlass org/apache/spark/sql/catalyst/expressions/Alias$
instanceKlass org/apache/spark/sql/catalyst/analysis/UnresolvedFunction$
instanceKlass org/apache/spark/sql/internal/UnresolvedRegex
instanceKlass org/apache/spark/sql/internal/UnresolvedStar
instanceKlass org/apache/spark/sql/internal/Alias
instanceKlass org/apache/spark/sql/internal/UnresolvedFunction
instanceKlass org/apache/spark/sql/catalyst/expressions/PythonFuncExpression
instanceKlass org/apache/spark/sql/classic/RelationalGroupedDataset$GroupByType$
instanceKlass org/apache/spark/sql/classic/RelationalGroupedDataset$
instanceKlass org/apache/spark/sql/catalyst/util/package$MetadataColumnHelper
instanceKlass org/apache/spark/sql/catalyst/expressions/package$AttributeSeq$
instanceKlass org/apache/spark/sql/catalyst/plans/logical/LogicalPlan$
instanceKlass org/apache/spark/sql/internal/Literal
instanceKlass org/apache/spark/sql/classic/ExpressionUtils$
instanceKlass org/apache/spark/sql/catalyst/util/AttributeNameParser$
instanceKlass org/apache/spark/sql/catalyst/util/AttributeNameParser
instanceKlass org/apache/spark/sql/internal/UnresolvedAttribute
instanceKlass org/apache/spark/sql/internal/UnresolvedAttribute$
instanceKlass org/apache/spark/sql/catalyst/trees/PySparkCurrentOrigin$
instanceKlass org/apache/spark/sql/internal/SortOrder$SortDirection
instanceKlass org/apache/spark/sql/internal/SortOrder$NullOrdering
instanceKlass org/apache/spark/sql/Column$
instanceKlass org/apache/spark/sql/api/java/UDF7
instanceKlass org/apache/spark/sql/api/java/UDF6
instanceKlass org/apache/spark/sql/api/java/UDF5
instanceKlass org/apache/spark/sql/api/java/UDF4
instanceKlass org/apache/spark/sql/api/java/UDF8
instanceKlass org/apache/spark/sql/api/java/UDF9
instanceKlass org/apache/spark/sql/api/java/UDF10
instanceKlass org/apache/spark/sql/api/java/UDF0
instanceKlass org/apache/spark/sql/api/java/UDF1
instanceKlass org/apache/spark/sql/api/java/UDF3
instanceKlass org/apache/spark/sql/api/java/UDF2
instanceKlass org/apache/spark/sql/expressions/Aggregator
instanceKlass org/apache/spark/sql/functions
instanceKlass sun/nio/ch/ExtendedSocketOption$1
instanceKlass sun/nio/ch/ExtendedSocketOption
instanceKlass sun/nio/ch/OptionKey
instanceKlass sun/nio/ch/SocketOptionRegistry$LazyInitialization
instanceKlass sun/nio/ch/SocketOptionRegistry$RegistryKey
instanceKlass sun/nio/ch/SocketOptionRegistry
instanceKlass org/json4s/BuildInfo$
instanceKlass org/json4s/jackson/Json4sModule$
instanceKlass org/json4s/JObject$
instanceKlass org/json4s/JField$
instanceKlass org/json4s/JBool$
instanceKlass org/json4s/JsonAST$
instanceKlass org/json4s/JsonListAssoc$
instanceKlass org/json4s/JsonDSL$
instanceKlass org/json4s/DoubleMode
instanceKlass org/json4s/JsonDSL
instanceKlass org/json4s/Implicits
instanceKlass org/json4s/JsonAssoc$
instanceKlass org/apache/spark/util/SparkSchemaUtils$
instanceKlass org/apache/spark/sql/catalyst/util/StringConcat$
instanceKlass org/apache/xbean/asm9/FieldVisitor
instanceKlass org/apache/parquet/schema/DecimalMetadata
instanceKlass org/apache/spark/sql/execution/ui/SQLAppStatusListener$
instanceKlass scala/runtime/java8/JFunction1$mcJI$sp
instanceKlass scala/util/hashing/MurmurHash3$accum$1
instanceKlass org/apache/spark/storage/BlockStatus$
instanceKlass org/apache/spark/sql/catalyst/analysis/TypeCoercionValidation$
instanceKlass org/apache/spark/storage/BlockManagerMessages$DecommissionBlockManager$
instanceKlass org/apache/spark/storage/BlockManagerMessages$RemoveBlock
instanceKlass scala/collection/concurrent/TrieMapIterator$
instanceKlass scala/collection/concurrent/RDCSS_Descriptor
instanceKlass org/apache/spark/storage/BlockManagerMessages$RemoveShuffle
instanceKlass org/apache/spark/storage/BlockManagerMessages$RemoveRdd
instanceKlass org/apache/spark/storage/BlockManagerMessages$GetMatchingBlockIds
instanceKlass org/apache/spark/storage/BlockManagerMessages$IsExecutorAlive
instanceKlass org/apache/spark/storage/BlockManagerMessages$RemoveShufflePushMergerLocation
instanceKlass org/apache/spark/storage/BlockManagerMessages$GetShufflePushMergerLocations
instanceKlass org/apache/spark/storage/BlockManagerMessages$GetBlockStatus
instanceKlass org/apache/spark/storage/BlockManagerMessages$GetStorageStatus$
instanceKlass org/apache/spark/storage/BlockManagerMessages$GetMemoryStatus$
instanceKlass org/apache/spark/storage/BlockManagerMessages$GetExecutorEndpointRef
instanceKlass org/apache/spark/storage/BlockManagerMessages$GetPeers
instanceKlass org/apache/spark/storage/BlockManagerMessages$GetLocationsMultipleBlockIds
instanceKlass org/apache/spark/storage/BlockManagerMessages$GetLocationsAndStatus
instanceKlass org/apache/spark/storage/BlockManagerMessages$GetLocations
instanceKlass org/apache/spark/storage/BlockManagerMessages$RemoveBroadcast
instanceKlass org/apache/spark/storage/BlockManagerMessages$ToBlockManagerMasterStorageEndpoint
instanceKlass org/apache/spark/sql/catalyst/expressions/AttributeEquals
instanceKlass org/apache/spark/sql/catalyst/expressions/AttributeSet$
instanceKlass org/apache/spark/CleanerListener
instanceKlass org/apache/spark/CleanShuffle
instanceKlass org/apache/spark/CleanRDD
instanceKlass org/apache/spark/sql/types/DataType$
instanceKlass org/apache/spark/sql/types/StringHelper$
instanceKlass org/apache/spark/sql/catalyst/encoders/AgnosticEncoders$EncoderField
instanceKlass org/apache/spark/sql/catalyst/encoders/AgnosticEncoders$BaseRowEncoder
instanceKlass org/apache/spark/sql/catalyst/encoders/AgnosticEncoders$StructEncoder
instanceKlass org/apache/spark/sql/catalyst/types/ops/TypeApiOps
instanceKlass org/apache/spark/sql/catalyst/types/ops/TypeApiOps$
instanceKlass org/apache/spark/sql/catalyst/encoders/RowEncoder$
instanceKlass scala/math/LowPriorityOrderingImplicits$$anon$2
instanceKlass org/apache/spark/sql/catalyst/plans/logical/Union$
instanceKlass org/apache/spark/sql/internal/SubqueryExpression
instanceKlass org/apache/spark/sql/internal/ColumnNode
instanceKlass org/apache/spark/sql/internal/ColumnNodeLike
instanceKlass org/apache/spark/api/java/function/ForeachFunction
instanceKlass org/apache/spark/api/java/function/ReduceFunction
instanceKlass org/apache/spark/sql/TableArg
instanceKlass org/apache/spark/sql/Observation
instanceKlass org/apache/spark/sql/execution/arrow/ArrowBatchStreamWriter
instanceKlass org/apache/spark/sql/execution/CachedData
instanceKlass org/apache/spark/sql/execution/arrow/ArrowConverters$ArrowBatchIterator
instanceKlass org/apache/spark/sql/catalyst/encoders/ExpressionEncoder
instanceKlass org/apache/spark/sql/catalyst/encoders/ToAgnosticEncoder
instanceKlass org/apache/spark/api/java/function/MapPartitionsFunction
instanceKlass org/apache/spark/api/java/function/ForeachPartitionFunction
instanceKlass org/apache/spark/api/java/function/FlatMapFunction
instanceKlass org/apache/spark/api/java/function/FilterFunction
instanceKlass org/apache/spark/api/java/function/MapFunction
instanceKlass org/apache/spark/util/NextIterator
instanceKlass org/apache/spark/sql/streaming/DataStreamWriter
instanceKlass org/apache/spark/sql/DataFrameNaFunctions
instanceKlass org/apache/spark/sql/KeyValueGroupedDataset
instanceKlass org/apache/spark/sql/MergeIntoWriter
instanceKlass org/apache/spark/sql/classic/RelationalGroupedDataset$GroupType
instanceKlass org/apache/spark/sql/RelationalGroupedDataset
instanceKlass org/apache/spark/sql/DataFrameStatFunctions
instanceKlass org/apache/spark/sql/DataFrameWriterV2
instanceKlass org/apache/spark/sql/CreateTableWriter
instanceKlass org/apache/spark/sql/WriteConfigMethods
instanceKlass org/apache/spark/sql/DataFrameWriter
instanceKlass org/apache/spark/sql/internal/SubqueryType
instanceKlass org/apache/spark/sql/catalyst/QueryPlanningTrackerCallback
instanceKlass org/apache/spark/sql/catalyst/QueryPlanningTracker$PhaseSummary
instanceKlass org/apache/spark/sql/catalyst/analysis/PreemptedError$ErrorWithPriority
instanceKlass org/apache/spark/sql/catalyst/plans/logical/PlanHelper$
instanceKlass org/apache/spark/sql/catalyst/analysis/Parameter
instanceKlass org/apache/spark/sql/catalyst/plans/logical/ColumnDefinition$
instanceKlass org/apache/spark/sql/catalyst/plans/logical/AnalysisHelper$$anon$1
instanceKlass org/apache/spark/sql/catalyst/analysis/ApplyCharTypePaddingHelper$
instanceKlass org/apache/spark/sql/catalyst/analysis/AnsiGetDateFieldOperationsTypeCoercion$
instanceKlass org/apache/spark/sql/catalyst/analysis/TypeCoercionHelper$WindowFrameTypeCoercion$
instanceKlass org/apache/spark/sql/catalyst/analysis/TypeCoercionHelper$AnsiDateTimeOperationsTypeCoercion$
instanceKlass org/apache/spark/sql/catalyst/analysis/TypeCoercionHelper$ImplicitTypeCoercion$
instanceKlass org/apache/spark/sql/catalyst/analysis/IntegralDivisionTypeCoercion$
instanceKlass org/apache/spark/sql/catalyst/analysis/DivisionTypeCoercion$
instanceKlass org/apache/spark/sql/catalyst/analysis/StackTypeCoercion$
instanceKlass org/apache/spark/sql/catalyst/analysis/TypeCoercionHelper$IfTypeCoercion$
instanceKlass org/apache/spark/sql/catalyst/analysis/TypeCoercionHelper$CaseWhenTypeCoercion$
instanceKlass org/apache/spark/sql/catalyst/analysis/TypeCoercionHelper$EltTypeCoercion$
instanceKlass org/apache/spark/sql/catalyst/analysis/TypeCoercionHelper$MapZipWithTypeCoercion$
instanceKlass org/apache/spark/sql/catalyst/analysis/TypeCoercionHelper$ConcatTypeCoercion$
instanceKlass org/apache/spark/sql/catalyst/analysis/TypeCoercionHelper$FunctionArgumentTypeCoercion$
instanceKlass org/apache/spark/sql/catalyst/analysis/DecimalPrecisionTypeCoercion$
instanceKlass org/apache/spark/sql/catalyst/analysis/AnsiStringPromotionTypeCoercion$
instanceKlass org/apache/spark/sql/catalyst/analysis/TypeCoercionHelper$InTypeCoercion$
instanceKlass org/apache/spark/sql/catalyst/expressions/AttributeReferenceTreeBits$
instanceKlass org/apache/spark/sql/catalyst/analysis/TypeCheckResult$TypeCheckSuccess$
instanceKlass org/apache/spark/sql/execution/datasources/ResolveSQLOnFile$UnresolvedRelationResolution$
instanceKlass org/apache/spark/sql/catalyst/expressions/ExprId
instanceKlass org/apache/spark/sql/catalyst/expressions/NamedExpression$
instanceKlass org/apache/spark/sql/catalyst/expressions/AttributeReference$
instanceKlass org/apache/spark/sql/catalyst/types/DataTypeUtils$
instanceKlass org/apache/spark/sql/catalyst/util/CharVarcharUtils$
instanceKlass org/apache/spark/sql/catalyst/util/SparkCharVarcharUtils
instanceKlass org/apache/spark/sql/catalyst/util/TypeUtils$
instanceKlass org/json4s/DefaultFormats$$anon$2
instanceKlass org/json4s/DefaultFormats$$anon$1
instanceKlass org/json4s/prefs/EmptyValueStrategy$$anon$2
instanceKlass org/json4s/prefs/EmptyValueStrategy$$anon$1
instanceKlass org/json4s/prefs/EmptyValueStrategy
instanceKlass org/json4s/prefs/EmptyValueStrategy$
instanceKlass org/json4s/reflect/ParanamerReader$
instanceKlass org/json4s/DateFormat
instanceKlass org/json4s/DefaultFormats$
instanceKlass org/json4s/DefaultFormats
instanceKlass org/json4s/prefs/ExtractionNullStrategy
instanceKlass org/json4s/reflect/ParameterNameReader
instanceKlass org/json4s/Serialization$$anon$1
instanceKlass org/json4s/NoTypeHints$
instanceKlass org/json4s/jackson/JsonMethods$
instanceKlass org/json4s/jackson/JsonMethods
instanceKlass org/json4s/JsonMethods
instanceKlass org/json4s/JsonInput
instanceKlass org/json4s/jackson/JacksonSerialization
instanceKlass org/json4s/Serialization
instanceKlass org/json4s/TypeHints
instanceKlass org/apache/spark/sql/execution/datasources/DataSourceUtils$
instanceKlass org/apache/spark/sql/util/SchemaUtils$
instanceKlass org/apache/spark/Resubmitted$
instanceKlass org/apache/spark/util/kvstore/ArrayWrappers$ComparableObjectArray
instanceKlass org/apache/spark/status/ExecutorStageSummaryWrapper
instanceKlass org/apache/spark/scheduler/JobSucceeded$
instanceKlass org/apache/spark/status/api/v1/ExecutorStageSummary
instanceKlass org/apache/spark/executor/TaskMetrics$
instanceKlass org/apache/spark/util/LastAttemptAccumulator
instanceKlass org/apache/spark/scheduler/GettingResultEvent
instanceKlass org/apache/spark/scheduler/UnschedulableTaskSetRemoved
instanceKlass org/apache/spark/scheduler/UnschedulableTaskSetAdded
instanceKlass org/apache/spark/scheduler/SpeculativeTaskSubmitted
instanceKlass org/apache/spark/scheduler/CompletionEvent
instanceKlass org/apache/spark/Success$
instanceKlass org/sparkproject/guava/primitives/UnsignedBytes
instanceKlass org/apache/spark/scheduler/TaskResultGetter$$anon$3
instanceKlass org/apache/spark/network/util/ByteArrayWritableChannel
instanceKlass org/apache/spark/scheduler/DirectTaskResult
instanceKlass org/apache/spark/scheduler/TaskResult
instanceKlass org/apache/spark/util/io/ChunkedByteBuffer$
instanceKlass org/apache/spark/serializer/SerializerHelper$
instanceKlass org/sparkproject/guava/collect/ForwardingObject
instanceKlass org/sparkproject/guava/collect/Multiset$Entry
instanceKlass org/apache/spark/sql/execution/datasources/parquet/ParquetColumn
instanceKlass org/apache/spark/sql/execution/datasources/parquet/ParquetColumn$
instanceKlass org/apache/parquet/schema/Type$ID
instanceKlass org/apache/parquet/column/ColumnDescriptor
instanceKlass org/apache/parquet/filter2/compat/FilterCompat$Visitor
instanceKlass org/apache/parquet/io/RecordReader
instanceKlass org/apache/parquet/io/api/RecordConsumer
instanceKlass org/apache/parquet/io/ColumnIOFactory$ColumnIOCreatorVisitor
instanceKlass org/apache/parquet/io/ColumnIOFactory
instanceKlass org/apache/spark/sql/execution/datasources/parquet/ParquetReadSupport$
instanceKlass org/apache/hadoop/fs/statistics/impl/EvaluatingStatisticsMap$EntryImpl
instanceKlass shaded/parquet/com/fasterxml/jackson/databind/ser/BeanSerializerModifier
instanceKlass shaded/parquet/com/fasterxml/jackson/databind/ser/Serializers
instanceKlass shaded/parquet/com/fasterxml/jackson/databind/cfg/SerializerFactoryConfig
instanceKlass shaded/parquet/com/fasterxml/jackson/databind/ser/std/StdJdkSerializers
instanceKlass shaded/parquet/com/fasterxml/jackson/databind/ser/std/NumberSerializers
instanceKlass shaded/parquet/com/fasterxml/jackson/databind/deser/DeserializerCache
instanceKlass shaded/parquet/com/fasterxml/jackson/databind/KeyDeserializer
instanceKlass shaded/parquet/com/fasterxml/jackson/databind/deser/std/StdKeyDeserializers
instanceKlass shaded/parquet/com/fasterxml/jackson/databind/deser/KeyDeserializers
instanceKlass shaded/parquet/com/fasterxml/jackson/databind/deser/ValueInstantiators
instanceKlass shaded/parquet/com/fasterxml/jackson/databind/AbstractTypeResolver
instanceKlass shaded/parquet/com/fasterxml/jackson/databind/deser/BeanDeserializerModifier
instanceKlass shaded/parquet/com/fasterxml/jackson/databind/cfg/DeserializerFactoryConfig
instanceKlass shaded/parquet/com/fasterxml/jackson/databind/deser/Deserializers
instanceKlass shaded/parquet/com/fasterxml/jackson/annotation/ObjectIdGenerator
instanceKlass shaded/parquet/com/fasterxml/jackson/databind/deser/ValueInstantiator$Gettable
instanceKlass shaded/parquet/com/fasterxml/jackson/databind/deser/ContextualDeserializer
instanceKlass shaded/parquet/com/fasterxml/jackson/databind/deser/ResolvableDeserializer
instanceKlass shaded/parquet/com/fasterxml/jackson/databind/JsonDeserializer
instanceKlass shaded/parquet/com/fasterxml/jackson/databind/deser/NullValueProvider
instanceKlass shaded/parquet/com/fasterxml/jackson/databind/ser/SerializerCache
instanceKlass shaded/parquet/com/fasterxml/jackson/databind/ser/ResolvableSerializer
instanceKlass shaded/parquet/com/fasterxml/jackson/databind/ser/ContextualSerializer
instanceKlass shaded/parquet/com/fasterxml/jackson/databind/jsonschema/SchemaAware
instanceKlass shaded/parquet/com/fasterxml/jackson/databind/JsonSerializer
instanceKlass shaded/parquet/com/fasterxml/jackson/databind/jsonFormatVisitors/JsonFormatVisitable
instanceKlass shaded/parquet/com/fasterxml/jackson/databind/node/JsonNodeFactory
instanceKlass shaded/parquet/com/fasterxml/jackson/databind/node/JsonNodeCreator
instanceKlass shaded/parquet/com/fasterxml/jackson/databind/cfg/ContextAttributes
instanceKlass shaded/parquet/com/fasterxml/jackson/databind/cfg/DatatypeFeature
instanceKlass shaded/parquet/com/fasterxml/jackson/databind/cfg/DatatypeFeatures$DefaultHolder
instanceKlass shaded/parquet/com/fasterxml/jackson/databind/cfg/DatatypeFeatures
instanceKlass shaded/parquet/com/fasterxml/jackson/core/util/DefaultPrettyPrinter$NopIndenter
instanceKlass shaded/parquet/com/fasterxml/jackson/core/util/Separators
instanceKlass shaded/parquet/com/fasterxml/jackson/core/util/DefaultPrettyPrinter$Indenter
instanceKlass shaded/parquet/com/fasterxml/jackson/core/util/DefaultPrettyPrinter
instanceKlass shaded/parquet/com/fasterxml/jackson/core/util/Instantiatable
instanceKlass shaded/parquet/com/fasterxml/jackson/databind/cfg/ConfigFeature
instanceKlass shaded/parquet/com/fasterxml/jackson/databind/cfg/ConfigOverride
instanceKlass shaded/parquet/com/fasterxml/jackson/annotation/JsonFormat$Features
instanceKlass shaded/parquet/com/fasterxml/jackson/annotation/JsonFormat$Value
instanceKlass shaded/parquet/com/fasterxml/jackson/core/PrettyPrinter
instanceKlass shaded/parquet/com/fasterxml/jackson/databind/cfg/CoercionConfig
instanceKlass shaded/parquet/com/fasterxml/jackson/databind/cfg/CoercionConfigs
instanceKlass shaded/parquet/com/fasterxml/jackson/databind/introspect/VisibilityChecker$Std
instanceKlass shaded/parquet/com/fasterxml/jackson/annotation/JsonSetter$Value
instanceKlass shaded/parquet/com/fasterxml/jackson/annotation/JsonInclude$Value
instanceKlass shaded/parquet/com/fasterxml/jackson/annotation/JacksonAnnotationValue
instanceKlass shaded/parquet/com/fasterxml/jackson/databind/cfg/ConfigOverrides
instanceKlass shaded/parquet/com/fasterxml/jackson/databind/introspect/AnnotatedClass$Creators
instanceKlass shaded/parquet/com/fasterxml/jackson/databind/introspect/AnnotationCollector$NoAnnotations
instanceKlass shaded/parquet/com/fasterxml/jackson/databind/util/Annotations
instanceKlass shaded/parquet/com/fasterxml/jackson/databind/introspect/AnnotationCollector
instanceKlass shaded/parquet/com/fasterxml/jackson/databind/introspect/AnnotatedClassResolver
instanceKlass shaded/parquet/com/fasterxml/jackson/databind/BeanDescription
instanceKlass shaded/parquet/com/fasterxml/jackson/databind/cfg/MapperConfig
instanceKlass shaded/parquet/com/fasterxml/jackson/databind/introspect/SimpleMixInResolver
instanceKlass shaded/parquet/com/fasterxml/jackson/databind/introspect/ClassIntrospector$MixInResolver
instanceKlass shaded/parquet/com/fasterxml/jackson/databind/util/RootNameLookup
instanceKlass shaded/parquet/com/fasterxml/jackson/core/sym/CharsToNameCanonicalizer$Bucket
instanceKlass shaded/parquet/com/fasterxml/jackson/core/sym/CharsToNameCanonicalizer$TableInfo
instanceKlass shaded/parquet/com/fasterxml/jackson/core/sym/CharsToNameCanonicalizer
instanceKlass shaded/parquet/com/fasterxml/jackson/core/ErrorReportConfiguration
instanceKlass shaded/parquet/com/fasterxml/jackson/core/StreamWriteConstraints
instanceKlass shaded/parquet/com/fasterxml/jackson/core/StreamReadConstraints
instanceKlass shaded/parquet/com/fasterxml/jackson/core/util/RecyclerPool$WithPool
instanceKlass shaded/parquet/com/fasterxml/jackson/core/util/RecyclerPool$ThreadLocalPoolBase
instanceKlass shaded/parquet/com/fasterxml/jackson/core/util/RecyclerPool
instanceKlass shaded/parquet/com/fasterxml/jackson/core/util/JsonRecyclerPools
instanceKlass shaded/parquet/com/fasterxml/jackson/core/sym/ByteQuadsCanonicalizer$TableInfo
instanceKlass shaded/parquet/com/fasterxml/jackson/core/sym/ByteQuadsCanonicalizer
instanceKlass shaded/parquet/com/fasterxml/jackson/core/io/CharTypes
instanceKlass shaded/parquet/com/fasterxml/jackson/core/io/JsonStringEncoder
instanceKlass shaded/parquet/com/fasterxml/jackson/core/io/SerializedString
instanceKlass shaded/parquet/com/fasterxml/jackson/core/util/JacksonFeature
instanceKlass shaded/parquet/com/fasterxml/jackson/core/async/ByteBufferFeeder
instanceKlass shaded/parquet/com/fasterxml/jackson/core/async/ByteArrayFeeder
instanceKlass shaded/parquet/com/fasterxml/jackson/core/async/NonBlockingInputFeeder
instanceKlass shaded/parquet/com/fasterxml/jackson/core/TSFBuilder
instanceKlass shaded/parquet/com/fasterxml/jackson/core/SerializableString
instanceKlass shaded/parquet/com/fasterxml/jackson/databind/cfg/DefaultCacheProvider
instanceKlass shaded/parquet/com/fasterxml/jackson/databind/cfg/CacheProvider
instanceKlass shaded/parquet/com/fasterxml/jackson/databind/introspect/AccessorNamingStrategy
instanceKlass shaded/parquet/com/fasterxml/jackson/core/Base64Variant
instanceKlass shaded/parquet/com/fasterxml/jackson/core/Base64Variants
instanceKlass shaded/parquet/com/fasterxml/jackson/databind/type/TypeBindings
instanceKlass shaded/parquet/com/fasterxml/jackson/databind/type/TypeParser
instanceKlass shaded/parquet/com/fasterxml/jackson/databind/type/TypeFactory
instanceKlass shaded/parquet/com/fasterxml/jackson/databind/cfg/BaseSettings
instanceKlass shaded/parquet/com/fasterxml/jackson/databind/util/internal/Linked
instanceKlass shaded/parquet/com/fasterxml/jackson/databind/util/internal/PrivateMaxEntriesMap$Builder
instanceKlass shaded/parquet/com/fasterxml/jackson/databind/util/LRUMap
instanceKlass shaded/parquet/com/fasterxml/jackson/databind/util/LookupCache
instanceKlass shaded/parquet/com/fasterxml/jackson/databind/util/ClassUtil$Ctor
instanceKlass shaded/parquet/com/fasterxml/jackson/databind/util/ClassUtil
instanceKlass shaded/parquet/com/fasterxml/jackson/databind/ext/Java7Support
instanceKlass shaded/parquet/com/fasterxml/jackson/annotation/JsonMerge
instanceKlass shaded/parquet/com/fasterxml/jackson/databind/annotation/JsonDeserialize
instanceKlass shaded/parquet/com/fasterxml/jackson/annotation/JsonManagedReference
instanceKlass shaded/parquet/com/fasterxml/jackson/annotation/JsonBackReference
instanceKlass shaded/parquet/com/fasterxml/jackson/annotation/JsonUnwrapped
instanceKlass shaded/parquet/com/fasterxml/jackson/annotation/JsonRawValue
instanceKlass shaded/parquet/com/fasterxml/jackson/annotation/JsonTypeInfo
instanceKlass shaded/parquet/com/fasterxml/jackson/annotation/JsonFormat
instanceKlass shaded/parquet/com/fasterxml/jackson/annotation/JsonView
instanceKlass shaded/parquet/com/fasterxml/jackson/databind/annotation/JsonSerialize
instanceKlass shaded/parquet/com/fasterxml/jackson/databind/introspect/ConcreteBeanPropertyBase
instanceKlass shaded/parquet/com/fasterxml/jackson/databind/BeanProperty
instanceKlass shaded/parquet/com/fasterxml/jackson/databind/introspect/BeanPropertyDefinition
instanceKlass shaded/parquet/com/fasterxml/jackson/databind/util/Named
instanceKlass shaded/parquet/com/fasterxml/jackson/databind/introspect/TypeResolutionContext
instanceKlass shaded/parquet/com/fasterxml/jackson/databind/introspect/Annotated
instanceKlass shaded/parquet/com/fasterxml/jackson/core/type/ResolvedType
instanceKlass shaded/parquet/com/fasterxml/jackson/core/JsonGenerator
instanceKlass shaded/parquet/com/fasterxml/jackson/core/JsonParser
instanceKlass shaded/parquet/com/fasterxml/jackson/databind/JsonSerializable$Base
instanceKlass shaded/parquet/com/fasterxml/jackson/databind/JsonSerializable
instanceKlass shaded/parquet/com/fasterxml/jackson/core/TreeNode
instanceKlass shaded/parquet/com/fasterxml/jackson/databind/Module$SetupContext
instanceKlass shaded/parquet/com/fasterxml/jackson/databind/jsontype/TypeResolverBuilder
instanceKlass shaded/parquet/com/fasterxml/jackson/databind/introspect/VisibilityChecker
instanceKlass shaded/parquet/com/fasterxml/jackson/databind/introspect/ClassIntrospector
instanceKlass shaded/parquet/com/fasterxml/jackson/core/util/BufferRecycler$Gettable
instanceKlass shaded/parquet/com/fasterxml/jackson/databind/jsontype/PolymorphicTypeValidator
instanceKlass shaded/parquet/com/fasterxml/jackson/databind/introspect/AccessorNamingStrategy$Provider
instanceKlass shaded/parquet/com/fasterxml/jackson/databind/AnnotationIntrospector
instanceKlass shaded/parquet/com/fasterxml/jackson/databind/ser/SerializerFactory
instanceKlass shaded/parquet/com/fasterxml/jackson/databind/deser/DeserializerFactory
instanceKlass shaded/parquet/com/fasterxml/jackson/databind/DatabindContext
instanceKlass shaded/parquet/com/fasterxml/jackson/databind/jsontype/SubtypeResolver
instanceKlass shaded/parquet/com/fasterxml/jackson/core/TokenStreamFactory
instanceKlass shaded/parquet/com/fasterxml/jackson/core/TreeCodec
instanceKlass shaded/parquet/com/fasterxml/jackson/core/Versioned
instanceKlass org/apache/parquet/hadoop/metadata/ParquetMetadata
instanceKlass org/apache/parquet/schema/ColumnOrder
instanceKlass org/apache/parquet/schema/Types$BasePrimitiveBuilder$1
instanceKlass org/apache/parquet/schema/LogicalTypeAnnotation$1
instanceKlass org/apache/parquet/io/api/Binary
instanceKlass org/apache/parquet/format/converter/ParquetMetadataConverter$4
instanceKlass org/apache/parquet/schema/Types
instanceKlass org/apache/parquet/format/converter/ParquetMetadataConverter$FileMetaDataAndRowGroupOffsetInfo
instanceKlass shaded/parquet/org/apache/thrift/protocol/TProtocolFactory
instanceKlass shaded/parquet/org/apache/thrift/protocol/TProtocolUtil
instanceKlass shaded/parquet/org/apache/thrift/scheme/StandardScheme
instanceKlass org/apache/parquet/format/SchemaElement$SchemaElementTupleSchemeFactory
instanceKlass org/apache/parquet/format/SchemaElement$SchemaElementStandardSchemeFactory
instanceKlass shaded/parquet/org/apache/thrift/protocol/TList
instanceKlass shaded/parquet/org/apache/thrift/EncodingUtils
instanceKlass shaded/parquet/org/apache/thrift/protocol/ShortStack
instanceKlass shaded/parquet/org/apache/thrift/TConfiguration$Builder
instanceKlass shaded/parquet/org/apache/thrift/TConfiguration
instanceKlass org/apache/parquet/format/event/EventBasedThriftReader
instanceKlass org/apache/parquet/format/Util$7
instanceKlass org/apache/parquet/format/Util$6
instanceKlass org/apache/parquet/format/event/Consumers$1ListConsumer
instanceKlass org/apache/parquet/format/Util$5
instanceKlass org/apache/parquet/format/event/SkippingFieldConsumer
instanceKlass org/apache/parquet/format/event/Consumers$DelegatingFieldConsumer
instanceKlass org/apache/parquet/format/event/Consumers
instanceKlass shaded/parquet/org/apache/thrift/TUnion
instanceKlass org/apache/parquet/format/KeyValue
instanceKlass org/apache/parquet/format/RowGroup
instanceKlass org/apache/parquet/format/SchemaElement
instanceKlass org/apache/parquet/format/FileMetaData$FileMetaDataTupleSchemeFactory
instanceKlass org/apache/parquet/format/FileMetaData$FileMetaDataStandardSchemeFactory
instanceKlass shaded/parquet/org/apache/thrift/protocol/TField
instanceKlass shaded/parquet/org/apache/thrift/meta_data/FieldValueMetaData
instanceKlass org/apache/parquet/format/FileMetaData
instanceKlass org/apache/parquet/format/Util$FileMetaDataConsumer
instanceKlass org/apache/parquet/format/event/FieldConsumer
instanceKlass org/apache/parquet/format/event/Consumers$Consumer
instanceKlass org/apache/parquet/format/event/TypedConsumer
instanceKlass org/apache/parquet/format/Util
instanceKlass org/apache/parquet/format/converter/ParquetMetadataConverter$3
instanceKlass org/apache/parquet/bytes/BytesUtils
instanceKlass org/apache/hadoop/fs/QuotaUsage$Builder
instanceKlass org/apache/parquet/hadoop/metadata/KeyValueMetadataMergeStrategy
instanceKlass org/apache/parquet/io/OutputFile
instanceKlass org/apache/parquet/hadoop/ParquetFileWriter$AlignmentStrategy
instanceKlass org/apache/parquet/hadoop/ParquetFileWriter
instanceKlass org/apache/parquet/column/page/DictionaryPageReadStore
instanceKlass org/apache/parquet/column/values/bloomfilter/BloomFilter
instanceKlass org/apache/parquet/column/page/PageReadStore
instanceKlass org/apache/parquet/hadoop/ParquetFileReader
instanceKlass org/apache/hadoop/fs/VectoredReadUtils
instanceKlass org/apache/hadoop/fs/impl/StoreImplementationUtils
instanceKlass org/apache/parquet/hadoop/util/HadoopStreams
instanceKlass org/apache/parquet/hadoop/util/wrapped/io/FutureIO
instanceKlass org/apache/hadoop/util/IdentityHashStore
instanceKlass org/apache/hadoop/fs/statistics/IOStatisticsSnapshot
instanceKlass org/apache/hadoop/fs/statistics/impl/IOStatisticsContextImpl
instanceKlass org/apache/hadoop/fs/store/LogExactlyOnce
instanceKlass org/apache/hadoop/util/WeakReferenceMap
instanceKlass org/apache/hadoop/fs/statistics/impl/IOStatisticsContextIntegration
instanceKlass org/apache/hadoop/fs/statistics/IOStatisticsContext
instanceKlass org/apache/hadoop/fs/statistics/MeanStatistic
instanceKlass org/apache/hadoop/fs/statistics/impl/EvaluatingStatisticsMap
instanceKlass org/apache/hadoop/fs/statistics/impl/DynamicIOStatisticsBuilder
instanceKlass org/apache/hadoop/fs/statistics/DurationTracker
instanceKlass org/apache/hadoop/fs/statistics/impl/AbstractIOStatisticsImpl
instanceKlass org/apache/hadoop/fs/statistics/impl/IOStatisticsStore
instanceKlass org/apache/hadoop/fs/statistics/IOStatisticsAggregator
instanceKlass org/apache/hadoop/fs/statistics/IOStatisticsSetters
instanceKlass org/apache/hadoop/fs/statistics/impl/IOStatisticsStoreBuilderImpl
instanceKlass org/apache/hadoop/fs/statistics/DurationTrackerFactory
instanceKlass org/apache/hadoop/fs/statistics/impl/IOStatisticsStoreBuilder
instanceKlass org/apache/hadoop/fs/statistics/impl/IOStatisticsBinding
instanceKlass org/apache/hadoop/io/ByteBufferPool
instanceKlass org/apache/hadoop/fs/statistics/IOStatistics
instanceKlass org/apache/hadoop/util/LambdaUtils
instanceKlass java/util/concurrent/CompletableFuture$AsynchronousCompletionTask
instanceKlass java/util/concurrent/CompletableFuture$AltResult
instanceKlass org/apache/hadoop/fs/Options$OpenFileOptions
instanceKlass org/apache/hadoop/fs/impl/OpenFileParameters
instanceKlass org/apache/parquet/crypto/DecryptionPropertiesFactory
instanceKlass org/apache/parquet/Preconditions
instanceKlass org/apache/parquet/filter2/compat/FilterCompat$NoOpFilter
instanceKlass org/apache/parquet/filter2/compat/FilterCompat$Filter
instanceKlass org/apache/parquet/filter2/compat/FilterCompat
instanceKlass org/apache/parquet/hadoop/util/ConfigurationUtil
instanceKlass org/apache/parquet/filter/UnboundRecordFilter
instanceKlass org/apache/parquet/hadoop/util/SerializationUtil
instanceKlass org/apache/hadoop/mapreduce/lib/input/FileInputFormat$1
instanceKlass org/apache/parquet/hadoop/LruCache$Value
instanceKlass org/apache/hadoop/mapreduce/InputFormat
instanceKlass org/apache/parquet/hadoop/CodecFactory$BytesCompressor
instanceKlass org/apache/parquet/compression/CompressionCodecFactory$BytesInputCompressor
instanceKlass org/apache/parquet/hadoop/CodecFactory$BytesDecompressor
instanceKlass org/apache/parquet/compression/CompressionCodecFactory$BytesInputDecompressor
instanceKlass org/apache/parquet/hadoop/CodecFactory
instanceKlass org/apache/parquet/compression/CompressionCodecFactory
instanceKlass org/apache/parquet/hadoop/util/HadoopCodecs
instanceKlass org/apache/parquet/bytes/HeapByteBufferAllocator
instanceKlass org/apache/parquet/conf/HadoopParquetConfiguration
instanceKlass org/apache/parquet/bytes/ByteBufferAllocator
instanceKlass org/apache/parquet/ParquetReadOptions$Builder
instanceKlass org/apache/parquet/conf/ParquetConfiguration
instanceKlass org/apache/parquet/ParquetReadOptions
instanceKlass org/apache/spark/sql/execution/datasources/parquet/ParquetFooterReader
instanceKlass org/apache/parquet/format/converter/ParquetMetadataConverter$ConvertedTypeConverterVisitor
instanceKlass org/apache/parquet/format/converter/ParquetMetadataConverter$LogicalTypeConverterVisitor
instanceKlass shaded/parquet/org/apache/thrift/meta_data/FieldMetaData
instanceKlass org/apache/parquet/format/TypeDefinedOrder$TypeDefinedOrderTupleSchemeFactory
instanceKlass shaded/parquet/org/apache/thrift/scheme/IScheme
instanceKlass org/apache/parquet/format/TypeDefinedOrder$TypeDefinedOrderStandardSchemeFactory
instanceKlass shaded/parquet/org/apache/thrift/protocol/TStruct
instanceKlass shaded/parquet/org/apache/thrift/TFieldIdEnum
instanceKlass shaded/parquet/org/apache/thrift/protocol/TProtocol
instanceKlass shaded/parquet/org/apache/thrift/protocol/TReadProtocol
instanceKlass shaded/parquet/org/apache/thrift/protocol/TWriteProtocol
instanceKlass shaded/parquet/org/apache/thrift/transport/TTransport
instanceKlass shaded/parquet/org/apache/thrift/scheme/SchemeFactory
instanceKlass org/apache/parquet/format/TypeDefinedOrder
instanceKlass shaded/parquet/org/apache/thrift/TBase
instanceKlass shaded/parquet/org/apache/thrift/TSerializable
instanceKlass org/apache/parquet/schema/Types$Builder
instanceKlass org/apache/parquet/format/converter/ParquetMetadataConverter$MetadataFilterVisitor
instanceKlass org/apache/parquet/schema/LogicalTypeAnnotation$LogicalTypeAnnotationVisitor
instanceKlass org/apache/parquet/schema/TypeVisitor
instanceKlass org/apache/parquet/format/converter/ParquetMetadataConverter$MetadataFilter
instanceKlass org/apache/parquet/format/converter/ParquetMetadataConverter
instanceKlass org/apache/parquet/hadoop/util/HadoopInputFile
instanceKlass org/apache/parquet/io/InputFile
instanceKlass org/apache/parquet/schema/LogicalTypeAnnotation
instanceKlass org/apache/spark/sql/types/EdgeInterpolationAlgorithm
instanceKlass org/apache/parquet/io/ColumnIO
instanceKlass org/apache/spark/sql/execution/datasources/parquet/ParquetToSparkSchemaConverter$
instanceKlass org/apache/spark/InterruptibleIterator
instanceKlass java/util/Vector$1
instanceKlass java/lang/invoke/ClassSpecializer$Factory$1Var
instanceKlass sun/invoke/util/ValueConversions$1
instanceKlass scala/runtime/LambdaDeserializer$
instanceKlass scala/runtime/MethodHandleConstants
instanceKlass scala/runtime/LambdaDeserialize$
instanceKlass java/lang/invoke/MethodHandleImpl$Makers$2
instanceKlass java/lang/invoke/MethodHandleImpl$Makers$1
instanceKlass scala/runtime/LambdaDeserialize
instanceKlass java/lang/invoke/SerializedLambda$1
instanceKlass org/apache/spark/TaskContext$$anon$1
instanceKlass org/apache/spark/storage/BlockResult
instanceKlass org/apache/spark/util/CompletionIterator
instanceKlass org/apache/spark/util/CompletionIterator$
instanceKlass org/sparkproject/guava/base/Converter
instanceKlass org/sparkproject/guava/collect/ImmutableMap
instanceKlass org/sparkproject/guava/collect/UnmodifiableIterator
instanceKlass org/sparkproject/guava/collect/BiMap
instanceKlass org/sparkproject/guava/collect/SortedMapDifference
instanceKlass org/sparkproject/guava/collect/MapDifference
instanceKlass org/sparkproject/guava/collect/Maps
instanceKlass org/sparkproject/guava/collect/CollectPreconditions
instanceKlass org/apache/spark/rdd/InputFileBlockHolder$FileBlock
instanceKlass org/apache/spark/rdd/InputFileBlockHolder$
instanceKlass org/apache/spark/util/TaskCompletionListener
instanceKlass org/apache/spark/util/TaskFailureListener
instanceKlass org/apache/spark/util/TaskInterruptListener
instanceKlass scala/runtime/ModuleSerializationProxy$
instanceKlass java/io/ObjectInputStream$GetField
instanceKlass jdk/internal/access/JavaObjectInputFilterAccess
instanceKlass java/io/ObjectInputFilter$Config$BuiltinFilterFactory
instanceKlass java/io/ObjectInputFilter
instanceKlass java/io/ObjectInputFilter$Config
instanceKlass java/io/ObjectInputStream$ValidationList
instanceKlass java/io/ObjectInputStream$HandleTable$HandleList
instanceKlass java/io/ObjectInputStream$HandleTable
instanceKlass jdk/internal/access/JavaObjectInputStreamReadString
instanceKlass jdk/internal/access/JavaObjectInputStreamAccess
instanceKlass org/apache/spark/scheduler/local/StatusUpdate
instanceKlass org/apache/logging/log4j/core/impl/JdkMapAdapterStringMap
instanceKlass org/apache/spark/unsafe/memory/MemoryLocation
instanceKlass org/slf4j/MDC
instanceKlass org/apache/spark/util/UninterruptibleThread$UninterruptibleLock
instanceKlass org/apache/spark/sql/execution/ui/LiveStageMetrics
instanceKlass org/apache/spark/status/api/v1/TaskData
instanceKlass org/apache/spark/status/TaskDataWrapper
instanceKlass org/apache/spark/scheduler/WorkerRemoved
instanceKlass org/apache/spark/scheduler/ExecutorLost
instanceKlass org/apache/spark/scheduler/BeginEvent
instanceKlass org/apache/spark/memory/TaskMemoryManager
instanceKlass org/sparkproject/guava/hash/HashCode
instanceKlass org/sparkproject/guava/hash/Hasher
instanceKlass org/sparkproject/guava/hash/PrimitiveSink
instanceKlass org/sparkproject/guava/hash/AbstractHashFunction
instanceKlass java/security/Key
instanceKlass org/sparkproject/guava/hash/HashFunction
instanceKlass org/sparkproject/guava/hash/Hashing
instanceKlass org/apache/spark/scheduler/TaskInfo
instanceKlass org/apache/spark/scheduler/TaskSetExcludelist
instanceKlass java/util/concurrent/ConcurrentLinkedQueue$Itr
instanceKlass org/apache/spark/scheduler/TaskLocation
instanceKlass org/apache/spark/util/collection/PercentileHeap$
instanceKlass org/apache/spark/util/collection/PercentileHeap
instanceKlass org/apache/spark/scheduler/PendingTasksByLocality
instanceKlass org/apache/spark/scheduler/TaskSetExcludelist$
instanceKlass scala/runtime/java8/JFunction1$mcJJ$sp
instanceKlass org/apache/spark/TaskFailedReason
instanceKlass org/apache/spark/TaskEndReason
instanceKlass org/apache/spark/scheduler/StructuredStreamingIdAwareSchedulerLogging$
instanceKlass org/apache/spark/scheduler/TaskSet
instanceKlass org/apache/spark/scheduler/Task
instanceKlass java/util/concurrent/locks/ReentrantReadWriteLock$Sync$HoldCounter
instanceKlass org/apache/spark/executor/TempShuffleReadMetrics
instanceKlass org/apache/spark/shuffle/ShuffleReadMetricsReporter
instanceKlass org/apache/spark/CleanBroadcast
instanceKlass org/apache/spark/storage/BlockUpdatedInfo
instanceKlass org/apache/spark/storage/BlockUpdatedInfo$
instanceKlass org/apache/spark/storage/BlockStatusPerBlockId
instanceKlass org/apache/spark/storage/BlockManagerMessages$UpdateBlockInfo
instanceKlass org/apache/spark/storage/memory/SerializedMemoryEntry
instanceKlass org/apache/spark/storage/BlockManager$ByteBufferBlockStoreUpdater$
instanceKlass org/apache/spark/storage/BlockManager$BlockStoreUpdater
instanceKlass java/util/zip/Adler32
instanceKlass org/apache/spark/util/io/ChunkedByteBuffer
instanceKlass net/jpountz/xxhash/StreamingXXHash32$1
instanceKlass net/jpountz/xxhash/StreamingXXHash64
instanceKlass net/jpountz/xxhash/StreamingXXHash64JNI$Factory
instanceKlass net/jpountz/xxhash/StreamingXXHash64$Factory
instanceKlass net/jpountz/xxhash/XXHash64
instanceKlass net/jpountz/xxhash/StreamingXXHash32
instanceKlass net/jpountz/xxhash/StreamingXXHash32JNI$Factory
instanceKlass net/jpountz/xxhash/StreamingXXHash32$Factory
instanceKlass net/jpountz/xxhash/XXHash32
instanceKlass net/jpountz/xxhash/XXHashFactory
instanceKlass java/io/DeleteOnExitHook$1
instanceKlass java/io/DeleteOnExitHook
instanceKlass java/io/File$TempDirectory
instanceKlass net/jpountz/util/Native$1
instanceKlass net/jpountz/lz4/LZ4SafeDecompressor
instanceKlass net/jpountz/lz4/LZ4FastDecompressor
instanceKlass net/jpountz/lz4/LZ4Compressor
instanceKlass net/jpountz/lz4/LZ4UnknownSizeDecompressor
instanceKlass net/jpountz/lz4/LZ4Decompressor
instanceKlass net/jpountz/lz4/LZ4Factory
instanceKlass org/apache/spark/util/KeyLock
instanceKlass org/apache/spark/broadcast/TorrentBroadcast$
instanceKlass org/apache/spark/storage/BlockStatus
instanceKlass org/apache/spark/storage/memory/DeserializedMemoryEntry
instanceKlass org/apache/spark/storage/memory/MemoryEntry
instanceKlass org/apache/spark/storage/memory/DeserializedValuesHolder$$anon$1
instanceKlass org/apache/spark/util/collection/SizeTracker$Sample
instanceKlass org/apache/spark/util/collection/PrimitiveVector$
instanceKlass org/apache/spark/util/collection/PrimitiveVector
instanceKlass org/apache/spark/util/collection/SizeTracker
instanceKlass org/apache/spark/storage/memory/MemoryEntryBuilder
instanceKlass org/apache/spark/storage/memory/DeserializedValuesHolder
instanceKlass org/apache/spark/storage/memory/ValuesHolder
instanceKlass org/apache/spark/storage/memory/MemoryStore
instanceKlass org/apache/spark/storage/BlockInfoWrapper
instanceKlass org/apache/spark/storage/BlockInfo
instanceKlass org/apache/spark/status/PoolData
instanceKlass org/apache/spark/status/RDDOperationClusterWrapper
instanceKlass org/apache/spark/status/RDDOperationGraphWrapper
instanceKlass org/apache/spark/ui/scope/RDDOperationGraph
instanceKlass org/apache/spark/api/python/PythonBroadcast
instanceKlass org/apache/spark/scheduler/TaskSetManager$
instanceKlass org/apache/spark/ui/scope/RDDOperationNode
instanceKlass org/apache/spark/ui/scope/RDDOperationEdge
instanceKlass org/apache/spark/ui/scope/RDDOperationCluster
instanceKlass org/apache/spark/ui/scope/RDDOperationGraph$
instanceKlass org/apache/spark/util/kvstore/ArrayWrappers$ComparableIntArray
instanceKlass org/apache/spark/rdd/RDDCheckpointData$
instanceKlass org/apache/spark/util/kvstore/ArrayWrappers
instanceKlass org/apache/spark/status/api/v1/AccumulableInfo
instanceKlass org/apache/spark/scheduler/AccumulableInfo
instanceKlass org/apache/spark/InternalAccumulator$output$
instanceKlass org/apache/spark/InternalAccumulator$input$
instanceKlass org/apache/spark/InternalAccumulator$shuffleWrite$
instanceKlass org/apache/spark/InternalAccumulator$shuffleRead$
instanceKlass org/apache/spark/status/api/v1/ShuffleWriteMetrics
instanceKlass org/apache/spark/status/api/v1/ShufflePushReadMetrics
instanceKlass org/apache/spark/status/api/v1/ShuffleReadMetrics
instanceKlass org/apache/spark/InternalAccumulator$
instanceKlass org/apache/spark/status/api/v1/OutputMetrics
instanceKlass org/apache/spark/status/api/v1/InputMetrics
instanceKlass org/apache/spark/executor/ShuffleWriteMetrics
instanceKlass org/apache/spark/shuffle/ShuffleWriteMetricsReporter
instanceKlass org/apache/spark/status/api/v1/TaskMetrics
instanceKlass org/apache/spark/status/LiveEntityHelpers$
instanceKlass org/apache/spark/executor/ShuffleReadMetrics
instanceKlass org/apache/spark/executor/OutputMetrics
instanceKlass org/apache/spark/executor/InputMetrics
instanceKlass org/apache/spark/executor/TaskMetrics
instanceKlass org/apache/spark/status/api/v1/JobData
instanceKlass org/apache/spark/scheduler/OutputCommitCoordinator$TaskIdentifier
instanceKlass scala/runtime/java8/JFunction2$mcVII$sp
instanceKlass org/apache/spark/scheduler/OutputCommitCoordinator$StageState
instanceKlass org/apache/spark/util/collection/OpenHashSet$
instanceKlass org/apache/spark/util/collection/OpenHashSet$Hasher
instanceKlass org/apache/spark/scheduler/StageInfo
instanceKlass org/apache/spark/storage/RDDInfo$
instanceKlass org/apache/spark/scheduler/StageInfo$
instanceKlass org/apache/spark/JobArtifactSet
instanceKlass org/apache/spark/JobArtifactSet$
instanceKlass org/apache/spark/scheduler/JobWaiter
instanceKlass org/apache/spark/sql/catalyst/util/StringConcat
instanceKlass scala/collection/generic/SerializeEnd$
instanceKlass scala/collection/generic/DefaultSerializationProxy
instanceKlass scala/collection/LazyZip2
instanceKlass org/apache/spark/rdd/RDDBarrier
instanceKlass com/clearspring/analytics/stream/cardinality/HyperLogLogPlus
instanceKlass com/clearspring/analytics/stream/cardinality/ICardinality
instanceKlass org/apache/spark/rdd/SequenceFileRDDFunctions
instanceKlass org/apache/spark/WritableFactory
instanceKlass org/apache/spark/rdd/OrderedRDDFunctions
instanceKlass org/apache/spark/rdd/AsyncRDDActions
instanceKlass org/apache/spark/rdd/PairRDDFunctions
instanceKlass org/apache/spark/rdd/DoubleRDDFunctions
instanceKlass org/apache/spark/PartitionEvaluatorFactory
instanceKlass org/apache/spark/rdd/ParallelCollectionPartition
instanceKlass org/apache/spark/rdd/ParallelCollectionRDD$
instanceKlass org/apache/spark/rdd/RDDCheckpointData
instanceKlass org/apache/spark/rdd/MapPartitionsRDD$
instanceKlass org/apache/hadoop/io/IOUtils
instanceKlass java/util/zip/Deflater$DeflaterZStreamRef
instanceKlass java/util/zip/Deflater
instanceKlass org/apache/hadoop/io/WritableUtils
instanceKlass java/io/SerialCallbackContext
instanceKlass org/apache/parquet/hadoop/metadata/FileMetaData
instanceKlass org/apache/spark/sql/execution/datasources/parquet/ParquetToSparkSchemaConverter
instanceKlass org/apache/parquet/hadoop/Footer
instanceKlass java/io/ObjectStreamClass$5
instanceKlass java/io/ObjectStreamClass$4
instanceKlass java/io/ObjectStreamClass$3
instanceKlass java/io/ObjectStreamClass$MemberSignature
instanceKlass java/io/ObjectStreamClass$1
instanceKlass java/io/ObjectStreamClass$ExceptionInfo
instanceKlass java/io/ObjectStreamClass$ClassDataSlot
instanceKlass java/io/ObjectStreamClass$FieldReflector
instanceKlass java/io/ObjectStreamClass$FieldReflectorKey
instanceKlass java/io/ObjectStreamClass$2
instanceKlass java/io/ClassCache
instanceKlass java/io/ObjectStreamClass$Caches
instanceKlass java/io/ObjectStreamClass
instanceKlass java/io/Bits
instanceKlass java/io/ObjectOutputStream$ReplaceTable
instanceKlass java/io/ObjectOutputStream$HandleTable
instanceKlass org/apache/xbean/asm9/Type
instanceKlass org/apache/xbean/asm9/Handle
instanceKlass org/apache/xbean/asm9/Opcodes
instanceKlass org/apache/xbean/asm9/Label
instanceKlass org/apache/xbean/asm9/ByteVector
instanceKlass org/apache/xbean/asm9/Context
instanceKlass org/apache/xbean/asm9/Attribute
instanceKlass org/apache/xbean/asm9/ClassReader
instanceKlass org/apache/spark/util/SparkErrorUtils$
instanceKlass org/apache/spark/util/SparkStreamUtils$
instanceKlass org/apache/xbean/asm9/MethodVisitor
instanceKlass org/apache/spark/util/IndylambdaScalaClosures$
instanceKlass org/apache/xbean/asm9/ClassVisitor
instanceKlass org/apache/spark/util/ClosureCleaner$
instanceKlass org/apache/spark/util/SparkClosureCleaner$
instanceKlass org/apache/spark/rdd/RDD$
instanceKlass org/apache/spark/util/CallSite$
instanceKlass org/apache/spark/rdd/RDD$$anon$1
instanceKlass org/apache/spark/util/random/RandomSampler
instanceKlass org/apache/spark/util/random/Pseudorandom
instanceKlass org/apache/spark/Partitioner
instanceKlass com/fasterxml/jackson/databind/ser/impl/PropertySerializerMap$SerializerAndMapResult
instanceKlass com/fasterxml/jackson/annotation/JsonFilter
instanceKlass com/fasterxml/jackson/databind/annotation/JsonAppend
instanceKlass com/fasterxml/jackson/databind/ser/impl/PropertySerializerMap
instanceKlass com/fasterxml/jackson/databind/ser/PropertyBuilder$1
instanceKlass com/fasterxml/jackson/annotation/JsonTypeId
instanceKlass com/fasterxml/jackson/databind/introspect/POJOPropertyBuilder$3
instanceKlass com/fasterxml/jackson/databind/ser/PropertyBuilder
instanceKlass com/fasterxml/jackson/annotation/JsonIgnoreType
instanceKlass com/fasterxml/jackson/databind/ser/BeanSerializerBuilder
instanceKlass com/fasterxml/jackson/databind/ObjectWriter
instanceKlass com/fasterxml/jackson/annotation/JsonInclude
instanceKlass com/fasterxml/jackson/databind/util/internal/PrivateMaxEntriesMap$EntryIterator
instanceKlass com/fasterxml/jackson/databind/util/TypeKey
instanceKlass com/fasterxml/jackson/databind/ser/impl/ReadOnlyClassToSerializerMap$Bucket
instanceKlass com/fasterxml/jackson/databind/ser/impl/ReadOnlyClassToSerializerMap
instanceKlass org/apache/spark/rdd/RDDOperationScope
instanceKlass org/apache/spark/rdd/RDDOperationScope$
instanceKlass org/apache/spark/sql/execution/SQLExecution$
instanceKlass org/apache/spark/util/SerializableConfiguration
instanceKlass org/apache/spark/sql/execution/datasources/SchemaMergeUtils$
instanceKlass org/apache/spark/sql/internal/SessionStateHelper$
instanceKlass org/apache/spark/sql/catalyst/expressions/FileSourceConstantMetadataStructField$
instanceKlass org/apache/spark/sql/catalyst/util/FieldMetadataUtils$
instanceKlass org/apache/spark/sql/catalyst/util/package$
instanceKlass org/apache/spark/sql/catalyst/expressions/MetadataAttribute$
instanceKlass org/apache/spark/sql/types/MetadataBuilder
instanceKlass org/apache/spark/sql/catalyst/expressions/FileSourceMetadataAttribute$
instanceKlass org/apache/spark/sql/catalyst/expressions/FileSourceGeneratedMetadataStructField$
instanceKlass org/apache/spark/sql/execution/datasources/parquet/ParquetFileFormat$
instanceKlass org/apache/spark/sql/execution/datasources/parquet/ParquetUtils$FileTypes
instanceKlass shaded/parquet/org/apache/thrift/TEnum
instanceKlass org/apache/spark/sql/execution/datasources/parquet/ParquetOptions$
instanceKlass org/apache/spark/sql/execution/datasources/parquet/ParentContainerUpdater
instanceKlass org/apache/parquet/schema/Type
instanceKlass org/apache/spark/sql/execution/datasources/parquet/ParquetUtils$
instanceKlass org/apache/spark/sql/execution/datasources/PartitionSpec
instanceKlass org/apache/spark/sql/execution/datasources/PartitionSpec$
instanceKlass org/apache/spark/sql/execution/datasources/PartitioningUtils$PartitionValues
instanceKlass org/apache/spark/sql/catalyst/util/Iso8601TimeFormatter
instanceKlass org/apache/spark/sql/catalyst/util/TimeFormatter
instanceKlass org/apache/spark/sql/catalyst/util/TimeFormatter$
instanceKlass org/apache/spark/sql/catalyst/util/Iso8601TimestampFormatter
instanceKlass org/apache/spark/sql/catalyst/util/TimestampFormatter
instanceKlass org/apache/spark/sql/catalyst/util/TimestampFormatter$
instanceKlass scala/collection/StringOps$WithFilter
instanceKlass org/apache/spark/sql/catalyst/util/DateTimeFormatterHelper$
instanceKlass org/apache/spark/sql/catalyst/util/Iso8601DateFormatter
instanceKlass org/apache/spark/sql/catalyst/util/DateTimeFormatterHelper
instanceKlass org/apache/spark/sql/internal/SqlApiConf$
instanceKlass org/apache/spark/sql/catalyst/util/DateFormatter
instanceKlass org/apache/spark/sql/catalyst/util/DateFormatter$
instanceKlass org/apache/spark/sql/execution/datasources/PartitioningUtils$
instanceKlass org/apache/spark/util/KnownSizeEstimation
instanceKlass org/apache/spark/util/SizeEstimator$SearchState
instanceKlass org/apache/spark/util/SizeEstimator$ClassInfo
instanceKlass org/sparkproject/guava/collect/MapMakerInternalMap$WeakKeyStrongValueEntry$Helper
instanceKlass org/apache/spark/util/SizeEstimator$
instanceKlass org/apache/hadoop/fs/BlockLocation
instanceKlass org/apache/spark/sql/execution/datasources/PathFilterWrapper
instanceKlass org/apache/hadoop/mapred/FileInputFormat$1
instanceKlass org/apache/hadoop/net/Node
instanceKlass org/apache/hadoop/mapred/FileInputFormat
instanceKlass org/apache/hadoop/mapred/InputFormat
instanceKlass java/net/URLEncoder
instanceKlass java/net/URLDecoder
instanceKlass org/apache/hadoop/util/ClassUtil
instanceKlass org/apache/hadoop/security/Credentials
instanceKlass org/apache/spark/sql/execution/datasources/ModifiedDateFilter
instanceKlass org/apache/spark/sql/execution/datasources/PathGlobFilter
instanceKlass org/apache/spark/sql/execution/datasources/PathFilterStrategy
instanceKlass org/apache/spark/sql/catalyst/util/DateTimeUtils$
instanceKlass org/apache/spark/sql/catalyst/util/SparkDateTimeUtils
instanceKlass org/apache/spark/sql/catalyst/FileSourceOptions$
instanceKlass org/apache/spark/sql/execution/datasources/FileIndexOptions$
instanceKlass org/apache/spark/sql/catalyst/DataSourceOptions
instanceKlass org/apache/spark/sql/execution/datasources/ModifiedAfterFilter$
instanceKlass org/apache/spark/sql/execution/datasources/ModifiedBeforeFilter$
instanceKlass org/apache/spark/sql/execution/datasources/PathGlobFilter$
instanceKlass org/apache/spark/sql/execution/datasources/StrategyBuilder
instanceKlass org/apache/spark/sql/execution/datasources/PathFilterFactory$
instanceKlass org/apache/spark/sql/execution/datasources/InMemoryFileIndex$
instanceKlass org/apache/spark/sql/execution/datasources/PartitioningAwareFileIndex
instanceKlass org/apache/spark/sql/execution/datasources/SharedInMemoryCache$$anon$2
instanceKlass org/apache/spark/sql/execution/datasources/SharedInMemoryCache$$anon$1
instanceKlass org/apache/spark/sql/execution/datasources/SharedInMemoryCache
instanceKlass org/apache/spark/sql/execution/datasources/FileStatusCache
instanceKlass org/apache/spark/sql/execution/datasources/FileStatusCache$
instanceKlass org/apache/spark/util/HadoopFSUtils$
instanceKlass java/util/IdentityHashMap$IdentityHashMapIterator
instanceKlass org/apache/spark/util/ThreadUtils$$anon$3
instanceKlass org/apache/hadoop/io/WritableFactories
instanceKlass org/apache/hadoop/fs/permission/FsPermission$1
instanceKlass org/apache/hadoop/io/WritableFactory
instanceKlass org/apache/hadoop/fs/permission/FsPermission
instanceKlass org/apache/spark/sql/execution/streaming/sinks/FileStreamSink$
instanceKlass org/apache/spark/sql/sources/SchemaRelationProvider
instanceKlass org/apache/hadoop/mapred/InputSplitWithLocationInfo
instanceKlass org/apache/hadoop/mapred/InputSplit
instanceKlass org/apache/parquet/hadoop/api/ReadSupport
instanceKlass org/apache/spark/sql/catalyst/catalog/BucketSpec
instanceKlass org/apache/spark/sql/catalyst/catalog/MetadataMapSupport
instanceKlass org/apache/spark/sql/execution/datasources/V1WriteCommand
instanceKlass org/apache/spark/sql/execution/command/DataWritingCommand
instanceKlass org/apache/spark/sql/execution/streaming/Sink
instanceKlass org/apache/spark/sql/execution/streaming/Source
instanceKlass org/apache/spark/sql/connector/read/streaming/SparkDataStream
instanceKlass org/apache/spark/sql/execution/datasources/DataSource
instanceKlass org/apache/spark/sql/execution/datasources/LogicalRelation$
instanceKlass org/apache/spark/sql/execution/streaming/operators/stateful/join/StreamingSymmetricHashJoinHelper$JoinSide
instanceKlass org/apache/spark/sql/execution/streaming/state/KeyStateEncoderSpec
instanceKlass org/apache/spark/sql/execution/datasources/v2/state/StateDataSource
instanceKlass org/apache/spark/sql/execution/datasources/v2/state/metadata/StateMetadataSource
instanceKlass org/apache/spark/sql/execution/streaming/sources/RatePerMicroBatchProvider
instanceKlass org/apache/spark/sql/types/Metadata
instanceKlass org/apache/spark/sql/types/Metadata$
instanceKlass org/apache/spark/sql/execution/datasources/binaryfile/BinaryFileFormat$
instanceKlass org/apache/spark/sql/execution/datasources/binaryfile/BinaryFileFormat
instanceKlass org/apache/spark/sql/execution/streaming/ConsoleSinkProvider
instanceKlass org/apache/spark/sql/execution/datasources/v2/text/TextDataSourceV2
instanceKlass org/apache/spark/sql/execution/datasources/v2/parquet/ParquetDataSourceV2
instanceKlass org/apache/hadoop/mapreduce/InputSplit
instanceKlass org/apache/spark/sql/execution/datasources/noop/NoopDataSource
instanceKlass org/apache/spark/sql/execution/datasources/v2/json/JsonDataSourceV2
instanceKlass org/apache/spark/sql/execution/datasources/jdbc/JDBCOptions
instanceKlass org/apache/spark/sql/execution/datasources/v2/csv/CSVDataSourceV2
instanceKlass org/apache/spark/sql/execution/datasources/v2/FileDataSourceV2
instanceKlass org/apache/spark/ml/source/image/ImageFileFormat
instanceKlass org/apache/hadoop/hive/ql/plan/AbstractOperatorDesc
instanceKlass org/apache/hadoop/hive/ql/plan/OperatorDesc
instanceKlass org/apache/spark/sql/hive/execution/HiveFileFormat
instanceKlass org/apache/spark/sql/execution/datasources/OutputWriterFactory
instanceKlass org/apache/hadoop/mapreduce/RecordReader
instanceKlass org/apache/spark/sql/hive/orc/OrcFileFormat
instanceKlass org/apache/spark/sql/execution/streaming/sources/RateStreamProvider
instanceKlass org/apache/spark/sql/execution/streaming/sources/TextSocketSourceProvider
instanceKlass org/apache/spark/sql/internal/connector/SimpleTableProvider
instanceKlass org/apache/spark/sql/connector/catalog/TableProvider
instanceKlass org/apache/spark/sql/execution/datasources/orc/OrcFileFormat
instanceKlass org/apache/spark/sql/execution/datasources/parquet/ParquetFileFormat
instanceKlass org/apache/spark/sql/execution/datasources/TextBasedFileFormat
instanceKlass org/apache/spark/sql/execution/datasources/FileFormat
instanceKlass org/apache/spark/sql/execution/datasources/jdbc/JdbcRelationProvider
instanceKlass org/apache/spark/sql/sources/DataSourceRegister
instanceKlass org/apache/spark/sql/sources/RelationProvider
instanceKlass org/apache/spark/sql/sources/CreatableRelationProvider
instanceKlass org/apache/spark/sql/execution/datasources/DataSource$
instanceKlass org/apache/spark/sql/execution/command/DDLUtils$
instanceKlass scala/Function$
instanceKlass org/apache/spark/sql/catalyst/expressions/AttributeMap
instanceKlass org/apache/spark/sql/catalyst/expressions/AttributeMap$
instanceKlass org/apache/spark/sql/catalyst/analysis/SQLFunctionContext
instanceKlass org/apache/spark/sql/catalyst/analysis/SQLFunctionContext$
instanceKlass org/apache/spark/sql/catalyst/analysis/CollationStrength
instanceKlass org/apache/spark/sql/catalyst/analysis/CollationTypeCoercion$
instanceKlass org/apache/spark/sql/catalyst/plans/logical/CreateTempView
instanceKlass org/apache/spark/sql/catalyst/analysis/CollationRulesRunner$
instanceKlass org/apache/spark/sql/catalyst/analysis/FieldPosition
instanceKlass org/apache/spark/sql/catalyst/plans/logical/V2StreamingWriteCommand
instanceKlass org/apache/spark/sql/catalyst/trees/AlwaysProcess$
instanceKlass org/apache/spark/sql/catalyst/plans/logical/BaseEvalPython
instanceKlass org/apache/spark/sql/catalyst/QueryPlanningTracker$RuleSummary
instanceKlass java/util/function/LongUnaryOperator
instanceKlass org/apache/spark/sql/catalyst/rules/RuleIdCollection$
instanceKlass org/apache/spark/sql/catalyst/analysis/TypeCoercionRule
instanceKlass org/apache/spark/sql/catalyst/plans/logical/MergeRows$Context
instanceKlass org/apache/spark/sql/catalyst/plans/logical/MergeRows$Instruction
instanceKlass org/apache/spark/sql/catalyst/util/RowDeltaUtils$
instanceKlass org/apache/spark/sql/connector/write/RowLevelOperation
instanceKlass org/apache/spark/sql/connector/write/RowLevelOperationInfo
instanceKlass org/apache/spark/sql/catalyst/analysis/RewriteRowLevelCommand
instanceKlass org/apache/spark/sql/catalyst/expressions/EvalHelper
instanceKlass org/apache/spark/sql/catalyst/analysis/ResolveDataFrameDropColumns
instanceKlass org/apache/spark/sql/catalyst/analysis/ResolveReferencesInSort
instanceKlass org/apache/spark/sql/catalyst/analysis/ResolveReferencesInUpdate
instanceKlass org/apache/spark/sql/catalyst/analysis/ResolveReferencesInAggregate
instanceKlass org/apache/spark/sql/catalyst/analysis/ResolveColumnDefaultInCommandInputQuery
instanceKlass org/apache/spark/sql/catalyst/plans/logical/SupportsSubquery
instanceKlass org/apache/spark/sql/catalyst/plans/logical/ObjectConsumer
instanceKlass org/apache/spark/sql/catalyst/plans/ReferenceAllColumns
instanceKlass org/apache/spark/sql/catalyst/plans/logical/ObjectProducer
instanceKlass org/apache/spark/sql/streaming/StatefulProcessor
instanceKlass org/apache/spark/sql/streaming/TimeMode
instanceKlass org/apache/spark/sql/connector/catalog/View
instanceKlass org/apache/spark/sql/catalyst/plans/logical/JoinStrategyHint
instanceKlass org/apache/spark/sql/catalyst/plans/logical/JoinStrategyHint$
instanceKlass org/apache/spark/sql/catalyst/rules/RuleExecutor$Batch
instanceKlass java/util/stream/ReduceOps$8ReducingSink
instanceKlass java/util/stream/Sink$OfLong
instanceKlass java/util/function/LongConsumer
instanceKlass java/util/stream/LongStream
instanceKlass java/util/function/ToLongFunction
instanceKlass org/apache/spark/sql/catalyst/rules/QueryExecutionMetrics
instanceKlass org/apache/spark/sql/catalyst/rules/PlanChangeLogger
instanceKlass org/sparkproject/guava/util/concurrent/AtomicLongMap
instanceKlass org/apache/spark/sql/catalyst/rules/QueryExecutionMetering
instanceKlass org/apache/spark/sql/catalyst/rules/QueryExecutionMetering$
instanceKlass org/apache/spark/sql/catalyst/rules/RuleExecutor$
instanceKlass org/apache/spark/sql/catalyst/analysis/resolver/ProhibitedResolver
instanceKlass org/apache/spark/sql/catalyst/analysis/resolver/MetadataResolver
instanceKlass org/apache/spark/sql/catalyst/analysis/resolver/PlanRewriter
instanceKlass org/apache/spark/sql/catalyst/analysis/resolver/HavingResolver
instanceKlass org/apache/spark/sql/catalyst/analysis/resolver/JoinResolver
instanceKlass org/apache/spark/sql/catalyst/analysis/resolver/SortResolver
instanceKlass org/apache/spark/sql/catalyst/analysis/resolver/RewritesAliasesInTopLcaProject
instanceKlass org/apache/spark/sql/catalyst/analysis/resolver/FilterResolver
instanceKlass org/apache/spark/sql/catalyst/analysis/resolver/ValidatesFilter
instanceKlass org/apache/spark/sql/catalyst/analysis/resolver/ResolvesNameByHiddenOutput
instanceKlass org/apache/spark/sql/catalyst/analysis/TypeCoercionHelper
instanceKlass org/apache/spark/sql/catalyst/analysis/resolver/SetOperationLikeResolver
instanceKlass org/apache/spark/sql/catalyst/analysis/resolver/ViewResolver$
instanceKlass org/apache/spark/sql/catalyst/analysis/resolver/ViewResolver
instanceKlass org/apache/spark/sql/catalyst/analysis/resolver/ProjectResolver
instanceKlass org/apache/spark/sql/catalyst/analysis/resolver/AggregateResolver
instanceKlass org/apache/spark/sql/catalyst/analysis/resolver/RetainsOriginalJoinOutput
instanceKlass org/apache/spark/sql/catalyst/analysis/resolver/SemiStructuredExtractResolver
instanceKlass org/apache/spark/sql/catalyst/expressions/WindowSpec
instanceKlass org/apache/spark/sql/catalyst/analysis/resolver/LateralColumnAliasResolver
instanceKlass org/apache/spark/sql/catalyst/analysis/resolver/OrdinalResolver
instanceKlass org/apache/spark/sql/catalyst/analysis/resolver/SubqueryExpressionResolver
instanceKlass org/apache/spark/sql/catalyst/analysis/resolver/FunctionResolver
instanceKlass org/apache/spark/sql/catalyst/analysis/resolver/AggregateExpressionResolver
instanceKlass org/apache/spark/sql/catalyst/analysis/resolver/LimitLikeExpressionValidator
instanceKlass org/apache/spark/sql/catalyst/analysis/resolver/BinaryArithmeticResolver
instanceKlass org/apache/spark/sql/catalyst/analysis/resolver/TimezoneAwareExpressionResolver
instanceKlass org/apache/spark/sql/catalyst/analysis/resolver/AliasResolver
instanceKlass org/apache/spark/sql/catalyst/analysis/resolver/ExpressionTreeTraversalStack
instanceKlass org/apache/spark/sql/catalyst/analysis/resolver/AutoGeneratedAliasProvider
instanceKlass org/apache/spark/sql/catalyst/analysis/resolver/ExpressionIdAssigner$StackEntry
instanceKlass org/apache/spark/sql/catalyst/analysis/resolver/ExpressionIdAssigner
instanceKlass org/apache/spark/sql/catalyst/analysis/resolver/CoercesExpressionTypes$
instanceKlass org/apache/spark/sql/catalyst/analysis/resolver/ExpressionResolver
instanceKlass org/apache/spark/sql/catalyst/analysis/resolver/CoercesExpressionTypes
instanceKlass org/apache/spark/sql/catalyst/analysis/resolver/ProducesUnresolvedSubtree
instanceKlass org/apache/spark/sql/catalyst/analysis/resolver/ResolvesExpressionChildren
instanceKlass org/apache/spark/sql/catalyst/analysis/resolver/OperatorResolutionContextStack
instanceKlass org/apache/spark/sql/catalyst/analysis/resolver/IdentifierAndCteSubstitutor
instanceKlass org/apache/spark/sql/catalyst/analysis/resolver/CteScope
instanceKlass org/apache/spark/sql/catalyst/analysis/resolver/CteRegistry
instanceKlass org/apache/spark/sql/catalyst/analysis/VariableResolution
instanceKlass org/apache/spark/sql/catalyst/expressions/package$AttributeSeq
instanceKlass org/apache/spark/sql/catalyst/analysis/package$
instanceKlass org/apache/spark/sql/catalyst/analysis/resolver/KeyTransformingMap
instanceKlass org/apache/spark/sql/catalyst/analysis/resolver/LateralColumnAliasRegistry
instanceKlass org/apache/spark/sql/catalyst/analysis/resolver/NameScope
instanceKlass org/apache/spark/sql/catalyst/analysis/resolver/NameScope$
instanceKlass org/apache/spark/sql/catalyst/analysis/resolver/NameScopeStack
instanceKlass org/apache/spark/sql/catalyst/analysis/resolver/OperatorResolutionContext$
instanceKlass org/apache/spark/sql/catalyst/analysis/resolver/OperatorResolutionContext
instanceKlass org/apache/spark/sql/catalyst/analysis/resolver/SubqueryScope$
instanceKlass org/apache/spark/sql/catalyst/analysis/resolver/SubqueryScope
instanceKlass org/apache/spark/sql/catalyst/analysis/resolver/SubqueryRegistry
instanceKlass org/apache/spark/sql/catalyst/analysis/resolver/PlanLogger
instanceKlass org/apache/spark/sql/catalyst/analysis/resolver/RelationMetadataProvider
instanceKlass org/apache/spark/sql/catalyst/analysis/resolver/Resolver
instanceKlass org/apache/spark/sql/catalyst/analysis/resolver/DelegatesResolutionToExtensions
instanceKlass org/apache/spark/sql/catalyst/analysis/resolver/ResolverMetricTracker
instanceKlass org/apache/spark/sql/catalyst/analysis/resolver/TreeNodeResolver
instanceKlass org/apache/spark/sql/catalyst/analysis/resolver/ResolverGuard
instanceKlass org/apache/spark/sql/catalyst/analysis/resolver/HybridAnalyzer
instanceKlass org/apache/spark/sql/catalyst/analysis/resolver/HybridAnalyzer$
instanceKlass org/apache/spark/sql/catalyst/plans/logical/AnalysisHelper$
instanceKlass org/apache/spark/sql/catalyst/analysis/AnalysisContext
instanceKlass org/apache/spark/sql/catalyst/analysis/AnalysisContext$
instanceKlass org/apache/spark/sql/connector/catalog/transactions/Transaction
instanceKlass org/apache/spark/sql/connector/catalog/TransactionalCatalogPlugin
instanceKlass org/apache/spark/util/LazyTry
instanceKlass org/apache/spark/util/LazyTry$
instanceKlass org/apache/spark/sql/execution/command/CheckViewReferences$
instanceKlass org/apache/spark/sql/execution/command/CommandCheck$
instanceKlass org/apache/spark/sql/execution/datasources/v2/TableCapabilityCheck$
instanceKlass org/apache/spark/sql/execution/datasources/HiveOnlyCheck$
instanceKlass org/apache/spark/sql/execution/datasources/PreWriteCheck$
instanceKlass org/apache/spark/sql/catalyst/catalog/SqlScriptingContextManager
instanceKlass org/apache/spark/sql/execution/InputRDDCodegen
instanceKlass org/apache/spark/sql/execution/StreamSourceAwareSparkPlan
instanceKlass org/apache/spark/sql/execution/LeafExecNode
instanceKlass org/apache/spark/sql/execution/datasources/PreReadCheck$
instanceKlass org/apache/spark/sql/execution/datasources/ViewSyncSchemaToMetaStore$
instanceKlass org/apache/spark/sql/execution/datasources/FileResolver
instanceKlass org/apache/spark/sql/catalyst/streaming/StreamingSourceIdentifyingName
instanceKlass org/apache/spark/sql/internal/SessionStateHelper
instanceKlass org/apache/spark/sql/execution/FileRelation
instanceKlass org/apache/spark/sql/execution/datasources/DataSourceResolver
instanceKlass org/apache/spark/sql/execution/datasources/LogicalRelationResolver
instanceKlass org/apache/spark/sql/catalyst/analysis/resolver/ResolverExtension
instanceKlass org/apache/spark/sql/catalyst/analysis/FunctionType
instanceKlass org/apache/spark/sql/connector/catalog/procedures/Procedure
instanceKlass org/apache/spark/sql/catalyst/analysis/FunctionResolution
instanceKlass org/apache/spark/sql/catalyst/streaming/HasStreamingSourceIdentifyingName
instanceKlass org/apache/spark/sql/catalyst/analysis/RelationResolution
instanceKlass org/apache/spark/sql/catalyst/analysis/PreemptedError
instanceKlass org/apache/spark/sql/catalyst/catalog/TempVariableManager
instanceKlass org/apache/spark/sql/catalyst/catalog/VariableManager
instanceKlass org/apache/spark/sql/catalyst/catalog/SessionCatalog$
instanceKlass org/apache/spark/sql/internal/SparkUDFExpressionBuilder
instanceKlass org/apache/spark/sql/internal/SessionState$
instanceKlass org/apache/spark/sql/catalyst/catalog/GlobalTempViewManager
instanceKlass org/apache/spark/sql/catalyst/catalog/ExternalCatalogWithListener
instanceKlass org/apache/spark/sql/catalyst/catalog/ExternalCatalog
instanceKlass org/apache/spark/sql/catalyst/catalog/UserDefinedFunction
instanceKlass org/apache/spark/sql/connector/catalog/Table
instanceKlass org/apache/spark/sql/connector/catalog/Relation
instanceKlass org/apache/spark/sql/connector/catalog/functions/UnboundFunction
instanceKlass org/apache/spark/sql/connector/catalog/functions/Function
instanceKlass org/apache/spark/sql/execution/datasources/v2/V2SessionCatalog
instanceKlass org/apache/spark/sql/connector/catalog/SupportsNamespaces
instanceKlass org/apache/spark/sql/connector/catalog/FunctionCatalog
instanceKlass org/apache/spark/sql/connector/catalog/TableCatalog
instanceKlass org/apache/spark/sql/connector/catalog/DefaultCatalogManager
instanceKlass org/apache/spark/sql/catalyst/rules/RuleExecutor$Strategy
instanceKlass org/apache/spark/sql/connector/catalog/CatalogManager
instanceKlass org/apache/spark/sql/catalyst/expressions/AnalysisAwareExpression
instanceKlass org/apache/spark/sql/catalyst/plans/logical/ExecutableDuringAnalysis
instanceKlass org/apache/spark/sql/catalyst/analysis/LeafNodeWithoutStats
instanceKlass org/apache/spark/sql/execution/streaming/checkpointing/OffsetSeqMetadataBase
instanceKlass org/apache/spark/util/UUIDv7Generator$Holder
instanceKlass org/apache/spark/util/UUIDv7Generator
instanceKlass org/apache/spark/sql/catalyst/QueryPlanningTracker$
instanceKlass org/apache/spark/sql/execution/DoNotCleanup$
instanceKlass org/apache/spark/sql/execution/QueryExecution$
instanceKlass org/apache/spark/sql/catalyst/expressions/AttributeSet
instanceKlass org/apache/spark/util/TransientBestEffortLazyVal
instanceKlass org/apache/spark/sql/execution/ShuffleCleanupMode
instanceKlass org/apache/spark/sql/classic/Dataset$
instanceKlass org/apache/spark/sql/classic/ClassicConversions$
instanceKlass org/apache/spark/sql/classic/ClassicConversions
instanceKlass org/apache/spark/sql/catalyst/csv/UnivocityParser
instanceKlass org/apache/spark/sql/catalyst/xml/StaxXmlParser
instanceKlass org/apache/spark/sql/catalyst/util/FailureSafeParser
instanceKlass org/apache/spark/sql/catalyst/json/JacksonParser
instanceKlass org/apache/spark/sql/catalyst/FileSourceOptions
instanceKlass org/apache/spark/sql/catalyst/rules/Rule
instanceKlass org/apache/spark/sql/execution/adaptive/AdaptiveRulesHolder
instanceKlass org/apache/spark/sql/execution/ColumnarRule
instanceKlass org/apache/spark/sql/execution/QueryExecution
instanceKlass org/apache/spark/sql/internal/SessionResourceLoader
instanceKlass org/apache/spark/sql/execution/OrderPreservingUnaryExecNode
instanceKlass org/apache/spark/sql/execution/PartitioningPreservingUnaryExecNode
instanceKlass org/apache/spark/sql/execution/UnaryExecNode
instanceKlass org/apache/spark/sql/execution/SafeForKWayMerge
instanceKlass org/apache/spark/sql/execution/CodegenSupport
instanceKlass org/apache/spark/sql/internal/VariableSubstitution$$anon$1
instanceKlass org/apache/spark/sql/internal/VariableSubstitution
instanceKlass org/apache/spark/sql/catalyst/plans/logical/CreatePipelineDatasetAsSelect
instanceKlass org/apache/spark/sql/catalyst/plans/logical/CreatePipelineDataset
instanceKlass org/apache/spark/sql/catalyst/plans/logical/BinaryCommand
instanceKlass org/apache/spark/sql/catalyst/plans/logical/V2PartitionCommand
instanceKlass org/apache/spark/sql/execution/command/UnaryRunnableCommand
instanceKlass org/apache/spark/sql/catalyst/plans/logical/SupervisingCommand
instanceKlass org/apache/spark/sql/catalyst/plans/logical/LeafCommand
instanceKlass org/apache/spark/sql/execution/ExplainMode
instanceKlass org/apache/spark/sql/catalyst/analysis/ViewType
instanceKlass org/apache/spark/sql/catalyst/plans/logical/HasPartitionExpressions
instanceKlass org/apache/spark/sql/catalyst/catalog/RoutineLanguage
instanceKlass org/apache/spark/sql/catalyst/CapturesConfig
instanceKlass org/apache/spark/sql/catalyst/expressions/TableConstraint
instanceKlass org/apache/spark/sql/connector/catalog/ChangelogRange
instanceKlass org/apache/spark/sql/catalyst/plans/logical/SupportsNonDeterministicExpression
instanceKlass org/apache/spark/sql/catalyst/expressions/BaseGroupingSets
instanceKlass org/apache/spark/sql/catalyst/plans/logical/V2WriteCommand
instanceKlass org/apache/spark/sql/catalyst/plans/logical/WriteWithSchemaEvolution
instanceKlass org/apache/spark/sql/catalyst/plans/logical/KeepAnalyzedQuery
instanceKlass org/apache/spark/sql/catalyst/plans/logical/UnaryParsedStatement
instanceKlass org/apache/spark/sql/connector/catalog/PathElement
instanceKlass org/apache/spark/sql/catalyst/analysis/UnresolvedTableOrViewSearchPathMode
instanceKlass org/apache/spark/sql/catalyst/plans/logical/SampleMethod
instanceKlass org/apache/spark/sql/catalyst/analysis/ViewSchemaMode
instanceKlass org/apache/spark/sql/catalyst/plans/NearestByDirection
instanceKlass org/apache/spark/sql/catalyst/analysis/PartitionSpec
instanceKlass org/apache/spark/sql/catalyst/plans/logical/AlterTableCommand
instanceKlass org/apache/spark/sql/catalyst/plans/logical/UnaryCommand
instanceKlass org/apache/spark/sql/catalyst/analysis/FieldName
instanceKlass org/apache/spark/sql/catalyst/plans/logical/V2CreateTableAsSelectPlan
instanceKlass org/apache/spark/sql/catalyst/plans/logical/TransactionalWrite
instanceKlass org/apache/spark/sql/catalyst/plans/logical/CTEInChildren
instanceKlass org/apache/spark/sql/catalyst/plans/logical/AnalysisOnlyCommand
instanceKlass org/apache/spark/sql/catalyst/plans/logical/V2CreateTablePlan
instanceKlass org/apache/spark/sql/catalyst/plans/logical/TableSpecBase
instanceKlass org/apache/spark/sql/connector/expressions/Literal
instanceKlass org/apache/spark/sql/connector/expressions/Transform
instanceKlass org/apache/spark/sql/connector/expressions/NamedReference
instanceKlass org/apache/spark/sql/connector/expressions/Expression
instanceKlass org/apache/spark/sql/catalyst/expressions/PredicateHelper
instanceKlass org/apache/spark/sql/catalyst/plans/logical/BinaryNode
instanceKlass org/apache/spark/sql/catalyst/plans/JoinType
instanceKlass org/antlr/v4/runtime/tree/AbstractParseTreeVisitor
instanceKlass org/apache/spark/sql/catalyst/parser/SqlBaseParserVisitor
instanceKlass org/antlr/v4/runtime/tree/ParseTreeVisitor
instanceKlass org/antlr/v4/runtime/RuleContext
instanceKlass org/antlr/v4/runtime/tree/RuleNode
instanceKlass org/antlr/v4/runtime/tree/ParseTree
instanceKlass org/antlr/v4/runtime/tree/SyntaxTree
instanceKlass org/antlr/v4/runtime/tree/Tree
instanceKlass org/antlr/v4/runtime/TokenStream
instanceKlass org/antlr/v4/runtime/TokenSource
instanceKlass org/antlr/v4/runtime/ANTLRErrorListener
instanceKlass org/antlr/v4/runtime/CharStream
instanceKlass org/antlr/v4/runtime/IntStream
instanceKlass org/apache/spark/sql/catalyst/parser/AbstractParser
instanceKlass org/apache/spark/sql/catalyst/catalog/SessionCatalog
instanceKlass org/apache/spark/sql/execution/datasources/DataSourceManager
instanceKlass org/apache/spark/sql/catalyst/plans/logical/PythonWorkerLogs$
instanceKlass org/apache/spark/sql/catalyst/expressions/variant/VariantExplodeOuterGeneratorBuilder$
instanceKlass org/apache/spark/sql/catalyst/expressions/variant/VariantExplodeGeneratorBuilder$
instanceKlass org/apache/spark/sql/catalyst/expressions/variant/VariantExplodeGeneratorBuilderBase
instanceKlass org/apache/spark/sql/catalyst/expressions/PosExplodeOuterGeneratorBuilder$
instanceKlass org/apache/spark/sql/catalyst/expressions/PosExplodeGeneratorBuilder$
instanceKlass org/apache/spark/sql/catalyst/expressions/PosExplodeGeneratorBuilderBase
instanceKlass org/apache/spark/sql/catalyst/expressions/InlineOuterGeneratorBuilder$
instanceKlass org/apache/spark/sql/catalyst/expressions/InlineGeneratorBuilder$
instanceKlass org/apache/spark/sql/catalyst/expressions/InlineGeneratorBuilderBase
instanceKlass org/apache/spark/sql/catalyst/expressions/ExplodeOuterGeneratorBuilder$
instanceKlass org/apache/spark/sql/catalyst/expressions/ExplodeGeneratorBuilder$
instanceKlass org/apache/spark/sql/catalyst/expressions/ExplodeGeneratorBuilderBase
instanceKlass org/apache/spark/sql/catalyst/analysis/SimpleTableFunctionRegistry
instanceKlass org/apache/spark/sql/catalyst/analysis/GeneratorBuilder
instanceKlass org/apache/spark/sql/catalyst/analysis/TableFunctionRegistry$
instanceKlass org/apache/spark/sql/catalyst/catalog/FunctionResourceLoader
instanceKlass org/apache/spark/sql/catalyst/catalog/FunctionExpressionBuilder
instanceKlass org/apache/spark/sql/catalyst/planning/QueryPlanner
instanceKlass org/apache/spark/sql/catalyst/rules/RuleExecutor
instanceKlass org/apache/spark/sql/catalyst/analysis/ColumnResolutionHelper
instanceKlass org/apache/spark/sql/catalyst/expressions/AliasHelper
instanceKlass org/apache/spark/sql/catalyst/analysis/CheckAnalysis
instanceKlass org/apache/spark/sql/catalyst/analysis/PlanToString
instanceKlass org/apache/spark/sql/connector/catalog/LookupCatalog
instanceKlass org/apache/spark/sql/catalyst/analysis/TableFunctionRegistry
instanceKlass org/apache/spark/sql/catalyst/parser/ParserInterface
instanceKlass org/apache/spark/sql/catalyst/parser/DataTypeParserInterface
instanceKlass org/apache/spark/sql/internal/BaseSessionStateBuilder
instanceKlass org/apache/spark/sql/execution/ui/SQLTab$
instanceKlass org/apache/spark/sql/execution/ui/SQLAppStatusStore
instanceKlass org/apache/spark/sql/execution/ui/SQLExecutionUIData
instanceKlass org/apache/spark/sql/catalyst/analysis/RelationCache
instanceKlass org/apache/spark/sql/execution/datasources/FileIndex
instanceKlass org/apache/spark/sql/connector/catalog/CatalogPlugin
instanceKlass org/apache/spark/sql/execution/CacheManager
instanceKlass org/apache/spark/sql/execution/adaptive/AdaptiveSparkPlanHelper
instanceKlass org/apache/hadoop/fs/FileSystem$Statistics$8
instanceKlass org/apache/hadoop/fs/FileSystem$6
instanceKlass org/apache/hadoop/fs/FileSystem$Statistics$StatisticsData
instanceKlass org/apache/hadoop/fs/FileSystem$Statistics$StatisticsDataReferenceCleaner
instanceKlass org/apache/hadoop/fs/FileSystem$Statistics$StatisticsAggregator
instanceKlass org/apache/hadoop/tracing/TraceScope
instanceKlass org/apache/hadoop/tracing/Tracer
instanceKlass org/apache/hadoop/tracing/TraceUtils
instanceKlass org/apache/hadoop/tracing/Tracer$Builder
instanceKlass org/apache/hadoop/fs/FsTracer
instanceKlass org/apache/hadoop/util/OperationDuration
instanceKlass org/apache/hadoop/fs/FileSystem$Cache$Key
instanceKlass org/apache/hadoop/security/token/Token
instanceKlass org/apache/hadoop/hdfs/web/WebHdfsConstants
instanceKlass org/apache/hadoop/security/token/delegation/AbstractDelegationTokenSelector
instanceKlass org/apache/hadoop/fs/BlockStoragePolicySpi
instanceKlass org/apache/hadoop/fs/FileChecksum
instanceKlass org/apache/hadoop/hdfs/web/resources/HttpOpParam$Op
instanceKlass org/apache/hadoop/security/token/TokenSelector
instanceKlass org/apache/hadoop/hdfs/web/TokenAspect$TokenManagementDelegator
instanceKlass org/apache/hadoop/fs/DelegationTokenRenewer$Renewable
instanceKlass org/apache/hadoop/hdfs/DistributedFileSystem$PartialListingIterator
instanceKlass org/apache/hadoop/fs/MultipartUploaderBuilder
instanceKlass org/apache/hadoop/fs/WithErasureCoding
instanceKlass org/apache/hadoop/fs/SafeMode
instanceKlass org/apache/hadoop/fs/LeaseRecoverable
instanceKlass org/apache/hadoop/fs/BatchListingOperations
instanceKlass org/apache/hadoop/crypto/key/KeyProviderTokenIssuer
instanceKlass org/apache/hadoop/fs/viewfs/InodeTree
instanceKlass org/apache/hadoop/shaded/org/apache/commons/lang3/CharSequenceUtils
instanceKlass org/apache/hadoop/shaded/org/apache/commons/lang3/Strings
instanceKlass org/apache/hadoop/fs/FileStatus
instanceKlass org/apache/hadoop/fs/PathHandle
instanceKlass org/apache/hadoop/fs/ChecksumFileSystem$9
instanceKlass org/apache/hadoop/fs/FutureDataInputStreamBuilder
instanceKlass org/apache/hadoop/fs/FileSystem$3
instanceKlass org/apache/hadoop/fs/FileSystem$Cache$ClientFinalizer
instanceKlass org/apache/hadoop/fs/FileSystem$Cache
instanceKlass org/apache/hadoop/fs/BulkDelete
instanceKlass org/apache/hadoop/fs/StorageStatistics
instanceKlass org/apache/hadoop/fs/impl/AbstractFSBuilderImpl
instanceKlass org/apache/hadoop/fs/FSBuilder
instanceKlass org/apache/hadoop/fs/QuotaUsage
instanceKlass org/apache/hadoop/fs/GlobalStorageStatistics$StorageStatisticsProvider
instanceKlass org/apache/hadoop/fs/RemoteIterator
instanceKlass org/apache/hadoop/fs/PathFilter
instanceKlass org/apache/hadoop/fs/FsUrlStreamHandlerFactory
instanceKlass org/apache/spark/sql/internal/SharedState$
instanceKlass org/apache/spark/sql/catalyst/util/CaseInsensitiveMap
instanceKlass org/apache/spark/sql/catalyst/util/CaseInsensitiveMap$
instanceKlass org/apache/spark/Partition
instanceKlass org/apache/spark/sql/sources/InsertableRelation
instanceKlass org/apache/spark/sql/sources/PrunedFilteredScan
instanceKlass org/apache/spark/storage/BlockManagerMessages$BlockManagerHeartbeat
instanceKlass org/apache/spark/HeartbeatReceiver$$anonfun$receiveAndReply$1$$anon$1
instanceKlass org/apache/spark/HeartbeatResponse
instanceKlass org/apache/spark/Heartbeat
instanceKlass org/apache/spark/executor/Executor$TaskRunner
instanceKlass java/util/concurrent/ForkJoinTask$Aux
instanceKlass java/util/concurrent/ForkJoinTask
instanceKlass org/apache/spark/executor/ExecutorMetricsPoller$TCMP
instanceKlass org/apache/spark/executor/ProcfsMetrics
instanceKlass java/lang/ProcessBuilder
instanceKlass org/apache/spark/executor/ProcfsMetricsGetter
instanceKlass org/apache/spark/executor/ProcfsMetricsGetter$
instanceKlass sun/nio/ch/FileChannelImpl$Unmapper
instanceKlass jdk/internal/access/foreign/UnmapperProxy
instanceKlass com/sun/jmx/mbeanserver/MXBeanProxy$Handler
instanceKlass com/sun/jmx/mbeanserver/MXBeanProxy$Visitor
instanceKlass com/sun/jmx/mbeanserver/MXBeanProxy
instanceKlass org/apache/spark/executor/ExecutorMetrics$
instanceKlass org/apache/spark/sql/catalyst/expressions/NullOrdering
instanceKlass org/apache/spark/sql/catalyst/expressions/SortDirection
instanceKlass org/apache/spark/sql/catalyst/analysis/UnresolvedStarBase
instanceKlass org/apache/spark/sql/catalyst/analysis/Star
instanceKlass org/apache/spark/sql/classic/SparkSession$$anon$3
instanceKlass org/apache/spark/ml/stat/SummaryBuilder
instanceKlass org/apache/spark/sql/catalyst/encoders/AgnosticEncoders$IterableEncoder
instanceKlass scala/collection/generic/IsIterable
instanceKlass scala/collection/generic/IsIterableOnce
instanceKlass scala/collection/generic/package
instanceKlass scala/collection/mutable/package
instanceKlass org/apache/spark/sql/catalyst/encoders/AgnosticEncoders$UDTEncoder
instanceKlass org/apache/spark/sql/catalyst/expressions/BaseGenericInternalRow
instanceKlass org/apache/spark/sql/types/SQLUserDefinedType
instanceKlass org/apache/spark/ml/linalg/DenseVector
instanceKlass org/apache/spark/ml/linalg/SparseVector
instanceKlass org/apache/spark/ml/package
instanceKlass org/apache/spark/ml/linalg/Vector
instanceKlass org/apache/spark/sql/catalyst/expressions/aggregate/BloomFilterUpdater
instanceKlass org/apache/spark/sql/catalyst/FunctionIdentifier
instanceKlass org/apache/spark/sql/catalyst/FunctionIdentifier$
instanceKlass org/apache/spark/sql/catalyst/expressions/MaskExpressionBuilder$
instanceKlass org/apache/spark/sql/types/TimeType$
instanceKlass org/apache/spark/sql/catalyst/expressions/BinaryFormatter
instanceKlass org/apache/spark/sql/catalyst/expressions/st/GeospatialInputTypes
instanceKlass org/apache/spark/sql/catalyst/expressions/variant/VariantGetExpressionBuilderBase
instanceKlass org/apache/spark/sql/catalyst/expressions/variant/ParseJsonExpressionBuilderBase
instanceKlass org/apache/spark/sql/catalyst/expressions/SizeBasedWindowFunction
instanceKlass org/apache/spark/sql/catalyst/expressions/SpecialFrameBoundary
instanceKlass org/apache/spark/sql/catalyst/expressions/FrameType
instanceKlass org/apache/spark/sql/catalyst/expressions/WindowFrame
instanceKlass org/apache/spark/sql/catalyst/expressions/OffsetWindowFunction
instanceKlass org/apache/spark/sql/catalyst/expressions/WindowFunction
instanceKlass org/apache/spark/sql/catalyst/expressions/TupleUnionThetaIntegerExpressionBuilder$
instanceKlass org/apache/spark/sql/catalyst/expressions/TupleUnionThetaDoubleExpressionBuilder$
instanceKlass org/apache/spark/sql/catalyst/expressions/TupleUnionIntegerExpressionBuilder$
instanceKlass org/apache/spark/sql/catalyst/expressions/TupleUnionDoubleExpressionBuilder$
instanceKlass org/apache/datasketches/tuple/Summary
instanceKlass org/apache/spark/sql/catalyst/expressions/RaiseErrorExpressionBuilder$
instanceKlass org/apache/spark/sql/catalyst/expressions/CreateStruct$
instanceKlass org/apache/spark/sql/catalyst/expressions/ExtractValue
instanceKlass org/apache/spark/sql/catalyst/expressions/MapBasedSimpleHigherOrderFunction
instanceKlass org/apache/spark/sql/catalyst/expressions/Sequence$InternalSequence
instanceKlass org/apache/spark/sql/catalyst/expressions/ArrayPendBase
instanceKlass org/apache/spark/sql/catalyst/expressions/codegen/Block
instanceKlass org/apache/spark/sql/catalyst/expressions/GetMapValueUtil$MapLookupExecutor
instanceKlass org/apache/spark/sql/catalyst/expressions/ArrayBasedSimpleHigherOrderFunction
instanceKlass org/apache/spark/sql/catalyst/expressions/SimpleHigherOrderFunction
instanceKlass org/apache/spark/sql/catalyst/expressions/HigherOrderFunction
instanceKlass org/apache/spark/sql/catalyst/util/ArrayData
instanceKlass org/apache/spark/sql/catalyst/expressions/ArrayBinaryLike
instanceKlass org/apache/spark/sql/catalyst/expressions/ArraySetLike
instanceKlass org/apache/spark/sql/catalyst/expressions/BinaryArrayExpressionWithImplicitCast
instanceKlass org/apache/spark/sql/catalyst/expressions/NoThrow
instanceKlass org/apache/spark/sql/catalyst/expressions/TimeBucketExpressionBuilder$
instanceKlass org/apache/spark/sql/catalyst/expressions/DatePartExpressionBuilder$
instanceKlass org/apache/spark/sql/catalyst/expressions/TryMakeTimestampLTZExpressionBuilder$
instanceKlass org/apache/spark/sql/catalyst/expressions/TryMakeTimestampNTZExpressionBuilder$
instanceKlass org/apache/spark/sql/catalyst/expressions/MakeTimestampLTZExpressionBuilder$
instanceKlass org/apache/spark/sql/catalyst/expressions/MakeTimestampNTZExpressionBuilder$
instanceKlass org/apache/spark/sql/catalyst/expressions/TryMakeTimestampExpressionBuilder$
instanceKlass org/apache/spark/sql/catalyst/expressions/MakeTimestampExpressionBuilder$
instanceKlass org/apache/spark/sql/catalyst/expressions/TruncInstant
instanceKlass org/apache/spark/sql/catalyst/expressions/ParseToTimestampLTZExpressionBuilder$
instanceKlass org/apache/spark/sql/catalyst/expressions/ParseToTimestampNTZExpressionBuilder$
instanceKlass org/apache/spark/sql/catalyst/expressions/SecondExpressionBuilder$
instanceKlass org/apache/spark/sql/catalyst/expressions/MinuteExpressionBuilder$
instanceKlass org/apache/spark/sql/catalyst/expressions/GetTimeField
instanceKlass org/apache/spark/sql/catalyst/expressions/HourExpressionBuilder$
instanceKlass org/apache/spark/sql/catalyst/expressions/UTCTimestamp
instanceKlass org/apache/spark/sql/catalyst/expressions/GetDateField
instanceKlass org/apache/spark/sql/catalyst/expressions/CurDateExpressionBuilder$
instanceKlass org/apache/spark/sql/catalyst/expressions/xml/XPathEvaluator
instanceKlass org/apache/spark/sql/catalyst/expressions/RPadExpressionBuilder$
instanceKlass org/apache/spark/sql/catalyst/expressions/String2TrimExpression
instanceKlass org/apache/spark/sql/catalyst/expressions/LPadExpressionBuilder$
instanceKlass org/apache/spark/sql/catalyst/expressions/PadExpressionBuilderBase
instanceKlass org/apache/spark/sql/catalyst/expressions/String2StringExpression
instanceKlass org/apache/spark/sql/catalyst/expressions/TimestampFormatterHelper
instanceKlass org/apache/spark/sql/catalyst/expressions/ToCharacterBuilder$
instanceKlass org/apache/spark/sql/catalyst/expressions/EndsWithExpressionBuilder$
instanceKlass org/apache/spark/sql/catalyst/expressions/StartsWithExpressionBuilder$
instanceKlass org/apache/spark/sql/catalyst/expressions/ContainsExpressionBuilder$
instanceKlass org/apache/spark/sql/catalyst/expressions/StringBinaryPredicateExpressionBuilderBase
instanceKlass org/apache/spark/sql/catalyst/expressions/CollateExpressionBuilder$
instanceKlass org/apache/spark/sql/catalyst/expressions/VectorAggregateBase
instanceKlass org/apache/spark/sql/catalyst/expressions/objects/InvokeLike
instanceKlass org/apache/spark/sql/catalyst/expressions/aggregate/TupleUnionAggIntegerExpressionBuilder$
instanceKlass org/apache/spark/sql/catalyst/expressions/aggregate/TupleUnionAggDoubleExpressionBuilder$
instanceKlass org/apache/spark/sql/catalyst/expressions/aggregate/TupleSketchAggIntegerExpressionBuilder$
instanceKlass org/apache/spark/sql/types/ShortExactNumeric$
instanceKlass scala/math/Numeric$ShortIsIntegral$
instanceKlass scala/math/Numeric$ShortIsIntegral
instanceKlass scala/math/Ordering$Short$
instanceKlass scala/math/Ordering$ShortOrdering
instanceKlass org/apache/spark/sql/types/LongExactNumeric$
instanceKlass org/apache/spark/sql/types/FloatType$FloatAsIfIntegral$
instanceKlass org/apache/spark/sql/types/FloatType$FloatAsIfIntegral
instanceKlass org/apache/spark/sql/types/FloatType$FloatIsConflicted
instanceKlass scala/math/Numeric$FloatIsFractional$
instanceKlass scala/math/Ordering$Float$IeeeOrdering
instanceKlass scala/math/Numeric$FloatIsFractional
instanceKlass org/apache/spark/sql/catalyst/types/PhysicalFloatType$$anonfun$3
instanceKlass org/apache/spark/sql/types/DoubleType$DoubleAsIfIntegral$
instanceKlass org/apache/spark/sql/types/DoubleType$DoubleAsIfIntegral
instanceKlass org/apache/spark/sql/types/DoubleType$DoubleIsConflicted
instanceKlass scala/math/Numeric$DoubleIsFractional$
instanceKlass scala/math/Ordering$Double$IeeeOrdering
instanceKlass scala/math/Numeric$DoubleIsFractional
instanceKlass org/apache/spark/sql/catalyst/types/PhysicalDoubleType$$anonfun$2
instanceKlass org/apache/spark/sql/catalyst/types/PhysicalStringType$$anonfun$4
instanceKlass org/apache/spark/sql/catalyst/types/PhysicalStringType$
instanceKlass org/apache/spark/sql/types/NoConstraint$
instanceKlass org/apache/spark/sql/catalyst/util/CollationAwareUTF8String
instanceKlass com/ibm/icu/impl/locale/BaseLocale$Key
instanceKlass com/ibm/icu/impl/locale/LocaleObjectCache
instanceKlass com/ibm/icu/impl/locale/BaseLocale
instanceKlass com/ibm/icu/impl/UResource
instanceKlass com/ibm/icu/impl/UResource$Key
instanceKlass com/ibm/icu/impl/LocaleIDs
instanceKlass com/ibm/icu/util/UResourceBundle$1
instanceKlass com/ibm/icu/impl/ICUResourceBundle$WholeBundle
instanceKlass com/ibm/icu/impl/ICUResourceBundleReader$ResourceCache
instanceKlass com/ibm/icu/impl/ICUConfig
instanceKlass com/ibm/icu/impl/ICUBinary
instanceKlass com/ibm/icu/impl/ICUResourceBundleReader$ReaderCacheKey
instanceKlass com/ibm/icu/impl/ICUResourceBundle$Loader
instanceKlass com/ibm/icu/impl/ICUResourceBundleReader$IsAcceptable
instanceKlass com/ibm/icu/impl/ICUBinary$Authenticate
instanceKlass com/ibm/icu/impl/ICUResourceBundleReader
instanceKlass com/ibm/icu/impl/ICUResourceBundle$AvailEntry
instanceKlass com/ibm/icu/impl/ICUResourceBundle$4
instanceKlass com/ibm/icu/impl/ClassLoaderUtil
instanceKlass com/ibm/icu/impl/ICUData
instanceKlass com/ibm/icu/impl/UResource$Value
instanceKlass com/ibm/icu/impl/UResource$Array
instanceKlass com/ibm/icu/impl/UResource$Table
instanceKlass com/ibm/icu/impl/ICUResourceBundleReader$Container
instanceKlass com/ibm/icu/impl/ICUDebug
instanceKlass com/ibm/icu/impl/UResource$Sink
instanceKlass com/ibm/icu/text/Collator
instanceKlass com/ibm/icu/util/Freezable
instanceKlass com/ibm/icu/util/ULocale$Type
instanceKlass com/ibm/icu/util/ULocale$3
instanceKlass java/util/Locale$LanguageRange
instanceKlass java/util/Locale$LocaleNameGetter
instanceKlass java/util/Locale$LocaleKey
instanceKlass com/ibm/icu/util/ULocale$JDKLocaleHelper
instanceKlass com/ibm/icu/impl/CacheValue
instanceKlass com/ibm/icu/impl/locale/AsciiUtil
instanceKlass com/ibm/icu/impl/LocaleIDParser
instanceKlass com/ibm/icu/impl/CacheBase
instanceKlass com/ibm/icu/util/ULocale
instanceKlass com/ibm/icu/util/VersionInfo
instanceKlass org/apache/spark/sql/catalyst/util/CollationFactory$Collation$SpecifierUtils
instanceKlass org/apache/spark/sql/catalyst/util/CollationFactory$Collation
instanceKlass org/apache/spark/sql/catalyst/util/CollationFactory$Collation$CollationSpec
instanceKlass org/apache/spark/sql/catalyst/util/CollationFactory
instanceKlass org/apache/spark/sql/types/StringConstraint
instanceKlass org/apache/spark/unsafe/types/UTF8String
instanceKlass com/esotericsoftware/kryo/KryoSerializable
instanceKlass org/apache/spark/sql/catalyst/util/TupleSummaryMode$Sum$
instanceKlass org/apache/spark/sql/catalyst/util/TupleSummaryMode
instanceKlass org/apache/spark/sql/types/ByteExactNumeric$
instanceKlass scala/math/Numeric$ByteIsIntegral$
instanceKlass scala/math/Numeric$ByteIsIntegral
instanceKlass scala/math/Ordering$Byte$
instanceKlass scala/math/Ordering$ByteOrdering
instanceKlass org/apache/spark/sql/types/IntegerExactNumeric$
instanceKlass org/apache/spark/sql/catalyst/types/PhysicalBinaryType$$anonfun$1
instanceKlass scala/math/Ordering$Boolean$
instanceKlass scala/math/Ordering$BooleanOrdering
instanceKlass org/apache/spark/sql/catalyst/types/ops/TypeOps
instanceKlass org/apache/spark/internal/config/MapProvider
instanceKlass org/apache/spark/sql/catalyst/plans/logical/HintErrorHandler
instanceKlass org/apache/spark/sql/catalyst/types/ops/TypeOps$
instanceKlass org/apache/spark/sql/catalyst/types/PhysicalPrimitiveType
instanceKlass org/apache/spark/sql/catalyst/types/PhysicalDataType
instanceKlass org/apache/spark/sql/catalyst/types/PhysicalDataType$
instanceKlass org/apache/spark/util/collection/BitSet
instanceKlass org/apache/spark/util/BestEffortLazyVal
instanceKlass org/apache/spark/QueryContext
instanceKlass org/apache/spark/sql/catalyst/trees/Origin
instanceKlass org/apache/spark/sql/catalyst/trees/CurrentOrigin$
instanceKlass org/apache/spark/sql/catalyst/expressions/Literal$
instanceKlass org/apache/spark/sql/catalyst/util/SketchSize
instanceKlass org/apache/spark/sql/catalyst/expressions/aggregate/TupleSketchAggDoubleExpressionBuilder$
instanceKlass org/apache/datasketches/tuple/SummarySetOperations
instanceKlass org/apache/datasketches/tuple/Sketch
instanceKlass org/apache/spark/sql/catalyst/expressions/aggregate/TupleSketchState
instanceKlass org/apache/spark/sql/catalyst/util/SummaryAggregateMode
instanceKlass org/apache/datasketches/quantilescommon/QuantilesDoublesAPI
instanceKlass org/apache/datasketches/quantilescommon/QuantilesFloatsAPI
instanceKlass org/apache/datasketches/quantilescommon/QuantilesLongsAPI
instanceKlass org/apache/datasketches/kll/KllSketch
instanceKlass org/apache/datasketches/quantilescommon/QuantilesAPI
instanceKlass org/apache/spark/sql/catalyst/expressions/aggregate/KllSketchAggBase
instanceKlass org/apache/spark/sql/catalyst/expressions/aggregate/ThetaSketchState
instanceKlass org/apache/datasketches/theta/Sketch
instanceKlass org/apache/datasketches/common/MemoryStatus
instanceKlass org/apache/spark/sql/catalyst/expressions/aggregate/ModeBuilder$
instanceKlass org/apache/spark/sql/catalyst/plans/logical/InputParameter
instanceKlass org/apache/spark/sql/catalyst/plans/logical/FunctionSignature
instanceKlass org/apache/spark/sql/catalyst/expressions/aggregate/CountMinSketchAggExpressionBuilder$
instanceKlass org/apache/spark/sql/catalyst/expressions/aggregate/ListAgg$OrderDeterminismResult
instanceKlass org/apache/spark/sql/catalyst/expressions/TaggingExpression
instanceKlass org/apache/spark/sql/catalyst/expressions/aggregate/PercentileDiscBuilder$
instanceKlass org/apache/spark/sql/catalyst/expressions/aggregate/SupportsOrderingWithinGroup
instanceKlass org/apache/spark/sql/catalyst/expressions/aggregate/PercentileContBuilder$
instanceKlass org/apache/spark/util/collection/OpenHashMap
instanceKlass org/apache/spark/sql/catalyst/expressions/aggregate/MinByBuilder$
instanceKlass org/apache/spark/sql/catalyst/expressions/aggregate/MaxByBuilder$
instanceKlass org/apache/spark/sql/catalyst/expressions/RuntimeReplaceableAggregate
instanceKlass org/apache/spark/sql/catalyst/expressions/IntervalDivide
instanceKlass org/apache/spark/sql/catalyst/expressions/aggregate/AggregateMode
instanceKlass org/apache/spark/sql/catalyst/expressions/TimeExpression
instanceKlass org/apache/spark/sql/catalyst/expressions/TryToTimeExpressionBuilder$
instanceKlass org/apache/spark/sql/catalyst/expressions/TryToDateExpressionBuilder$
instanceKlass org/apache/spark/sql/catalyst/expressions/TryToTimestampExpressionBuilder$
instanceKlass org/apache/spark/sql/catalyst/expressions/aggregate/TrySumExpressionBuilder$
instanceKlass org/apache/spark/sql/catalyst/expressions/aggregate/TryAverageExpressionBuilder$
instanceKlass org/apache/spark/sql/catalyst/expressions/GetArrayItemUtil
instanceKlass org/apache/spark/sql/catalyst/expressions/GetMapValueUtil
instanceKlass org/apache/spark/sql/catalyst/trees/QuaternaryLike
instanceKlass org/apache/spark/sql/catalyst/expressions/BitShiftOperation
instanceKlass org/apache/spark/sql/catalyst/expressions/NumericEvalContext
instanceKlass org/apache/spark/sql/catalyst/expressions/DivModLike
instanceKlass org/apache/spark/sql/catalyst/expressions/FloorExpressionBuilder$
instanceKlass org/apache/spark/sql/catalyst/expressions/codegen/CodegenFallback
instanceKlass org/apache/spark/sql/catalyst/expressions/CeilExpressionBuilder$
instanceKlass org/apache/spark/sql/catalyst/expressions/CeilFloorExpressionBuilderBase
instanceKlass org/apache/spark/sql/catalyst/expressions/CaseWhen$
instanceKlass org/apache/spark/sql/catalyst/expressions/ToStringBase
instanceKlass org/apache/spark/sql/catalyst/expressions/TimeZoneAwareExpression
instanceKlass org/apache/spark/sql/catalyst/expressions/DefaultStringProducingExpression
instanceKlass org/apache/spark/sql/catalyst/expressions/SupportQueryContext
instanceKlass org/apache/spark/sql/catalyst/expressions/Nondeterministic
instanceKlass org/apache/spark/sql/catalyst/expressions/RDG
instanceKlass org/apache/spark/sql/catalyst/expressions/ExpressionWithRandomSeed
instanceKlass org/apache/spark/sql/catalyst/expressions/PosExplodeExpressionBuilder$
instanceKlass org/apache/spark/sql/errors/QueryErrorsBase
instanceKlass org/apache/spark/sql/catalyst/trees/BinaryLike
instanceKlass org/apache/spark/sql/catalyst/expressions/RuntimeReplaceable
instanceKlass org/apache/spark/sql/catalyst/expressions/Predicate
instanceKlass org/apache/spark/sql/catalyst/expressions/InlineExpressionBuilder$
instanceKlass org/apache/spark/sql/catalyst/trees/TernaryLike
instanceKlass org/apache/spark/sql/catalyst/expressions/CommutativeExpression
instanceKlass org/apache/spark/sql/catalyst/expressions/CollectionGenerator
instanceKlass org/apache/spark/sql/catalyst/expressions/Generator
instanceKlass org/apache/spark/sql/catalyst/expressions/ExplodeExpressionBuilder$
instanceKlass org/apache/spark/sql/catalyst/expressions/ConditionalExpression
instanceKlass org/apache/spark/sql/catalyst/expressions/ComplexTypeMergingExpression
instanceKlass org/apache/spark/sql/catalyst/expressions/ExpressionInfo
instanceKlass org/apache/spark/annotation/DeveloperApi
instanceKlass org/apache/spark/sql/catalyst/expressions/ExpressionDescription
instanceKlass org/apache/spark/sql/catalyst/analysis/TypeCheckResult
instanceKlass org/apache/spark/sql/catalyst/expressions/codegen/ExprValue
instanceKlass org/apache/spark/sql/catalyst/expressions/codegen/JavaCode
instanceKlass org/json4s/JNumber
instanceKlass org/apache/spark/sql/catalyst/rules/RuleId
instanceKlass org/apache/spark/sql/catalyst/expressions/InheritAnalysisRules
instanceKlass org/apache/spark/sql/catalyst/analysis/FunctionRegistryBase$
instanceKlass org/apache/spark/sql/catalyst/expressions/ImplicitCastInputTypes
instanceKlass org/apache/spark/sql/catalyst/expressions/ExpectsInputTypes
instanceKlass org/apache/spark/sql/catalyst/trees/TreeNodeTag
instanceKlass org/apache/spark/sql/catalyst/analysis/BuiltinRegistryMixin
instanceKlass org/apache/spark/sql/catalyst/analysis/SimpleFunctionRegistry
instanceKlass org/apache/spark/sql/catalyst/analysis/FunctionRegistry
instanceKlass org/apache/spark/sql/catalyst/analysis/SimpleFunctionRegistryBase
instanceKlass org/apache/spark/sql/catalyst/analysis/FunctionRegistryBase
instanceKlass org/apache/spark/sql/catalyst/analysis/ExpressionBuilder
instanceKlass org/apache/spark/sql/catalyst/plans/logical/FunctionBuilderBase
instanceKlass org/apache/spark/sql/catalyst/analysis/FunctionRegistry$
instanceKlass org/apache/spark/SparkUnsupportedOperationException$
instanceKlass org/apache/spark/StringSubstitutor$
instanceKlass org/apache/spark/StringSubstitutor
instanceKlass com/fasterxml/jackson/core/util/InternalJacksonUtil
instanceKlass com/fasterxml/jackson/databind/deser/impl/PropertyValue
instanceKlass com/fasterxml/jackson/databind/deser/impl/PropertyValueBuffer
instanceKlass com/fasterxml/jackson/databind/annotation/JacksonStdImpl
instanceKlass com/fasterxml/jackson/databind/deser/impl/PropertyBasedCreator
instanceKlass com/fasterxml/jackson/databind/deser/std/NumberDeserializers
instanceKlass org/apache/spark/MitigationConfig
instanceKlass org/apache/spark/BreakingChangeInfo$
instanceKlass com/fasterxml/jackson/module/scala/util/TastyUtil$
instanceKlass com/fasterxml/jackson/databind/jsontype/TypeDeserializer
instanceKlass com/fasterxml/jackson/module/scala/deser/OptionDeserializer$
instanceKlass com/fasterxml/jackson/databind/deser/impl/ReadableObjectId$Referring
instanceKlass com/fasterxml/jackson/databind/deser/impl/BeanPropertyMap
instanceKlass com/fasterxml/jackson/annotation/JsonAlias
instanceKlass com/fasterxml/jackson/databind/introspect/POJOPropertyBuilder$1
instanceKlass com/fasterxml/jackson/databind/introspect/POJOPropertyBuilder$4
instanceKlass com/fasterxml/jackson/databind/introspect/POJOPropertyBuilder$2
instanceKlass com/fasterxml/jackson/databind/util/IgnorePropertiesUtil
instanceKlass com/fasterxml/jackson/annotation/JsonIncludeProperties
instanceKlass com/fasterxml/jackson/annotation/JsonIncludeProperties$Value
instanceKlass com/fasterxml/jackson/annotation/JsonIgnoreProperties
instanceKlass com/fasterxml/jackson/annotation/JsonIgnoreProperties$Value
instanceKlass com/fasterxml/jackson/databind/deser/BeanDeserializerBuilder
instanceKlass com/fasterxml/jackson/module/scala/introspect/ScalaAnnotationIntrospector$ScalaValueInstantiator$$anon$1
instanceKlass com/fasterxml/jackson/module/scala/introspect/ClassOverrides
instanceKlass com/fasterxml/jackson/databind/BeanProperty$Std
instanceKlass com/fasterxml/jackson/databind/deser/impl/CreatorCandidate$Param
instanceKlass com/fasterxml/jackson/databind/deser/impl/CreatorCandidate
instanceKlass com/fasterxml/jackson/databind/deser/impl/CreatorCollector
instanceKlass com/fasterxml/jackson/databind/PropertyMetadata
instanceKlass com/fasterxml/jackson/annotation/JsonPropertyDescription
instanceKlass com/fasterxml/jackson/annotation/JsonPropertyOrder
instanceKlass com/fasterxml/jackson/databind/annotation/JsonNaming
instanceKlass com/fasterxml/jackson/annotation/JacksonInject
instanceKlass com/fasterxml/jackson/databind/introspect/POJOPropertyBuilder$6
instanceKlass com/fasterxml/jackson/databind/introspect/POJOPropertyBuilder$5
instanceKlass com/fasterxml/jackson/databind/introspect/POJOPropertiesCollector$1
instanceKlass com/fasterxml/jackson/databind/cfg/ConstructorDetector
instanceKlass com/fasterxml/jackson/databind/introspect/PotentialCreator
instanceKlass com/fasterxml/jackson/annotation/JsonCreator
instanceKlass com/fasterxml/jackson/databind/introspect/MethodGenericTypeResolver
instanceKlass org/apache/spark/ErrorSubInfo
instanceKlass com/fasterxml/jackson/annotation/JsonGetter
instanceKlass com/fasterxml/jackson/databind/introspect/AnnotatedMethodMap
instanceKlass com/fasterxml/jackson/databind/introspect/AnnotatedMethodCollector$MethodBuilder
instanceKlass com/fasterxml/jackson/databind/introspect/MemberKey
instanceKlass com/fasterxml/jackson/databind/introspect/POJOPropertyBuilder$Linked
instanceKlass com/fasterxml/jackson/databind/AnnotationIntrospector$ReferenceProperty
instanceKlass com/fasterxml/jackson/databind/introspect/POJOPropertyBuilder$WithMember
instanceKlass com/fasterxml/jackson/annotation/JsonAutoDetect$1
instanceKlass com/fasterxml/jackson/annotation/JsonSetter
instanceKlass com/fasterxml/jackson/databind/PropertyName
instanceKlass com/fasterxml/jackson/module/scala/introspect/BeanDescriptor
instanceKlass com/fasterxml/jackson/annotation/JsonProperty
instanceKlass com/fasterxml/jackson/module/scala/introspect/ConstructorParameter
instanceKlass com/thoughtworks/paranamer/BytecodeReadingParanamer$MethodCollector
instanceKlass com/thoughtworks/paranamer/BytecodeReadingParanamer$Type
instanceKlass com/thoughtworks/paranamer/BytecodeReadingParanamer$TypeCollector
instanceKlass com/thoughtworks/paranamer/BytecodeReadingParanamer$ClassReader
instanceKlass com/thoughtworks/paranamer/BytecodeReadingParanamer
instanceKlass com/thoughtworks/paranamer/CachingParanamer
instanceKlass com/thoughtworks/paranamer/Paranamer
instanceKlass com/fasterxml/jackson/module/scala/introspect/JavaParameterIntrospector$
instanceKlass com/fasterxml/jackson/module/scala/introspect/PropertyDescriptor
instanceKlass scala/collection/immutable/LazyList$MidEvaluation$
instanceKlass scala/collection/immutable/LazyList$Deferrer$
instanceKlass scala/collection/immutable/LazyList$Uninitialized$
instanceKlass scala/collection/IterableFactory$ToFactory
instanceKlass scala/collection/IterableFactory$
instanceKlass org/apache/spark/BreakingChangeInfo
instanceKlass com/fasterxml/jackson/module/scala/introspect/LazyListSupport$
instanceKlass com/fasterxml/jackson/module/scala/introspect/BeanIntrospector$
instanceKlass com/fasterxml/jackson/module/scala/util/Implicits$
instanceKlass com/fasterxml/jackson/module/scala/util/Strings
instanceKlass com/fasterxml/jackson/module/scala/util/Options
instanceKlass com/fasterxml/jackson/module/scala/util/Classes
instanceKlass com/fasterxml/jackson/annotation/JsonAnySetter
instanceKlass com/fasterxml/jackson/annotation/JsonAnyGetter
instanceKlass com/fasterxml/jackson/annotation/JsonValue
instanceKlass com/fasterxml/jackson/annotation/JsonKey
instanceKlass com/fasterxml/jackson/databind/introspect/AnnotatedFieldCollector$FieldBuilder
instanceKlass com/fasterxml/jackson/databind/introspect/TypeResolutionContext$Basic
instanceKlass com/fasterxml/jackson/databind/introspect/AnnotationMap
instanceKlass com/fasterxml/jackson/databind/introspect/CollectorBase
instanceKlass com/fasterxml/jackson/databind/introspect/PotentialCreators
instanceKlass com/fasterxml/jackson/core/JsonLocation
instanceKlass com/fasterxml/jackson/databind/deser/impl/JDKValueInstantiators
instanceKlass com/fasterxml/jackson/databind/annotation/JsonValueInstantiator
instanceKlass com/fasterxml/jackson/databind/util/BeanUtil
instanceKlass com/fasterxml/jackson/databind/jsontype/impl/SubTypeValidator
instanceKlass com/fasterxml/jackson/databind/deser/std/JdkDeserializers
instanceKlass com/fasterxml/jackson/databind/ext/Java7Handlers
instanceKlass org/w3c/dom/Document
instanceKlass com/fasterxml/jackson/databind/ext/OptionalHandlerFactory
instanceKlass com/fasterxml/jackson/module/scala/util/ClassW$$anon$1
instanceKlass com/fasterxml/jackson/module/scala/util/ClassW
instanceKlass com/fasterxml/jackson/module/scala/util/PimpedType
instanceKlass com/fasterxml/jackson/module/scala/util/ClassW$
instanceKlass com/fasterxml/jackson/databind/util/LinkedNode
instanceKlass com/fasterxml/jackson/databind/deser/impl/NullsConstantProvider
instanceKlass com/fasterxml/jackson/databind/util/ArrayIterator
instanceKlass com/fasterxml/jackson/databind/annotation/JsonTypeResolver
instanceKlass com/fasterxml/jackson/annotation/JsonIdentityInfo
instanceKlass com/fasterxml/jackson/annotation/JsonAutoDetect
instanceKlass com/fasterxml/jackson/databind/introspect/POJOPropertiesCollector
instanceKlass com/fasterxml/jackson/databind/introspect/AnnotationCollector$OneAnnotation
instanceKlass com/fasterxml/jackson/annotation/JacksonAnnotationsInside
instanceKlass com/fasterxml/jackson/databind/type/TypeBindings$AsKey
instanceKlass com/fasterxml/jackson/databind/type/TypeBindings$TypeParamStash
instanceKlass com/fasterxml/jackson/databind/util/internal/PrivateMaxEntriesMap$AddTask
instanceKlass com/fasterxml/jackson/databind/util/internal/PrivateMaxEntriesMap$WeightedValue
instanceKlass com/fasterxml/jackson/databind/type/ClassStack
instanceKlass com/fasterxml/jackson/core/JsonStreamContext
instanceKlass com/fasterxml/jackson/core/json/ByteSourceJsonBootstrapper
instanceKlass com/fasterxml/jackson/core/util/TextBuffer
instanceKlass com/fasterxml/jackson/core/io/IOContext
instanceKlass com/fasterxml/jackson/core/util/BufferRecycler
instanceKlass com/fasterxml/jackson/core/util/BufferRecyclers
instanceKlass com/fasterxml/jackson/core/io/ContentReference
instanceKlass org/apache/spark/ErrorInfo
instanceKlass scala/collection/mutable/TreeSet$
instanceKlass scala/collection/immutable/ListSet$
instanceKlass scala/collection/mutable/TreeMap$
instanceKlass scala/collection/mutable/SortedMap
instanceKlass scala/collection/mutable/SortedMapOps
instanceKlass scala/collection/immutable/StrictOptimizedSortedMapOps
instanceKlass scala/collection/StrictOptimizedSortedMapOps
instanceKlass scala/collection/immutable/SortedMap
instanceKlass scala/collection/immutable/SortedMapOps
instanceKlass scala/collection/immutable/TreeMap$
instanceKlass scala/collection/SortedMapFactory$Delegate
instanceKlass scala/collection/SortedMapFactory
instanceKlass scala/collection/SortedMap
instanceKlass scala/collection/SortedMapFactoryDefaults
instanceKlass scala/collection/SortedMapOps
instanceKlass scala/collection/concurrent/TrieMap$
instanceKlass scala/collection/immutable/TreeSeqMap$OrderBy$Modification$
instanceKlass scala/collection/immutable/TreeSeqMap$OrderBy$Insertion$
instanceKlass scala/collection/generic/BitOperations$Int
instanceKlass scala/collection/immutable/TreeSeqMap$Ordering$
instanceKlass scala/collection/immutable/TreeSeqMap$Ordering
instanceKlass scala/collection/immutable/TreeSeqMap$OrderBy
instanceKlass scala/collection/immutable/TreeSeqMap$
instanceKlass scala/collection/mutable/ListMap$
instanceKlass scala/collection/immutable/ListMap$
instanceKlass scala/collection/mutable/UnrolledBuffer$
instanceKlass scala/math/Numeric$IntIsIntegral$
instanceKlass scala/math/Numeric$IntIsIntegral
instanceKlass scala/runtime/java8/JFunction1$mcII$sp
instanceKlass scala/collection/mutable/Queue$
instanceKlass scala/collection/immutable/Queue$
instanceKlass com/fasterxml/jackson/databind/deser/ValueInstantiator
instanceKlass com/fasterxml/jackson/databind/deser/ContextualKeyDeserializer
instanceKlass com/fasterxml/jackson/module/scala/deser/EnumerationKeyDeserializers$
instanceKlass com/fasterxml/jackson/module/scala/deser/ContextualEnumerationDeserializer
instanceKlass com/fasterxml/jackson/module/scala/VersionExtractor$
instanceKlass com/fasterxml/jackson/databind/cfg/PackageVersion
instanceKlass com/fasterxml/jackson/core/util/VersionUtil
instanceKlass scala/collection/JavaConverters$AsScala
instanceKlass scala/collection/JavaConverters$
instanceKlass com/fasterxml/jackson/module/scala/JacksonModule$
instanceKlass com/fasterxml/jackson/module/scala/DefaultLookupCacheFactory$
instanceKlass com/fasterxml/jackson/databind/util/Converter
instanceKlass com/fasterxml/jackson/module/scala/ser/IterableSerializer
instanceKlass com/fasterxml/jackson/databind/deser/Deserializers$Base
instanceKlass com/fasterxml/jackson/module/scala/ser/ContextualEnumerationSerializer
instanceKlass com/fasterxml/jackson/module/scala/ser/IteratorSerializer
instanceKlass com/fasterxml/jackson/module/scala/LookupCacheFactory
instanceKlass com/fasterxml/jackson/databind/type/TypeModifier
instanceKlass com/fasterxml/jackson/databind/cfg/MapperBuilder
instanceKlass com/fasterxml/jackson/core/type/TypeReference
instanceKlass org/apache/spark/ErrorClassesJsonReader$
instanceKlass org/apache/spark/ErrorClassesJsonReader
instanceKlass org/apache/spark/SparkThrowableHelper$
instanceKlass org/apache/spark/sql/errors/ExecutionErrors$
instanceKlass org/apache/spark/sql/errors/ExecutionErrors
instanceKlass org/apache/spark/sql/errors/DataTypeErrorsBase
instanceKlass org/apache/spark/sql/catalyst/DefinedByConstructorParams
instanceKlass org/apache/spark/sql/catalyst/encoders/AgnosticEncoders$ArrayEncoder
instanceKlass org/apache/spark/sql/catalyst/encoders/AgnosticEncoders$LeafEncoder
instanceKlass scala/collection/mutable/BitSet$
instanceKlass scala/reflect/internal/Variance$Extractor
instanceKlass scala/reflect/internal/tpe/TypeConstraints$UndoPair
instanceKlass org/apache/spark/sql/types/UDTRegistration$
instanceKlass org/apache/spark/annotation/Stable
instanceKlass org/apache/spark/sql/Row
instanceKlass org/apache/spark/sql/types/Geometry
instanceKlass org/apache/spark/sql/types/Geography
instanceKlass org/apache/spark/unsafe/types/VariantVal
instanceKlass org/apache/spark/unsafe/types/CalendarInterval
instanceKlass org/apache/spark/annotation/package
instanceKlass org/apache/spark/annotation/Unstable
instanceKlass org/apache/spark/sql/types/Decimal
instanceKlass org/apache/spark/sql/types/package
instanceKlass scala/reflect/internal/tpe/TypeConstraints$TypeConstraint
instanceKlass scala/reflect/internal/ReificationSupport$ReificationSupportImpl$FlagsRepr$
instanceKlass org/apache/spark/sql/catalyst/package
instanceKlass org/apache/spark/sql/package
instanceKlass org/apache/spark/package
instanceKlass org/apache/spark/sql/catalyst/WalkedTypePath
instanceKlass scala/reflect/internal/util/TriState$
instanceKlass org/apache/spark/sql/catalyst/ScalaSubtypeLock$
instanceKlass scala/reflect/internal/tpe/TypeConstraints$UndoLog
instanceKlass org/apache/spark/sql/catalyst/encoders/AgnosticEncoder
instanceKlass org/apache/spark/sql/catalyst/ScalaReflection$
instanceKlass org/apache/spark/sql/catalyst/ScalaReflection
instanceKlass org/apache/spark/sql/expressions/SparkUserDefinedFunction$
instanceKlass scala/reflect/internal/transform/Erasure$GenericArray$
instanceKlass scala/reflect/internal/transform/Erasure$BoxingErasure
instanceKlass scala/reflect/internal/transform/Erasure$SpecialScalaErasure
instanceKlass scala/reflect/internal/transform/UnCurry$DesugaredParameterType$
instanceKlass scala/runtime/RichFloat
instanceKlass scala/runtime/FractionalProxy
instanceKlass scala/runtime/LazyDouble
instanceKlass scala/runtime/LazyFloat
instanceKlass scala/runtime/LazyLong
instanceKlass scala/runtime/LazyChar
instanceKlass scala/runtime/LazyShort
instanceKlass scala/runtime/LazyByte
instanceKlass scala/runtime/LazyUnit
instanceKlass scala/runtime/VolatileDoubleRef
instanceKlass scala/runtime/VolatileFloatRef
instanceKlass scala/runtime/VolatileLongRef
instanceKlass scala/runtime/VolatileIntRef
instanceKlass scala/runtime/VolatileCharRef
instanceKlass scala/runtime/VolatileShortRef
instanceKlass scala/runtime/VolatileByteRef
instanceKlass scala/runtime/VolatileBooleanRef
instanceKlass scala/runtime/DoubleRef
instanceKlass scala/runtime/FloatRef
instanceKlass scala/runtime/LongRef
instanceKlass scala/runtime/CharRef
instanceKlass scala/runtime/ShortRef
instanceKlass scala/runtime/ByteRef
instanceKlass scala/languageFeature
instanceKlass java/lang/FunctionalInterface
instanceKlass scala/reflect/internal/annotations/package
instanceKlass scala/reflect/internal/util/ScalaClassLoader
instanceKlass scala/reflect/internal/MissingRequirementError$
instanceKlass java/lang/annotation/Repeatable
instanceKlass scala/runtime/VolatileObjectRef
instanceKlass scala/reflect/internal/Definitions$DefinitionsClass$MacroContextType$
instanceKlass scala/util/control/NonFatal
instanceKlass scala/concurrent/package
instanceKlass scala/runtime/AbstractFunction22
instanceKlass scala/runtime/AbstractFunction21
instanceKlass scala/runtime/AbstractFunction20
instanceKlass scala/runtime/AbstractFunction19
instanceKlass scala/runtime/AbstractFunction18
instanceKlass scala/runtime/AbstractFunction17
instanceKlass scala/runtime/AbstractFunction16
instanceKlass scala/runtime/AbstractFunction15
instanceKlass scala/runtime/AbstractFunction14
instanceKlass scala/runtime/AbstractFunction13
instanceKlass scala/runtime/AbstractFunction12
instanceKlass scala/runtime/AbstractFunction11
instanceKlass scala/runtime/AbstractFunction9
instanceKlass scala/runtime/AbstractFunction8
instanceKlass scala/runtime/AbstractFunction5
instanceKlass scala/runtime/AbstractFunction4
instanceKlass scala/Function22
instanceKlass scala/Function21
instanceKlass scala/Function20
instanceKlass scala/Function19
instanceKlass scala/Function18
instanceKlass scala/Function17
instanceKlass scala/Function16
instanceKlass scala/Function15
instanceKlass scala/Function14
instanceKlass scala/Function13
instanceKlass scala/Function12
instanceKlass scala/Function11
instanceKlass scala/Function9
instanceKlass scala/Function8
instanceKlass scala/Function5
instanceKlass scala/Function4
instanceKlass scala/Tuple22
instanceKlass scala/Tuple21
instanceKlass scala/Tuple20
instanceKlass scala/Tuple19
instanceKlass scala/Tuple18
instanceKlass scala/Tuple17
instanceKlass scala/Tuple16
instanceKlass scala/Tuple15
instanceKlass scala/Tuple14
instanceKlass scala/Tuple13
instanceKlass scala/Tuple12
instanceKlass scala/Tuple11
instanceKlass scala/Tuple10
instanceKlass scala/Tuple9
instanceKlass scala/Tuple8
instanceKlass scala/Tuple6
instanceKlass scala/Tuple5
instanceKlass scala/Tuple1
instanceKlass scala/reflect/internal/Definitions$ValueClassDefinitions$SymbolSet
instanceKlass scala/Product22
instanceKlass scala/Product21
instanceKlass scala/Product20
instanceKlass scala/Product19
instanceKlass scala/Product18
instanceKlass scala/Product17
instanceKlass scala/Product16
instanceKlass scala/Product15
instanceKlass scala/Product14
instanceKlass scala/Product13
instanceKlass scala/Product12
instanceKlass scala/Product11
instanceKlass scala/Product10
instanceKlass scala/Product9
instanceKlass scala/Product8
instanceKlass scala/Product6
instanceKlass scala/Product5
instanceKlass scala/Product1
instanceKlass scala/reflect/internal/Definitions$DefinitionsClass$VarArityClass$
instanceKlass scala/runtime/ModuleSerializationProxy
instanceKlass scala/Some$
instanceKlass scala/None
instanceKlass scala/reflect/ScalaLongSignature
instanceKlass scala/ValueOf
instanceKlass scala/reflect/internal/Symbols$SymbolKind
instanceKlass scala/reflect/macros/whitebox/Context
instanceKlass scala/reflect/macros/blackbox/Context
instanceKlass scala/reflect/macros/Internals
instanceKlass scala/reflect/macros/ExprUtils
instanceKlass scala/reflect/macros/Evals
instanceKlass scala/reflect/macros/Parsers
instanceKlass scala/reflect/macros/Typers
instanceKlass scala/reflect/macros/Infrastructure
instanceKlass scala/reflect/macros/FrontEnds
instanceKlass scala/reflect/macros/Reifiers
instanceKlass scala/reflect/macros/Names
instanceKlass scala/reflect/macros/Enclosures
instanceKlass scala/reflect/macros/Aliases
instanceKlass scala/reflect/macros/package
instanceKlass scala/reflect/api/TreeCreator
instanceKlass scala/reflect/NoManifest
instanceKlass scala/reflect/ManifestFactory
instanceKlass scala/reflect/runtime/package
instanceKlass scala/reflect/api/package
instanceKlass scala/xml/TopScope
instanceKlass scala/xml/package
instanceKlass scala/runtime/SymbolLiteral
instanceKlass scala/runtime/StructuralCallSite
instanceKlass scala/runtime/MethodCache
instanceKlass scala/reflect/internal/Types$substTypeMapCache$
instanceKlass scala/reflect/internal/tpe/TypeMaps$KeepOnlyTypeConstraints
instanceKlass scala/reflect/internal/tpe/TypeMaps$AnnotationFilter
instanceKlass scala/collection/immutable/Nil
instanceKlass scala/collection/SeqFactory$
instanceKlass scala/DummyImplicit
instanceKlass scala/annotation/TypeConstraint
instanceKlass scala/DelayedInit
instanceKlass scala/math/package
instanceKlass scala/UniquenessCache
instanceKlass scala/util/hashing/package
instanceKlass scala/util/package
instanceKlass scala/runtime/ScalaRunTime
instanceKlass scala/Dynamic
instanceKlass scala/Symbol
instanceKlass java/lang/Throwable$SentinelHolder
instanceKlass java/lang/Throwable$PrintStreamOrWriter
instanceKlass scala/reflect/api/Exprs$Expr
instanceKlass scala/reflect/api/Exprs$Expr$
instanceKlass scala/reflect/api/Printers$BooleanFlag$
instanceKlass scala/reflect/api/Liftables$Unliftable
instanceKlass scala/reflect/api/Liftables$Unliftable$
instanceKlass scala/reflect/api/StandardLiftables$StandardUnliftableInstances
instanceKlass scala/reflect/api/Liftables$Liftable
instanceKlass scala/reflect/api/Liftables$Liftable$
instanceKlass scala/reflect/api/StandardLiftables$StandardLiftableInstances
instanceKlass scala/reflect/internal/Symbols$CyclicReference$
instanceKlass scala/collection/mutable/ListBuffer$
instanceKlass scala/PartialFunction$$anon$1
instanceKlass scala/PartialFunction$
instanceKlass scala/reflect/internal/tpe/TypeConstraints$TypeConstraint$
instanceKlass scala/reflect/internal/Types$TypeUnwrapper
instanceKlass scala/reflect/internal/Types$ErasedValueType$
instanceKlass scala/reflect/internal/Types$StaticallyAnnotatedType$
instanceKlass scala/reflect/internal/Types$UntouchableTypeVar
instanceKlass scala/reflect/internal/Types$TypeVar$
instanceKlass scala/reflect/internal/Types$ArrayTypeRef$
instanceKlass scala/reflect/internal/Types$HasTypeMember$
instanceKlass scala/reflect/internal/Types$LiteralType$
instanceKlass scala/reflect/internal/Types$FoldableConstantType$
instanceKlass scala/reflect/internal/Types$CompoundType$
instanceKlass scala/reflect/internal/Types$OverloadedArgProto$
instanceKlass scala/reflect/internal/Kinds$inferKind$InferKind
instanceKlass scala/reflect/internal/Kinds$inferKind$
instanceKlass scala/reflect/internal/Kinds$TypeConKind$
instanceKlass scala/reflect/internal/Kinds$ProperTypeKind$
instanceKlass scala/reflect/internal/Kinds$Kind$
instanceKlass scala/reflect/internal/FlagSets$Flag$
instanceKlass scala/reflect/internal/Scopes$Scope$
instanceKlass scala/reflect/internal/Scopes$LookupNotFound$
instanceKlass scala/reflect/internal/Scopes$NameLookup
instanceKlass scala/reflect/internal/StdNames$binarynme$
instanceKlass scala/reflect/internal/AnnotationInfos$ThrownException$
instanceKlass scala/reflect/api/Trees$Traverser
instanceKlass scala/reflect/internal/Trees$MethodValue$
instanceKlass scala/reflect/internal/Trees$ValOrDefDef$
instanceKlass java/io/Console$2
instanceKlass jdk/internal/access/JavaIOAccess
instanceKlass java/io/Console
instanceKlass scala/reflect/internal/TypeDebugging$typeDebug$
instanceKlass scala/reflect/internal/TypeDebugging$AnsiColor
instanceKlass scala/io/AnsiColor
instanceKlass scala/reflect/internal/TypeDebugging$noPrint$
instanceKlass scala/reflect/internal/StdAttachments$ForceMatchDesugar$
instanceKlass scala/reflect/internal/StdAttachments$BooleanParameterType$
instanceKlass scala/reflect/internal/StdAttachments$DiscardedExpr$
instanceKlass scala/reflect/internal/StdAttachments$DiscardedValue$
instanceKlass scala/reflect/internal/StdAttachments$UnnamedArg$
instanceKlass scala/reflect/internal/StdAttachments$FieldTypeInferred$
instanceKlass scala/reflect/internal/StdAttachments$TypedExpectingUnitAttachment$
instanceKlass scala/reflect/internal/StdAttachments$RootSelection$
instanceKlass scala/reflect/internal/StdAttachments$CaseApplyInheritAccess$
instanceKlass scala/reflect/internal/StdAttachments$VirtualStringContext$
instanceKlass scala/reflect/internal/StdAttachments$InterpolatedString$
instanceKlass scala/reflect/internal/StdAttachments$NullaryOverrideAdapted$
instanceKlass scala/reflect/internal/StdAttachments$MultiargInfixAttachment$
instanceKlass scala/reflect/internal/StdAttachments$ConstructorNeedsFence$
instanceKlass scala/reflect/internal/StdAttachments$DottyEnumSingleton$
instanceKlass scala/reflect/internal/StdAttachments$UseInvokeSpecial$
instanceKlass scala/reflect/internal/StdAttachments$OuterArgCanBeElided$
instanceKlass scala/reflect/internal/StdAttachments$InlineAnnotatedAttachment
instanceKlass scala/reflect/internal/StdAttachments$SyntheticUnitAttachment$
instanceKlass scala/reflect/internal/StdAttachments$ForAttachment$
instanceKlass scala/reflect/internal/StdAttachments$MultiDefAttachment$
instanceKlass scala/reflect/internal/StdAttachments$PatVarDefAttachment$
instanceKlass scala/reflect/internal/StdAttachments$NoWarnAttachment$
instanceKlass scala/reflect/internal/StdAttachments$AutoApplicationAttachment$
instanceKlass scala/reflect/internal/StdAttachments$InfixAttachment$
instanceKlass scala/reflect/internal/StdAttachments$PostfixAttachment$
instanceKlass scala/reflect/internal/StdAttachments$BackquotedIdentifierAttachment$
instanceKlass scala/reflect/internal/StdAttachments$DelambdafyTarget$
instanceKlass scala/runtime/AbstractFunction2
instanceKlass scala/reflect/internal/FreshNames$FreshNameExtractor$
instanceKlass scala/reflect/internal/Internals$$anon$4
instanceKlass scala/reflect/api/Internals$CompatToken
instanceKlass scala/reflect/internal/Internals$$anon$2
instanceKlass scala/reflect/internal/SymbolTable$traceSymbols$
instanceKlass scala/reflect/macros/Universe$MacroInternalApi$MacroDecoratorApi
instanceKlass scala/reflect/api/Internals$InternalApi$DecoratorApi
instanceKlass scala/reflect/runtime/JavaUniverse$$anon$4
instanceKlass scala/reflect/internal/Internals$SymbolTableInternal
instanceKlass scala/reflect/api/TypeTags$WeakTypeTagImpl
instanceKlass scala/reflect/api/TypeTags$TypeTag$
instanceKlass scala/reflect/api/TypeTags$WeakTypeTag$
instanceKlass scala/reflect/internal/StdNames$compactify$
instanceKlass scala/reflect/api/Trees$Transformer
instanceKlass scala/reflect/internal/Variance$
instanceKlass scala/reflect/internal/tpe/TypeMaps$SubstSymMap$
instanceKlass jdk/internal/vm/annotation/DontInline
instanceKlass jdk/internal/vm/annotation/Hidden
instanceKlass jdk/internal/ValueBased
instanceKlass java/lang/invoke/LambdaForm$Compiled
instanceKlass java/lang/invoke/MethodHandleImpl$TableSwitchCacheKey
instanceKlass java/lang/invoke/MethodHandleImpl$Makers
instanceKlass java/lang/invoke/MethodHandle$PolymorphicSignature
instanceKlass sun/reflect/generics/tree/BooleanSignature
instanceKlass sun/reflect/generics/reflectiveObjects/GenericArrayTypeImpl
instanceKlass sun/reflect/generics/tree/IntSignature
instanceKlass jdk/internal/vm/annotation/ForceInline
instanceKlass jdk/internal/vm/annotation/Stable
instanceKlass scala/reflect/internal/StdNames$TermNames$raw$
instanceKlass scala/reflect/internal/util/package$
instanceKlass scala/reflect/runtime/JavaMirrors$JavaMirror$jMemberOps
instanceKlass scala/reflect/runtime/JavaMirrors$JavaMirror$RichClass
instanceKlass scala/reflect/runtime/ReflectionUtils$EnclosedIn
instanceKlass scala/reflect/runtime/ReflectionUtils$PrimitiveOrArray$
instanceKlass scala/reflect/internal/ClassfileConstants$FlagTranslation
instanceKlass scala/reflect/internal/JavaAccFlags$
instanceKlass scala/reflect/runtime/JavaMirrors$JavaMirror$jClassOps
instanceKlass scala/Array
instanceKlass scala/reflect/internal/Types$GenPolyType$
instanceKlass scala/reflect/internal/StdAttachments$KnownDirectSubclassesCalled$
instanceKlass scala/reflect/internal/StdAttachments$PlainAttachment
instanceKlass scala/reflect/internal/StdAttachments$ImportableAttachment
instanceKlass scala/collection/immutable/package
instanceKlass scala/collection/IterableOnceExtensionMethods
instanceKlass scala/Short
instanceKlass scala/Long
instanceKlass scala/Int
instanceKlass scala/Float
instanceKlass scala/Double
instanceKlass scala/Char
instanceKlass scala/Byte
instanceKlass scala/Boolean
instanceKlass scala/collection/ArrayOps
instanceKlass scala/collection/StringOps
instanceKlass scala/AnyVal
instanceKlass scala/Unit
instanceKlass scala/annotation/meta/package
instanceKlass scala/reflect/internal/util/ThreeValues$
instanceKlass jdk/internal/loader/BootLoader$PackageHelper
instanceKlass scala/ref/WeakReference$
instanceKlass scala/reflect/ClassManifestFactory
instanceKlass scala/reflect/package
instanceKlass scala/Predef
instanceKlass scala/collection/package
instanceKlass scala/reflect/runtime/TwoWayCaches$TwoWayCache$SomeRef$
instanceKlass scala/reflect/internal/AnnotationInfos$AnnotationInfo$
instanceKlass scala/annotation/Annotation
instanceKlass scala/annotation/ConstantAnnotation
instanceKlass scala/annotation/StaticAnnotation
instanceKlass scala/reflect/runtime/SynchronizedSymbols$SynchronizedMethodSymbol
instanceKlass scala/reflect/internal/Flags$MapFlags
instanceKlass scala/Function1$mcJJ$sp
instanceKlass scala/reflect/internal/ModifierFlags
instanceKlass sun/nio/cs/ThreadLocalCoders$Cache
instanceKlass sun/nio/cs/ThreadLocalCoders
instanceKlass scala/io/Codec
instanceKlass scala/io/Codec$
instanceKlass scala/io/LowPriorityCodecImplicits
instanceKlass scala/reflect/internal/pickling/PickleFormat$
instanceKlass scala/reflect/internal/pickling/PickleBuffer
instanceKlass scala/reflect/internal/pickling/UnPickler
instanceKlass scala/reflect/runtime/ReflectionUtils$
instanceKlass scala/reflect/internal/pickling/ByteCodecs$
instanceKlass scala/reflect/ScalaSignature
instanceKlass scala/reflect/internal/Types$FlagAssigningCompleter
instanceKlass scala/package
instanceKlass scala/reflect/internal/Scopes$ScopeEntry
instanceKlass scala/reflect/runtime/ThreadLocalStorage$MyThreadLocalStorage
instanceKlass scala/reflect/internal/Types$AbstractTypeRef
instanceKlass scala/reflect/internal/Types$AliasTypeRef
instanceKlass scala/reflect/internal/Types$NonClassTypeRef
instanceKlass scala/reflect/runtime/SynchronizedSymbols$SynchronizedTermSymbol
instanceKlass scala/reflect/runtime/SynchronizedSymbols$SynchronizedModuleClassSymbol
instanceKlass scala/reflect/runtime/SynchronizedSymbols$SynchronizedClassSymbol
instanceKlass scala/reflect/runtime/SynchronizedSymbols$SynchronizedTypeSymbol
instanceKlass scala/ref/ReferenceWithWrapper
instanceKlass scala/ref/WeakReference
instanceKlass scala/ref/ReferenceWrapper
instanceKlass scala/ref/Reference
instanceKlass scala/reflect/runtime/HasJavaClass
instanceKlass scala/reflect/runtime/TwoWayCaches$TwoWayCache
instanceKlass scala/reflect/api/Mirrors$MethodMirror
instanceKlass scala/reflect/api/Mirrors$InstanceMirror
instanceKlass scala/reflect/api/Mirrors$ModuleMirror
instanceKlass scala/reflect/internal/Types$FlagAgnosticCompleter
instanceKlass scala/reflect/runtime/JavaMirrors$JavaClassCompleter
instanceKlass scala/reflect/api/Mirrors$ClassMirror
instanceKlass scala/reflect/api/Mirrors$TemplateMirror
instanceKlass scala/reflect/internal/util/TraceSymbolActivity
instanceKlass scala/reflect/api/StandardDefinitions$DefinitionsApi$VarArityClassApi
instanceKlass scala/reflect/internal/Definitions$DefinitionsClass
instanceKlass scala/reflect/internal/util/Statistics$TimerStack
instanceKlass scala/reflect/internal/util/Statistics$View
instanceKlass scala/reflect/internal/util/Statistics$Timer
instanceKlass scala/collection/mutable/Growable$
instanceKlass scala/collection/mutable/ArrayDeque$
instanceKlass scala/collection/mutable/Stack$
instanceKlass scala/collection/mutable/ArrayDequeOps
instanceKlass scala/reflect/internal/util/FreshNameCreator$
instanceKlass scala/reflect/internal/util/FreshNameCreator
instanceKlass scala/reflect/api/Internals$ReificationSupportApi$SyntacticValFromExtractor
instanceKlass scala/reflect/api/Internals$ReificationSupportApi$SyntacticValEqExtractor
instanceKlass scala/reflect/api/Internals$ReificationSupportApi$SyntacticValDefExtractor
instanceKlass scala/reflect/api/Internals$ReificationSupportApi$SyntacticTypeIdentExtractor
instanceKlass scala/reflect/api/Internals$ReificationSupportApi$SyntacticTermIdentExtractor
instanceKlass scala/reflect/api/Internals$ReificationSupportApi$ScalaDotExtractor
instanceKlass scala/reflect/api/Internals$ReificationSupportApi$SyntacticObjectDefExtractor
instanceKlass scala/reflect/api/Internals$ReificationSupportApi$SyntacticPatDefExtractor
instanceKlass scala/reflect/api/Internals$ReificationSupportApi$SyntacticMatchExtractor
instanceKlass scala/reflect/api/Internals$ReificationSupportApi$SyntacticFunctionExtractor
instanceKlass scala/reflect/api/Internals$ReificationSupportApi$SyntacticFilterExtractor
instanceKlass scala/reflect/api/Internals$ReificationSupportApi$SyntacticAssignExtractor
instanceKlass scala/reflect/api/Internals$ReificationSupportApi$SyntacticDefDefExtractor
instanceKlass scala/reflect/api/Internals$ReificationSupportApi$SyntacticAppliedExtractor
instanceKlass scala/reflect/api/Internals$ReificationSupportApi$SyntacticImportExtractor
instanceKlass scala/reflect/api/Internals$ReificationSupportApi$SyntacticForExtractor
instanceKlass scala/reflect/api/Internals$ReificationSupportApi$SyntacticTryExtractor
instanceKlass scala/reflect/api/Internals$ReificationSupportApi$SyntacticNewExtractor
instanceKlass scala/reflect/api/Internals$ReificationSupportApi$ImplicitParamsExtractor
instanceKlass scala/reflect/api/Internals$ReificationSupportApi$FlagsReprExtractor
instanceKlass scala/reflect/api/Internals$ReificationSupportApi$SyntacticTupleExtractor
instanceKlass scala/reflect/api/Internals$ReificationSupportApi$SyntacticTraitDefExtractor
instanceKlass scala/reflect/api/Internals$ReificationSupportApi$SyntacticClassDefExtractor
instanceKlass scala/reflect/api/Internals$ReificationSupportApi$SyntacticBlockExtractor
instanceKlass scala/reflect/api/Internals$ReificationSupportApi$SyntacticSelectTypeExtractor
instanceKlass scala/reflect/api/Internals$ReificationSupportApi$SyntacticSelectTermExtractor
instanceKlass scala/reflect/api/Internals$ReificationSupportApi$SyntacitcSingletonTypeExtractor
instanceKlass scala/reflect/api/Internals$ReificationSupportApi$SyntacticFunctionTypeExtractor
instanceKlass scala/reflect/api/Internals$ReificationSupportApi$SyntacticPackageObjectDefExtractor
instanceKlass scala/reflect/api/Internals$ReificationSupportApi$SyntacticTypeProjectionExtractor
instanceKlass scala/reflect/api/Internals$ReificationSupportApi$SyntacticPartialFunctionExtractor
instanceKlass scala/reflect/api/Internals$ReificationSupportApi$SyntacticExistentialTypeExtractor
instanceKlass scala/reflect/api/Internals$ReificationSupportApi$SyntacticEmptyTypeTreeExtractor
instanceKlass scala/reflect/api/Internals$ReificationSupportApi$SyntacticCompoundTypeExtractor
instanceKlass scala/reflect/api/Internals$ReificationSupportApi$SyntacticTypeAppliedExtractor
instanceKlass scala/reflect/api/Internals$ReificationSupportApi$UnliftListOfListsElementwise
instanceKlass scala/reflect/api/Internals$ReificationSupportApi$SyntacticAnnotatedTypeExtractor
instanceKlass scala/reflect/api/Internals$ReificationSupportApi$UnliftListElementwise
instanceKlass scala/reflect/internal/ReificationSupport$ReificationSupportImpl
instanceKlass scala/reflect/api/Internals$ReificationSupportApi
instanceKlass scala/reflect/internal/Positions$SetChildrenPosAccumulator
instanceKlass scala/reflect/internal/Positions$$anon$1
instanceKlass scala/reflect/internal/util/SourceFile
instanceKlass scala/reflect/internal/Trees$ImportSelector
instanceKlass scala/reflect/api/Trees$ImportSelectorApi
instanceKlass scala/reflect/internal/Trees$OnlyChildAccumulator
instanceKlass scala/reflect/internal/AnnotationInfos$AnnotationInfo
instanceKlass scala/reflect/NameTransformer$OpCodes
instanceKlass scala/reflect/NameTransformer$
instanceKlass scala/reflect/internal/StdNames$JavaRestrictedIdentifiers
instanceKlass scala/reflect/internal/StdNames$JavaKeywords
instanceKlass scala/reflect/internal/StdNames$KeywordSetBuilder
instanceKlass scala/reflect/internal/Chars
instanceKlass scala/reflect/internal/StdNames$CommonNames
instanceKlass scala/reflect/internal/transform/Transforms$$anon$3
instanceKlass scala/reflect/internal/transform/PostErasure
instanceKlass scala/reflect/internal/transform/Transforms$$anon$2
instanceKlass scala/reflect/internal/transform/Erasure
instanceKlass scala/reflect/internal/transform/Transforms$$anon$1
instanceKlass scala/reflect/internal/transform/UnCurry
instanceKlass scala/reflect/internal/transform/Transforms$Lazy
instanceKlass scala/reflect/internal/util/StringOps
instanceKlass scala/reflect/internal/Kinds$KindErrors
instanceKlass scala/reflect/internal/Variances$varianceInType
instanceKlass scala/reflect/api/Types$ThisTypeApi
instanceKlass scala/reflect/api/Types$SuperTypeApi
instanceKlass scala/reflect/api/Types$SingleTypeApi
instanceKlass scala/reflect/api/Types$BoundedWildcardTypeApi
instanceKlass scala/collection/mutable/WeakHashMap$
instanceKlass scala/reflect/internal/tpe/FindMembers$FindMemberBase
instanceKlass scala/reflect/internal/Depth$
instanceKlass scala/reflect/internal/tpe/TypeMaps$TypeFolder
instanceKlass scala/reflect/internal/Symbols$SymbolOps
instanceKlass scala/reflect/internal/Symbols$TypeHistory
instanceKlass scala/reflect/internal/util/ReusableInstance
instanceKlass scala/reflect/internal/util/ReusableInstance$
instanceKlass scala/reflect/api/Internals$FreeTypeSymbolApi
instanceKlass scala/reflect/api/Internals$FreeTermSymbolApi
instanceKlass scala/reflect/internal/Symbols$FreeSymbol
instanceKlass scala/reflect/internal/util/JavaClearable
instanceKlass scala/collection/mutable/AnyRefMap$ExceptionDefault
instanceKlass scala/collection/mutable/AnyRefMap$
instanceKlass scala/reflect/internal/SymbolTable$perRunCaches$
instanceKlass sun/invoke/util/ValueConversions$WrapperCache
instanceKlass scala/reflect/internal/util/AlmostFinalValue
instanceKlass scala/reflect/internal/util/StatisticsStatics
instanceKlass scala/reflect/runtime/Settings$IntSetting
instanceKlass scala/reflect/runtime/Settings$BooleanSetting
instanceKlass scala/reflect/runtime/Settings$Setting
instanceKlass scala/reflect/internal/settings/MutableSettings$SettingValue
instanceKlass scala/reflect/internal/settings/AbsSettings$AbsSettingValue
instanceKlass scala/reflect/internal/settings/MutableSettings$
instanceKlass scala/reflect/internal/settings/MutableSettings$SettingsOps$
instanceKlass scala/reflect/api/Trees$SelectFromTypeTreeApi
instanceKlass scala/reflect/api/Trees$AppliedTypeTreeApi
instanceKlass scala/reflect/api/Trees$CompoundTypeTreeApi
instanceKlass scala/reflect/api/Trees$SingletonTypeTreeApi
instanceKlass scala/reflect/api/Trees$ThisApi
instanceKlass scala/reflect/api/Trees$TypeApplyApi
instanceKlass scala/reflect/api/Trees$AnnotatedApi
instanceKlass scala/reflect/api/Trees$AlternativeApi
instanceKlass scala/reflect/api/Trees$StarApi
instanceKlass scala/reflect/api/Trees$LabelDefApi
instanceKlass scala/reflect/api/Trees$FunctionApi
instanceKlass scala/reflect/api/Trees$NamedArgApi
instanceKlass scala/reflect/api/Trees$ImportApi
instanceKlass scala/reflect/api/Trees$UnApplyApi
instanceKlass scala/reflect/api/Trees$AssignApi
instanceKlass scala/reflect/api/Trees$ModuleDefApi
instanceKlass scala/reflect/api/Trees$ClassDefApi
instanceKlass scala/reflect/api/Trees$ImplDefApi
instanceKlass scala/reflect/api/Trees$PackageDefApi
instanceKlass scala/reflect/api/Trees$ExistentialTypeTreeApi
instanceKlass scala/reflect/api/Trees$IfApi
instanceKlass scala/reflect/api/Constants$ConstantApi
instanceKlass scala/reflect/api/Trees$TypedApi
instanceKlass scala/reflect/api/Trees$MatchApi
instanceKlass scala/reflect/api/Trees$ReturnApi
instanceKlass scala/reflect/internal/Reporting$RunReporting
instanceKlass scala/reflect/internal/TreeInfo
instanceKlass scala/reflect/api/Mirror
instanceKlass scala/reflect/internal/Reporting$PerRunReportingBase
instanceKlass scala/reflect/api/Trees$TreeCopierOps
instanceKlass scala/reflect/api/JavaUniverse$JavaMirror
instanceKlass scala/reflect/api/Mirrors$RuntimeMirror
instanceKlass scala/reflect/api/Mirrors$ReflectiveMirror
instanceKlass scala/reflect/internal/Reporter
instanceKlass scala/reflect/internal/settings/MutableSettings
instanceKlass scala/reflect/internal/settings/AbsSettings
instanceKlass scala/reflect/internal/SymbolTable$ReflectStats
instanceKlass scala/reflect/internal/ScopeStats
instanceKlass scala/reflect/internal/SymbolsStats
instanceKlass scala/reflect/internal/TreesStats
instanceKlass scala/reflect/internal/SymbolTableStats
instanceKlass scala/reflect/internal/TypesStats
instanceKlass scala/reflect/internal/BaseTypeSeqsStats
instanceKlass scala/reflect/internal/util/Statistics
instanceKlass scala/reflect/runtime/SynchronizedOps$SynchronizedBaseTypeSeq
instanceKlass scala/reflect/internal/BaseTypeSeqs$BaseTypeSeq
instanceKlass scala/reflect/runtime/SynchronizedOps$SynchronizedScope
instanceKlass scala/reflect/runtime/SynchronizedSymbols$SynchronizedSymbol
instanceKlass scala/reflect/runtime/ThreadLocalStorage$ThreadLocalStorage
instanceKlass scala/reflect/internal/Mirrors$Roots$RootSymbol
instanceKlass scala/reflect/internal/Mirrors$RootSymbol
instanceKlass scala/reflect/internal/Mirrors$Roots$WellKnownSymbol
instanceKlass scala/reflect/api/Names$TypeNameExtractor
instanceKlass scala/reflect/api/Types$ClassInfoTypeExtractor
instanceKlass scala/reflect/api/Names$TermNameExtractor
instanceKlass scala/reflect/api/Types$SingleTypeExtractor
instanceKlass scala/reflect/api/Types$ThisTypeExtractor
instanceKlass scala/reflect/api/Types$TypeRefExtractor
instanceKlass scala/reflect/api/Types$AnnotatedTypeExtractor
instanceKlass scala/reflect/api/Types$ExistentialTypeExtractor
instanceKlass scala/reflect/api/Types$SuperTypeExtractor
instanceKlass scala/reflect/api/Types$PolyTypeExtractor
instanceKlass scala/reflect/api/Types$RefinedTypeExtractor
instanceKlass scala/reflect/api/Types$NullaryMethodTypeExtractor
instanceKlass scala/reflect/api/Types$MethodTypeExtractor
instanceKlass scala/reflect/api/Types$TypeBoundsExtractor
instanceKlass scala/reflect/api/StandardNames$TypeNamesApi
instanceKlass scala/reflect/api/Annotations$AnnotationExtractor
instanceKlass scala/reflect/api/FlagSets$FlagValues
instanceKlass scala/reflect/api/Trees$SuperExtractor
instanceKlass scala/reflect/api/Trees$SelectFromTypeTreeExtractor
instanceKlass scala/reflect/api/Trees$IdentExtractor
instanceKlass scala/reflect/api/Trees$ModifiersExtractor
instanceKlass scala/reflect/api/Trees$TypeTreeExtractor
instanceKlass scala/reflect/api/Trees$AppliedTypeTreeExtractor
instanceKlass scala/reflect/api/Internals$ReferenceToBoxedExtractor
instanceKlass scala/reflect/api/Trees$CompoundTypeTreeExtractor
instanceKlass scala/reflect/api/Trees$SingletonTypeTreeExtractor
instanceKlass scala/reflect/api/Trees$ThisExtractor
instanceKlass scala/reflect/api/Trees$TypeApplyExtractor
instanceKlass scala/reflect/api/Trees$AnnotatedExtractor
instanceKlass scala/reflect/api/Trees$TypeBoundsTreeExtractor
instanceKlass scala/reflect/api/Trees$ApplyExtractor
instanceKlass scala/reflect/api/Trees$AlternativeExtractor
instanceKlass scala/reflect/api/Trees$TemplateExtractor
instanceKlass scala/reflect/api/Trees$StarExtractor
instanceKlass scala/reflect/api/Trees$ValDefExtractor
instanceKlass scala/reflect/api/Trees$CaseDefExtractor
instanceKlass scala/reflect/api/Trees$CaseDefApi
instanceKlass scala/reflect/api/Trees$LabelDefExtractor
instanceKlass scala/reflect/api/Trees$ThrowExtractor
instanceKlass scala/reflect/api/Trees$ThrowApi
instanceKlass scala/reflect/api/Trees$TryExtractor
instanceKlass scala/reflect/api/Trees$TryApi
instanceKlass scala/reflect/api/Trees$FunctionExtractor
instanceKlass scala/reflect/api/Trees$ImportSelectorExtractor
instanceKlass scala/reflect/api/Trees$NamedArgExtractor
instanceKlass scala/reflect/api/Trees$BindApi
instanceKlass scala/reflect/api/Trees$BindExtractor
instanceKlass scala/reflect/api/Trees$BlockApi
instanceKlass scala/reflect/api/Trees$BlockExtractor
instanceKlass scala/reflect/api/Trees$NewExtractor
instanceKlass scala/reflect/api/Trees$ImportExtractor
instanceKlass scala/reflect/api/Trees$UnApplyExtractor
instanceKlass scala/reflect/api/Trees$DefDefExtractor
instanceKlass scala/reflect/api/Trees$TypeDefExtractor
instanceKlass scala/reflect/api/Trees$AssignExtractor
instanceKlass scala/reflect/api/Trees$ModuleDefExtractor
instanceKlass scala/reflect/api/Trees$ClassDefExtractor
instanceKlass scala/reflect/api/Trees$PackageDefExtractor
instanceKlass scala/reflect/api/Trees$RefTreeExtractor
instanceKlass scala/reflect/api/StandardNames$TermNamesApi
instanceKlass scala/reflect/api/StandardNames$NamesApi
instanceKlass scala/reflect/api/Types$ConstantTypeExtractor
instanceKlass scala/reflect/api/Types$BoundedWildcardTypeExtractor
instanceKlass scala/reflect/api/Trees$ExistentialTypeTreeExtractor
instanceKlass scala/reflect/api/Annotations$AnnotationApi
instanceKlass scala/reflect/api/Trees$IfExtractor
instanceKlass scala/reflect/api/Trees$LiteralExtractor
instanceKlass scala/reflect/api/Trees$TypedExtractor
instanceKlass scala/reflect/api/Trees$MatchExtractor
instanceKlass scala/reflect/api/Trees$SelectExtractor
instanceKlass scala/reflect/api/StandardDefinitions$DefinitionsApi
instanceKlass scala/reflect/api/StandardDefinitions$StandardTypes
instanceKlass scala/reflect/api/Constants$ConstantExtractor
instanceKlass scala/reflect/api/Trees$ReturnExtractor
instanceKlass scala/reflect/internal/InfoTransformers$InfoTransformer
instanceKlass scala/reflect/internal/Phase
instanceKlass scala/reflect/internal/TreeGen
instanceKlass scala/reflect/macros/Universe$TreeGen
instanceKlass scala/reflect/macros/Universe$MacroInternalApi
instanceKlass scala/reflect/api/Internals$InternalApi
instanceKlass scala/reflect/macros/Universe$MacroCompatApi
instanceKlass scala/reflect/api/Internals$CompatApi
instanceKlass scala/reflect/api/Internals$ReferenceToBoxedApi
instanceKlass scala/reflect/internal/Positions$PosAssigner
instanceKlass scala/reflect/internal/Printers$TreePrinter
instanceKlass scala/reflect/api/Printers$TreePrinter
instanceKlass scala/reflect/api/Trees$ModifiersApi
instanceKlass scala/reflect/api/Names$TypeNameApi
instanceKlass scala/reflect/api/Trees$TypeDefApi
instanceKlass scala/reflect/api/Trees$DefDefApi
instanceKlass scala/reflect/api/Trees$SuperApi
instanceKlass scala/reflect/api/Trees$TypeBoundsTreeApi
instanceKlass scala/reflect/api/Trees$TemplateApi
instanceKlass scala/reflect/api/Trees$ValDefApi
instanceKlass scala/reflect/api/Trees$ValOrDefDefApi
instanceKlass scala/reflect/api/Trees$MemberDefApi
instanceKlass scala/reflect/api/Trees$DefTreeApi
instanceKlass scala/reflect/api/Trees$LiteralApi
instanceKlass scala/reflect/internal/Trees$CannotHaveAttrs
instanceKlass scala/reflect/api/Trees$ApplyApi
instanceKlass scala/reflect/api/Trees$GenericApplyApi
instanceKlass scala/reflect/api/Trees$IdentApi
instanceKlass scala/reflect/api/Types$ConstantTypeApi
instanceKlass scala/reflect/internal/AnnotationInfos$ClassfileAnnotArg
instanceKlass scala/reflect/api/Annotations$JavaArgumentApi
instanceKlass scala/reflect/api/Trees$SelectApi
instanceKlass scala/reflect/internal/Trees$RefTree
instanceKlass scala/reflect/api/Trees$RefTreeApi
instanceKlass scala/reflect/api/Trees$SymTreeApi
instanceKlass scala/reflect/internal/Trees$NameTree
instanceKlass scala/reflect/api/Trees$NameTreeApi
instanceKlass scala/reflect/api/Trees$NewApi
instanceKlass scala/reflect/internal/Trees$TermTree
instanceKlass scala/reflect/api/Trees$TermTreeApi
instanceKlass scala/reflect/api/Names$TermNameApi
instanceKlass scala/reflect/api/Names$NameApi
instanceKlass scala/reflect/internal/Names$NameHasIsEmpty
instanceKlass scala/reflect/api/Trees$TypeTreeApi
instanceKlass scala/reflect/internal/Trees$TypTree
instanceKlass scala/reflect/api/Trees$TypTreeApi
instanceKlass scala/reflect/internal/Trees$TreeContextApiImpl
instanceKlass scala/reflect/api/Trees$TreeApi
instanceKlass scala/reflect/internal/StdNames$SymbolNames
instanceKlass scala/reflect/internal/transform/Erasure$Scala2JavaArrayErasure
instanceKlass scala/reflect/api/Types$ClassInfoTypeApi
instanceKlass scala/reflect/api/Symbols$MethodSymbolApi
instanceKlass scala/reflect/macros/Attachments
instanceKlass scala/reflect/internal/util/DeprecatedPosition
instanceKlass scala/reflect/internal/util/InternalPositionImpl
instanceKlass scala/reflect/api/Position
instanceKlass scala/reflect/api/Scopes$MemberScopeApi
instanceKlass scala/reflect/api/Scopes$ScopeApi
instanceKlass scala/reflect/api/FlagSets$FlagOps
instanceKlass scala/reflect/internal/util/Statistics$SubQuantity
instanceKlass scala/reflect/internal/util/Statistics$Counter
instanceKlass scala/reflect/internal/util/Statistics$Quantity
instanceKlass scala/reflect/api/Types$RefinedTypeApi
instanceKlass scala/reflect/api/Types$CompoundTypeApi
instanceKlass scala/reflect/api/Types$ExistentialTypeApi
instanceKlass scala/reflect/api/Types$AnnotatedTypeApi
instanceKlass scala/reflect/internal/Types$RewrappingTypeProxy
instanceKlass scala/reflect/internal/tpe/TypeMaps$TypeMap
instanceKlass scala/reflect/api/Types$TypeBoundsApi
instanceKlass scala/reflect/api/Types$NullaryMethodTypeApi
instanceKlass scala/reflect/api/Types$MethodTypeApi
instanceKlass scala/reflect/api/Types$PolyTypeApi
instanceKlass scala/reflect/internal/util/StripMarginInterpolator
instanceKlass scala/reflect/api/Types$SingletonTypeApi
instanceKlass scala/reflect/internal/Types$SimpleTypeProxy
instanceKlass scala/reflect/internal/Definitions$ValueClassDefinitions
instanceKlass scala/reflect/api/Types$TypeRefApi
instanceKlass scala/reflect/internal/Symbols$StubSymbol
instanceKlass scala/reflect/api/Symbols$ClassSymbolApi
instanceKlass scala/reflect/api/Symbols$TypeSymbolApi
instanceKlass scala/reflect/api/Symbols$ModuleSymbolApi
instanceKlass scala/reflect/api/Symbols$TermSymbolApi
instanceKlass scala/reflect/internal/Symbols$SymbolContextApiImpl
instanceKlass scala/reflect/api/Symbols$SymbolApi
instanceKlass scala/reflect/internal/StdAttachments$Attachable
instanceKlass scala/reflect/internal/HasFlags
instanceKlass scala/reflect/api/Types$TypeApi
instanceKlass scala/reflect/internal/AnnotationInfos$Annotatable
instanceKlass scala/reflect/api/Universe
instanceKlass scala/reflect/api/Quasiquotes
instanceKlass scala/reflect/api/Liftables
instanceKlass scala/reflect/api/StandardLiftables
instanceKlass scala/reflect/api/StandardNames
instanceKlass scala/reflect/api/ImplicitTags
instanceKlass scala/reflect/api/TypeTags
instanceKlass scala/reflect/api/Exprs
instanceKlass scala/reflect/internal/Reporting
instanceKlass scala/reflect/internal/Internals
instanceKlass scala/reflect/api/Internals
instanceKlass scala/reflect/internal/FreshNames
instanceKlass scala/reflect/internal/pickling/Translations
instanceKlass scala/reflect/internal/PrivateWithin
instanceKlass scala/reflect/internal/ReificationSupport
instanceKlass scala/reflect/internal/StdCreators
instanceKlass scala/reflect/internal/StdAttachments
instanceKlass scala/reflect/internal/CapturedVariables
instanceKlass scala/reflect/internal/Importers
instanceKlass scala/reflect/internal/TypeDebugging
instanceKlass scala/reflect/internal/Positions
instanceKlass scala/reflect/api/Positions
instanceKlass scala/reflect/internal/Printers
instanceKlass scala/reflect/api/Printers
instanceKlass scala/reflect/internal/Trees
instanceKlass scala/reflect/api/Trees
instanceKlass scala/reflect/internal/AnnotationCheckers
instanceKlass scala/reflect/internal/AnnotationInfos
instanceKlass scala/reflect/api/Annotations
instanceKlass scala/reflect/internal/StdNames
instanceKlass scala/reflect/internal/transform/Transforms
instanceKlass scala/reflect/internal/InfoTransformers
instanceKlass scala/reflect/internal/BaseTypeSeqs
instanceKlass scala/reflect/internal/Constants
instanceKlass scala/reflect/api/Constants
instanceKlass scala/reflect/internal/Definitions
instanceKlass scala/reflect/api/StandardDefinitions
instanceKlass scala/reflect/internal/Mirrors
instanceKlass scala/reflect/api/Mirrors
instanceKlass scala/reflect/internal/Scopes
instanceKlass scala/reflect/api/Scopes
instanceKlass scala/reflect/internal/FlagSets
instanceKlass scala/reflect/api/FlagSets
instanceKlass scala/reflect/internal/ExistentialsAndSkolems
instanceKlass scala/reflect/internal/Kinds
instanceKlass scala/reflect/internal/Variances
instanceKlass scala/reflect/internal/Names
instanceKlass scala/reflect/api/Names
instanceKlass scala/reflect/runtime/SymbolTable
instanceKlass scala/reflect/runtime/ThreadLocalStorage
instanceKlass scala/reflect/runtime/Gil
instanceKlass scala/reflect/runtime/SynchronizedOps
instanceKlass scala/reflect/runtime/SynchronizedTypes
instanceKlass scala/reflect/internal/Types
instanceKlass scala/reflect/internal/util/Collections
instanceKlass scala/reflect/internal/tpe/FindMembers
instanceKlass scala/reflect/internal/tpe/TypeConstraints
instanceKlass scala/reflect/internal/tpe/TypeMaps
instanceKlass scala/reflect/internal/tpe/GlbLubs
instanceKlass scala/reflect/internal/tpe/CommonOwners
instanceKlass scala/reflect/internal/tpe/TypeToStrings
instanceKlass scala/reflect/internal/tpe/TypeComparers
instanceKlass scala/reflect/api/Types
instanceKlass scala/reflect/runtime/SynchronizedSymbols
instanceKlass scala/reflect/internal/Symbols
instanceKlass scala/reflect/api/Symbols
instanceKlass scala/reflect/runtime/SymbolLoaders
instanceKlass scala/reflect/runtime/JavaMirrors
instanceKlass scala/reflect/runtime/TwoWayCaches
instanceKlass scala/reflect/runtime/ReflectSetup
instanceKlass scala/reflect/runtime/JavaUniverseForce
instanceKlass scala/reflect/api/JavaUniverse
instanceKlass scala/reflect/runtime/package$
instanceKlass org/apache/spark/sql/expressions/UserDefinedFunction
instanceKlass org/apache/spark/sql/internal/UserDefinedFunctionLike
instanceKlass org/apache/spark/sql/functions$
instanceKlass org/apache/spark/sql/catalyst/expressions/UserDefinedExpression
instanceKlass org/apache/spark/sql/catalyst/expressions/NonSQLExpression
instanceKlass scala/reflect/api/TypeCreator
instanceKlass org/apache/spark/sql/ml/InternalFunctionRegistration$
instanceKlass org/apache/spark/sql/ml/InternalFunctionRegistration
instanceKlass org/apache/spark/sql/SparkSessionExtensionsProvider
instanceKlass org/apache/spark/sql/internal/SQLConf$RemovedConfig
instanceKlass org/apache/spark/sql/internal/SQLConf$DeprecatedConfig
instanceKlass org/apache/spark/sql/connector/catalog/CatalogManager$
instanceKlass org/apache/spark/internal/io/FileCommitProtocol
instanceKlass org/apache/spark/storage/StorageLevel$
instanceKlass org/apache/spark/storage/StorageLevel
instanceKlass org/apache/spark/sql/internal/DefaultSqlApiConf$
instanceKlass org/apache/spark/sql/internal/SqlApiConfHelper$
instanceKlass org/apache/spark/sql/internal/SQLConf$
instanceKlass org/apache/spark/sql/internal/StaticSQLConf$
instanceKlass scala/collection/StepperShape
instanceKlass scala/Option$WithFilter
instanceKlass org/apache/spark/sql/SparkSessionCompanion$
instanceKlass org/apache/spark/sql/classic/ObservationManager
instanceKlass org/apache/spark/sql/classic/RichColumn
instanceKlass org/apache/spark/sql/UDTFRegistration
instanceKlass org/apache/spark/sql/ExperimentalMethods
instanceKlass org/apache/spark/sql/util/ExecutionListenerManager
instanceKlass org/apache/spark/sql/catalyst/parser/NamedParameterContext
instanceKlass org/apache/spark/sql/catalyst/QueryPlanningTracker
instanceKlass org/apache/spark/sql/Encoder
instanceKlass org/apache/spark/sql/artifact/ArtifactManager
instanceKlass org/apache/spark/sql/catalyst/encoders/ExpressionEncoder$Serializer
instanceKlass org/apache/spark/sql/streaming/StreamingCheckpointManager
instanceKlass org/apache/spark/sql/internal/SessionState
instanceKlass org/apache/spark/sql/catalyst/InternalRow
instanceKlass org/apache/spark/sql/catalyst/expressions/SpecializedGetters
instanceKlass org/apache/spark/sql/sources/BaseRelation
instanceKlass org/apache/spark/scheduler/ActiveJob
instanceKlass scala/reflect/api/TypeTags$TypeTag
instanceKlass scala/reflect/api/TypeTags$WeakTypeTag
instanceKlass org/apache/spark/sql/catalyst/expressions/NamedExpression
instanceKlass org/apache/spark/sql/catalyst/expressions/Unevaluable
instanceKlass org/apache/spark/sql/types/StructField
instanceKlass org/apache/spark/sql/internal/SharedState
instanceKlass org/apache/spark/sql/Column
instanceKlass org/apache/spark/sql/internal/TableValuedFunctionArgument
instanceKlass org/apache/spark/sql/DataSourceRegistration
instanceKlass org/apache/spark/sql/internal/SQLConf
instanceKlass org/apache/spark/sql/internal/SqlApiConf
instanceKlass org/apache/spark/sql/SparkSessionExtensions
instanceKlass org/apache/spark/sql/catalyst/TableIdentifier
instanceKlass org/apache/spark/sql/catalyst/CatalystIdentifier
instanceKlass org/apache/spark/sql/SparkSessionBuilder
instanceKlass org/apache/spark/sql/SparkSessionCompanion
instanceKlass org/apache/spark/sql/SQLContext
instanceKlass org/apache/spark/sql/SQLImplicits
instanceKlass org/apache/spark/sql/EncoderImplicits
instanceKlass org/apache/spark/sql/LowPrioritySQLImplicits
instanceKlass org/apache/spark/sql/UDFRegistration
instanceKlass org/apache/spark/sql/catalyst/plans/logical/CompoundPlanStatement
instanceKlass org/apache/spark/sql/catalyst/analysis/UnresolvedUnaryNode
instanceKlass org/apache/spark/sql/catalyst/parser/ParameterContext
instanceKlass org/apache/spark/sql/TableValuedFunction
instanceKlass org/apache/spark/sql/catalyst/plans/logical/OrderPreservingUnaryNode
instanceKlass org/apache/spark/sql/catalyst/plans/AliasAwareQueryOutputOrdering
instanceKlass org/apache/spark/sql/catalyst/plans/AliasAwareOutputExpression
instanceKlass org/apache/spark/sql/catalyst/plans/logical/UnaryNode
instanceKlass org/apache/spark/sql/catalyst/trees/UnaryLike
instanceKlass org/apache/spark/sql/catalyst/analysis/NormalizeableRelation
instanceKlass org/apache/spark/sql/catalyst/plans/logical/ExposesMetadataColumns
instanceKlass org/apache/spark/sql/types/AbstractDataType
instanceKlass org/apache/spark/sql/catalyst/plans/logical/StreamSourceAwareLogicalPlan
instanceKlass org/apache/spark/sql/streaming/StreamingQueryManager
instanceKlass org/apache/spark/sql/Artifact$LocalData
instanceKlass org/apache/spark/sql/execution/command/LeafRunnableCommand
instanceKlass org/apache/spark/sql/execution/command/RunnableCommand
instanceKlass org/apache/spark/sql/catalyst/plans/logical/Command
instanceKlass org/apache/spark/sql/streaming/DataStreamReader
instanceKlass org/apache/spark/sql/RuntimeConfig
instanceKlass org/apache/spark/sql/catalyst/analysis/MultiInstanceRelation
instanceKlass org/apache/spark/sql/catalog/Catalog
instanceKlass org/apache/spark/sql/catalyst/analysis/NamedRelation
instanceKlass org/apache/spark/sql/catalyst/analysis/UnresolvedLeafNode
instanceKlass org/apache/spark/sql/catalyst/analysis/UnresolvedNode
instanceKlass org/apache/spark/sql/catalyst/plans/logical/LeafNode
instanceKlass org/apache/spark/sql/catalyst/trees/LeafLike
instanceKlass org/apache/spark/sql/catalyst/trees/TreeNode
instanceKlass org/apache/spark/sql/catalyst/trees/WithOrigin
instanceKlass org/apache/spark/sql/catalyst/trees/TreePatternBits
instanceKlass org/apache/spark/sql/catalyst/SQLConfHelper
instanceKlass org/apache/spark/sql/catalyst/plans/logical/QueryPlanConstraints
instanceKlass org/apache/spark/sql/catalyst/plans/logical/ConstraintHelper
instanceKlass org/apache/spark/sql/catalyst/plans/logical/LogicalPlanDistinctKeys
instanceKlass org/apache/spark/sql/catalyst/plans/logical/statsEstimation/LogicalPlanStats
instanceKlass org/apache/spark/sql/catalyst/plans/logical/AnalysisHelper
instanceKlass org/apache/spark/sql/Dataset
instanceKlass org/apache/spark/sql/DataFrameReader
instanceKlass org/apache/spark/sql/classic/ColumnNodeToExpressionConverter
instanceKlass org/apache/spark/sql/SparkSession
instanceKlass org/apache/spark/sql/classic/ColumnConversions
instanceKlass java/io/FileFilter
instanceKlass java/io/ObjectOutput
instanceKlass java/io/FilenameFilter
instanceKlass org/apache/hadoop/io/compress/CompressionCodecFactory
instanceKlass java/lang/Process
instanceKlass org/apache/hadoop/fs/Path
instanceKlass java/io/ObjectInputValidation
instanceKlass org/apache/spark/status/api/v1/ThreadStackTrace
instanceKlass jakarta/ws/rs/core/UriBuilder
instanceKlass org/apache/spark/util/Utils
instanceKlass org/apache/spark/SparkFiles$
instanceKlass org/apache/spark/SparkFiles
instanceKlass org/apache/spark/api/java/JavaSparkContext$
instanceKlass org/apache/spark/api/python/PythonUtils$
instanceKlass org/apache/spark/api/python/PythonUtils
instanceKlass org/apache/spark/CleanAccum
instanceKlass org/apache/spark/util/AccumulatorContext$
instanceKlass org/apache/spark/util/AccumulatorMetadata
instanceKlass org/apache/spark/SimpleFutureAction
instanceKlass org/apache/spark/FutureAction
instanceKlass org/apache/spark/Dependency
instanceKlass org/apache/spark/partial/PartialResult
instanceKlass org/apache/spark/partial/ApproximateEvaluator
instanceKlass org/apache/spark/status/api/v1/RDDStorageInfo
instanceKlass org/apache/spark/WritableConverter
instanceKlass org/apache/spark/TaskContext
instanceKlass org/apache/spark/MapOutputStatistics
instanceKlass org/apache/spark/storage/RDDInfo
instanceKlass org/apache/spark/api/java/Optional
instanceKlass org/apache/spark/api/java/JavaSparkStatusTracker
instanceKlass scala/runtime/LazyInt
instanceKlass org/apache/spark/util/CallerContext$
instanceKlass org/apache/spark/util/CallerContext
instanceKlass org/apache/spark/internal/plugin/PluginContainer
instanceKlass org/apache/spark/executor/ExecutorMetricsSource$ExecutorMetricGauge
instanceKlass org/apache/spark/metrics/source/JVMCPUSource$$anon$1
instanceKlass org/apache/spark/metrics/source/JVMCPUSource
instanceKlass org/apache/spark/storage/BlockManagerSource$$anon$1
instanceKlass org/apache/spark/storage/BlockManagerSource
instanceKlass org/apache/spark/metrics/sink/PrometheusServlet
instanceKlass org/apache/spark/ui/JettyUtils$ServletParams$
instanceKlass org/sparkproject/jetty/http/pathmap/MatchedPath$2
instanceKlass org/sparkproject/jetty/http/pathmap/MatchedPath$1
instanceKlass org/sparkproject/jetty/http/pathmap/MatchedPath
instanceKlass org/sparkproject/jetty/http/CompressedContentFormat
instanceKlass org/sparkproject/jetty/http/content/PreCompressedHttpContentFactory
instanceKlass org/sparkproject/jetty/util/FileID
instanceKlass org/sparkproject/jetty/http/content/VirtualHttpContentFactory
instanceKlass org/sparkproject/jetty/http/content/ResourceHttpContentFactory
instanceKlass org/sparkproject/jetty/io/ByteBufferPool$NonPooling
instanceKlass org/sparkproject/jetty/io/ByteBufferPool$Wrapper
instanceKlass org/sparkproject/jetty/server/AllowedResourceAliasChecker$AllowedResourceAliasCheckListener
instanceKlass jdk/nio/zipfs/ZipPath$2
instanceKlass org/sparkproject/jetty/util/resource/FileSystemPool$Bucket
instanceKlass org/sparkproject/jetty/util/resource/FileSystemPool$Mount
instanceKlass jdk/nio/zipfs/ZipUtils
instanceKlass jdk/nio/zipfs/ZipFileSystem$END
instanceKlass jdk/nio/zipfs/ZipConstants
instanceKlass java/nio/file/attribute/PosixFileAttributeView
instanceKlass jdk/nio/zipfs/ZipFileAttributeView
instanceKlass jdk/nio/zipfs/ZipPath
instanceKlass jdk/nio/zipfs/ZipCoder
instanceKlass sun/nio/fs/WindowsSecurity
instanceKlass sun/nio/fs/AbstractAclFileAttributeView
instanceKlass java/nio/file/attribute/AclFileAttributeView
instanceKlass java/nio/file/attribute/FileOwnerAttributeView
instanceKlass sun/nio/fs/WindowsFileSystemProvider$1
instanceKlass java/nio/file/attribute/PosixFilePermissions
instanceKlass java/nio/file/attribute/PosixFileAttributes
instanceKlass jdk/nio/zipfs/ZipFileAttributes
instanceKlass jdk/nio/zipfs/ZipFileSystem$IndexNode
instanceKlass sun/nio/fs/WindowsLinkSupport
instanceKlass sun/nio/fs/WindowsUriSupport
instanceKlass java/util/AbstractMap$SimpleEntry
instanceKlass jdk/internal/jimage/ImageBufferCache$2
instanceKlass jdk/internal/jimage/ImageBufferCache
instanceKlass java/nio/file/FileStore
instanceKlass java/nio/channels/AsynchronousFileChannel
instanceKlass java/nio/channels/AsynchronousChannel
instanceKlass java/nio/file/spi/FileSystemProvider$1
instanceKlass org/sparkproject/jetty/util/resource/PathResourceFactory
instanceKlass org/sparkproject/jetty/util/resource/MountedPathResourceFactory
instanceKlass org/sparkproject/jetty/util/resource/ResourceFactoryInternals
instanceKlass org/sparkproject/jetty/ee10/servlet/ServletContextHandler$ServletContextScopeListener
instanceKlass jakarta/servlet/http/HttpSessionBindingListener
instanceKlass jakarta/servlet/http/HttpSessionActivationListener
instanceKlass org/sparkproject/jetty/server/handler/ContextHandler$ContextScopeListener
instanceKlass org/sparkproject/jetty/util/resource/ResourceFactory$2
instanceKlass org/sparkproject/jetty/util/component/LifeCycle$Listener
instanceKlass org/sparkproject/jetty/http/MultiPart$Part
instanceKlass org/sparkproject/jetty/io/Content$Source$Factory
instanceKlass org/apache/spark/status/ApplicationInfoWrapper
instanceKlass org/apache/spark/status/api/v1/ApplicationInfo
instanceKlass scala/runtime/AbstractFunction7
instanceKlass scala/Function7
instanceKlass org/apache/spark/status/api/v1/ApplicationAttemptInfo
instanceKlass scala/runtime/AbstractFunction10
instanceKlass scala/Function10
instanceKlass org/apache/spark/status/ApplicationEnvironmentInfoWrapper
instanceKlass org/apache/spark/status/api/v1/ApplicationEnvironmentInfo
instanceKlass org/apache/spark/status/api/v1/RuntimeInfo
instanceKlass org/apache/spark/status/api/v1/MemoryMetrics
instanceKlass org/apache/spark/status/ElementTrackingStore$WriteSkippedQueue$
instanceKlass org/apache/spark/status/ElementTrackingStore$WriteQueued$
instanceKlass org/apache/spark/status/ElementTrackingStore$$anon$1
instanceKlass org/apache/spark/util/kvstore/KVTypeInfo$FieldAccessor
instanceKlass org/apache/spark/status/api/v1/ExecutorSummary
instanceKlass org/apache/spark/executor/ExecutorMetrics
instanceKlass org/apache/spark/util/kvstore/KVTypeInfo$MethodAccessor
instanceKlass org/apache/spark/util/kvstore/KVTypeInfo$Accessor
instanceKlass org/apache/spark/annotation/Private
instanceKlass com/fasterxml/jackson/annotation/JacksonAnnotation
instanceKlass com/fasterxml/jackson/annotation/JsonIgnore
instanceKlass org/apache/spark/util/kvstore/KVIndex
instanceKlass org/sparkproject/jetty/ee10/servlet/BaseHolder$Wrapped
instanceKlass org/apache/spark/util/kvstore/KVTypeInfo
instanceKlass org/sparkproject/jetty/util/compression/CompressionPool$Entry
instanceKlass org/apache/spark/util/kvstore/InMemoryStore$InstanceList
instanceKlass org/apache/spark/status/ResourceProfileWrapper
instanceKlass org/apache/spark/status/api/v1/ResourceProfileInfo
instanceKlass org/sparkproject/jetty/util/ConcurrentPool$Holder
instanceKlass org/apache/spark/scheduler/SparkListenerUnschedulableTaskSetRemoved
instanceKlass org/apache/spark/scheduler/SparkListenerUnschedulableTaskSetAdded
instanceKlass org/apache/spark/scheduler/SparkListenerSpeculativeTaskSubmitted
instanceKlass org/apache/spark/scheduler/SparkListenerBlockUpdated
instanceKlass org/apache/spark/util/logging/DriverLogger
instanceKlass org/apache/spark/scheduler/SparkListenerNodeUnexcluded
instanceKlass org/apache/spark/scheduler/SparkListenerNodeExcluded
instanceKlass org/apache/spark/scheduler/SparkListenerExecutorUnexcluded
instanceKlass org/apache/spark/scheduler/SparkListenerExecutorExcluded
instanceKlass org/apache/spark/scheduler/SparkListenerNodeExcludedForStage
instanceKlass org/apache/spark/scheduler/SparkListenerExecutorExcludedForStage
instanceKlass org/apache/spark/scheduler/SparkListenerNodeUnblacklisted
instanceKlass org/apache/spark/scheduler/SparkListenerNodeBlacklisted
instanceKlass org/apache/spark/scheduler/SparkListenerExecutorUnblacklisted
instanceKlass org/apache/spark/scheduler/SparkListenerExecutorBlacklisted
instanceKlass org/apache/spark/scheduler/SparkListenerNodeBlacklistedForStage
instanceKlass org/apache/spark/scheduler/SparkListenerExecutorBlacklistedForStage
instanceKlass scala/collection/convert/AsScalaExtensions$IterableHasAsScala
instanceKlass org/apache/spark/scheduler/SparkListenerExecutorRemoved
instanceKlass org/apache/spark/scheduler/SparkListenerStageExecutorMetrics
instanceKlass org/apache/spark/scheduler/SparkListenerExecutorMetricsUpdate
instanceKlass org/apache/spark/scheduler/SparkListenerApplicationEnd
instanceKlass org/apache/spark/scheduler/SparkListenerApplicationStart
instanceKlass org/apache/spark/scheduler/SparkListenerUnpersistRDD
instanceKlass scala/math/Ordering$Tuple2Ordering
instanceKlass org/apache/spark/scheduler/SparkListenerBlockManagerRemoved
instanceKlass org/apache/spark/scheduler/SparkListenerEnvironmentUpdate
instanceKlass org/apache/spark/scheduler/SparkListenerTaskEnd
instanceKlass org/apache/spark/scheduler/SparkListenerTaskGettingResult
instanceKlass org/apache/spark/scheduler/SparkListenerTaskStart
instanceKlass org/apache/spark/scheduler/SparkListenerJobEnd
instanceKlass org/apache/spark/scheduler/SparkListenerJobStart
instanceKlass org/apache/spark/scheduler/SparkListenerStageCompleted
instanceKlass org/apache/spark/scheduler/SparkListenerStageSubmitted
instanceKlass scala/util/Properties$
instanceKlass scala/util/PropertiesTrait
instanceKlass org/apache/spark/scheduler/AsyncEventQueue$$anon$3
instanceKlass org/apache/spark/scheduler/AsyncEventQueue$
instanceKlass org/apache/spark/ExecutorAllocationManager
instanceKlass org/apache/spark/ContextCleaner$
instanceKlass org/apache/spark/CleanupTask
instanceKlass org/apache/spark/ContextCleaner
instanceKlass com/fasterxml/jackson/databind/util/ArrayBuilders
instanceKlass com/fasterxml/jackson/databind/type/ClassKey
instanceKlass com/fasterxml/jackson/databind/ser/Serializers$Base
instanceKlass com/fasterxml/jackson/databind/ObjectMapper$1
instanceKlass com/codahale/metrics/MetricFilter
instanceKlass com/fasterxml/jackson/core/Version
instanceKlass com/fasterxml/jackson/databind/ser/BeanSerializerModifier
instanceKlass com/fasterxml/jackson/databind/ser/Serializers
instanceKlass com/fasterxml/jackson/databind/cfg/SerializerFactoryConfig
instanceKlass java/util/Currency
instanceKlass com/fasterxml/jackson/databind/ser/std/StdJdkSerializers
instanceKlass com/fasterxml/jackson/databind/ser/std/NumberSerializers
instanceKlass com/fasterxml/jackson/databind/deser/DeserializerCache
instanceKlass com/fasterxml/jackson/databind/KeyDeserializer
instanceKlass com/fasterxml/jackson/databind/deser/std/StdKeyDeserializers
instanceKlass com/fasterxml/jackson/databind/deser/KeyDeserializers
instanceKlass com/fasterxml/jackson/databind/deser/ValueInstantiators
instanceKlass com/fasterxml/jackson/databind/AbstractTypeResolver
instanceKlass com/fasterxml/jackson/databind/deser/BeanDeserializerModifier
instanceKlass com/fasterxml/jackson/databind/cfg/DeserializerFactoryConfig
instanceKlass com/fasterxml/jackson/databind/deser/Deserializers
instanceKlass com/fasterxml/jackson/annotation/ObjectIdGenerator
instanceKlass com/fasterxml/jackson/databind/deser/ValueInstantiator$Gettable
instanceKlass com/fasterxml/jackson/databind/deser/ContextualDeserializer
instanceKlass com/fasterxml/jackson/databind/deser/ResolvableDeserializer
instanceKlass com/fasterxml/jackson/databind/JsonDeserializer
instanceKlass com/fasterxml/jackson/databind/deser/NullValueProvider
instanceKlass com/fasterxml/jackson/databind/ser/SerializerCache
instanceKlass com/fasterxml/jackson/databind/ser/ResolvableSerializer
instanceKlass com/fasterxml/jackson/databind/ser/ContextualSerializer
instanceKlass com/fasterxml/jackson/databind/jsonschema/SchemaAware
instanceKlass com/fasterxml/jackson/databind/JsonSerializer
instanceKlass com/fasterxml/jackson/databind/jsonFormatVisitors/JsonFormatVisitable
instanceKlass com/fasterxml/jackson/databind/node/JsonNodeFactory
instanceKlass com/fasterxml/jackson/databind/node/JsonNodeCreator
instanceKlass com/fasterxml/jackson/databind/cfg/ContextAttributes
instanceKlass com/fasterxml/jackson/databind/cfg/DatatypeFeature
instanceKlass com/fasterxml/jackson/databind/cfg/DatatypeFeatures$DefaultHolder
instanceKlass com/fasterxml/jackson/databind/cfg/DatatypeFeatures
instanceKlass com/fasterxml/jackson/core/util/DefaultPrettyPrinter$NopIndenter
instanceKlass com/fasterxml/jackson/core/util/Separators
instanceKlass com/fasterxml/jackson/core/util/DefaultPrettyPrinter$Indenter
instanceKlass com/fasterxml/jackson/core/util/DefaultPrettyPrinter
instanceKlass com/fasterxml/jackson/core/util/Instantiatable
instanceKlass com/fasterxml/jackson/databind/cfg/ConfigFeature
instanceKlass com/fasterxml/jackson/databind/cfg/ConfigOverride
instanceKlass com/fasterxml/jackson/annotation/JsonFormat$Features
instanceKlass com/fasterxml/jackson/annotation/JsonFormat$Value
instanceKlass com/fasterxml/jackson/core/PrettyPrinter
instanceKlass com/fasterxml/jackson/databind/cfg/CoercionConfig
instanceKlass com/fasterxml/jackson/databind/cfg/CoercionConfigs
instanceKlass com/fasterxml/jackson/databind/introspect/VisibilityChecker$Std
instanceKlass com/fasterxml/jackson/annotation/JsonSetter$Value
instanceKlass com/fasterxml/jackson/annotation/JsonInclude$Value
instanceKlass com/fasterxml/jackson/annotation/JacksonAnnotationValue
instanceKlass com/fasterxml/jackson/databind/cfg/ConfigOverrides
instanceKlass com/fasterxml/jackson/databind/introspect/AnnotatedClass$Creators
instanceKlass com/fasterxml/jackson/databind/introspect/AnnotationCollector$NoAnnotations
instanceKlass com/fasterxml/jackson/databind/util/Annotations
instanceKlass com/fasterxml/jackson/databind/introspect/AnnotationCollector
instanceKlass com/fasterxml/jackson/databind/introspect/AnnotatedClassResolver
instanceKlass com/fasterxml/jackson/databind/BeanDescription
instanceKlass com/fasterxml/jackson/databind/cfg/MapperConfig
instanceKlass com/fasterxml/jackson/databind/introspect/SimpleMixInResolver
instanceKlass com/fasterxml/jackson/databind/introspect/ClassIntrospector$MixInResolver
instanceKlass com/fasterxml/jackson/databind/util/RootNameLookup
instanceKlass com/fasterxml/jackson/core/sym/CharsToNameCanonicalizer$Bucket
instanceKlass com/fasterxml/jackson/core/sym/CharsToNameCanonicalizer$TableInfo
instanceKlass com/fasterxml/jackson/core/sym/CharsToNameCanonicalizer
instanceKlass com/fasterxml/jackson/core/ErrorReportConfiguration
instanceKlass com/fasterxml/jackson/core/StreamWriteConstraints
instanceKlass com/fasterxml/jackson/core/StreamReadConstraints
instanceKlass com/fasterxml/jackson/core/util/RecyclerPool$WithPool
instanceKlass com/fasterxml/jackson/core/util/RecyclerPool$ThreadLocalPoolBase
instanceKlass com/fasterxml/jackson/core/util/RecyclerPool
instanceKlass com/fasterxml/jackson/core/util/JsonRecyclerPools
instanceKlass com/fasterxml/jackson/core/sym/ByteQuadsCanonicalizer$TableInfo
instanceKlass com/fasterxml/jackson/core/sym/ByteQuadsCanonicalizer
instanceKlass org/apache/spark/metrics/sink/MetricsServlet
instanceKlass org/apache/spark/metrics/sink/Sink
instanceKlass com/codahale/metrics/MetricRegistry$1
instanceKlass org/apache/spark/metrics/source/HiveCatalogMetrics$
instanceKlass org/apache/spark/metrics/source/CodegenMetrics$
instanceKlass org/apache/spark/metrics/source/StaticSources$
instanceKlass org/apache/spark/storage/FallbackStorage$
instanceKlass org/apache/spark/storage/HostLocalDirManager
instanceKlass scala/concurrent/BatchingExecutor$AbstractBatch
instanceKlass org/apache/spark/scheduler/SparkListenerBlockManagerAdded
instanceKlass org/apache/spark/storage/BlockManagerInfo
instanceKlass scala/math/Ordering$Long$
instanceKlass jdk/internal/math/FormattedFloatingDecimal$2
instanceKlass jdk/internal/math/FormattedFloatingDecimal
instanceKlass scala/runtime/RichLong$
instanceKlass scala/runtime/RichLong
instanceKlass scala/runtime/IntegralProxy
instanceKlass scala/runtime/RangedProxy
instanceKlass scala/runtime/ScalaWholeNumberProxy
instanceKlass scala/runtime/ScalaNumberProxy
instanceKlass scala/util/hashing/package$
instanceKlass scala/runtime/LazyBoolean
instanceKlass org/apache/spark/storage/BlockManagerMessages$RegisterBlockManager
instanceKlass org/apache/spark/storage/BlockManagerMessages$ToBlockManagerMaster
instanceKlass scala/math/Numeric$NumericOps
instanceKlass scala/math/Numeric$LongIsIntegral$
instanceKlass scala/math/Ordering$LongOrdering
instanceKlass scala/math/Numeric$LongIsIntegral
instanceKlass org/sparkproject/guava/util/concurrent/AbstractFuture$Failure
instanceKlass org/sparkproject/guava/util/concurrent/AbstractFuture$Cancellation
instanceKlass org/sparkproject/guava/util/concurrent/AbstractFuture$DelegatingToFuture
instanceKlass org/sparkproject/guava/util/concurrent/Platform
instanceKlass org/sparkproject/guava/util/concurrent/Uninterruptibles
instanceKlass org/sparkproject/guava/base/Stopwatch
instanceKlass org/sparkproject/guava/util/concurrent/AbstractFuture$Listener
instanceKlass org/sparkproject/guava/util/concurrent/AbstractFutureState$Waiter
instanceKlass org/sparkproject/guava/util/concurrent/LazyLogger
instanceKlass org/sparkproject/guava/util/concurrent/AbstractFutureState$AtomicHelper
instanceKlass org/sparkproject/guava/util/concurrent/internal/InternalFutureFailureAccess
instanceKlass org/sparkproject/guava/util/concurrent/AbstractFuture$Trusted
instanceKlass org/sparkproject/guava/util/concurrent/ListenableFuture
instanceKlass org/apache/spark/storage/BlockManagerId
instanceKlass org/apache/spark/storage/BlockManagerId$
instanceKlass org/apache/logging/log4j/spi/ThreadContextMap2
instanceKlass org/apache/logging/log4j/CloseableThreadContext
instanceKlass org/apache/spark/scheduler/TaskDescription
instanceKlass scala/collection/BuildFromLowPriority2$$anon$11
instanceKlass scala/collection/BuildFrom$$anon$6
instanceKlass scala/collection/BuildFrom$$anon$5
instanceKlass scala/collection/BuildFrom$
instanceKlass scala/collection/BuildFromLowPriority1
instanceKlass scala/collection/BuildFromLowPriority2
instanceKlass org/apache/spark/scheduler/HealthTracker
instanceKlass org/apache/spark/scheduler/HealthTracker$
instanceKlass com/codahale/metrics/WeightedSnapshot$WeightedSample
instanceKlass org/apache/spark/scheduler/CleanupQueryJobs
instanceKlass org/apache/spark/scheduler/AllJobsCancelled$
instanceKlass org/apache/spark/scheduler/JobTagCancelled
instanceKlass org/apache/spark/scheduler/JobGroupCancelled
instanceKlass org/apache/spark/scheduler/JobCancelled
instanceKlass org/apache/spark/scheduler/StageCancelled
instanceKlass scala/collection/immutable/VectorBuilder
instanceKlass org/apache/spark/scheduler/MapStageSubmitted
instanceKlass org/apache/spark/scheduler/JobSubmitted
instanceKlass com/codahale/metrics/Timer$Context
instanceKlass java/util/concurrent/LinkedBlockingDeque$Node
instanceKlass org/apache/spark/scheduler/ExecutorAdded
instanceKlass org/apache/spark/scheduler/DAGSchedulerEvent
instanceKlass org/apache/spark/scheduler/ExecutorResourcesAmounts
instanceKlass org/apache/spark/scheduler/ExecutorResourcesAmounts$
instanceKlass org/apache/spark/shuffle/sort/io/LocalDiskShuffleDriverComponents
instanceKlass org/apache/spark/shuffle/api/ShuffleDriverComponents
instanceKlass org/apache/spark/scheduler/WorkerOffer
instanceKlass org/apache/spark/shuffle/api/ShuffleExecutorComponents
instanceKlass org/apache/spark/shuffle/ShuffleDataIOUtils$
instanceKlass scala/runtime/AbstractFunction0
instanceKlass org/apache/spark/scheduler/cluster/ExecutorInfo
instanceKlass org/apache/spark/scheduler/SparkListenerExecutorAdded
instanceKlass scala/runtime/LazyRef
instanceKlass scala/Tuple3
instanceKlass scala/Product3
instanceKlass org/apache/spark/util/SparkThreadUtils$
instanceKlass org/apache/spark/rpc/netty/RpcEndpointVerifier$CheckExistence
instanceKlass org/apache/spark/rpc/RpcEndpointAddress$
instanceKlass org/apache/spark/executor/ExecutorMetricsPoller
instanceKlass org/apache/spark/executor/Executor$$anon$2
instanceKlass com/esotericsoftware/kryo/pool/KryoPoolQueueImpl
instanceKlass com/esotericsoftware/kryo/pool/SoftReferenceQueue
instanceKlass org/apache/spark/serializer/KryoSerializer$$anon$1
instanceKlass com/esotericsoftware/kryo/pool/KryoPool$Builder
instanceKlass org/apache/spark/serializer/KryoSerializer$PoolWrapper
instanceKlass org/apache/spark/executor/Executor$$anon$1
instanceKlass org/apache/spark/executor/IsolatedSessionState$
instanceKlass org/apache/spark/executor/IsolatedSessionState
instanceKlass org/apache/spark/JobArtifactState
instanceKlass org/apache/spark/executor/ExecutorSource$$anon$1
instanceKlass org/apache/hadoop/fs/FileSystem$Statistics
instanceKlass org/apache/spark/executor/ExecutorSource$$anon$6
instanceKlass org/apache/spark/executor/ExecutorSource$$anon$5
instanceKlass org/apache/spark/executor/ExecutorSource$$anon$4
instanceKlass org/apache/spark/executor/ExecutorSource$$anon$3
instanceKlass org/apache/spark/executor/ExecutorSource$$anon$2
instanceKlass org/apache/spark/executor/ExecutorSource
instanceKlass org/apache/spark/executor/Executor
instanceKlass org/apache/spark/executor/Executor$
instanceKlass org/apache/spark/scheduler/local/LocalEndpoint
instanceKlass org/apache/spark/Heartbeater$$anon$1
instanceKlass java/lang/Math$RandomNumberGeneratorHolder
instanceKlass org/apache/spark/Heartbeater
instanceKlass scala/collection/immutable/VectorInline$
instanceKlass org/apache/spark/metrics/ProcessTreeMetrics$
instanceKlass javax/management/MBeanServerInvocationHandler
instanceKlass org/apache/spark/metrics/MBeanExecutorMetricType
instanceKlass org/apache/spark/metrics/MemoryManagerExecutorMetricType
instanceKlass org/apache/spark/metrics/JVMOffHeapMemory$
instanceKlass org/apache/spark/metrics/JVMHeapMemory$
instanceKlass org/apache/spark/metrics/SingleValueExecutorMetricType
instanceKlass org/apache/spark/metrics/ExecutorMetricType$
instanceKlass org/apache/spark/executor/ExecutorMetricsSource
instanceKlass java/util/concurrent/BlockingDeque
instanceKlass org/apache/spark/util/EventLoop
instanceKlass scala/collection/mutable/LinkedHashSet$Entry
instanceKlass scala/collection/mutable/LinkedHashSet$
instanceKlass org/apache/spark/scheduler/LimitedSizeFIFOSet
instanceKlass org/apache/spark/scheduler/DAGSchedulerSource$$anon$5
instanceKlass org/apache/spark/scheduler/DAGSchedulerSource$$anon$4
instanceKlass org/apache/spark/scheduler/DAGSchedulerSource$$anon$3
instanceKlass org/apache/spark/scheduler/DAGSchedulerSource$$anon$2
instanceKlass org/apache/spark/scheduler/DAGSchedulerSource$$anon$1
instanceKlass org/apache/spark/scheduler/DAGSchedulerSource
instanceKlass org/apache/spark/scheduler/DAGScheduler$
instanceKlass org/apache/spark/scheduler/Stage
instanceKlass org/apache/spark/scheduler/JobListener
instanceKlass org/apache/spark/scheduler/JobResult
instanceKlass org/apache/spark/scheduler/DAGScheduler
instanceKlass org/apache/spark/scheduler/FIFOSchedulableBuilder
instanceKlass org/apache/spark/launcher/LauncherProtocol$Message
instanceKlass org/apache/spark/launcher/LauncherBackend
instanceKlass org/apache/spark/scheduler/local/LocalSchedulerBackend
instanceKlass org/apache/spark/scheduler/SupportsDelegationToken
instanceKlass org/apache/spark/executor/ExecutorBackend
instanceKlass org/apache/spark/scheduler/TaskResultGetter
instanceKlass org/apache/spark/scheduler/FIFOSchedulingAlgorithm
instanceKlass org/apache/spark/scheduler/SchedulingAlgorithm
instanceKlass org/apache/spark/scheduler/Pool
instanceKlass org/apache/spark/scheduler/TaskSchedulerImpl$
instanceKlass org/apache/spark/scheduler/StructuredStreamingIdAwareSchedulerLogging
instanceKlass org/apache/spark/scheduler/TaskSetManager
instanceKlass org/apache/spark/scheduler/Schedulable
instanceKlass org/apache/spark/scheduler/SchedulableBuilder
instanceKlass org/apache/spark/scheduler/TaskSchedulerImpl
instanceKlass org/apache/spark/scheduler/TaskScheduler
instanceKlass org/apache/spark/unsafe/memory/HeapMemoryAllocator
instanceKlass org/apache/spark/unsafe/memory/UnsafeMemoryAllocator
instanceKlass org/apache/spark/unsafe/memory/MemoryAllocator
instanceKlass org/apache/spark/unsafe/Platform
instanceKlass org/apache/spark/unsafe/array/ByteArrayMethods
instanceKlass org/apache/spark/memory/MemoryPool
instanceKlass scala/math/Fractional
instanceKlass scala/runtime/RichDouble$
instanceKlass org/apache/spark/memory/UnifiedMemoryManager$
instanceKlass java/text/CharacterIterator
instanceKlass org/apache/spark/rpc/netty/RpcFailure
instanceKlass org/apache/hadoop/io/BinaryComparable
instanceKlass scala/util/control/NoStackTrace$
instanceKlass scala/concurrent/impl/Promise$ManyCallbacks
instanceKlass org/apache/hadoop/io/WritableComparable
instanceKlass org/apache/spark/SecurityManager$
instanceKlass org/apache/spark/TaskSchedulerIsSet$
instanceKlass scala/util/control/NoStackTrace
instanceKlass org/apache/spark/ExecutorRemoved
instanceKlass org/apache/spark/ExecutorRegistered
instanceKlass scala/concurrent/Future$
instanceKlass org/apache/spark/rpc/AbortableRpcFuture
instanceKlass org/apache/spark/rpc/netty/NettyRpcEnv$$anon$1
instanceKlass scala/concurrent/ExecutionContext$parasitic$
instanceKlass scala/concurrent/BatchingExecutor
instanceKlass org/apache/spark/shuffle/IndexShuffleBlockResolver
instanceKlass scala/concurrent/Batchable
instanceKlass org/apache/spark/shuffle/MigratableResolver
instanceKlass scala/concurrent/impl/Promise$
instanceKlass scala/concurrent/impl/Promise$Callbacks
instanceKlass org/apache/spark/shuffle/checksum/ShuffleChecksumSupport
instanceKlass scala/concurrent/Promise
instanceKlass org/apache/spark/shuffle/ShuffleWriter
instanceKlass org/apache/spark/util/collection/OpenHashSet
instanceKlass scala/concurrent/Promise$
instanceKlass org/apache/spark/shuffle/ShuffleBlockResolver
instanceKlass org/apache/spark/rpc/netty/RequestMessage
instanceKlass org/apache/spark/ExpireDeadHosts$
instanceKlass scala/concurrent/Future
instanceKlass org/apache/spark/shuffle/ShuffleHandle
instanceKlass org/apache/spark/shuffle/ShuffleReader
instanceKlass org/apache/spark/shuffle/sort/SortShuffleManager
instanceKlass org/apache/spark/shuffle/ShuffleManager
instanceKlass org/apache/spark/shuffle/ShuffleManager$
instanceKlass org/apache/spark/scheduler/SparkListenerResourceProfileAdded
instanceKlass org/apache/spark/resource/ResourceProfile
instanceKlass org/apache/spark/resource/ResourceProfile$DefaultProfileExecutorResources
instanceKlass org/apache/spark/internal/config/Python$
instanceKlass org/apache/spark/resource/ExecutorResourceRequest$
instanceKlass org/apache/spark/resource/ExecutorResourceRequest
instanceKlass org/apache/spark/resource/ExecutorResourceRequests
instanceKlass org/apache/spark/resource/TaskResourceRequest
instanceKlass org/apache/spark/resource/TaskResourceRequests
instanceKlass org/apache/spark/resource/ResourceProfile$
instanceKlass org/apache/spark/resource/ResourceProfileManager
instanceKlass org/apache/spark/api/plugin/SparkPlugin
instanceKlass scala/collection/convert/AsJavaExtensions$MapHasAsJava
instanceKlass org/apache/spark/internal/plugin/PluginContainer$
instanceKlass org/apache/spark/util/SystemClock
instanceKlass org/apache/spark/util/Clock
instanceKlass org/apache/spark/HeartbeatReceiver$
instanceKlass java/util/AbstractMap$2$1
instanceKlass java/util/TreeMap$TreeMapSpliterator
instanceKlass org/sparkproject/jetty/compression/server/CompressionConfig$Builder
instanceKlass org/sparkproject/jetty/util/IncludeExcludeSet
instanceKlass org/sparkproject/jetty/compression/gzip/GzipDecoderConfig
instanceKlass org/sparkproject/jetty/compression/gzip/GzipEncoderConfig
instanceKlass org/sparkproject/jetty/http/EtagUtils
instanceKlass org/sparkproject/jetty/compression/EncoderSink
instanceKlass org/sparkproject/jetty/io/content/ContentSourceTransformer
instanceKlass org/sparkproject/jetty/compression/EncoderConfig
instanceKlass org/sparkproject/jetty/compression/DecoderConfig
instanceKlass org/sparkproject/jetty/ee10/servlet/ServletHolder$WrapFunction
instanceKlass jakarta/servlet/annotation/ServletSecurity
instanceKlass java/util/stream/StreamSpliterators
instanceKlass org/sparkproject/jetty/ee10/servlet/Holder$HolderConfig
instanceKlass org/sparkproject/jetty/ee10/servlet/FilterHolder$WrapFunction
instanceKlass java/util/stream/Streams$2
instanceKlass java/util/stream/StreamSpliterators$AbstractWrappingSpliterator
instanceKlass java/util/stream/Streams$ConcatSpliterator
instanceKlass org/sparkproject/jetty/http/pathmap/PathMappings$1
instanceKlass org/sparkproject/jetty/http/pathmap/MappedResource$1
instanceKlass org/sparkproject/jetty/http/pathmap/MappedResource
instanceKlass org/sparkproject/jetty/ee10/servlet/ServletHandler$1
instanceKlass org/sparkproject/jetty/http/pathmap/AbstractPathSpec
instanceKlass org/sparkproject/jetty/ee10/servlet/ServletContextHandler$ServletContainerInitializerCaller
instanceKlass org/sparkproject/jetty/util/Fields
instanceKlass org/sparkproject/jetty/http/HttpException
instanceKlass org/sparkproject/jetty/io/QuietException
instanceKlass org/sparkproject/jetty/server/HttpStream
instanceKlass org/sparkproject/jetty/util/Promise$Invocable
instanceKlass java/util/concurrent/Flow$Publisher
instanceKlass org/sparkproject/jetty/util/Promise
instanceKlass org/sparkproject/jetty/util/thread/Invocable$Callable
instanceKlass org/sparkproject/jetty/util/DeprecationWarning
instanceKlass org/sparkproject/jetty/server/handler/ContextHandlerCollection$Branch
instanceKlass org/sparkproject/jetty/ee10/servlet/FilterMapping
instanceKlass jakarta/servlet/FilterRegistration$Dynamic
instanceKlass jakarta/servlet/FilterConfig
instanceKlass org/apache/spark/ui/HttpSecurityFilter
instanceKlass org/sparkproject/jetty/server/handler/ContextHandler$VHost
instanceKlass org/apache/spark/ui/ServerInfo
instanceKlass org/sparkproject/jetty/server/AbstractConnector$Acceptor
instanceKlass org/sparkproject/jetty/io/ManagedSelector$Start
instanceKlass org/sparkproject/jetty/io/ManagedSelector$SelectorProducer
instanceKlass java/util/function/LongBinaryOperator
instanceKlass org/sparkproject/jetty/util/statistic/SampleStatistic
instanceKlass org/sparkproject/jetty/util/thread/ExecutionStrategy
instanceKlass org/sparkproject/jetty/util/thread/ExecutionStrategy$Producer
instanceKlass org/sparkproject/jetty/server/ConnectionFactory$Detecting
instanceKlass org/sparkproject/jetty/server/ConnectionFactory$Configuring
instanceKlass org/sparkproject/jetty/http/ComplianceViolation$Listener
instanceKlass org/sparkproject/jetty/io/SelectorManager$SelectorManagerListener
instanceKlass org/sparkproject/jetty/io/EndPoint
instanceKlass org/sparkproject/jetty/io/ManagedSelector$SelectorUpdate
instanceKlass org/sparkproject/jetty/util/component/Graceful$Shutdown
instanceKlass org/sparkproject/jetty/server/ConnectionMetaData
instanceKlass org/sparkproject/jetty/io/Connection$Tunnel
instanceKlass org/sparkproject/jetty/io/Connection$UpgradeTo
instanceKlass org/sparkproject/jetty/io/Connection$UpgradeFrom
instanceKlass org/sparkproject/jetty/io/AbstractConnection
instanceKlass org/sparkproject/jetty/io/Connection
instanceKlass org/sparkproject/jetty/server/HttpConfiguration$ConnectionFactory
instanceKlass org/sparkproject/jetty/server/ConnectionFactory
instanceKlass org/sparkproject/jetty/util/ssl/SniX509ExtendedKeyManager$SniSelector
instanceKlass org/sparkproject/jetty/http/MultiPartCompliance
instanceKlass org/sparkproject/jetty/http/CookieCompliance
instanceKlass org/sparkproject/jetty/http/UriCompliance
instanceKlass org/sparkproject/jetty/http/ComplianceViolation
instanceKlass org/sparkproject/jetty/http/HttpCompliance
instanceKlass org/sparkproject/jetty/http/ComplianceViolation$Mode
instanceKlass org/sparkproject/jetty/util/BufferUtil
instanceKlass org/sparkproject/jetty/util/TreeTrie$Node
instanceKlass org/sparkproject/jetty/server/HttpConfiguration
instanceKlass java/time/OffsetDateTime
instanceKlass org/sparkproject/jetty/util/thread/PrivilegedThreadFactory
instanceKlass java/util/stream/ReduceOps$5ReducingSink
instanceKlass java/util/function/IntBinaryOperator
instanceKlass org/sparkproject/jetty/util/thread/ThreadPoolBudget$Leased
instanceKlass org/sparkproject/jetty/util/NanoTime
instanceKlass org/sparkproject/jetty/util/thread/ThreadIdPool
instanceKlass org/sparkproject/jetty/util/MathUtils
instanceKlass org/sparkproject/jetty/util/ProcessorUtils
instanceKlass org/sparkproject/jetty/util/VirtualThreads
instanceKlass org/sparkproject/jetty/util/ExceptionUtil
instanceKlass org/sparkproject/jetty/server/NetworkConnector
instanceKlass org/sparkproject/jetty/util/ExceptionUtil$MultiException
instanceKlass java/util/function/UnaryOperator
instanceKlass org/sparkproject/jetty/server/ShutdownService
instanceKlass org/sparkproject/jetty/util/thread/SerializedInvoker
instanceKlass org/sparkproject/jetty/util/thread/SerializedExecutor
instanceKlass org/sparkproject/jetty/server/Handler$Collection
instanceKlass org/sparkproject/jetty/server/handler/ErrorHandler
instanceKlass org/sparkproject/jetty/util/component/DumpableMap
instanceKlass org/sparkproject/jetty/util/resource/FileSystemPool
instanceKlass org/sparkproject/jetty/io/internal/QueuedPool
instanceKlass org/sparkproject/jetty/io/Retainable$Wrapper
instanceKlass java/util/function/ToIntFunction
instanceKlass org/sparkproject/jetty/util/Pool$Entry
instanceKlass org/sparkproject/jetty/util/ConcurrentPool
instanceKlass org/sparkproject/jetty/io/internal/CompoundPool
instanceKlass org/sparkproject/jetty/util/Pool
instanceKlass org/sparkproject/jetty/io/ArrayByteBufferPool$RetainedBucket
instanceKlass java/util/function/IntUnaryOperator
instanceKlass org/sparkproject/jetty/io/RetainableByteBuffer$Mutable
instanceKlass org/sparkproject/jetty/io/RetainableByteBuffer
instanceKlass org/sparkproject/jetty/io/Retainable
instanceKlass org/sparkproject/jetty/io/ArrayByteBufferPool
instanceKlass org/sparkproject/jetty/util/thread/Scheduler$Task
instanceKlass org/sparkproject/jetty/util/IO
instanceKlass java/time/Instant$1
instanceKlass org/sparkproject/jetty/util/Jetty
instanceKlass org/sparkproject/jetty/server/internal/ResponseHttpFields$Persistent
instanceKlass org/sparkproject/jetty/io/ByteBufferPool
instanceKlass org/sparkproject/jetty/util/thread/ThreadPoolBudget$1
instanceKlass org/sparkproject/jetty/util/thread/ThreadPoolBudget$Lease
instanceKlass org/sparkproject/jetty/util/thread/ThreadPoolBudget
instanceKlass javax/management/openmbean/CompositeDataSupport
instanceKlass com/sun/management/internal/Flag$1
instanceKlass com/sun/management/internal/Flag
instanceKlass sun/reflect/misc/Trampoline
instanceKlass sun/reflect/misc/MethodUtil$1
instanceKlass jdk/management/jfr/FlightRecorderMXBeanImpl$MXBeanListener
instanceKlass jdk/jfr/FlightRecorderListener
instanceKlass javax/management/NotificationFilter
instanceKlass javax/management/NotificationListener
instanceKlass jdk/jfr/Recording
instanceKlass javax/management/StandardMBean$MBeanInfoSafeAction
instanceKlass jdk/jfr/internal/management/StreamManager
instanceKlass jdk/management/jfr/EventTypeInfo
instanceKlass jdk/management/jfr/ConfigurationInfo
instanceKlass jdk/management/jfr/RecordingInfo
instanceKlass sun/reflect/generics/tree/VoidDescriptor
instanceKlass sun/reflect/generics/tree/LongSignature
instanceKlass jdk/management/jfr/SettingDescriptorInfo$1
instanceKlass jdk/management/jfr/SettingDescriptorInfo
instanceKlass sun/management/ManagementFactoryHelper$1
instanceKlass java/lang/management/BufferPoolMXBean
instanceKlass sun/nio/ch/FileChannelImpl$2
instanceKlass sun/nio/ch/FileChannelImpl$1
instanceKlass jdk/internal/misc/VM$BufferPoolsHolder
instanceKlass com/sun/management/VMOption
instanceKlass com/sun/management/internal/HotSpotDiagnostic
instanceKlass com/sun/management/HotSpotDiagnosticMXBean
instanceKlass com/sun/management/GcInfo
instanceKlass javax/management/openmbean/CompositeDataView
instanceKlass java/lang/StringLatin1$LinesSpliterator
instanceKlass com/sun/management/internal/DiagnosticCommandImpl$Wrapper
instanceKlass jdk/jfr/internal/dcmd/AbstractDCmd
instanceKlass com/sun/management/internal/DiagnosticCommandArgumentInfo
instanceKlass com/sun/management/internal/DiagnosticCommandInfo
instanceKlass com/sun/management/internal/DiagnosticCommandImpl$OperationInfoComparator
instanceKlass sun/management/ClassLoadingImpl
instanceKlass java/lang/management/ClassLoadingMXBean
instanceKlass javax/management/MBeanInfo$ArrayGettersSafeAction
instanceKlass javax/management/openmbean/OpenMBeanOperationInfo
instanceKlass java/util/logging/Logging
instanceKlass java/util/logging/LoggingMXBean
instanceKlass sun/management/ManagementFactoryHelper$PlatformLoggingImpl
instanceKlass java/lang/management/PlatformLoggingMXBean
instanceKlass sun/management/CompilationImpl
instanceKlass java/lang/management/CompilationMXBean
instanceKlass sun/management/VMManagementImpl$1
instanceKlass java/lang/management/MemoryUsage
instanceKlass sun/management/Sensor
instanceKlass sun/management/MemoryPoolImpl
instanceKlass java/lang/management/MemoryPoolMXBean
instanceKlass com/sun/management/GarbageCollectorMXBean
instanceKlass java/lang/management/GarbageCollectorMXBean
instanceKlass java/lang/management/MemoryManagerMXBean
instanceKlass java/lang/management/MemoryMXBean
instanceKlass javax/management/DescriptorKey
instanceKlass sun/management/BaseOperatingSystemImpl
instanceKlass com/sun/management/OperatingSystemMXBean
instanceKlass java/lang/management/OperatingSystemMXBean
instanceKlass com/sun/jmx/mbeanserver/PerInterface$MethodAndSig
instanceKlass java/lang/management/LockInfo
instanceKlass com/sun/jmx/mbeanserver/WeakIdentityHashMap
instanceKlass com/sun/jmx/mbeanserver/MXBeanLookup
instanceKlass com/sun/jmx/mbeanserver/PerInterface$InitMaps
instanceKlass com/sun/jmx/mbeanserver/PerInterface
instanceKlass javax/management/openmbean/OpenMBeanAttributeInfo
instanceKlass javax/management/openmbean/OpenMBeanParameterInfo
instanceKlass com/sun/jmx/mbeanserver/MBeanIntrospector$MBeanInfoMaker
instanceKlass com/sun/jmx/mbeanserver/MBeanAnalyzer$MBeanVisitor
instanceKlass sun/reflect/generics/tree/TypeVariableSignature
instanceKlass sun/reflect/generics/tree/MethodTypeSignature
instanceKlass com/sun/jmx/mbeanserver/MBeanAnalyzer$AttrMethods
instanceKlass com/sun/jmx/mbeanserver/MXBeanMapping
instanceKlass javax/management/openmbean/TabularData
instanceKlass javax/management/openmbean/CompositeData
instanceKlass javax/management/openmbean/OpenType
instanceKlass com/sun/jmx/mbeanserver/MXBeanMappingFactory
instanceKlass com/sun/jmx/mbeanserver/ConvertingMethod
instanceKlass com/sun/jmx/mbeanserver/MBeanAnalyzer$MethodOrder
instanceKlass com/sun/jmx/mbeanserver/MBeanAnalyzer
instanceKlass com/sun/jmx/mbeanserver/MBeanIntrospector
instanceKlass javax/management/MXBean
instanceKlass com/sun/jmx/mbeanserver/MBeanSupport
instanceKlass com/sun/jmx/mbeanserver/DescriptorCache
instanceKlass javax/management/JMX
instanceKlass javax/management/StandardMBean
instanceKlass com/sun/jmx/mbeanserver/JmxMBeanServer$3
instanceKlass javax/management/ObjectInstance
instanceKlass com/sun/jmx/mbeanserver/NamedObject
instanceKlass com/sun/jmx/interceptor/DefaultMBeanServerInterceptor$ResourceContext$1
instanceKlass com/sun/jmx/interceptor/DefaultMBeanServerInterceptor$ResourceContext
instanceKlass com/sun/jmx/mbeanserver/Repository$RegistrationContext
instanceKlass com/sun/jmx/mbeanserver/DynamicMBean2
instanceKlass com/sun/jmx/defaults/JmxProperties
instanceKlass com/sun/jmx/mbeanserver/Introspector
instanceKlass com/sun/jmx/mbeanserver/JmxMBeanServer$2
instanceKlass com/sun/jmx/interceptor/DefaultMBeanServerInterceptor
instanceKlass com/sun/jmx/interceptor/MBeanServerInterceptor
instanceKlass com/sun/jmx/mbeanserver/Repository
instanceKlass com/sun/jmx/mbeanserver/JmxMBeanServer$1
instanceKlass com/sun/jmx/mbeanserver/SecureClassLoaderRepository
instanceKlass com/sun/jmx/mbeanserver/MBeanInstantiator
instanceKlass com/sun/jmx/mbeanserver/ClassLoaderRepositorySupport$LoaderEntry
instanceKlass com/sun/jmx/mbeanserver/ClassLoaderRepositorySupport
instanceKlass com/sun/jmx/mbeanserver/ModifiableClassLoaderRepository
instanceKlass javax/management/loading/ClassLoaderRepository
instanceKlass javax/management/ImmutableDescriptor
instanceKlass javax/management/Descriptor
instanceKlass jdk/internal/logger/LoggerFinderLoader
instanceKlass jdk/internal/logger/LazyLoggers$LazyLoggerFactories
instanceKlass jdk/internal/logger/LazyLoggers$1
instanceKlass jdk/internal/logger/LazyLoggers
instanceKlass com/sun/jmx/remote/util/ClassLogger
instanceKlass javax/management/NotificationBroadcasterSupport$1
instanceKlass javax/management/NotificationBroadcasterSupport
instanceKlass javax/management/ObjectName$Property
instanceKlass javax/management/ObjectName
instanceKlass javax/management/QueryExp
instanceKlass com/sun/jmx/mbeanserver/Util
instanceKlass javax/management/MBeanInfo
instanceKlass javax/management/MBeanFeatureInfo
instanceKlass javax/management/DescriptorRead
instanceKlass javax/management/MBeanServerDelegate
instanceKlass javax/management/MBeanServerDelegateMBean
instanceKlass javax/management/MBeanRegistration
instanceKlass com/sun/jmx/mbeanserver/JmxMBeanServer
instanceKlass com/sun/jmx/mbeanserver/SunJmxMBeanServer
instanceKlass javax/management/MBeanServer
instanceKlass javax/management/MBeanServerConnection
instanceKlass javax/management/MBeanServerBuilder
instanceKlass com/sun/jmx/mbeanserver/GetPropertyAction
instanceKlass javax/management/MBeanServerFactory
instanceKlass org/sparkproject/jetty/util/MemoryUtils
instanceKlass org/sparkproject/jetty/util/thread/QueuedThreadPool$Runner
instanceKlass org/sparkproject/jetty/util/thread/TryExecutor$1
instanceKlass org/sparkproject/jetty/util/VirtualThreads$Configurable
instanceKlass org/sparkproject/jetty/util/thread/TryExecutor
instanceKlass org/sparkproject/jetty/util/thread/ThreadPool$SizedThreadPool
instanceKlass org/apache/spark/status/api/v1/PrometheusResource$
instanceKlass org/apache/spark/status/api/v1/UIRootFromServletContext$
instanceKlass org/glassfish/jersey/server/spi/Container
instanceKlass org/apache/spark/status/api/v1/ApiRootResource$
instanceKlass org/sparkproject/jetty/server/ResourceService
instanceKlass org/sparkproject/jetty/util/Callback
instanceKlass org/sparkproject/jetty/http/content/HttpContent
instanceKlass org/sparkproject/jetty/http/content/HttpContent$Factory
instanceKlass org/sparkproject/jetty/server/ResourceService$WelcomeFactory
instanceKlass org/apache/spark/ui/storage/ToolTips$
instanceKlass org/apache/spark/ui/JettyUtils$ServletParams
instanceKlass scala/math/Ordering$$anon$1
instanceKlass jakarta/servlet/http/HttpServletRequest
instanceKlass scala/math/Ordering$Reverse
instanceKlass scala/math/Ordering$Int$
instanceKlass scala/math/Ordering$IntOrdering
instanceKlass org/apache/spark/status/api/v1/StageData
instanceKlass scala/collection/convert/AsScalaExtensions$CollectionHasAsScala
instanceKlass scala/collection/immutable/MapNode$
instanceKlass scala/collection/immutable/HashMap$
instanceKlass scala/xml/Utility$Escapes$
instanceKlass scala/xml/Utility$
instanceKlass scala/xml/ScalaVersionSpecificUtility
instanceKlass scala/xml/parsing/TokenTests
instanceKlass scala/xml/MetaData$
instanceKlass scala/xml/Text$
instanceKlass scala/xml/ScalaVersionSpecificNodeBuffer
instanceKlass scala/xml/ScalaVersionSpecificNodeSeq
instanceKlass scala/xml/ScalaVersionSpecificNode
instanceKlass scala/xml/NamespaceBinding
instanceKlass scala/xml/Attribute
instanceKlass scala/xml/ScalaVersionSpecificMetaData
instanceKlass scala/xml/Equality
instanceKlass scala/runtime/RichChar$
instanceKlass org/apache/spark/ui/WebUIPage
instanceKlass org/sparkproject/jetty/ee10/servlet/ServletMapping
instanceKlass org/sparkproject/jetty/ee10/servlet/ServletHandler$MappedServlet
instanceKlass org/sparkproject/jetty/util/ArrayUtil
instanceKlass org/sparkproject/jetty/util/URIUtil
instanceKlass org/sparkproject/jetty/ee10/servlet/Holder$1
instanceKlass org/sparkproject/jetty/ee10/servlet/Source
instanceKlass org/sparkproject/jetty/http/pathmap/PathSpec
instanceKlass jakarta/servlet/FilterChain
instanceKlass org/sparkproject/jetty/util/component/ContainerLifeCycle$Bean
instanceKlass org/sparkproject/jetty/util/component/Container$Listener
instanceKlass org/sparkproject/jetty/util/DecoratedObjectFactory
instanceKlass org/sparkproject/jetty/http/HttpURI
instanceKlass jakarta/servlet/FilterRegistration
instanceKlass jakarta/servlet/RequestDispatcher
instanceKlass org/sparkproject/jetty/ee10/servlet/ServletContextHandler$ServletContextApi
instanceKlass org/sparkproject/jetty/util/security/SecurityUtils
instanceKlass org/sparkproject/jetty/security/Authenticator$Configuration
instanceKlass org/sparkproject/jetty/ee10/servlet/security/ConstraintAware
instanceKlass org/sparkproject/jetty/util/resource/ResourceFactoryInternals$CompositeResourceFactory
instanceKlass org/sparkproject/jetty/util/resource/ResourceFactoryInternals$Closeable
instanceKlass org/sparkproject/jetty/util/resource/ResourceFactoryInternals$Tracking
instanceKlass org/sparkproject/jetty/util/resource/ResourceFactory$LifeCycle
instanceKlass org/sparkproject/jetty/util/resource/ResourceFactory$Closeable
instanceKlass org/sparkproject/jetty/util/resource/Resource
instanceKlass org/sparkproject/jetty/util/resource/ResourceFactory
instanceKlass org/sparkproject/jetty/util/Attributes$Layer$1
instanceKlass java/util/EnumMap$EnumMapIterator
instanceKlass org/sparkproject/jetty/util/ServiceLoaderSpliterator$ServiceProvider
instanceKlass org/sparkproject/jetty/http/Http1FieldPreEncoder
instanceKlass org/sparkproject/jetty/util/ServiceLoaderSpliterator
instanceKlass org/sparkproject/jetty/util/TypeUtil
instanceKlass org/sparkproject/jetty/http/HttpFieldPreEncoder
instanceKlass org/sparkproject/jetty/util/RFC9110QuotedStringTokenizer
instanceKlass org/sparkproject/jetty/util/QuotedStringTokenizer$Builder
instanceKlass org/sparkproject/jetty/util/QuotedStringTokenizer
instanceKlass org/sparkproject/jetty/http/QuotedCSVParser
instanceKlass org/sparkproject/jetty/http/HttpField
instanceKlass org/sparkproject/jetty/util/ArrayTrie$Node
instanceKlass java/util/ComparableTimSort
instanceKlass org/sparkproject/jetty/util/AbstractTrie
instanceKlass org/sparkproject/jetty/util/Index$Mutable
instanceKlass org/sparkproject/jetty/util/Index
instanceKlass org/sparkproject/jetty/util/Index$Builder
instanceKlass org/sparkproject/jetty/util/StringUtil
instanceKlass sun/util/locale/Extension
instanceKlass sun/util/locale/LocaleExtensions
instanceKlass sun/util/locale/provider/JRELocaleConstants
instanceKlass sun/util/locale/provider/JRELocaleProviderAdapter$AvailableJRELocales
instanceKlass sun/util/resources/provider/NonBaseLocaleDataMetaInfo
instanceKlass sun/util/locale/provider/BaseLocaleDataMetaInfo
instanceKlass sun/util/locale/provider/LocaleServiceProviderPool$AllAvailableLocales
instanceKlass org/sparkproject/jetty/util/thread/AutoLock
instanceKlass jakarta/servlet/http/HttpSessionAttributeListener
instanceKlass jakarta/servlet/http/HttpSessionListener
instanceKlass jakarta/servlet/http/HttpSessionIdListener
instanceKlass jakarta/servlet/ServletRequestAttributeListener
instanceKlass jakarta/servlet/ServletRequestListener
instanceKlass jakarta/servlet/ServletContextAttributeListener
instanceKlass jakarta/servlet/ServletContextListener
instanceKlass org/sparkproject/jetty/util/Attributes$Mapped
instanceKlass org/sparkproject/jetty/util/component/Environment
instanceKlass org/sparkproject/jetty/util/Attributes$2
instanceKlass org/sparkproject/jetty/ee10/servlet/ServletContextHandler$ServletResponseInfo
instanceKlass org/sparkproject/jetty/server/Response$Wrapper
instanceKlass org/sparkproject/jetty/server/Request$ServeAs
instanceKlass org/sparkproject/jetty/ee10/servlet/ServletContextHandler$ServletRequestInfo
instanceKlass org/sparkproject/jetty/server/Request$Wrapper
instanceKlass jakarta/servlet/ServletContext
instanceKlass jakarta/servlet/ServletRegistration$Dynamic
instanceKlass jakarta/servlet/Registration$Dynamic
instanceKlass jakarta/servlet/ServletRegistration
instanceKlass jakarta/servlet/Registration
instanceKlass jakarta/servlet/ServletRequest
instanceKlass org/sparkproject/jetty/session/SessionManager
instanceKlass org/sparkproject/jetty/session/SessionConfig
instanceKlass org/sparkproject/jetty/util/Attributes$Wrapper
instanceKlass org/sparkproject/jetty/server/Context
instanceKlass org/sparkproject/jetty/util/Decorator
instanceKlass org/sparkproject/jetty/http/MimeTypes
instanceKlass org/sparkproject/jetty/server/Response
instanceKlass org/sparkproject/jetty/io/Content$Sink
instanceKlass org/sparkproject/jetty/server/Request
instanceKlass org/sparkproject/jetty/io/Content$Source
instanceKlass org/sparkproject/jetty/util/thread/Invocable$Task
instanceKlass org/sparkproject/jetty/util/thread/Scheduler
instanceKlass org/sparkproject/jetty/server/HttpConfiguration$Customizer
instanceKlass org/sparkproject/jetty/util/component/AbstractLifeCycle
instanceKlass org/sparkproject/jetty/util/component/Dumpable$DumpableContainer
instanceKlass org/sparkproject/jetty/util/component/Dumpable
instanceKlass org/sparkproject/jetty/server/Handler$Singleton
instanceKlass org/sparkproject/jetty/server/Handler$Container
instanceKlass org/sparkproject/jetty/server/Deployable
instanceKlass org/sparkproject/jetty/server/AliasCheck
instanceKlass org/sparkproject/jetty/util/Attributes
instanceKlass jakarta/servlet/Filter
instanceKlass org/sparkproject/jetty/server/Connector
instanceKlass org/sparkproject/jetty/util/component/Graceful
instanceKlass org/sparkproject/jetty/util/component/Container
instanceKlass org/sparkproject/jetty/server/Handler
instanceKlass org/sparkproject/jetty/util/component/Destroyable
instanceKlass org/sparkproject/jetty/util/component/LifeCycle
instanceKlass org/sparkproject/jetty/server/Request$Handler
instanceKlass org/sparkproject/jetty/util/thread/Invocable
instanceKlass org/sparkproject/jetty/util/thread/ThreadPool
instanceKlass org/apache/spark/ui/JettyUtils$
instanceKlass java/util/ResourceBundle$Control$2
instanceKlass java/util/ImmutableCollections$Access$1
instanceKlass jdk/internal/access/JavaUtilCollectionAccess
instanceKlass java/util/ImmutableCollections$Access
instanceKlass java/util/spi/ResourceBundleControlProvider
instanceKlass java/util/ResourceBundle$ResourceBundleControlProviderHolder
instanceKlass jakarta/servlet/http/HttpServletResponse
instanceKlass jakarta/servlet/ServletResponse
instanceKlass org/apache/spark/ui/WebUI$
instanceKlass org/apache/spark/ui/WebUITab
instanceKlass jakarta/servlet/GenericServlet
instanceKlass jakarta/servlet/ServletConfig
instanceKlass jakarta/servlet/Servlet
instanceKlass org/apache/spark/ui/WebUI
instanceKlass org/apache/spark/status/api/v1/UIRoot
instanceKlass org/apache/spark/ui/SparkUI$
instanceKlass java/util/concurrent/FutureTask$WaitNode
instanceKlass java/util/concurrent/FutureTask
instanceKlass org/apache/spark/ui/ConsoleProgressBar
instanceKlass org/apache/spark/SparkStatusTracker
instanceKlass scala/util/Random
instanceKlass org/apache/spark/memory/MemoryManager
instanceKlass org/apache/spark/scheduler/OutputCommitCoordinator$OutputCommitCoordinatorEndpoint
instanceKlass org/apache/spark/scheduler/OutputCommitCoordinator
instanceKlass scala/collection/convert/AsScalaExtensions$PropertiesHasAsScala
instanceKlass org/apache/spark/metrics/MetricsConfig
instanceKlass org/apache/spark/metrics/MetricsSystem
instanceKlass org/apache/spark/metrics/MetricsSystemInstances$
instanceKlass org/apache/spark/metrics/MetricsSystem$
instanceKlass org/apache/spark/network/shuffle/DownloadFile
instanceKlass org/apache/spark/storage/BlockManager$RemoteBlockDownloadFileManager
instanceKlass org/apache/spark/storage/BlockManagerStorageEndpoint
instanceKlass org/apache/spark/util/IdGenerator
instanceKlass org/apache/spark/storage/BlockManager$
instanceKlass org/apache/spark/storage/DiskStore
instanceKlass org/sparkproject/guava/collect/Multiset
instanceKlass org/apache/spark/storage/BlockInfo$
instanceKlass org/sparkproject/guava/math/IntMath$1
instanceKlass org/sparkproject/guava/math/MathPreconditions
instanceKlass org/sparkproject/guava/math/IntMath
instanceKlass java/util/concurrent/Semaphore
instanceKlass org/sparkproject/guava/util/concurrent/Striped
instanceKlass org/apache/spark/storage/BlockInfoManager
instanceKlass org/apache/spark/storage/DiskBlockManager$
instanceKlass com/fasterxml/jackson/module/scala/SymbolModule
instanceKlass com/fasterxml/jackson/module/scala/deser/SymbolDeserializerModule
instanceKlass com/fasterxml/jackson/module/scala/ser/SymbolSerializerModule
instanceKlass com/fasterxml/jackson/module/scala/EitherModule
instanceKlass com/fasterxml/jackson/module/scala/ser/EitherSerializerModule
instanceKlass com/fasterxml/jackson/module/scala/modifiers/EitherTypeModifierModule
instanceKlass com/fasterxml/jackson/module/scala/deser/EitherDeserializerModule
instanceKlass com/fasterxml/jackson/module/scala/deser/UntypedObjectDeserializerModule
instanceKlass com/fasterxml/jackson/module/scala/introspect/ScalaAnnotationIntrospectorModule
instanceKlass com/fasterxml/jackson/module/scala/deser/ScalaObjectDeserializerModule
instanceKlass com/fasterxml/jackson/module/scala/deser/ScalaNumberDeserializersModule
instanceKlass com/fasterxml/jackson/module/scala/SetModule
instanceKlass com/fasterxml/jackson/module/scala/deser/SortedSetDeserializerModule
instanceKlass com/fasterxml/jackson/module/scala/deser/UnsortedSetDeserializerModule
instanceKlass com/fasterxml/jackson/module/scala/MapModule
instanceKlass com/fasterxml/jackson/module/scala/deser/SortedMapDeserializerModule
instanceKlass com/fasterxml/jackson/module/scala/deser/UnsortedMapDeserializerModule
instanceKlass com/fasterxml/jackson/module/scala/ser/MapSerializerModule
instanceKlass com/fasterxml/jackson/module/scala/modifiers/MapTypeModifierModule
instanceKlass com/fasterxml/jackson/module/scala/TupleModule
instanceKlass com/fasterxml/jackson/module/scala/deser/TupleDeserializerModule
instanceKlass com/fasterxml/jackson/module/scala/ser/TupleSerializerModule
instanceKlass com/fasterxml/jackson/module/scala/SeqModule
instanceKlass com/fasterxml/jackson/module/scala/deser/SeqDeserializerModule
instanceKlass com/fasterxml/jackson/module/scala/ser/IterableSerializerModule
instanceKlass com/fasterxml/jackson/module/scala/modifiers/IterableTypeModifierModule
instanceKlass com/fasterxml/jackson/module/scala/OptionModule
instanceKlass com/fasterxml/jackson/module/scala/deser/OptionDeserializerModule
instanceKlass com/fasterxml/jackson/module/scala/ser/OptionSerializerModule
instanceKlass com/fasterxml/jackson/module/scala/modifiers/OptionTypeModifierModule
instanceKlass com/fasterxml/jackson/module/scala/EnumerationModule
instanceKlass com/fasterxml/jackson/module/scala/deser/EnumerationDeserializerModule
instanceKlass com/fasterxml/jackson/module/scala/ser/EnumerationSerializerModule
instanceKlass com/fasterxml/jackson/module/scala/IteratorModule
instanceKlass com/fasterxml/jackson/module/scala/ser/IteratorSerializerModule
instanceKlass com/fasterxml/jackson/module/scala/modifiers/IteratorTypeModifierModule
instanceKlass com/fasterxml/jackson/module/scala/modifiers/ScalaTypeModifierModule
instanceKlass com/fasterxml/jackson/module/scala/JacksonModule
instanceKlass com/fasterxml/jackson/databind/Module
instanceKlass org/apache/spark/storage/DiskBlockManager
instanceKlass org/apache/spark/network/client/StreamCallbackWithID
instanceKlass org/apache/spark/network/shuffle/DownloadFileManager
instanceKlass org/apache/spark/storage/BlockData
instanceKlass org/apache/spark/storage/BlockManager
instanceKlass org/apache/spark/storage/memory/BlockEvictionHandler
instanceKlass org/apache/spark/network/BlockDataManager
instanceKlass scala/reflect/ClassManifestFactory$
instanceKlass scala/reflect/package$
instanceKlass org/apache/spark/network/shuffle/RetryingBlockTransferor$BlockTransferStarter
instanceKlass org/apache/spark/network/shuffle/BlockFetchingListener
instanceKlass org/apache/spark/network/shuffle/BlockTransferListener
instanceKlass org/apache/spark/storage/BlockManagerMasterHeartbeatEndpoint
instanceKlass sun/invoke/util/VerifyAccess$1
instanceKlass org/apache/spark/storage/StorageUtils$
instanceKlass scala/collection/mutable/LinkedHashMap$LinkedEntry
instanceKlass scala/collection/mutable/LinkedHashMap$
instanceKlass org/sparkproject/guava/cache/LocalCache$AbstractReferenceEntry
instanceKlass org/sparkproject/guava/cache/LocalCache$LoadingValueReference
instanceKlass org/sparkproject/guava/cache/RemovalListener
instanceKlass org/sparkproject/guava/cache/Weigher
instanceKlass org/sparkproject/guava/cache/LocalCache$StrongValueReference
instanceKlass org/sparkproject/guava/cache/LocalCache$1
instanceKlass org/sparkproject/guava/cache/ReferenceEntry
instanceKlass org/sparkproject/guava/cache/LocalCache$ValueReference
instanceKlass org/sparkproject/guava/cache/LocalCache$LocalManualCache
instanceKlass org/sparkproject/guava/cache/CacheBuilder$2
instanceKlass org/sparkproject/guava/cache/CacheStats
instanceKlass org/sparkproject/guava/base/Suppliers$SupplierOfInstance
instanceKlass org/sparkproject/guava/base/Suppliers
instanceKlass org/sparkproject/guava/cache/CacheBuilder$1
instanceKlass org/sparkproject/guava/cache/AbstractCache$StatsCounter
instanceKlass org/sparkproject/guava/cache/LoadingCache
instanceKlass org/sparkproject/guava/cache/Cache
instanceKlass org/sparkproject/guava/base/Ticker
instanceKlass org/sparkproject/guava/base/Supplier
instanceKlass org/sparkproject/guava/cache/CacheBuilder
instanceKlass org/apache/spark/storage/BlockId
instanceKlass org/apache/spark/storage/BlockManagerMasterEndpoint
instanceKlass org/apache/spark/rpc/IsolatedThreadSafeRpcEndpoint
instanceKlass org/apache/spark/storage/BlockManagerMaster$
instanceKlass org/apache/spark/storage/BlockManagerMaster
instanceKlass scala/collection/concurrent/TrieMap$MangledHashing
instanceKlass scala/collection/concurrent/KVNode
instanceKlass scala/collection/concurrent/Gen
instanceKlass scala/collection/concurrent/BasicNode
instanceKlass scala/collection/concurrent/INode$
instanceKlass scala/util/hashing/Hashing$Default
instanceKlass scala/util/hashing/Hashing$
instanceKlass org/apache/spark/MapOutputTrackerMasterEndpoint
instanceKlass org/apache/spark/scheduler/ShuffleOutputStatus
instanceKlass org/apache/spark/MapOutputTracker$
instanceKlass org/apache/spark/GetMapOutputMessage
instanceKlass org/apache/spark/MapOutputTrackerMasterMessage
instanceKlass org/apache/spark/MapOutputTrackerMaster$MessageLoop
instanceKlass org/apache/commons/collections4/map/AbstractHashedMap$HashEntry
instanceKlass org/apache/commons/collections4/KeyValue
instanceKlass org/apache/commons/collections4/MapIterator
instanceKlass org/apache/commons/collections4/IterableMap
instanceKlass org/apache/commons/collections4/IterableGet
instanceKlass org/apache/commons/collections4/Get
instanceKlass org/apache/commons/collections4/Put
instanceKlass org/apache/spark/broadcast/Broadcast
instanceKlass org/apache/spark/broadcast/TorrentBroadcastFactory
instanceKlass org/apache/spark/broadcast/BroadcastFactory
instanceKlass org/apache/spark/broadcast/BroadcastManager
instanceKlass scala/collection/immutable/SetNode$
instanceKlass scala/collection/immutable/HashSet$
instanceKlass com/esotericsoftware/kryo/pool/KryoFactory
instanceKlass com/esotericsoftware/kryo/Kryo
instanceKlass com/esotericsoftware/kryo/Serializer
instanceKlass com/esotericsoftware/kryo/pool/KryoPool
instanceKlass org/apache/spark/serializer/SerializerManager
instanceKlass org/apache/spark/rpc/ThreadSafeRpcEndpoint
instanceKlass org/apache/spark/rpc/netty/OneWayMessage
instanceKlass org/apache/spark/rpc/netty/RpcMessage
instanceKlass java/util/concurrent/ForkJoinPool$WorkQueue
instanceKlass java/util/concurrent/ForkJoinPool$DefaultCommonPoolForkJoinWorkerThreadFactory
instanceKlass java/util/concurrent/ForkJoinPool$1
instanceKlass java/util/concurrent/ForkJoinPool$DefaultForkJoinWorkerThreadFactory
instanceKlass org/apache/spark/rpc/netty/MessageLoop$
instanceKlass java/util/concurrent/locks/AbstractQueuedSynchronizer$Node
instanceKlass org/apache/spark/rpc/netty/OnStart$
instanceKlass org/apache/spark/rpc/netty/Inbox
instanceKlass org/apache/spark/rpc/netty/MessageLoop$$anon$1
instanceKlass org/apache/spark/rpc/IsolatedRpcEndpoint
instanceKlass org/apache/spark/rpc/RpcAddress
instanceKlass org/apache/spark/rpc/RpcAddress$
instanceKlass org/apache/spark/rpc/RpcEndpointAddress
instanceKlass org/apache/spark/rpc/netty/RpcEndpointVerifier
instanceKlass java/nio/channels/spi/AbstractSelector$1
instanceKlass org/apache/spark/rpc/netty/RpcEndpointVerifier$
instanceKlass io/netty/channel/ChannelFutureListener$3
instanceKlass io/netty/channel/ChannelFutureListener$2
instanceKlass io/netty/util/internal/SocketUtils$7
instanceKlass io/netty/channel/ChannelFutureListener$1
instanceKlass io/netty/channel/AbstractChannel$AbstractUnsafe$2
instanceKlass io/netty/bootstrap/ServerBootstrap$ServerBootstrapAcceptor$1
instanceKlass io/netty/bootstrap/AbstractBootstrap$1
instanceKlass io/netty/bootstrap/ServerBootstrap$1$1
instanceKlass io/netty/channel/SingleThreadIoEventLoop$IoRegistrationWrapper
instanceKlass java/lang/invoke/ConstantBootstraps
instanceKlass io/netty/channel/nio/NioIoHandler$DefaultNioRegistration
instanceKlass io/netty/util/internal/LongLongHashMap
instanceKlass io/netty/util/concurrent/FastThreadLocalThread$FallbackThreadSet
instanceKlass io/netty/util/concurrent/FastThreadLocalRunnable
instanceKlass io/netty/util/internal/ThreadExecutorMap$2
instanceKlass io/netty/util/concurrent/SingleThreadEventExecutor$5
instanceKlass io/netty/util/internal/shaded/org/jctools/queues/LinkedArrayQueueUtil
instanceKlass io/netty/channel/AbstractChannel$AbstractUnsafe$1
instanceKlass io/netty/channel/DefaultChannelPipeline$7
instanceKlass io/netty/channel/ChannelHandler$Sharable
instanceKlass io/netty/bootstrap/ChannelInitializerExtensions
instanceKlass sun/nio/ch/ServerSocketChannelImpl$DefaultOptionsHolder
instanceKlass java/net/StandardSocketOptions$StdSocketOption
instanceKlass java/net/StandardSocketOptions
instanceKlass io/netty/buffer/ByteBufUtil$2
instanceKlass io/netty/util/CharsetUtil
instanceKlass io/netty/util/ByteProcessor
instanceKlass io/netty/buffer/ByteBufUtil
instanceKlass io/netty/channel/RecvByteBufAllocator$Handle
instanceKlass io/netty/channel/DefaultMaxMessagesRecvByteBufAllocator
instanceKlass io/netty/channel/MaxMessagesRecvByteBufAllocator
instanceKlass io/netty/channel/WriteBufferWaterMark
instanceKlass io/netty/channel/DefaultMessageSizeEstimator$HandleImpl
instanceKlass io/netty/channel/DefaultMessageSizeEstimator
instanceKlass io/netty/channel/MessageSizeEstimator
instanceKlass io/netty/channel/RecvByteBufAllocator
instanceKlass io/netty/channel/DefaultChannelConfig
instanceKlass io/netty/channel/nio/AbstractNioChannel$1
instanceKlass io/netty/channel/ChannelHandlerMask$Skip
instanceKlass io/netty/channel/ChannelHandlerMask$2
instanceKlass io/netty/channel/ChannelHandlerMask
instanceKlass io/netty/channel/AbstractChannelHandlerContext$Tasks
instanceKlass io/netty/channel/VoidChannelPromise$1
instanceKlass io/netty/channel/MessageSizeEstimator$Handle
instanceKlass io/netty/channel/DefaultChannelPipeline$PendingHandlerCallback
instanceKlass io/netty/channel/ChannelProgressivePromise
instanceKlass io/netty/channel/ChannelProgressiveFuture
instanceKlass io/netty/channel/DefaultChannelPipeline
instanceKlass io/netty/channel/ChannelOutboundBuffer$Entry
instanceKlass io/netty/channel/ChannelOutboundBuffer
instanceKlass io/netty/channel/AbstractChannelHandlerContext
instanceKlass io/netty/util/ResourceLeakHint
instanceKlass io/netty/channel/ChannelHandlerContext
instanceKlass io/netty/util/internal/SocketUtils$13
instanceKlass io/netty/util/NetUtil$SoMaxConnAction
instanceKlass io/netty/util/NetUtilInitializations$NetworkIfaceAndInetAddress
instanceKlass io/netty/util/internal/SocketUtils$11
instanceKlass io/netty/util/internal/SocketUtils
instanceKlass io/netty/util/NetUtilInitializations
instanceKlass io/netty/util/NetUtil
instanceKlass io/netty/util/internal/MacAddressUtil
instanceKlass java/util/concurrent/SynchronousQueue$TransferStack$SNode
instanceKlass java/util/concurrent/ForkJoinPool$ManagedBlocker
instanceKlass java/util/concurrent/SynchronousQueue$Transferer
instanceKlass java/lang/ProcessHandleImpl
instanceKlass java/util/concurrent/CompletableFuture
instanceKlass java/util/concurrent/CompletionStage
instanceKlass java/lang/ProcessHandle$Info
instanceKlass java/lang/ProcessHandle
instanceKlass io/netty/channel/DefaultChannelId
instanceKlass io/netty/channel/ChannelFlushPromiseNotifier$FlushCheckpoint
instanceKlass io/netty/channel/ChannelFutureListener
instanceKlass io/netty/channel/nio/NioIoOps$DefaultNioIoEvent
instanceKlass io/netty/channel/nio/NioIoEvent
instanceKlass io/netty/channel/IoEvent
instanceKlass io/netty/channel/nio/NioIoOps
instanceKlass java/nio/channels/MulticastChannel
instanceKlass io/netty/channel/socket/nio/SelectorProviderUtil
instanceKlass io/netty/channel/ChannelMetadata
instanceKlass io/netty/util/ConstantPool
instanceKlass io/netty/util/AbstractConstant
instanceKlass io/netty/util/Constant
instanceKlass io/netty/channel/socket/ServerSocketChannelConfig
instanceKlass io/netty/channel/ChannelConfig
instanceKlass io/netty/channel/nio/NioIoHandle
instanceKlass io/netty/channel/nio/AbstractNioChannel$NioUnsafe
instanceKlass io/netty/channel/AbstractChannel$AbstractUnsafe
instanceKlass io/netty/channel/IoHandle
instanceKlass io/netty/channel/IoOps
instanceKlass io/netty/channel/ChannelPipeline
instanceKlass io/netty/channel/ChannelInboundInvoker
instanceKlass io/netty/channel/ChannelId
instanceKlass io/netty/channel/Channel$Unsafe
instanceKlass io/netty/util/Attribute
instanceKlass io/netty/channel/ReflectiveChannelFactory
instanceKlass io/netty/channel/socket/ServerSocketChannel
instanceKlass io/netty/channel/ServerChannel
instanceKlass io/netty/bootstrap/AbstractBootstrapConfig
instanceKlass io/netty/channel/ChannelFactory
instanceKlass io/netty/bootstrap/ChannelFactory
instanceKlass io/netty/bootstrap/AbstractBootstrap
instanceKlass org/apache/spark/network/server/TransportServer
instanceKlass scala/runtime/java8/JFunction1$mcVI$sp
instanceKlass org/apache/spark/internal/config/Tests$
instanceKlass scala/Int$
instanceKlass scala/AnyValCompanion
instanceKlass org/apache/spark/network/util/NettyMemoryMetrics
instanceKlass io/netty/buffer/PooledByteBufAllocatorMetric
instanceKlass io/netty/buffer/PoolChunkList
instanceKlass io/netty/buffer/PoolChunkListMetric
instanceKlass io/netty/buffer/PoolSubpage
instanceKlass io/netty/buffer/PoolSubpageMetric
instanceKlass io/netty/buffer/ChunkInfo
instanceKlass io/netty/buffer/PoolThreadCache
instanceKlass io/netty/buffer/SizeClasses
instanceKlass io/netty/buffer/PoolArena
instanceKlass io/netty/buffer/PoolArenaMetric
instanceKlass io/netty/buffer/SizeClassesMetric
instanceKlass io/netty/buffer/PooledByteBufAllocator$1
instanceKlass io/netty/util/ResourceLeakTracker
instanceKlass io/netty/util/ResourceLeak
instanceKlass io/netty/util/ResourceLeakDetector
instanceKlass io/netty/buffer/ByteBufAllocatorMetric
instanceKlass io/netty/util/concurrent/FutureListener
instanceKlass io/netty/util/concurrent/DefaultEventExecutorChooserFactory$PowerOfTwoEventExecutorChooser
instanceKlass io/netty/channel/nio/NioIoHandler$SelectorTuple
instanceKlass io/netty/channel/nio/NioIoHandler$3
instanceKlass java/nio/channels/SelectionKey
instanceKlass io/netty/channel/nio/NioIoHandler$2
instanceKlass java/nio/BufferMismatch
instanceKlass java/nio/channels/spi/AbstractInterruptibleChannel$1
instanceKlass sun/nio/ch/Interruptible
instanceKlass sun/nio/ch/SelChImpl
instanceKlass com/sun/security/sasl/Provider$1
instanceKlass sun/security/mscapi/SunMSCAPI$2
instanceKlass sun/security/mscapi/SunMSCAPI$1
instanceKlass com/sun/security/sasl/gsskerb/JdkSASL$1
instanceKlass sun/security/smartcardio/SunPCSC$1
instanceKlass sun/security/jgss/SunProvider$1
instanceKlass java/security/spec/ECFieldF2m
instanceKlass sun/security/util/ByteArrayTagOrder
instanceKlass sun/security/util/ByteArrayLexOrder
instanceKlass sun/security/util/DerEncoder
instanceKlass java/security/spec/ECParameterSpec
instanceKlass java/security/spec/AlgorithmParameterSpec
instanceKlass java/security/spec/ECPoint
instanceKlass java/security/spec/EllipticCurve
instanceKlass java/security/spec/ECFieldFp
instanceKlass java/security/spec/ECField
instanceKlass sun/security/util/CurveDB
instanceKlass sun/security/ec/SunEC$1
instanceKlass org/jcp/xml/dsig/internal/dom/XMLDSigRI$2
instanceKlass org/jcp/xml/dsig/internal/dom/XMLDSigRI$1
instanceKlass sun/security/pkcs11/SunPKCS11$Descriptor
instanceKlass sun/security/jca/ProviderConfig$ProviderLoader
instanceKlass sun/security/jca/ProviderConfig$3
instanceKlass sun/security/rsa/SunRsaSignEntries
instanceKlass sun/nio/ch/UnixDomainSocketsUtil
instanceKlass sun/nio/ch/UnixDomainSockets
instanceKlass java/nio/channels/NetworkChannel
instanceKlass sun/nio/ch/PipeImpl$Initializer$LoopbackConnector
instanceKlass sun/nio/ch/PipeImpl$Initializer
instanceKlass java/nio/channels/Pipe
instanceKlass sun/nio/ch/WEPoll
instanceKlass sun/nio/ch/Util$2
instanceKlass io/netty/channel/nio/NioIoHandler$1
instanceKlass io/netty/channel/DefaultSelectStrategy
instanceKlass io/netty/channel/SelectStrategy
instanceKlass io/netty/channel/SingleThreadIoEventLoop$1
instanceKlass io/netty/util/internal/shaded/org/jctools/util/UnsafeRefArrayAccess
instanceKlass io/netty/util/internal/shaded/org/jctools/util/Pow2
instanceKlass io/netty/util/internal/shaded/org/jctools/util/RangeUtil
instanceKlass io/netty/util/internal/shaded/org/jctools/queues/IndexedQueueSizeUtil$IndexedQueue
instanceKlass io/netty/util/internal/shaded/org/jctools/queues/QueueProgressIndicators
instanceKlass io/netty/util/internal/shaded/org/jctools/queues/MessagePassingQueue
instanceKlass io/netty/util/internal/shaded/org/jctools/util/UnsafeAccess
instanceKlass io/netty/util/internal/PlatformDependent$Mpsc$1
instanceKlass io/netty/util/internal/PlatformDependent$Mpsc
instanceKlass jdk/jfr/internal/Options
instanceKlass jdk/jfr/internal/JVM$ChunkRotationMonitor
instanceKlass jdk/jfr/internal/JVM
instanceKlass jdk/jfr/internal/consumer/FileAccess
instanceKlass jdk/jfr/internal/SecuritySupport$4
instanceKlass jdk/jfr/internal/SecuritySupport$SafePath
instanceKlass jdk/jfr/internal/SecuritySupport$CallableWithoutCheckException
instanceKlass jdk/jfr/internal/SecuritySupport
instanceKlass jdk/jfr/internal/JVMSupport
instanceKlass jdk/jfr/FlightRecorder
instanceKlass sun/nio/fs/ExtendedFileSystemProvider
instanceKlass io/netty/util/internal/DirectCleaner
instanceKlass io/netty/util/internal/CleanerJava9$1
instanceKlass io/netty/util/internal/CleanerJava9
instanceKlass io/netty/util/internal/CleanableDirectBuffer
instanceKlass io/netty/util/internal/PlatformDependent$1
instanceKlass io/netty/util/internal/PlatformDependent0$11
instanceKlass io/netty/util/internal/PlatformDependent0$10
instanceKlass io/netty/util/internal/PlatformDependent0$9
instanceKlass io/netty/util/internal/PlatformDependent0$8
instanceKlass io/netty/util/internal/PlatformDependent0$6
instanceKlass io/netty/util/internal/PlatformDependent0$5
instanceKlass io/netty/util/internal/PlatformDependent0$4
instanceKlass jdk/internal/access/foreign/MemorySegmentProxy
instanceKlass io/netty/util/internal/PlatformDependent0$3
instanceKlass io/netty/util/internal/PlatformDependent0$2
instanceKlass sun/misc/Unsafe
instanceKlass io/netty/util/internal/PlatformDependent0$1
instanceKlass io/netty/util/internal/PlatformDependent0
instanceKlass io/netty/util/internal/LongCounter
instanceKlass io/netty/util/internal/Cleaner
instanceKlass io/netty/util/internal/PlatformDependent
instanceKlass io/netty/util/internal/ThreadExecutorMap$1
instanceKlass io/netty/util/concurrent/RejectedExecutionHandlers$1
instanceKlass io/netty/util/concurrent/RejectedExecutionHandlers
instanceKlass java/util/concurrent/atomic/AtomicLongFieldUpdater$CASUpdater$1
instanceKlass io/netty/util/concurrent/RejectedExecutionHandler
instanceKlass java/util/concurrent/atomic/AtomicLongFieldUpdater
instanceKlass java/util/concurrent/atomic/AtomicIntegerFieldUpdater$AtomicIntegerFieldUpdaterImpl$1
instanceKlass java/util/concurrent/atomic/AtomicIntegerFieldUpdater
instanceKlass io/netty/util/concurrent/SingleThreadEventExecutor$1
instanceKlass io/netty/channel/IoHandlerContext
instanceKlass io/netty/channel/ChannelPromise
instanceKlass io/netty/channel/ChannelFuture
instanceKlass io/netty/util/concurrent/ThreadProperties
instanceKlass javax/security/cert/Certificate
instanceKlass java/security/cert/X509Extension
instanceKlass io/netty/util/AsciiString
instanceKlass io/netty/util/internal/EmptyArrays
instanceKlass io/netty/util/internal/ThreadExecutorMap$3
instanceKlass io/netty/util/concurrent/FastThreadLocal
instanceKlass io/netty/util/internal/ThreadExecutorMap
instanceKlass io/netty/util/internal/StringUtil
instanceKlass io/netty/util/concurrent/GlobalEventExecutor$TaskRunner
instanceKlass io/netty/util/concurrent/SystemTicker
instanceKlass io/netty/util/concurrent/MockTicker
instanceKlass io/netty/util/concurrent/Ticker
instanceKlass java/util/concurrent/Executors$RunnableAdapter
instanceKlass io/netty/util/concurrent/GlobalEventExecutor$1
instanceKlass io/netty/util/concurrent/PromiseTask$SentinelRunnable
instanceKlass io/netty/util/internal/PriorityQueueNode
instanceKlass io/netty/util/concurrent/AbstractScheduledEventExecutor$2
instanceKlass io/netty/util/concurrent/AbstractScheduledEventExecutor$1
instanceKlass io/netty/util/internal/PriorityQueue
instanceKlass io/netty/util/concurrent/ScheduledFuture
instanceKlass io/netty/util/concurrent/ProgressivePromise
instanceKlass io/netty/util/concurrent/ProgressiveFuture
instanceKlass io/netty/util/internal/ThrowableUtil
instanceKlass io/netty/util/concurrent/DefaultFutureListeners
instanceKlass io/netty/util/concurrent/DefaultPromise$CauseHolder
instanceKlass io/netty/util/concurrent/AbstractFuture
instanceKlass io/netty/util/concurrent/EventExecutorChooserFactory$EventExecutorChooser
instanceKlass io/netty/util/concurrent/DefaultEventExecutorChooserFactory
instanceKlass io/netty/util/concurrent/ThreadPerTaskExecutor
instanceKlass io/netty/util/NettyRuntime$AvailableProcessorsHolder
instanceKlass io/netty/util/NettyRuntime
instanceKlass io/netty/channel/IoEventLoop
instanceKlass io/netty/channel/EventLoop
instanceKlass io/netty/util/concurrent/OrderedEventExecutor
instanceKlass io/netty/util/concurrent/EventExecutorChooserFactory
instanceKlass io/netty/util/concurrent/EventExecutor
instanceKlass io/netty/util/concurrent/ThreadAwareExecutor
instanceKlass io/netty/util/concurrent/AbstractEventExecutorGroup
instanceKlass io/netty/channel/IoEventLoopGroup
instanceKlass io/netty/channel/nio/NioIoHandler$4
instanceKlass io/netty/channel/DefaultSelectStrategyFactory
instanceKlass io/netty/channel/SelectStrategyFactory
instanceKlass sun/nio/ch/DefaultSelectorProvider
instanceKlass java/nio/channels/spi/SelectorProvider$Holder
instanceKlass java/nio/channels/spi/SelectorProvider
instanceKlass java/nio/channels/Selector
instanceKlass io/netty/channel/IoHandlerFactory
instanceKlass io/netty/channel/IoRegistration
instanceKlass io/netty/util/IntSupplier
instanceKlass io/netty/channel/nio/NioIoHandler
instanceKlass io/netty/channel/IoHandler
instanceKlass io/netty/util/concurrent/DefaultThreadFactory
instanceKlass io/netty/util/DefaultAttributeMap
instanceKlass io/netty/channel/socket/SocketChannel
instanceKlass io/netty/channel/socket/DuplexChannel
instanceKlass org/apache/spark/network/util/NettyUtils$1
instanceKlass io/netty/util/concurrent/GenericFutureListener
instanceKlass org/apache/spark/network/client/TransportClientFactory
instanceKlass org/apache/spark/network/server/RpcHandler$NoopMergedBlockMetaReqHandler
instanceKlass org/apache/spark/network/server/RpcHandler$OneWayRpcCallback
instanceKlass org/apache/spark/network/server/RpcHandler$MergedBlockMetaReqHandler
instanceKlass org/apache/spark/network/client/RpcResponseCallback
instanceKlass org/apache/spark/network/client/BaseResponseCallback
instanceKlass io/netty/buffer/ByteBuf
instanceKlass io/netty/buffer/ByteBufConvertible
instanceKlass io/netty/util/ReferenceCounted
instanceKlass io/netty/util/internal/ReflectionUtil
instanceKlass io/netty/util/internal/ObjectUtil
instanceKlass io/netty/util/internal/logging/AbstractInternalLogger
instanceKlass io/netty/util/internal/logging/Slf4JLoggerFactory$NopInstanceHolder
instanceKlass io/netty/util/internal/logging/InternalLogger
instanceKlass io/netty/util/internal/logging/InternalLoggerFactory
instanceKlass io/netty/util/internal/SystemPropertyUtil
instanceKlass io/netty/util/internal/UnpaddedInternalThreadLocalMap
instanceKlass io/netty/util/internal/TypeParameterMatcher
instanceKlass org/apache/spark/network/protocol/Message
instanceKlass org/apache/spark/network/protocol/Encodable
instanceKlass io/netty/util/concurrent/Promise
instanceKlass io/netty/util/concurrent/Future
instanceKlass org/apache/spark/network/util/NettyLogger
instanceKlass io/netty/channel/ChannelInboundHandler
instanceKlass io/netty/channel/Channel
instanceKlass io/netty/channel/ChannelOutboundInvoker
instanceKlass io/netty/util/AttributeMap
instanceKlass io/netty/channel/ChannelHandlerAdapter
instanceKlass io/netty/channel/ChannelOutboundHandler
instanceKlass io/netty/channel/ChannelHandler
instanceKlass org/apache/spark/network/TransportContext
instanceKlass org/apache/spark/network/buffer/ManagedBuffer
instanceKlass java/util/concurrent/CountDownLatch
instanceKlass org/apache/spark/rpc/netty/NettyRpcCallContext
instanceKlass org/apache/spark/rpc/RpcCallContext
instanceKlass org/apache/spark/rpc/netty/InboxMessage
instanceKlass org/apache/spark/rpc/netty/MessageLoop
instanceKlass org/apache/spark/rpc/netty/Dispatcher
instanceKlass org/apache/spark/network/util/TransportConf
instanceKlass io/netty/buffer/AbstractByteBufAllocator
instanceKlass io/netty/buffer/ByteBufAllocator
instanceKlass io/netty/buffer/ByteBufAllocatorMetricProvider
instanceKlass io/netty/channel/EventLoopGroup
instanceKlass io/netty/util/concurrent/EventExecutorGroup
instanceKlass org/apache/spark/network/util/NettyUtils
instanceKlass org/apache/spark/network/netty/SparkTransportConf$
instanceKlass org/apache/spark/rpc/RpcTimeout
instanceKlass scala/runtime/OrderedProxy
instanceKlass scala/Proxy$Typed
instanceKlass scala/Proxy
instanceKlass scala/collection/MapViewFactory
instanceKlass scala/concurrent/duration/Duration$
instanceKlass scala/concurrent/duration/package$DurationLong$
instanceKlass scala/concurrent/duration/package$
instanceKlass scala/concurrent/duration/package$DurationLong
instanceKlass scala/concurrent/duration/DurationConversions
instanceKlass org/apache/spark/rpc/RpcTimeout$
instanceKlass org/apache/spark/util/RpcUtils$
instanceKlass org/apache/spark/network/client/StreamCallback
instanceKlass org/apache/spark/rpc/netty/OutboxMessage
instanceKlass org/apache/spark/rpc/RpcEndpointRef
instanceKlass org/apache/spark/network/server/RpcHandler
instanceKlass org/apache/spark/rpc/RpcEnvFileServer
instanceKlass org/apache/spark/network/server/StreamManager
instanceKlass org/apache/spark/serializer/DeserializationStream
instanceKlass org/apache/spark/serializer/SerializationStream
instanceKlass org/apache/spark/serializer/SerializerInstance
instanceKlass org/apache/spark/rpc/RpcEnv
instanceKlass org/apache/spark/rpc/netty/NettyRpcEnvFactory
instanceKlass org/apache/spark/rpc/RpcEnvFactory
instanceKlass org/apache/spark/rpc/RpcEnvConfig
instanceKlass org/apache/spark/rpc/RpcEnv$
instanceKlass org/apache/spark/network/util/ConfigProvider
instanceKlass org/apache/spark/SSLOptions
instanceKlass org/apache/spark/SSLOptions$
instanceKlass org/apache/spark/deploy/SparkHadoopUtil
instanceKlass scala/collection/Iterator$ConcatIteratorCell
instanceKlass org/apache/spark/SecurityManager
instanceKlass org/apache/spark/scheduler/AsyncEventQueue$$anon$1
instanceKlass com/codahale/metrics/Histogram
instanceKlass com/codahale/metrics/EWMA
instanceKlass com/codahale/metrics/ExponentialMovingAverages
instanceKlass com/codahale/metrics/MovingAverages
instanceKlass com/codahale/metrics/Meter
instanceKlass com/codahale/metrics/Clock$UserTimeClockHolder
instanceKlass com/codahale/metrics/Clock
instanceKlass com/codahale/metrics/Snapshot
instanceKlass com/codahale/metrics/ExponentiallyDecayingReservoir
instanceKlass com/codahale/metrics/Timer
instanceKlass com/codahale/metrics/Sampling
instanceKlass com/codahale/metrics/Metered
instanceKlass scala/runtime/AbstractPartialFunction
instanceKlass org/apache/spark/scheduler/AsyncEventQueue
instanceKlass org/apache/spark/scheduler/SparkListenerBus
instanceKlass org/apache/spark/util/ListenerBus
instanceKlass scala/util/DynamicVariable
instanceKlass org/apache/spark/scheduler/LiveListenerBus$
instanceKlass org/apache/spark/status/AppStatusStore
instanceKlass org/apache/spark/status/StageDataWrapper
instanceKlass org/apache/spark/status/JobDataWrapper
instanceKlass org/apache/spark/status/ElementTrackingStore$LatchedTriggers
instanceKlass org/apache/spark/status/ElementTrackingStore$Trigger
instanceKlass org/apache/spark/status/ExecutorSummaryWrapper
instanceKlass org/apache/spark/status/AppSummary
instanceKlass org/apache/spark/status/AppStatusListener$
instanceKlass org/apache/spark/status/LiveEntity
instanceKlass org/apache/spark/scheduler/SparkListener
instanceKlass org/sparkproject/guava/util/concurrent/ThreadFactoryBuilder$1
instanceKlass org/sparkproject/guava/util/concurrent/ThreadFactoryBuilder
instanceKlass scala/concurrent/impl/ExecutionContextImpl
instanceKlass scala/concurrent/ExecutionContextExecutorService
instanceKlass scala/concurrent/impl/ExecutionContextImpl$
instanceKlass scala/concurrent/ExecutionContext$
instanceKlass scala/concurrent/Awaitable
instanceKlass java/util/concurrent/ForkJoinPool$ForkJoinWorkerThreadFactory
instanceKlass scala/concurrent/ExecutionContextExecutor
instanceKlass scala/concurrent/ExecutionContext
instanceKlass org/apache/spark/util/ThreadUtils$
instanceKlass scala/concurrent/duration/Duration
instanceKlass org/apache/spark/status/ElementTrackingStore$WriteQueueResult
instanceKlass org/apache/spark/status/ElementTrackingStore
instanceKlass org/apache/spark/util/kvstore/InMemoryStore$InMemoryLists
instanceKlass org/apache/spark/util/kvstore/KVStoreView
instanceKlass org/apache/spark/util/kvstore/InMemoryStore
instanceKlass org/apache/spark/util/kvstore/KVStoreSerializer
instanceKlass org/apache/spark/status/KVUtils$
instanceKlass org/apache/spark/util/kvstore/KVStore
instanceKlass org/apache/spark/status/AppStatusStore$
instanceKlass org/apache/spark/status/JobDuration
instanceKlass org/apache/spark/status/AppStatusSource
instanceKlass org/apache/spark/internal/config/Status$
instanceKlass org/apache/spark/status/AppStatusSource$
instanceKlass scala/collection/MapFactory$Delegate
instanceKlass com/codahale/metrics/Counter
instanceKlass com/codahale/metrics/Counting
instanceKlass com/codahale/metrics/Gauge
instanceKlass com/codahale/metrics/MetricRegistry$MetricBuilder$5
instanceKlass com/codahale/metrics/MetricRegistry$MetricBuilder$4
instanceKlass com/codahale/metrics/MetricRegistry$MetricBuilder$3
instanceKlass com/codahale/metrics/Reservoir
instanceKlass com/codahale/metrics/MetricRegistry$MetricBuilder$2
instanceKlass com/codahale/metrics/MetricRegistry$MetricBuilder$1
instanceKlass com/codahale/metrics/MetricRegistry$MetricBuilder
instanceKlass com/codahale/metrics/MetricRegistryListener
instanceKlass com/codahale/metrics/MetricRegistry
instanceKlass com/codahale/metrics/MetricSet
instanceKlass com/codahale/metrics/Metric
instanceKlass org/apache/spark/scheduler/LiveListenerBusMetrics
instanceKlass org/apache/spark/scheduler/LiveListenerBus
instanceKlass org/apache/spark/resource/ResourceAllocation
instanceKlass org/apache/spark/resource/ResourceRequest
instanceKlass org/apache/spark/resource/ResourceID
instanceKlass org/json4s/Formats
instanceKlass org/apache/spark/resource/ResourceUtils$
instanceKlass org/apache/spark/util/logging/DriverLogger$
instanceKlass org/apache/spark/launcher/JavaModuleOptions
instanceKlass scala/util/control/NonFatal$
instanceKlass org/apache/spark/SparkException$
instanceKlass scala/runtime/java8/JFunction0$mcD$sp
instanceKlass javax/security/auth/kerberos/KerberosPrincipal
instanceKlass org/apache/hadoop/security/User
instanceKlass java/util/LinkedList$ListItr
instanceKlass javax/security/auth/Subject$SecureSet$1
instanceKlass com/sun/security/auth/NTNumericCredential
instanceKlass com/sun/security/auth/NTDomainPrincipal
instanceKlass com/sun/security/auth/NTSid
instanceKlass com/sun/security/auth/module/NTSystem
instanceKlass com/sun/jmx/remote/security/FileLoginModule
instanceKlass com/sun/security/auth/module/NTLoginModule
instanceKlass javax/naming/ldap/LdapContext
instanceKlass javax/naming/directory/DirContext
instanceKlass com/sun/security/auth/module/LdapLoginModule
instanceKlass com/sun/security/auth/module/KeyStoreLoginModule
instanceKlass javax/naming/directory/Attributes
instanceKlass com/sun/security/auth/module/JndiLoginModule
instanceKlass com/sun/security/auth/module/UnixLoginModule
instanceKlass javax/security/auth/callback/CallbackHandler
instanceKlass com/sun/security/auth/module/Krb5LoginModule
instanceKlass java/util/ServiceLoader$ProviderSpliterator
instanceKlass javax/security/auth/login/LoginContext$4
instanceKlass javax/security/auth/Subject$SecureSet
instanceKlass org/apache/hadoop/util/Time
instanceKlass javax/security/auth/login/LoginContext$3
instanceKlass javax/security/auth/login/LoginContext$2
instanceKlass javax/security/auth/login/LoginContext$ModuleInfo
instanceKlass org/apache/hadoop/security/UserGroupInformation$HadoopLoginModule
instanceKlass javax/security/auth/spi/LoginModule
instanceKlass javax/security/auth/login/AppConfigurationEntry$LoginModuleControlFlag
instanceKlass javax/security/auth/login/AppConfigurationEntry
instanceKlass sun/security/util/ObjectIdentifier
instanceKlass org/ietf/jgss/Oid
instanceKlass org/apache/hadoop/security/authentication/util/KerberosUtil
instanceKlass javax/security/auth/login/Configuration
instanceKlass javax/security/auth/login/Configuration$Parameters
instanceKlass javax/security/auth/Subject$1
instanceKlass java/util/ResourceBundle$3
instanceKlass java/util/ResourceBundle$CacheKeyReference
instanceKlass java/util/ResourceBundle$CacheKey
instanceKlass java/lang/invoke/MethodHandleImpl$ArrayAccessor
instanceKlass java/lang/invoke/MethodHandleImpl$2
instanceKlass java/lang/invoke/MethodHandleImpl$LoopClauses
instanceKlass java/lang/invoke/MethodHandleImpl$CasesHolder
instanceKlass java/lang/invoke/MethodHandleImpl$BindCaller
instanceKlass sun/security/util/ResourcesMgr
instanceKlass java/lang/invoke/DirectMethodHandle$1
instanceKlass javax/security/auth/Subject
instanceKlass org/apache/hadoop/security/authentication/util/SubjectUtil
instanceKlass org/apache/hadoop/thirdparty/com/google/common/cache/LocalCache$AbstractReferenceEntry
instanceKlass org/apache/hadoop/thirdparty/com/google/common/cache/LocalCache$LoadingValueReference
instanceKlass org/apache/hadoop/thirdparty/com/google/common/cache/RemovalListener
instanceKlass org/apache/hadoop/thirdparty/com/google/common/cache/Weigher
instanceKlass org/apache/hadoop/thirdparty/com/google/common/cache/LocalCache$1
instanceKlass org/apache/hadoop/thirdparty/com/google/common/cache/ReferenceEntry
instanceKlass org/apache/hadoop/thirdparty/com/google/common/cache/LocalCache$ValueReference
instanceKlass org/apache/hadoop/thirdparty/com/google/common/cache/LocalCache$LocalManualCache
instanceKlass org/apache/hadoop/thirdparty/com/google/common/util/concurrent/FutureCallback
instanceKlass org/apache/hadoop/thirdparty/com/google/common/cache/CacheBuilder$2
instanceKlass org/apache/hadoop/thirdparty/com/google/common/cache/CacheStats
instanceKlass org/apache/hadoop/thirdparty/com/google/common/base/Suppliers$SupplierOfInstance
instanceKlass org/apache/hadoop/thirdparty/com/google/common/base/Suppliers
instanceKlass org/apache/hadoop/thirdparty/com/google/common/cache/CacheBuilder$1
instanceKlass org/apache/hadoop/thirdparty/com/google/common/cache/AbstractCache$StatsCounter
instanceKlass org/apache/hadoop/thirdparty/com/google/common/cache/LoadingCache
instanceKlass org/apache/hadoop/thirdparty/com/google/common/cache/Cache
instanceKlass org/apache/hadoop/thirdparty/com/google/common/base/Supplier
instanceKlass org/apache/hadoop/thirdparty/com/google/common/cache/CacheBuilder
instanceKlass org/apache/hadoop/util/PerformanceAdvisory
instanceKlass org/apache/hadoop/util/NativeCodeLoader
instanceKlass org/apache/hadoop/security/JniBasedUnixGroupsMappingWithFallback
instanceKlass org/apache/hadoop/security/GroupMappingServiceProvider
instanceKlass org/apache/hadoop/util/Timer
instanceKlass org/apache/hadoop/thirdparty/com/google/common/base/Ticker
instanceKlass org/apache/hadoop/security/authentication/util/KerberosName$Rule
instanceKlass org/apache/hadoop/security/HadoopKerberosName$1
instanceKlass org/apache/hadoop/security/authentication/util/KerberosName
instanceKlass org/apache/hadoop/security/SaslMechanismFactory
instanceKlass org/apache/hadoop/security/SaslRpcServer
instanceKlass org/apache/hadoop/security/SecurityInfo
instanceKlass org/apache/hadoop/mapred/JobConfigurable
instanceKlass org/apache/hadoop/shaded/org/apache/commons/collections4/keyvalue/AbstractMapEntryDecorator
instanceKlass org/apache/hadoop/shaded/org/apache/commons/collections4/KeyValue
instanceKlass org/apache/hadoop/shaded/org/apache/commons/collections4/iterators/AbstractUntypedIteratorDecorator
instanceKlass org/apache/hadoop/shaded/org/apache/commons/collections4/collection/AbstractCollectionDecorator
instanceKlass org/apache/hadoop/fs/Abortable
instanceKlass org/apache/hadoop/fs/Syncable
instanceKlass org/apache/hadoop/mapreduce/Mapper
instanceKlass org/apache/hadoop/mapreduce/Partitioner
instanceKlass org/apache/hadoop/io/WritableComparator
instanceKlass org/apache/hadoop/mapreduce/RecordWriter
instanceKlass org/apache/hadoop/mapreduce/TaskAttemptContext
instanceKlass org/apache/hadoop/util/Progressable
instanceKlass org/apache/hadoop/mapreduce/OutputCommitter
instanceKlass org/apache/hadoop/mapreduce/JobContext
instanceKlass org/apache/hadoop/mapreduce/MRJobConfig
instanceKlass org/apache/hadoop/mapreduce/OutputFormat
instanceKlass org/apache/hadoop/mapreduce/util/ConfigUtil
instanceKlass org/apache/hadoop/io/RawComparator
instanceKlass org/apache/hadoop/net/DNSDomainNameResolver
instanceKlass org/apache/hadoop/net/DomainNameResolver
instanceKlass org/apache/hadoop/net/DomainNameResolverFactory
instanceKlass org/apache/hadoop/thirdparty/com/google/common/cache/CacheLoader
instanceKlass org/apache/hadoop/security/SecurityUtil$CacheableHostResolver
instanceKlass java/net/URLClassLoader$2
instanceKlass org/apache/hadoop/security/SecurityUtil$HostResolver
instanceKlass org/apache/hadoop/security/SecurityUtil
instanceKlass com/sun/security/auth/NTUserPrincipal
instanceKlass org/apache/hadoop/util/PlatformName
instanceKlass org/apache/hadoop/metrics2/impl/MetricsSystemImpl$3
instanceKlass org/apache/hadoop/metrics2/MetricsSystem$AbstractCallback
instanceKlass org/apache/hadoop/metrics2/lib/UniqueNames$Count
instanceKlass org/apache/hadoop/metrics2/lib/MetricsSourceBuilder$1
instanceKlass jdk/internal/vm/annotation/IntrinsicCandidate
instanceKlass org/apache/hadoop/metrics2/util/SampleStat$MinMax
instanceKlass org/apache/hadoop/metrics2/util/SampleStat
instanceKlass java/util/stream/Nodes$IntArrayNode
instanceKlass java/util/stream/Node$Builder$OfInt
instanceKlass org/apache/hadoop/shaded/org/apache/commons/lang3/StringUtils
instanceKlass org/apache/hadoop/metrics2/annotation/Metric
instanceKlass org/apache/hadoop/metrics2/MetricsTag
instanceKlass org/apache/hadoop/classification/InterfaceStability$Evolving
instanceKlass org/apache/hadoop/classification/InterfaceAudience$Public
instanceKlass org/apache/hadoop/metrics2/annotation/Metrics
instanceKlass org/apache/hadoop/util/ReflectionUtils$2
instanceKlass sun/management/ThreadImpl
instanceKlass com/sun/management/ThreadMXBean
instanceKlass java/lang/management/ThreadMXBean
instanceKlass org/apache/hadoop/util/ReflectionUtils
instanceKlass org/apache/hadoop/metrics2/lib/MutableMetricsFactory
instanceKlass org/apache/hadoop/metrics2/lib/MetricsSourceBuilder
instanceKlass org/apache/hadoop/metrics2/lib/MetricsAnnotations
instanceKlass org/apache/hadoop/thirdparty/com/google/common/base/Joiner
instanceKlass org/apache/hadoop/metrics2/lib/UniqueNames
instanceKlass org/apache/hadoop/metrics2/MetricsRecordBuilder
instanceKlass org/apache/hadoop/metrics2/impl/MetricsCollectorImpl
instanceKlass org/apache/hadoop/metrics2/MetricsCollector
instanceKlass org/apache/hadoop/util/Lists
instanceKlass org/apache/hadoop/metrics2/lib/MetricsInfoImpl
instanceKlass org/apache/hadoop/metrics2/lib/Interns$CacheWith2Keys
instanceKlass org/apache/hadoop/metrics2/lib/Interns
instanceKlass org/apache/hadoop/thirdparty/com/google/common/base/Converter
instanceKlass org/apache/hadoop/thirdparty/com/google/common/collect/ImmutableMap
instanceKlass org/apache/hadoop/thirdparty/com/google/common/collect/UnmodifiableIterator
instanceKlass org/apache/hadoop/thirdparty/com/google/common/collect/BiMap
instanceKlass org/apache/hadoop/thirdparty/com/google/common/collect/SortedMapDifference
instanceKlass org/apache/hadoop/thirdparty/com/google/common/collect/MapDifference
instanceKlass org/apache/hadoop/thirdparty/com/google/common/collect/Maps
instanceKlass org/apache/hadoop/metrics2/lib/MutableMetric
instanceKlass org/apache/hadoop/metrics2/lib/MetricsRegistry
instanceKlass org/apache/hadoop/shaded/org/apache/commons/configuration2/Configuration
instanceKlass org/apache/hadoop/shaded/org/apache/commons/configuration2/sync/SynchronizerSupport
instanceKlass org/apache/hadoop/shaded/org/apache/commons/configuration2/ImmutableConfiguration
instanceKlass org/apache/hadoop/metrics2/MetricsInfo
instanceKlass org/apache/hadoop/metrics2/MetricsSystem$Callback
instanceKlass org/apache/hadoop/metrics2/MetricsSystem
instanceKlass org/apache/hadoop/metrics2/MetricsSystemMXBean
instanceKlass org/apache/hadoop/metrics2/MetricsSource
instanceKlass org/apache/hadoop/security/UserGroupInformation$UgiMetrics
instanceKlass org/apache/hadoop/security/Groups
instanceKlass org/apache/hadoop/security/UserGroupInformation$AutoRenewalForUserCredsRunnable
instanceKlass javax/security/auth/login/LoginContext
instanceKlass org/apache/hadoop/security/UserGroupInformation
instanceKlass scala/collection/mutable/SeqMap
instanceKlass org/sparkproject/guava/collect/MapMakerInternalMap$AbstractStrongKeyEntry
instanceKlass org/sparkproject/guava/collect/MapMakerInternalMap$WeakValueEntry
instanceKlass org/sparkproject/guava/collect/MapMakerInternalMap$StrongKeyWeakValueEntry$Helper
instanceKlass scala/collection/convert/AsScalaExtensions$ConcurrentMapHasAsScala
instanceKlass org/apache/logging/log4j/message/SimpleMessage
instanceKlass scala/StringContext$
instanceKlass scala/util/matching/Regex$Match
instanceKlass scala/util/matching/Regex$MatchData
instanceKlass org/apache/spark/util/VersionUtils$
instanceKlass scala/Tuple7
instanceKlass scala/Product7
instanceKlass org/apache/spark/SparkBuildInfo$
instanceKlass org/apache/spark/package$
instanceKlass org/apache/spark/internal/LogEntry$
instanceKlass org/apache/spark/TaskContext$
instanceKlass org/apache/spark/util/CallSite
instanceKlass scala/collection/mutable/MutationTracker$
instanceKlass java/lang/StackTraceElement$HashedModules
instanceKlass scala/runtime/BooleanRef
instanceKlass scala/runtime/ObjectRef
instanceKlass org/apache/spark/scheduler/SparkListenerEvent
instanceKlass org/apache/spark/util/AccumulatorV2
instanceKlass org/apache/spark/metrics/source/Source
instanceKlass org/apache/spark/scheduler/SparkListenerInterface
instanceKlass org/apache/spark/rpc/RpcEndpoint
instanceKlass org/apache/spark/rdd/RDD
instanceKlass org/apache/spark/api/java/AbstractJavaRDDLike
instanceKlass org/apache/spark/api/java/JavaRDDLike
instanceKlass org/apache/spark/api/java/JavaSparkContext
instanceKlass py4j/reflection/MethodInvoker$1
instanceKlass org/apache/logging/log4j/CloseableThreadContext$Instance
instanceKlass org/apache/avro/JsonProperties
instanceKlass java/lang/invoke/SerializedLambda
instanceKlass py4j/ReturnObject
instanceKlass py4j/reflection/TypeConverter
instanceKlass py4j/reflection/MethodInvoker
instanceKlass py4j/reflection/ReflectionShim
instanceKlass py4j/reflection/MethodDescriptor
instanceKlass java/net/URLClassLoader$1
instanceKlass py4j/reflection/CurrentThreadClassLoadingStrategy
instanceKlass py4j/reflection/ClassLoadingStrategy
instanceKlass py4j/reflection/ReflectionUtil
instanceKlass py4j/reflection/TypeUtil
instanceKlass py4j/NetworkUtil
instanceKlass py4j/Protocol
instanceKlass sun/nio/ch/Util$BufferCache
instanceKlass sun/nio/ch/Util
instanceKlass java/nio/DirectByteBuffer$Deallocator
instanceKlass py4j/commands/AbstractCommand
instanceKlass py4j/GatewayConnection
instanceKlass py4j/commands/Command
instanceKlass py4j/ClientServerConnection
instanceKlass sun/nio/ch/IOStatus
instanceKlass java/io/FileOutputStream$1
instanceKlass sun/nio/ch/FileChannelImpl$Closer
instanceKlass sun/nio/ch/NativeThreadSet
instanceKlass java/nio/channels/spi/AbstractInterruptibleChannel
instanceKlass java/nio/channels/InterruptibleChannel
instanceKlass java/nio/channels/ScatteringByteChannel
instanceKlass java/nio/channels/GatheringByteChannel
instanceKlass java/nio/channels/SeekableByteChannel
instanceKlass java/nio/channels/ByteChannel
instanceKlass java/nio/channels/ReadableByteChannel
instanceKlass sun/nio/fs/WindowsChannelFactory$2
instanceKlass sun/nio/fs/WindowsChannelFactory$Flags
instanceKlass sun/nio/fs/WindowsChannelFactory$1
instanceKlass sun/nio/fs/WindowsChannelFactory
instanceKlass sun/nio/ch/NativeThread
instanceKlass sun/nio/fs/WindowsPath$1
instanceKlass java/net/Socket
instanceKlass java/nio/file/TempFileHelper
instanceKlass sun/net/NetHooks
instanceKlass java/net/InetSocketAddress$InetSocketAddressHolder
instanceKlass jdk/net/ExtendedSocketOptions$PlatformSocketOptions$1
instanceKlass jdk/net/ExtendedSocketOptions$PlatformSocketOptions
instanceKlass jdk/net/ExtendedSocketOptions$ExtSocketOption
instanceKlass java/net/SocketOption
instanceKlass jdk/net/ExtendedSocketOptions
instanceKlass sun/net/ext/ExtendedSocketOptions
instanceKlass sun/nio/ch/Net$1
instanceKlass java/net/ProtocolFamily
instanceKlass sun/nio/ch/Net
instanceKlass sun/nio/ch/IOUtil
instanceKlass sun/nio/ch/NativeDispatcher
instanceKlass sun/net/PlatformSocketImpl
instanceKlass sun/net/NetProperties$1
instanceKlass sun/net/NetProperties
instanceKlass java/net/SocketImpl
instanceKlass java/net/SocketOptions
instanceKlass java/net/ServerSocket
instanceKlass py4j/JVMView
instanceKlass py4j/reflection/ReflectionEngine
instanceKlass py4j/Gateway
instanceKlass java/util/concurrent/RunnableScheduledFuture
instanceKlass java/util/concurrent/ScheduledFuture
instanceKlass java/util/concurrent/Delayed
instanceKlass java/util/concurrent/RunnableFuture
instanceKlass py4j/Py4JClientConnection
instanceKlass py4j/CallbackClient
instanceKlass py4j/Py4JPythonClientPerThread
instanceKlass py4j/ClientServer
instanceKlass py4j/StringUtil
instanceKlass javax/net/SocketFactory
instanceKlass javax/net/ServerSocketFactory
instanceKlass jdk/internal/logger/DefaultLoggerFinder$1
instanceKlass java/util/logging/Logger$SystemLoggerHelper$1
instanceKlass java/util/logging/Logger$SystemLoggerHelper
instanceKlass java/net/SocketAddress
instanceKlass py4j/Py4JServerConnection
instanceKlass py4j/Py4JPythonClient
instanceKlass py4j/DefaultGatewayServerListener
instanceKlass py4j/GatewayServerListener
instanceKlass py4j/Py4JJavaServer
instanceKlass py4j/ClientServer$ClientServerBuilder
instanceKlass org/apache/spark/api/python/Py4JServer
instanceKlass java/net/URLClassLoader$3$1
instanceKlass java/net/URLClassLoader$3
instanceKlass org/apache/spark/api/python/PythonGatewayServer$
instanceKlass org/apache/spark/deploy/JavaMainApplication
instanceKlass org/apache/spark/api/python/PythonGatewayServer
instanceKlass scala/runtime/java8/JFunction0$mcZ$sp
instanceKlass scala/collection/mutable/ArraySeq$
instanceKlass org/json4s/JValue
instanceKlass org/json4s/Diff$Diffable
instanceKlass org/apache/spark/deploy/PythonRunner$
instanceKlass org/apache/spark/internal/config/UI$
instanceKlass scala/runtime/AbstractFunction6
instanceKlass scala/Function6
instanceKlass scala/collection/mutable/Builder$$anon$1
instanceKlass org/apache/spark/util/SparkShutdownHook
instanceKlass org/apache/logging/log4j/message/Clearable
instanceKlass org/apache/logging/log4j/message/ReusableMessageFactory
instanceKlass org/apache/logging/log4j/core/impl/MutableLogEvent
instanceKlass org/apache/logging/log4j/message/ParameterVisitable
instanceKlass org/apache/logging/log4j/message/ReusableMessage
instanceKlass org/apache/logging/log4j/core/impl/ReusableLogEventFactory
instanceKlass org/apache/logging/log4j/core/layout/ByteBufferDestinationHelper
instanceKlass org/apache/logging/log4j/core/layout/TextEncoderHelper
instanceKlass org/apache/logging/log4j/message/TimestampMessage
instanceKlass org/apache/logging/log4j/message/LoggerNameAwareMessage
instanceKlass org/apache/logging/log4j/util/TriConsumer
instanceKlass org/apache/logging/log4j/util/SortedArrayStringMap
instanceKlass org/apache/logging/log4j/util/IndexedStringMap
instanceKlass org/apache/logging/log4j/util/IndexedReadOnlyStringMap
instanceKlass org/apache/logging/log4j/core/impl/ContextDataFactory
instanceKlass org/apache/logging/log4j/message/ParameterFormatter$MessagePatternAnalysis
instanceKlass org/apache/logging/log4j/message/ParameterFormatter
instanceKlass org/apache/logging/log4j/message/ParameterizedMessage
instanceKlass java/util/TimerTask
instanceKlass org/apache/hadoop/util/Shell
instanceKlass org/apache/hadoop/util/StringUtils
instanceKlass org/apache/hadoop/util/ShutdownHookManager$HookEntry
instanceKlass java/util/concurrent/ThreadPoolExecutor$AbortPolicy
instanceKlass java/util/concurrent/RejectedExecutionHandler
instanceKlass java/util/concurrent/AbstractExecutorService
instanceKlass java/util/concurrent/Executors$DelegatedExecutorService
instanceKlass org/apache/hadoop/util/concurrent/HadoopExecutors
instanceKlass org/apache/hadoop/thirdparty/com/google/common/util/concurrent/ThreadFactoryBuilder$1
instanceKlass org/apache/hadoop/thirdparty/com/google/common/util/concurrent/ThreadFactoryBuilder
instanceKlass org/apache/hadoop/util/ShutdownHookManager
instanceKlass scala/runtime/java8/JFunction1$mcVJ$sp
instanceKlass org/apache/spark/util/SparkShutdownHookManager$$anon$2
instanceKlass org/apache/spark/util/SparkShutdownHookManager
instanceKlass scala/runtime/java8/JFunction0$mcV$sp
instanceKlass org/apache/spark/util/ShutdownHookManager$
instanceKlass sun/nio/fs/WindowsSecurityDescriptor
instanceKlass java/nio/file/attribute/FileAttribute
instanceKlass sun/security/provider/AbstractDrbg$NonceProvider
instanceKlass sun/nio/fs/BasicFileAttributesHolder
instanceKlass sun/nio/fs/WindowsDirectoryStream$WindowsDirectoryIterator
instanceKlass sun/nio/fs/WindowsDirectoryStream
instanceKlass java/nio/file/DirectoryStream
instanceKlass java/nio/file/Files$AcceptAllFilter
instanceKlass java/nio/file/DirectoryStream$Filter
instanceKlass java/net/NetworkInterface$1
instanceKlass java/net/DefaultInterface
instanceKlass java/net/InterfaceAddress
instanceKlass java/net/NetworkInterface
instanceKlass java/lang/constant/DynamicConstantDesc
instanceKlass java/lang/constant/DirectMethodHandleDesc$1
instanceKlass java/lang/constant/DirectMethodHandleDescImpl$1
instanceKlass java/lang/constant/DirectMethodHandleDescImpl
instanceKlass java/lang/constant/DirectMethodHandleDesc
instanceKlass java/lang/constant/MethodHandleDesc$1
instanceKlass java/lang/constant/MethodHandleDesc
instanceKlass java/lang/constant/MethodTypeDescImpl
instanceKlass java/lang/constant/MethodTypeDesc
instanceKlass java/lang/constant/ReferenceClassDescImpl
instanceKlass java/lang/constant/ConstantUtils
instanceKlass java/lang/constant/ClassDesc
instanceKlass java/lang/constant/ConstantDescs
instanceKlass java/lang/invoke/VarHandle$2
instanceKlass java/lang/invoke/VarHandle$TypesAndInvokers
instanceKlass java/lang/invoke/VarHandleByteArrayBase
instanceKlass sun/security/provider/ByteArrayAccess$BE
instanceKlass sun/security/provider/ByteArrayAccess
instanceKlass sun/security/provider/SeedGenerator$1
instanceKlass sun/security/util/MessageDigestSpi2
instanceKlass sun/security/jca/GetInstance$Instance
instanceKlass sun/security/jca/GetInstance
instanceKlass sun/security/util/CryptoAlgorithmConstraints$CryptoHolder
instanceKlass sun/security/util/AbstractAlgorithmConstraints
instanceKlass java/security/AlgorithmConstraints
instanceKlass java/security/MessageDigestSpi
instanceKlass sun/security/provider/SeedGenerator
instanceKlass sun/security/provider/AbstractDrbg$SeederHolder
instanceKlass java/security/DrbgParameters$NextBytes
instanceKlass sun/security/provider/EntropySource
instanceKlass sun/security/provider/AbstractDrbg
instanceKlass java/security/DrbgParameters$Instantiation
instanceKlass java/security/DrbgParameters
instanceKlass sun/security/provider/MoreDrbgParameters
instanceKlass java/security/SecureRandomSpi
instanceKlass java/security/SecureRandomParameters
instanceKlass jdk/internal/event/Event
instanceKlass sun/security/util/SecurityProviderConstants
instanceKlass java/security/Provider$UString
instanceKlass java/security/Provider$Service
instanceKlass sun/security/provider/NativePRNG$NonBlocking
instanceKlass sun/security/provider/NativePRNG$Blocking
instanceKlass sun/security/provider/NativePRNG
instanceKlass sun/security/provider/SunEntries$1
instanceKlass sun/security/provider/SunEntries
instanceKlass sun/security/util/SecurityConstants
instanceKlass sun/security/jca/ProviderList$2
instanceKlass java/security/Provider$EngineDescription
instanceKlass java/security/Provider$ServiceKey
instanceKlass sun/security/jca/ProviderConfig
instanceKlass sun/security/jca/ProviderList
instanceKlass sun/security/jca/Providers
instanceKlass java/util/UUID$Holder
instanceKlass org/apache/hadoop/shaded/com/ctc/wstx/io/BufferRecycler
instanceKlass org/apache/hadoop/conf/Configuration$ParsedItem
instanceKlass org/apache/hadoop/thirdparty/com/google/common/collect/MapMakerInternalMap$AbstractStrongKeyEntry
instanceKlass org/apache/hadoop/thirdparty/com/google/common/collect/MapMakerInternalMap$StrongValueEntry
instanceKlass org/apache/hadoop/thirdparty/com/google/common/collect/MapMakerInternalMap$StrongKeyDummyValueEntry$Helper
instanceKlass org/apache/hadoop/thirdparty/com/google/common/base/MoreObjects
instanceKlass org/apache/hadoop/thirdparty/com/google/common/collect/MapMakerInternalMap$InternalEntry
instanceKlass org/apache/hadoop/thirdparty/com/google/common/collect/MapMakerInternalMap$1
instanceKlass org/apache/hadoop/thirdparty/com/google/common/collect/MapMakerInternalMap$InternalEntryHelper
instanceKlass org/apache/hadoop/thirdparty/com/google/common/collect/MapMakerInternalMap$WeakValueReference
instanceKlass org/apache/hadoop/thirdparty/com/google/common/base/Preconditions
instanceKlass org/apache/hadoop/thirdparty/com/google/common/base/Predicate
instanceKlass org/apache/hadoop/thirdparty/com/google/common/base/Equivalence
instanceKlass org/apache/hadoop/thirdparty/com/google/common/collect/Interners$InternerImpl
instanceKlass org/apache/hadoop/thirdparty/com/google/common/collect/MapMaker
instanceKlass org/apache/hadoop/thirdparty/com/google/common/collect/Interner
instanceKlass org/apache/hadoop/thirdparty/com/google/common/collect/Interners$InternerBuilder
instanceKlass org/apache/hadoop/thirdparty/com/google/common/base/Function
instanceKlass org/apache/hadoop/thirdparty/com/google/common/collect/Interners
instanceKlass org/apache/hadoop/util/StringInterner
instanceKlass org/apache/hadoop/shaded/com/ctc/wstx/sr/Element
instanceKlass org/apache/hadoop/conf/Configuration$Parser
instanceKlass org/apache/hadoop/shaded/com/ctc/wstx/util/TextBuffer
instanceKlass org/apache/hadoop/shaded/com/ctc/wstx/util/TextBuilder
instanceKlass org/apache/hadoop/shaded/com/ctc/wstx/sr/AttributeCollector
instanceKlass org/apache/hadoop/shaded/com/ctc/wstx/util/StringVector
instanceKlass org/apache/hadoop/shaded/com/ctc/wstx/util/BaseNsContext
instanceKlass org/apache/hadoop/shaded/org/codehaus/stax2/validation/XMLValidator
instanceKlass org/apache/hadoop/shaded/com/ctc/wstx/sr/InputElementStack
instanceKlass org/apache/hadoop/shaded/com/ctc/wstx/sr/NsDefaultProvider
instanceKlass org/apache/hadoop/shaded/org/codehaus/stax2/validation/ValidationContext
instanceKlass org/apache/hadoop/shaded/org/codehaus/stax2/validation/DTDValidationSchema
instanceKlass org/apache/hadoop/shaded/org/codehaus/stax2/validation/XMLValidationSchema
instanceKlass org/apache/hadoop/shaded/org/codehaus/stax2/typed/TypedArrayDecoder
instanceKlass org/apache/hadoop/shaded/org/codehaus/stax2/typed/TypedValueDecoder
instanceKlass javax/xml/namespace/NamespaceContext
instanceKlass org/apache/hadoop/shaded/org/codehaus/stax2/AttributeInfo
instanceKlass org/apache/hadoop/shaded/org/codehaus/stax2/ri/evt/BaseEventImpl
instanceKlass org/apache/hadoop/shaded/org/codehaus/stax2/evt/XMLEvent2
instanceKlass javax/xml/stream/events/EntityDeclaration
instanceKlass javax/xml/stream/events/XMLEvent
instanceKlass org/apache/hadoop/shaded/org/codehaus/stax2/XMLStreamLocation2
instanceKlass org/apache/hadoop/shaded/com/ctc/wstx/io/WstxInputData
instanceKlass org/apache/hadoop/shaded/com/ctc/wstx/cfg/ParsingErrorMsgs
instanceKlass org/apache/hadoop/shaded/com/ctc/wstx/sr/InputProblemReporter
instanceKlass org/apache/hadoop/shaded/org/codehaus/stax2/LocationInfo
instanceKlass org/apache/hadoop/shaded/org/codehaus/stax2/DTDInfo
instanceKlass org/apache/hadoop/shaded/com/ctc/wstx/sr/StreamReaderImpl
instanceKlass org/apache/hadoop/shaded/com/ctc/wstx/io/WstxInputSource
instanceKlass org/apache/hadoop/shaded/com/ctc/wstx/io/InputSourceFactory
instanceKlass javax/xml/stream/Location
instanceKlass org/apache/hadoop/shaded/com/ctc/wstx/io/SystemId
instanceKlass org/apache/hadoop/conf/Configuration$Resource
instanceKlass scala/collection/ArrayOps$WithFilter
instanceKlass scala/collection/IterableOnce$
instanceKlass java/util/WeakHashMap$HashIterator
instanceKlass org/apache/hadoop/shaded/org/apache/commons/collections4/MapIterator
instanceKlass org/apache/hadoop/shaded/org/apache/commons/collections4/map/AbstractIterableMap
instanceKlass org/apache/hadoop/shaded/org/apache/commons/collections4/IterableMap
instanceKlass org/apache/hadoop/shaded/org/apache/commons/collections4/IterableGet
instanceKlass org/apache/hadoop/shaded/org/apache/commons/collections4/Get
instanceKlass org/apache/hadoop/shaded/org/apache/commons/collections4/Put
instanceKlass org/apache/hadoop/shaded/org/apache/commons/collections4/Unmodifiable
instanceKlass org/apache/hadoop/conf/Configuration$DeprecatedKeyInfo
instanceKlass org/apache/hadoop/conf/Configuration$DeprecationContext
instanceKlass org/apache/hadoop/util/Preconditions
instanceKlass org/apache/hadoop/conf/Configuration$DeprecationDelta
instanceKlass org/apache/hadoop/shaded/com/ctc/wstx/api/WstxInputProperties$ParsingMode
instanceKlass org/apache/hadoop/shaded/com/ctc/wstx/api/WstxInputProperties
instanceKlass org/apache/hadoop/shaded/com/ctc/wstx/api/CommonConfig
instanceKlass org/apache/hadoop/shaded/com/ctc/wstx/util/SymbolTable$Bucket
instanceKlass org/apache/hadoop/shaded/com/ctc/wstx/util/SymbolTable
instanceKlass org/apache/hadoop/shaded/com/ctc/wstx/util/DefaultXmlSymbolTable
instanceKlass javax/xml/stream/util/XMLEventAllocator
instanceKlass org/apache/hadoop/shaded/org/codehaus/stax2/XMLEventReader2
instanceKlass javax/xml/stream/XMLEventReader
instanceKlass org/apache/hadoop/shaded/org/codehaus/stax2/XMLStreamReader2
instanceKlass org/apache/hadoop/shaded/org/codehaus/stax2/validation/Validatable
instanceKlass org/apache/hadoop/shaded/org/codehaus/stax2/typed/TypedXMLStreamReader
instanceKlass javax/xml/stream/XMLInputFactory
instanceKlass org/apache/hadoop/shaded/org/codehaus/stax2/XMLStreamProperties
instanceKlass org/apache/hadoop/shaded/com/ctc/wstx/cfg/InputConfigFlags
instanceKlass org/apache/hadoop/shaded/com/ctc/wstx/sr/ReaderCreator
instanceKlass org/apache/hadoop/conf/Configuration$NegativeCacheSentinel
instanceKlass org/w3c/dom/Node
instanceKlass javax/xml/stream/XMLStreamReader
instanceKlass javax/xml/stream/XMLStreamConstants
instanceKlass org/apache/hadoop/shaded/com/ctc/wstx/io/InputBootstrapper
instanceKlass org/apache/spark/deploy/SparkHadoopUtil$
instanceKlass org/apache/ivy/util/FileUtil$DissectedPath
instanceKlass java/util/stream/AbstractSpinedBuffer
instanceKlass java/util/BitSet$1BitSetSpliterator
instanceKlass java/util/BitSet
instanceKlass org/apache/ivy/util/FileUtil
instanceKlass org/apache/ivy/util/Checks
instanceKlass org/apache/spark/util/SparkEnvUtils$
instanceKlass org/apache/ivy/plugins/resolver/LazyTimeoutConstraint
instanceKlass org/apache/ivy/util/HostUtil
instanceKlass org/apache/ivy/plugins/resolver/BasicResolver$6
instanceKlass org/apache/ivy/plugins/resolver/BasicResolver$5
instanceKlass org/apache/ivy/util/url/ApacheURLLister
instanceKlass org/apache/ivy/plugins/repository/RepositoryCopyProgressListener
instanceKlass javax/swing/event/EventListenerList
instanceKlass org/apache/ivy/util/CopyProgressListener
instanceKlass org/apache/ivy/plugins/repository/AbstractRepository
instanceKlass sun/util/resources/Bundles$2
instanceKlass sun/util/resources/LocaleData$LocaleDataResourceBundleProvider
instanceKlass java/util/spi/ResourceBundleProvider
instanceKlass org/apache/ivy/plugins/repository/TransferListener
instanceKlass org/apache/ivy/core/cache/ModuleDescriptorWriter
instanceKlass org/apache/ivy/plugins/repository/Resource
instanceKlass org/apache/ivy/plugins/resolver/util/ResourceMDParser
instanceKlass org/apache/ivy/plugins/resolver/util/ResolvedResource
instanceKlass org/apache/ivy/plugins/repository/ResourceDownloader
instanceKlass org/apache/ivy/plugins/repository/ArtifactResourceResolver
instanceKlass org/apache/ivy/core/cache/DownloadListener
instanceKlass org/apache/ivy/plugins/circular/AbstractCircularDependencyStrategy
instanceKlass org/apache/ivy/plugins/circular/CircularDependencyStrategy
instanceKlass org/apache/ivy/plugins/report/XmlReportWriter
instanceKlass org/apache/ivy/plugins/report/XmlReportOutputter
instanceKlass org/apache/ivy/plugins/report/LogReportOutputter
instanceKlass org/apache/ivy/plugins/matcher/Matcher
instanceKlass org/apache/ivy/plugins/matcher/AbstractPatternMatcher
instanceKlass org/apache/ivy/plugins/lock/FileBasedLockStrategy$NIOFileLocker
instanceKlass org/apache/ivy/plugins/lock/FileBasedLockStrategy$CreateFileLocker
instanceKlass org/apache/ivy/plugins/lock/FileBasedLockStrategy$FileLocker
instanceKlass org/apache/ivy/plugins/lock/AbstractLockStrategy
instanceKlass org/apache/ivy/osgi/core/OsgiLatestStrategy$ArtifactInfoComparator
instanceKlass org/apache/ivy/osgi/core/OsgiLatestStrategy$MridComparator
instanceKlass org/apache/ivy/plugins/latest/LatestTimeStrategy$1
instanceKlass org/apache/ivy/plugins/latest/LatestRevisionStrategy$ArtifactInfoComparator
instanceKlass org/apache/ivy/plugins/latest/LatestRevisionStrategy$MridComparator
instanceKlass org/apache/ivy/plugins/latest/LatestLexicographicStrategy$1
instanceKlass org/apache/ivy/plugins/namespace/Namespace
instanceKlass org/apache/ivy/osgi/core/OSGiManifestParser
instanceKlass org/apache/ivy/plugins/parser/ModuleDescriptorParser
instanceKlass org/apache/ivy/core/cache/DefaultRepositoryCacheManager
instanceKlass org/apache/ivy/plugins/latest/AbstractLatestStrategy
instanceKlass org/apache/ivy/plugins/signer/bouncycastle/OpenPGPSignatureGenerator
instanceKlass org/apache/ivy/plugins/signer/SignatureGenerator
instanceKlass org/apache/ivy/plugins/version/AbstractVersionMatcher
instanceKlass org/apache/ivy/core/settings/NamedTimeoutConstraint
instanceKlass org/apache/ivy/core/settings/TimeoutConstraint
instanceKlass org/apache/ivy/plugins/conflict/AbstractConflictManager
instanceKlass org/apache/ivy/plugins/IvySettingsAware
instanceKlass org/apache/ivy/plugins/trigger/AbstractTrigger
instanceKlass org/apache/ivy/plugins/trigger/Trigger
instanceKlass org/apache/ivy/core/event/IvyListener
instanceKlass org/apache/ivy/plugins/resolver/AbstractResolver
instanceKlass org/apache/ivy/core/settings/Validatable
instanceKlass org/apache/ivy/plugins/resolver/util/HasLatestStrategy
instanceKlass org/apache/ivy/Ivy
instanceKlass org/apache/ivy/core/module/descriptor/Artifact
instanceKlass org/apache/ivy/core/IvyPatternHelper
instanceKlass org/apache/ivy/core/IvyContext
instanceKlass org/apache/ivy/util/AbstractMessageLogger
instanceKlass org/apache/ivy/util/MessageLogger
instanceKlass org/apache/ivy/util/Message
instanceKlass org/xml/sax/helpers/DefaultHandler
instanceKlass org/xml/sax/ErrorHandler
instanceKlass org/xml/sax/ContentHandler
instanceKlass org/xml/sax/DTDHandler
instanceKlass org/xml/sax/EntityResolver
instanceKlass org/apache/ivy/core/pack/ArchivePacking
instanceKlass org/apache/ivy/core/pack/PackingRegistry
instanceKlass org/apache/ivy/core/module/id/MatcherLookup
instanceKlass org/apache/ivy/core/module/id/ModuleRules
instanceKlass org/apache/ivy/core/settings/IvyVariableContainerImpl
instanceKlass org/apache/ivy/core/cache/ResolutionCacheManager
instanceKlass org/apache/ivy/core/RelativeUrlResolver
instanceKlass org/apache/ivy/plugins/version/VersionMatcher
instanceKlass org/apache/ivy/core/cache/RepositoryCacheManager
instanceKlass org/apache/ivy/util/filter/Filter
instanceKlass org/apache/ivy/plugins/report/ReportOutputter
instanceKlass org/apache/ivy/plugins/conflict/ConflictManager
instanceKlass org/apache/ivy/plugins/lock/LockStrategy
instanceKlass org/apache/ivy/plugins/latest/LatestStrategy
instanceKlass org/apache/ivy/core/settings/IvyVariableContainer
instanceKlass org/apache/ivy/core/settings/IvySettings
instanceKlass org/apache/ivy/core/repository/RepositoryManagementEngineSettings
instanceKlass org/apache/ivy/core/retrieve/RetrieveEngineSettings
instanceKlass org/apache/ivy/core/resolve/ResolveEngineSettings
instanceKlass org/apache/ivy/plugins/resolver/ResolverSettings
instanceKlass org/apache/ivy/core/install/InstallEngineSettings
instanceKlass org/apache/ivy/core/check/CheckEngineSettings
instanceKlass org/apache/ivy/core/deliver/DeliverEngineSettings
instanceKlass org/apache/ivy/core/publish/PublishEngineSettings
instanceKlass org/apache/ivy/plugins/parser/ParserSettings
instanceKlass org/apache/ivy/core/sort/SortEngineSettings
instanceKlass org/apache/spark/util/DependencyUtils$
instanceKlass org/apache/spark/internal/config/SystemProvider
instanceKlass org/apache/spark/internal/config/EnvProvider
instanceKlass org/apache/spark/internal/config/SparkConfigProvider
instanceKlass org/apache/spark/internal/config/ConfigReader
instanceKlass org/apache/spark/SparkMasterRegex$
instanceKlass org/apache/logging/log4j/util/EnglishEnums
instanceKlass org/apache/logging/log4j/core/config/plugins/convert/EnumConverter
instanceKlass org/apache/logging/log4j/core/filter/AbstractFilterable$Builder
instanceKlass org/apache/logging/log4j/core/layout/PatternLayout$NoFormatPatternSerializer
instanceKlass org/apache/logging/log4j/core/pattern/PatternFormatter
instanceKlass org/apache/logging/log4j/core/pattern/ThrowableStackTraceRenderer
instanceKlass org/apache/logging/log4j/core/pattern/PlainTextRenderer
instanceKlass org/apache/logging/log4j/core/pattern/ThrowableStackTraceRendererFactory
instanceKlass org/apache/logging/log4j/core/pattern/ThrowablePropertyRendererFactory
instanceKlass org/apache/logging/log4j/core/impl/ThrowableFormatOptions
instanceKlass org/apache/logging/log4j/core/pattern/ThrowableRenderer
instanceKlass org/apache/logging/log4j/core/pattern/TextRenderer
instanceKlass org/apache/logging/log4j/core/pattern/NameAbbreviator
instanceKlass org/apache/logging/log4j/core/util/OptionConverter
instanceKlass org/apache/logging/log4j/core/util/internal/instant/InstantPatternDynamicFormatter$TimestampedFormatter
instanceKlass java/time/LocalTime$1
instanceKlass java/time/format/DateTimeFormatterBuilder$2
instanceKlass java/time/LocalDate$1
instanceKlass java/time/ZonedDateTime$1
instanceKlass java/time/ZonedDateTime
instanceKlass java/time/chrono/ChronoZonedDateTime
instanceKlass org/apache/logging/log4j/core/time/MutableInstant$1
instanceKlass java/time/temporal/TemporalQueries$7
instanceKlass java/time/temporal/TemporalQueries$6
instanceKlass java/time/temporal/TemporalQueries$5
instanceKlass java/time/temporal/TemporalQueries$4
instanceKlass java/time/temporal/TemporalQueries$3
instanceKlass java/time/temporal/TemporalQueries$2
instanceKlass java/time/temporal/TemporalQueries$1
instanceKlass java/time/temporal/TemporalQueries
instanceKlass java/time/format/DateTimePrintContext
instanceKlass org/apache/logging/log4j/core/util/internal/instant/InstantPatternDynamicFormatter$AbstractFormatter
instanceKlass java/time/LocalTime
instanceKlass java/time/zone/ZoneOffsetTransition
instanceKlass java/time/LocalDateTime
instanceKlass java/time/chrono/ChronoLocalDateTime
instanceKlass java/time/zone/ZoneOffsetTransitionRule
instanceKlass java/time/zone/ZoneRules
instanceKlass java/time/zone/Ser
instanceKlass java/time/zone/ZoneRulesProvider$1
instanceKlass java/time/zone/ZoneRulesProvider
instanceKlass java/util/stream/Nodes$ArrayNode
instanceKlass java/util/stream/Node$Builder
instanceKlass java/util/stream/Node$OfDouble
instanceKlass java/util/stream/Node$OfLong
instanceKlass java/util/stream/Node$OfInt
instanceKlass java/util/stream/Node$OfPrimitive
instanceKlass java/util/stream/Nodes$EmptyNode
instanceKlass java/util/stream/Node
instanceKlass java/util/stream/Nodes
instanceKlass java/util/function/IntFunction
instanceKlass java/time/LocalDate
instanceKlass java/time/chrono/ChronoLocalDate
instanceKlass java/time/Period
instanceKlass java/time/chrono/ChronoPeriod
instanceKlass java/time/format/DateTimeFormatterBuilder$TextPrinterParser
instanceKlass java/time/format/DateTimeTextProvider$1
instanceKlass java/time/format/DateTimeTextProvider
instanceKlass java/util/AbstractMap$SimpleImmutableEntry
instanceKlass java/time/format/DateTimeTextProvider$LocaleStore
instanceKlass java/time/format/DateTimeFormatterBuilder$InstantPrinterParser
instanceKlass java/time/format/DateTimeFormatterBuilder$StringLiteralPrinterParser
instanceKlass java/time/format/DateTimeFormatterBuilder$ZoneIdPrinterParser
instanceKlass java/time/format/DateTimeFormatterBuilder$OffsetIdPrinterParser
instanceKlass java/time/format/DecimalStyle
instanceKlass java/time/format/DateTimeFormatterBuilder$CompositePrinterParser
instanceKlass java/time/chrono/AbstractChronology
instanceKlass java/time/chrono/Chronology
instanceKlass java/time/format/DateTimeFormatterBuilder$CharLiteralPrinterParser
instanceKlass java/time/format/DateTimeFormatterBuilder$NumberPrinterParser
instanceKlass java/time/format/DateTimeFormatterBuilder$DateTimePrinterParser
instanceKlass java/time/temporal/JulianFields
instanceKlass java/time/temporal/IsoFields
instanceKlass java/time/temporal/ValueRange
instanceKlass java/time/temporal/TemporalField
instanceKlass java/time/ZoneId
instanceKlass java/time/temporal/TemporalQuery
instanceKlass java/time/format/DateTimeFormatterBuilder
instanceKlass java/time/format/DateTimeFormatter
instanceKlass java/time/Clock
instanceKlass java/time/InstantSource
instanceKlass java/time/Instant
instanceKlass java/time/temporal/TemporalAdjuster
instanceKlass java/time/temporal/Temporal
instanceKlass org/apache/logging/log4j/core/time/MutableInstant
instanceKlass java/time/temporal/TemporalAccessor
instanceKlass org/apache/logging/log4j/core/util/internal/instant/InstantPatternDynamicFormatter$PatternSequence
instanceKlass org/apache/logging/log4j/core/util/internal/instant/InstantPatternDynamicFormatter
instanceKlass org/apache/logging/log4j/core/util/internal/instant/InstantPatternFormatter$Builder
instanceKlass org/apache/logging/log4j/core/util/internal/instant/InstantPatternFormatter
instanceKlass org/apache/logging/log4j/core/util/internal/instant/InstantFormatter
instanceKlass org/apache/logging/log4j/core/pattern/PatternParser$1
instanceKlass org/apache/logging/log4j/core/pattern/FormattingInfo
instanceKlass org/apache/logging/log4j/core/pattern/ConverterKeys
instanceKlass org/apache/logging/log4j/core/layout/StringBuilderEncoder
instanceKlass org/apache/logging/log4j/core/layout/PatternLayout$PatternSerializer
instanceKlass org/apache/logging/log4j/core/layout/AbstractStringLayout$Serializer
instanceKlass org/apache/logging/log4j/core/layout/PatternLayout$SerializerBuilder
instanceKlass org/apache/logging/log4j/core/pattern/PatternParser
instanceKlass org/apache/logging/log4j/core/layout/PatternLayout$Builder
instanceKlass org/apache/logging/log4j/core/layout/AbstractStringLayout$Serializer2
instanceKlass org/apache/logging/log4j/core/config/Loggers
instanceKlass org/apache/logging/log4j/core/config/LoggerConfig$RootLogger$Builder
instanceKlass java/lang/Short$ShortCache
instanceKlass java/lang/Character$CharacterCache
instanceKlass java/lang/Byte$ByteCache
instanceKlass org/apache/logging/log4j/core/config/plugins/PluginAttribute
instanceKlass org/apache/logging/log4j/core/config/plugins/PluginFactory
instanceKlass org/apache/logging/log4j/core/config/AwaitCompletionReliabilityStrategy
instanceKlass org/apache/logging/log4j/core/config/ReliabilityStrategyFactory
instanceKlass org/apache/logging/log4j/core/util/Assert
instanceKlass org/apache/logging/log4j/core/config/plugins/validation/ConstraintValidators
instanceKlass jdk/internal/reflect/ClassDefiner$1
instanceKlass jdk/internal/reflect/ClassDefiner
instanceKlass jdk/internal/reflect/MethodAccessorGenerator$1
instanceKlass jdk/internal/reflect/Label$PatchInfo
instanceKlass jdk/internal/reflect/Label
instanceKlass jdk/internal/reflect/UTF8
instanceKlass jdk/internal/reflect/ClassFileAssembler
instanceKlass jdk/internal/reflect/ByteVectorImpl
instanceKlass jdk/internal/reflect/ByteVector
instanceKlass jdk/internal/reflect/ByteVectorFactory
instanceKlass jdk/internal/reflect/AccessorGenerator
instanceKlass jdk/internal/reflect/ClassFileConstants
instanceKlass org/apache/logging/log4j/core/config/plugins/PluginConfiguration
instanceKlass org/apache/logging/log4j/core/config/plugins/PluginElement
instanceKlass org/apache/logging/log4j/core/config/plugins/validation/validators/RequiredValidator
instanceKlass org/apache/logging/log4j/core/config/plugins/validation/ConstraintValidator
instanceKlass org/apache/logging/log4j/core/config/plugins/validation/Constraint
instanceKlass org/apache/logging/log4j/core/config/plugins/validation/constraints/Required
instanceKlass jdk/internal/reflect/UnsafeFieldAccessorFactory
instanceKlass org/apache/logging/log4j/util/StringBuilders
instanceKlass org/apache/logging/log4j/layout/template/json/util/RecyclerFactory
instanceKlass org/apache/logging/log4j/core/appender/rolling/action/Duration
instanceKlass org/apache/logging/log4j/core/util/CronExpression
instanceKlass java/lang/reflect/WildcardType
instanceKlass sun/reflect/generics/tree/Wildcard
instanceKlass sun/reflect/generics/tree/BottomSignature
instanceKlass sun/reflect/generics/tree/CharSignature
instanceKlass sun/reflect/generics/tree/ArrayTypeSignature
instanceKlass sun/reflect/generics/tree/ByteSignature
instanceKlass sun/reflect/generics/reflectiveObjects/LazyReflectiveObjectGenerator
instanceKlass sun/reflect/generics/reflectiveObjects/ParameterizedTypeImpl
instanceKlass java/lang/reflect/ParameterizedType
instanceKlass sun/reflect/generics/tree/ClassSignature
instanceKlass sun/reflect/generics/tree/Signature
instanceKlass sun/reflect/generics/tree/FormalTypeParameter
instanceKlass sun/reflect/generics/repository/AbstractRepository
instanceKlass org/apache/logging/log4j/core/config/plugins/convert/TypeConverterRegistry
instanceKlass org/apache/logging/log4j/core/config/plugins/convert/TypeConverters
instanceKlass org/apache/logging/log4j/core/config/plugins/visitors/AbstractPluginVisitor
instanceKlass org/apache/logging/log4j/core/config/plugins/visitors/PluginVisitor
instanceKlass org/apache/logging/log4j/core/config/plugins/visitors/PluginVisitors
instanceKlass org/apache/logging/log4j/core/config/plugins/PluginVisitorStrategy
instanceKlass org/apache/logging/log4j/core/config/plugins/PluginBuilderAttribute
instanceKlass org/apache/logging/log4j/core/util/TypeUtil
instanceKlass java/lang/Deprecated
instanceKlass org/apache/logging/log4j/core/config/plugins/PluginBuilderFactory
instanceKlass org/apache/logging/log4j/core/config/LoggerConfig$LevelAndRefs
instanceKlass org/apache/logging/log4j/core/config/LoggerConfig$Builder
instanceKlass org/apache/logging/log4j/core/config/plugins/util/PluginBuilder
instanceKlass org/apache/logging/log4j/core/config/plugins/PluginAliases
instanceKlass org/apache/logging/log4j/core/config/Scheduled
instanceKlass org/apache/logging/log4j/core/config/status/StatusConfiguration
instanceKlass org/apache/logging/log4j/core/config/builder/impl/DefaultComponentBuilder
instanceKlass org/apache/logging/log4j/core/util/Integers
instanceKlass org/apache/logging/log4j/core/config/builder/api/Component
instanceKlass javax/xml/transform/Source
instanceKlass javax/xml/transform/Result
instanceKlass org/apache/logging/log4j/core/config/builder/api/AppenderRefComponentBuilder
instanceKlass org/apache/logging/log4j/core/config/builder/api/ScriptFileComponentBuilder
instanceKlass org/apache/logging/log4j/core/config/builder/api/CustomLevelComponentBuilder
instanceKlass org/apache/logging/log4j/core/config/builder/api/LayoutComponentBuilder
instanceKlass org/apache/logging/log4j/core/config/builder/api/AppenderComponentBuilder
instanceKlass org/apache/logging/log4j/core/config/builder/api/PropertyComponentBuilder
instanceKlass org/apache/logging/log4j/core/config/builder/api/RootLoggerComponentBuilder
instanceKlass org/apache/logging/log4j/core/config/builder/api/KeyValuePairComponentBuilder
instanceKlass org/apache/logging/log4j/core/config/builder/api/ScriptComponentBuilder
instanceKlass org/apache/logging/log4j/core/config/builder/api/LoggerComponentBuilder
instanceKlass org/apache/logging/log4j/core/config/builder/api/FilterComponentBuilder
instanceKlass org/apache/logging/log4j/core/config/builder/impl/DefaultConfigurationBuilder
instanceKlass org/apache/logging/log4j/core/config/builder/api/LoggableComponentBuilder
instanceKlass org/apache/logging/log4j/core/config/builder/api/FilterableComponentBuilder
instanceKlass org/apache/logging/log4j/core/config/builder/api/ComponentBuilder
instanceKlass org/apache/logging/log4j/core/util/Source
instanceKlass org/apache/logging/log4j/core/net/UrlConnectionFactory
instanceKlass org/apache/logging/log4j/core/util/FileUtils
instanceKlass org/apache/logging/log4j/core/impl/ContextAnchor
instanceKlass java/util/logging/LogManager$CloseOnReset
instanceKlass java/util/logging/StreamHandler$1
instanceKlass java/util/logging/Handler$1
instanceKlass java/util/logging/ErrorManager
instanceKlass jdk/internal/logger/SimpleConsoleLogger$Formatting
instanceKlass sun/util/logging/PlatformLogger
instanceKlass sun/util/logging/PlatformLogger$ConfigurableBridge$LoggerConfiguration
instanceKlass java/util/logging/Formatter
instanceKlass java/util/logging/LogManager$4
instanceKlass jdk/internal/logger/BootstrapLogger$BootstrapExecutors
instanceKlass jdk/internal/logger/BootstrapLogger$RedirectedLoggers
instanceKlass jdk/internal/logger/BootstrapLogger$DetectBackend$1
instanceKlass jdk/internal/logger/BootstrapLogger$DetectBackend
instanceKlass jdk/internal/logger/BootstrapLogger
instanceKlass sun/util/logging/PlatformLogger$ConfigurableBridge
instanceKlass sun/util/logging/PlatformLogger$Bridge
instanceKlass java/lang/System$Logger
instanceKlass java/util/stream/Streams
instanceKlass java/util/stream/Stream$Builder
instanceKlass java/util/stream/Streams$AbstractStreamBuilderImpl
instanceKlass java/util/ArrayList$ArrayListSpliterator
instanceKlass java/util/Hashtable$Enumerator
instanceKlass java/util/Collections$3
instanceKlass java/util/logging/LogManager$LoggerContext$1
instanceKlass java/util/logging/LogManager$VisitedLoggers
instanceKlass java/util/logging/Logger$ConfigurationData
instanceKlass java/util/logging/Logger$LoggerBundle
instanceKlass java/util/logging/LogManager$2
instanceKlass java/lang/System$LoggerFinder
instanceKlass java/util/logging/LogManager$LoggingProviderAccess
instanceKlass sun/util/logging/internal/LoggingProviderImpl$LogManagerAccess
instanceKlass java/lang/Shutdown$Lock
instanceKlass java/lang/Shutdown
instanceKlass java/lang/ApplicationShutdownHooks$1
instanceKlass java/lang/ApplicationShutdownHooks
instanceKlass java/util/Collections$SynchronizedMap
instanceKlass java/util/logging/LogManager$LogNode
instanceKlass java/util/logging/LogManager$LoggerContext
instanceKlass java/util/logging/LogManager$1
instanceKlass java/util/logging/LogRecord
instanceKlass java/util/logging/Logger
instanceKlass java/util/logging/Level
instanceKlass java/util/logging/Handler
instanceKlass org/apache/spark/util/SparkClassUtils$
instanceKlass org/apache/spark/internal/Logging$
instanceKlass org/apache/spark/internal/config/Kryo$
instanceKlass scala/collection/immutable/RedBlackTree$Tree
instanceKlass scala/collection/immutable/RedBlackTree$
instanceKlass scala/collection/immutable/TreeSet$
instanceKlass scala/collection/EvidenceIterableFactory$Delegate
instanceKlass scala/math/Ordering$String$
instanceKlass scala/math/Ordering$StringOrdering
instanceKlass org/apache/spark/internal/config/History$
instanceKlass scala/runtime/AbstractFunction3
instanceKlass scala/Function3
instanceKlass org/apache/spark/SparkConf$AlternateConfig
instanceKlass org/apache/spark/SparkConf$DeprecatedConfig
instanceKlass org/apache/spark/SparkConf$
instanceKlass scala/util/hashing/MurmurHash3$ArrayHashing
instanceKlass scala/util/hashing/Hashing
instanceKlass scala/collection/mutable/HashSet$Node
instanceKlass scala/collection/mutable/GrowableBuilder
instanceKlass scala/collection/mutable/HashSet$
instanceKlass scala/collection/convert/AsScalaExtensions$SetHasAsScala
instanceKlass org/apache/spark/internal/config/ConfigProvider
instanceKlass scala/runtime/java8/JFunction0$mcJ$sp
instanceKlass scala/util/Try$
instanceKlass java/lang/invoke/MethodHandle$1
instanceKlass org/apache/ivy/core/module/descriptor/ExcludeRule
instanceKlass org/apache/ivy/plugins/matcher/PatternMatcher
instanceKlass org/apache/ivy/core/module/descriptor/DependencyDescriptor
instanceKlass org/apache/ivy/core/module/descriptor/InheritableItem
instanceKlass org/apache/ivy/core/module/descriptor/ModuleDescriptor
instanceKlass org/apache/ivy/core/module/descriptor/DependencyDescriptorMediator
instanceKlass org/apache/ivy/plugins/latest/ArtifactInfo
instanceKlass org/apache/ivy/util/extendable/ExtendableItem
instanceKlass org/apache/ivy/core/LogOptions
instanceKlass org/apache/ivy/plugins/repository/Repository
instanceKlass org/apache/ivy/plugins/resolver/DependencyResolver
instanceKlass org/apache/spark/util/MavenUtils$
instanceKlass scala/collection/mutable/SortedSet
instanceKlass scala/collection/mutable/SortedSetOps
instanceKlass scala/Enumeration$ValueSet$$anon$1
instanceKlass scala/math/Ordering$CachedReverse
instanceKlass scala/collection/BitSet
instanceKlass scala/collection/BitSetOps
instanceKlass scala/collection/immutable/StrictOptimizedSortedSetOps
instanceKlass scala/collection/StrictOptimizedSortedSetOps
instanceKlass scala/collection/immutable/BitSet$
instanceKlass scala/collection/SortedIterableFactory
instanceKlass scala/collection/immutable/SortedSet
instanceKlass scala/collection/immutable/SortedSetOps
instanceKlass scala/collection/SortedSet
instanceKlass scala/collection/SortedSetFactoryDefaults
instanceKlass scala/collection/SortedSetOps
instanceKlass scala/collection/SortedOps
instanceKlass scala/Enumeration$ValueSet$
instanceKlass scala/collection/SpecificIterableFactory
instanceKlass scala/Enumeration$ValueOrdering$
instanceKlass org/apache/spark/internal/config/Network$
instanceKlass org/apache/spark/io/ZStdCompressionCodec
instanceKlass org/apache/spark/io/SnappyCompressionCodec
instanceKlass org/apache/spark/io/LZFCompressionCodec
instanceKlass org/apache/spark/io/LZ4CompressionCodec
instanceKlass org/apache/spark/io/CompressionCodec
instanceKlass scala/Predef$ArrowAssoc$
instanceKlass org/apache/spark/io/CompressionCodec$
instanceKlass org/apache/spark/shuffle/sort/io/LocalDiskShuffleDataIO
instanceKlass org/apache/spark/shuffle/api/ShuffleDataIO
instanceKlass scala/collection/immutable/HashSetBuilder
instanceKlass org/apache/spark/scheduler/SchedulerBackend
instanceKlass org/apache/spark/SparkContext$
instanceKlass scala/collection/immutable/SetBuilderImpl
instanceKlass scala/collection/immutable/StrictOptimizedSetOps
instanceKlass scala/collection/StrictOptimizedSetOps
instanceKlass java/time/Duration
instanceKlass java/time/temporal/TemporalAmount
instanceKlass java/time/temporal/TemporalUnit
instanceKlass java/util/concurrent/TimeUnit$1
instanceKlass org/apache/spark/storage/TopologyMapper
instanceKlass org/apache/spark/storage/RandomBlockReplicationPolicy
instanceKlass org/apache/spark/storage/BlockReplicationPolicy
instanceKlass scala/runtime/java8/JFunction1$mcZI$sp
instanceKlass scala/runtime/java8/JFunction1$mcZJ$sp
instanceKlass scala/collection/mutable/ArrayBuffer$
instanceKlass org/apache/spark/metrics/GarbageCollectionMetrics$
instanceKlass org/apache/spark/metrics/ExecutorMetricType
instanceKlass org/apache/spark/scheduler/EventLoggingListener$
instanceKlass jdk/internal/math/FloatingDecimal$ASCIIToBinaryBuffer
instanceKlass jdk/internal/math/FDBigInteger
instanceKlass jdk/internal/math/FloatingDecimal$PreparedASCIIToBinaryBuffer
instanceKlass jdk/internal/math/FloatingDecimal$ASCIIToBinaryConverter
instanceKlass jdk/internal/math/FloatingDecimal$BinaryToASCIIBuffer
instanceKlass jdk/internal/math/FloatingDecimal$ExceptionalBinaryToASCIIBuffer
instanceKlass jdk/internal/math/FloatingDecimal$BinaryToASCIIConverter
instanceKlass jdk/internal/math/FloatingDecimal
instanceKlass scala/runtime/java8/JFunction1$mcZD$sp
instanceKlass scala/collection/mutable/ArrayBuilder$
instanceKlass scala/runtime/ScalaRunTime$
instanceKlass scala/reflect/ClassTag$GenericClassTag
instanceKlass scala/runtime/ClassValueCompat$
instanceKlass scala/runtime/ClassValueCompat
instanceKlass scala/runtime/ClassValueCompat$ClassValueInterface
instanceKlass scala/reflect/ClassTag$
instanceKlass scala/collection/DoubleStepper
instanceKlass scala/collection/Stepper$mcD$sp
instanceKlass scala/collection/LongStepper
instanceKlass scala/collection/Stepper$mcJ$sp
instanceKlass scala/collection/convert/impl/IndexedStepperBase
instanceKlass scala/collection/Stepper$EfficientSplit
instanceKlass scala/collection/ArrayOps$
instanceKlass java/util/concurrent/atomic/AtomicBoolean
instanceKlass org/apache/spark/util/SparkStringUtils$
instanceKlass org/apache/spark/internal/config/ConfigHelpers$
instanceKlass org/apache/spark/internal/config/ConfigEntry$
instanceKlass scala/runtime/AbstractFunction1
instanceKlass org/apache/spark/internal/config/TypedConfigBuilder
instanceKlass org/apache/spark/internal/config/ConfigBuilder
instanceKlass org/apache/spark/internal/config/package$
instanceKlass scala/collection/MapOps$GenKeySet
instanceKlass scala/$less$colon$less$
instanceKlass java/lang/invoke/LambdaFormEditor$1
instanceKlass java/lang/invoke/MethodHandles$1
instanceKlass java/lang/Long$LongCache
instanceKlass scala/math/Ordering$$anon$4
instanceKlass java/lang/management/ThreadInfo
instanceKlass scala/util/matching/UnanchoredRegex
instanceKlass scala/util/matching/Regex
instanceKlass scala/collection/IntStepper
instanceKlass scala/collection/Stepper$mcI$sp
instanceKlass scala/collection/StringOps$
instanceKlass org/sparkproject/guava/collect/MapMakerInternalMap$StrongValueEntry
instanceKlass org/sparkproject/guava/collect/MapMakerInternalMap$WeakKeyDummyValueEntry$Helper
instanceKlass org/sparkproject/guava/base/MoreObjects
instanceKlass org/sparkproject/guava/collect/MapMakerInternalMap$InternalEntry
instanceKlass org/sparkproject/guava/collect/MapMakerInternalMap$1
instanceKlass org/sparkproject/guava/collect/MapMakerInternalMap$InternalEntryHelper
instanceKlass org/sparkproject/guava/collect/MapMakerInternalMap$WeakValueReference
instanceKlass org/sparkproject/guava/base/Predicate
instanceKlass org/sparkproject/guava/base/Equivalence
instanceKlass java/util/function/BiPredicate
instanceKlass org/sparkproject/guava/collect/Interners$InternerImpl
instanceKlass org/sparkproject/guava/base/Preconditions
instanceKlass org/sparkproject/guava/collect/MapMaker
instanceKlass org/sparkproject/guava/collect/Interner
instanceKlass org/sparkproject/guava/collect/Interners$InternerBuilder
instanceKlass org/sparkproject/guava/base/Function
instanceKlass org/sparkproject/guava/collect/Interners
instanceKlass scala/runtime/java8/JFunction0$mcI$sp
instanceKlass org/apache/spark/SparkEnv
instanceKlass java/io/Externalizable
instanceKlass org/apache/spark/serializer/Serializer
instanceKlass org/apache/spark/network/shuffle/BlockStoreClient
instanceKlass org/apache/spark/network/sasl/SecretKeyHolder
instanceKlass org/apache/spark/MapOutputTracker
instanceKlass org/apache/spark/SparkEnv$
instanceKlass scala/runtime/BoxedUnit
instanceKlass org/apache/spark/util/SparkExitCode$
instanceKlass org/apache/spark/util/SparkUncaughtExceptionHandler$
instanceKlass org/apache/spark/util/SparkUncaughtExceptionHandler
instanceKlass java/util/stream/MatchOps$BooleanTerminalSink
instanceKlass java/util/stream/MatchOps$MatchOp
instanceKlass java/util/stream/MatchOps
instanceKlass java/util/AbstractList$RandomAccessSpliterator
instanceKlass org/apache/logging/log4j/core/util/NameUtil
instanceKlass org/apache/logging/log4j/core/Logger$PrivateConfig
instanceKlass org/slf4j/spi/LoggingEventBuilder
instanceKlass org/apache/logging/slf4j/Log4jLogger
instanceKlass org/slf4j/spi/LocationAwareLogger
instanceKlass org/apache/logging/log4j/core/LoggerContext$1
instanceKlass org/apache/logging/log4j/core/util/ExecutorServices
instanceKlass org/apache/logging/log4j/core/util/SystemClock
instanceKlass org/apache/logging/log4j/core/time/PreciseClock
instanceKlass org/apache/logging/log4j/core/util/Clock
instanceKlass org/apache/logging/log4j/core/util/ClockFactory
instanceKlass org/apache/logging/log4j/core/time/Instant
instanceKlass org/apache/logging/log4j/core/impl/Log4jLogEvent
instanceKlass org/apache/logging/log4j/core/jmx/internal/JmxUtil
instanceKlass java/util/EventObject
instanceKlass java/util/WeakHashMap$WeakHashMapSpliterator
instanceKlass org/apache/logging/log4j/core/config/Reconfigurable
instanceKlass java/util/Formattable
instanceKlass java/util/Formatter$FixedString
instanceKlass java/util/Formatter$Flags
instanceKlass java/util/Formatter$FormatSpecifier
instanceKlass java/util/Formatter$FormatString
instanceKlass java/util/Formatter$Conversion
instanceKlass java/util/Formatter
instanceKlass org/apache/logging/log4j/core/Version
instanceKlass java/net/InetAddress$CachedLocalHost
instanceKlass java/util/concurrent/atomic/Striped64$1
instanceKlass jdk/internal/util/random/RandomSupport
instanceKlass java/net/InetAddress$CachedAddresses
instanceKlass sun/net/InetAddressCachePolicy$2
instanceKlass sun/net/InetAddressCachePolicy$1
instanceKlass sun/net/InetAddressCachePolicy
instanceKlass java/net/Inet6Address$Inet6AddressHolder
instanceKlass java/net/InetAddress$NameServiceAddresses
instanceKlass java/net/InetAddress$Addresses
instanceKlass java/util/concurrent/ConcurrentSkipListMap$Iter
instanceKlass java/net/InetAddress$PlatformNameService
instanceKlass java/net/InetAddress$NameService
instanceKlass java/net/Inet6AddressImpl
instanceKlass java/net/InetAddressImpl
instanceKlass java/net/InetAddressImplFactory
instanceKlass java/util/concurrent/ConcurrentSkipListMap$Node
instanceKlass java/util/concurrent/ConcurrentSkipListMap$Index
instanceKlass java/util/concurrent/ConcurrentNavigableMap
instanceKlass java/net/InetAddress$InetAddressHolder
instanceKlass java/net/InetAddress$1
instanceKlass jdk/internal/access/JavaNetInetAddressAccess
instanceKlass java/net/InetAddress
instanceKlass org/apache/logging/log4j/core/util/NetUtils
instanceKlass org/apache/logging/log4j/core/util/BasicAuthorizationProvider
instanceKlass com/fasterxml/jackson/core/FormatFeature
instanceKlass com/fasterxml/jackson/core/io/CharTypes
instanceKlass com/fasterxml/jackson/core/io/JsonStringEncoder
instanceKlass com/fasterxml/jackson/core/io/SerializedString
instanceKlass com/fasterxml/jackson/dataformat/yaml/util/StringQuotingChecker
instanceKlass com/fasterxml/jackson/core/async/ByteBufferFeeder
instanceKlass com/fasterxml/jackson/core/async/ByteArrayFeeder
instanceKlass com/fasterxml/jackson/core/async/NonBlockingInputFeeder
instanceKlass com/fasterxml/jackson/core/TSFBuilder
instanceKlass com/fasterxml/jackson/core/SerializableString
instanceKlass com/fasterxml/jackson/core/util/JacksonFeatureSet
instanceKlass com/fasterxml/jackson/core/util/JacksonFeature
instanceKlass com/fasterxml/jackson/databind/cfg/DefaultCacheProvider
instanceKlass com/fasterxml/jackson/databind/cfg/CacheProvider
instanceKlass com/fasterxml/jackson/databind/introspect/AccessorNamingStrategy
instanceKlass com/fasterxml/jackson/core/Base64Variant
instanceKlass com/fasterxml/jackson/core/Base64Variants
instanceKlass java/util/Date
instanceKlass java/text/DigitList
instanceKlass java/text/FieldPosition
instanceKlass java/lang/StringUTF16$CharsSpliterator
instanceKlass java/util/stream/Sink$ChainedInt
instanceKlass java/util/OptionalInt
instanceKlass java/util/stream/Sink$OfInt
instanceKlass java/util/function/IntConsumer
instanceKlass java/util/function/IntPredicate
instanceKlass java/util/stream/IntStream
instanceKlass java/lang/StringLatin1$CharsSpliterator
instanceKlass java/text/DecimalFormatSymbols
instanceKlass java/text/DateFormatSymbols
instanceKlass sun/util/calendar/CalendarUtils
instanceKlass sun/util/calendar/CalendarDate
instanceKlass sun/util/resources/Bundles$CacheKeyReference
instanceKlass java/util/ResourceBundle$ResourceBundleProviderHelper
instanceKlass sun/util/resources/Bundles$CacheKey
instanceKlass java/util/ResourceBundle$1
instanceKlass jdk/internal/access/JavaUtilResourceBundleAccess
instanceKlass sun/util/resources/Bundles
instanceKlass sun/util/resources/LocaleData$LocaleDataStrategy
instanceKlass sun/util/resources/Bundles$Strategy
instanceKlass sun/util/resources/LocaleData$1
instanceKlass sun/util/resources/LocaleData
instanceKlass sun/util/locale/provider/LocaleResources
instanceKlass java/util/ResourceBundle
instanceKlass java/util/ResourceBundle$Control
instanceKlass sun/util/locale/provider/CalendarDataUtility$CalendarWeekParameterGetter
instanceKlass sun/util/locale/provider/LocaleServiceProviderPool$LocalizedObjectGetter
instanceKlass sun/util/locale/provider/LocaleServiceProviderPool
instanceKlass java/util/Locale$Builder
instanceKlass sun/util/locale/provider/CalendarDataUtility
instanceKlass sun/util/calendar/CalendarSystem$GregorianHolder
instanceKlass sun/util/calendar/CalendarSystem
instanceKlass java/util/Calendar$Builder
instanceKlass sun/util/locale/provider/AvailableLanguageTags
instanceKlass sun/util/resources/cldr/provider/CLDRLocaleDataMetaInfo
instanceKlass jdk/internal/module/ModulePatcher$PatchedModuleReader
instanceKlass sun/util/locale/InternalLocaleBuilder$CaseInsensitiveChar
instanceKlass sun/util/locale/InternalLocaleBuilder
instanceKlass sun/util/locale/StringTokenIterator
instanceKlass sun/util/locale/ParseStatus
instanceKlass sun/util/locale/LanguageTag
instanceKlass sun/util/cldr/CLDRBaseLocaleDataMetaInfo
instanceKlass sun/util/locale/provider/LocaleDataMetaInfo
instanceKlass sun/util/locale/provider/ResourceBundleBasedAdapter
instanceKlass sun/util/locale/provider/LocaleProviderAdapter$1
instanceKlass sun/util/locale/provider/LocaleProviderAdapter
instanceKlass java/util/spi/LocaleServiceProvider
instanceKlass java/text/AttributedCharacterIterator$Attribute
instanceKlass java/util/Calendar
instanceKlass com/fasterxml/jackson/databind/type/TypeBindings
instanceKlass com/fasterxml/jackson/databind/type/TypeParser
instanceKlass com/fasterxml/jackson/databind/type/TypeFactory
instanceKlass sun/util/calendar/ZoneInfoFile$ZoneOffsetTransitionRule
instanceKlass sun/util/calendar/ZoneInfoFile$1
instanceKlass sun/util/calendar/ZoneInfoFile
instanceKlass java/util/TimeZone
instanceKlass com/fasterxml/jackson/databind/cfg/BaseSettings
instanceKlass java/util/concurrent/atomic/AtomicReferenceArray
instanceKlass java/util/concurrent/atomic/AtomicLongArray
instanceKlass com/fasterxml/jackson/databind/util/internal/Linked
instanceKlass com/fasterxml/jackson/databind/util/internal/PrivateMaxEntriesMap$Builder
instanceKlass com/fasterxml/jackson/databind/util/LRUMap
instanceKlass com/fasterxml/jackson/databind/util/LookupCache
instanceKlass java/beans/ConstructorProperties
instanceKlass java/beans/Transient
instanceKlass java/lang/reflect/AnnotatedType
instanceKlass java/lang/reflect/TypeVariable
instanceKlass com/fasterxml/jackson/databind/util/ClassUtil$Ctor
instanceKlass com/fasterxml/jackson/databind/util/ClassUtil
instanceKlass com/fasterxml/jackson/databind/ext/Java7Support
instanceKlass com/fasterxml/jackson/annotation/JsonMerge
instanceKlass com/fasterxml/jackson/annotation/JsonDeserializeAs
instanceKlass com/fasterxml/jackson/databind/annotation/JsonDeserialize
instanceKlass com/fasterxml/jackson/annotation/JsonManagedReference
instanceKlass com/fasterxml/jackson/annotation/JsonBackReference
instanceKlass com/fasterxml/jackson/annotation/JsonUnwrapped
instanceKlass com/fasterxml/jackson/annotation/JsonRawValue
instanceKlass com/fasterxml/jackson/annotation/JsonTypeInfo
instanceKlass com/fasterxml/jackson/annotation/JsonFormat
instanceKlass com/fasterxml/jackson/annotation/JsonView
instanceKlass com/fasterxml/jackson/annotation/JsonSerializeAs
instanceKlass com/fasterxml/jackson/databind/annotation/JsonSerialize
instanceKlass com/fasterxml/jackson/databind/introspect/ConcreteBeanPropertyBase
instanceKlass com/fasterxml/jackson/databind/BeanProperty
instanceKlass com/fasterxml/jackson/databind/introspect/BeanPropertyDefinition
instanceKlass com/fasterxml/jackson/databind/util/Named
instanceKlass com/fasterxml/jackson/databind/introspect/TypeResolutionContext
instanceKlass com/fasterxml/jackson/databind/introspect/Annotated
instanceKlass com/fasterxml/jackson/core/type/ResolvedType
instanceKlass com/fasterxml/jackson/core/JsonGenerator
instanceKlass com/fasterxml/jackson/core/JsonParser
instanceKlass com/fasterxml/jackson/databind/JsonSerializable$Base
instanceKlass com/fasterxml/jackson/databind/JsonSerializable
instanceKlass com/fasterxml/jackson/core/TreeNode
instanceKlass com/fasterxml/jackson/databind/Module$SetupContext
instanceKlass com/fasterxml/jackson/databind/jsontype/TypeResolverBuilder
instanceKlass com/fasterxml/jackson/databind/introspect/VisibilityChecker
instanceKlass com/fasterxml/jackson/databind/introspect/ClassIntrospector
instanceKlass com/fasterxml/jackson/core/util/BufferRecycler$Gettable
instanceKlass com/fasterxml/jackson/databind/jsontype/PolymorphicTypeValidator
instanceKlass com/fasterxml/jackson/databind/introspect/AccessorNamingStrategy$Provider
instanceKlass com/fasterxml/jackson/databind/AnnotationIntrospector
instanceKlass com/fasterxml/jackson/databind/ser/SerializerFactory
instanceKlass com/fasterxml/jackson/databind/deser/DeserializerFactory
instanceKlass com/fasterxml/jackson/databind/DatabindContext
instanceKlass com/fasterxml/jackson/databind/jsontype/SubtypeResolver
instanceKlass com/fasterxml/jackson/core/TokenStreamFactory
instanceKlass com/fasterxml/jackson/core/TreeCodec
instanceKlass com/fasterxml/jackson/core/Versioned
instanceKlass java/lang/Class$AnnotationData
instanceKlass java/lang/annotation/Target
instanceKlass java/lang/reflect/Proxy$ProxyBuilder$1
instanceKlass jdk/internal/org/objectweb/asm/Edge
instanceKlass java/lang/reflect/ProxyGenerator$PrimitiveTypeInfo
instanceKlass java/util/StringJoiner
instanceKlass java/lang/reflect/ProxyGenerator$ProxyMethod
instanceKlass jdk/internal/module/Checks
instanceKlass java/lang/module/ModuleDescriptor$Builder
instanceKlass java/lang/PublicMethods
instanceKlass java/lang/reflect/Proxy$ProxyBuilder
instanceKlass java/lang/reflect/Proxy
instanceKlass sun/reflect/annotation/AnnotationInvocationHandler
instanceKlass java/lang/reflect/InvocationHandler
instanceKlass sun/reflect/annotation/AnnotationParser$1
instanceKlass java/lang/annotation/Documented
instanceKlass java/lang/annotation/Inherited
instanceKlass java/lang/annotation/Retention
instanceKlass sun/reflect/annotation/ExceptionProxy
instanceKlass sun/reflect/annotation/AnnotationType$1
instanceKlass sun/reflect/annotation/AnnotationType
instanceKlass java/lang/reflect/GenericArrayType
instanceKlass org/apache/logging/log4j/core/config/plugins/Plugin
instanceKlass sun/reflect/generics/visitor/Reifier
instanceKlass sun/reflect/generics/visitor/TypeTreeVisitor
instanceKlass sun/reflect/generics/factory/CoreReflectionFactory
instanceKlass sun/reflect/generics/factory/GenericsFactory
instanceKlass sun/reflect/generics/scope/AbstractScope
instanceKlass sun/reflect/generics/scope/Scope
instanceKlass sun/reflect/generics/tree/ClassTypeSignature
instanceKlass sun/reflect/generics/tree/SimpleClassTypeSignature
instanceKlass sun/reflect/generics/tree/FieldTypeSignature
instanceKlass sun/reflect/generics/tree/BaseType
instanceKlass sun/reflect/generics/tree/TypeSignature
instanceKlass sun/reflect/generics/tree/ReturnType
instanceKlass sun/reflect/generics/tree/TypeArgument
instanceKlass sun/reflect/generics/tree/TypeTree
instanceKlass sun/reflect/generics/tree/Tree
instanceKlass sun/reflect/generics/parser/SignatureParser
instanceKlass org/apache/logging/log4j/core/config/Order
instanceKlass org/apache/logging/log4j/core/config/OrderComparator
instanceKlass org/apache/logging/log4j/core/util/AuthorizationProvider
instanceKlass org/apache/logging/log4j/core/config/builder/api/ConfigurationBuilder
instanceKlass org/apache/logging/log4j/core/appender/DefaultErrorHandler
instanceKlass org/apache/logging/log4j/core/appender/ConsoleAppender$FactoryData
instanceKlass org/apache/logging/log4j/core/appender/ConsoleAppender$ConsoleManagerFactory
instanceKlass org/apache/logging/log4j/core/layout/ByteBufferDestination
instanceKlass org/apache/logging/log4j/core/ErrorHandler
instanceKlass org/apache/logging/log4j/core/config/DefaultLayout
instanceKlass org/apache/logging/log4j/core/util/internal/InternalLoggerRegistry
instanceKlass org/apache/logging/log4j/core/config/Node
instanceKlass org/apache/logging/log4j/core/util/DummyNanoClock
instanceKlass jdk/internal/misc/ScopedMemoryAccess$Scope
instanceKlass org/apache/logging/log4j/core/util/WatchEventService
instanceKlass java/util/UUID
instanceKlass org/apache/logging/log4j/core/util/WatchManager$LocalUUID
instanceKlass java/util/concurrent/Future
instanceKlass java/util/concurrent/ScheduledExecutorService
instanceKlass java/util/concurrent/ExecutorService
instanceKlass java/util/concurrent/Executor
instanceKlass org/apache/logging/log4j/core/config/DefaultReliabilityStrategy
instanceKlass org/apache/logging/log4j/core/config/LocationAwareReliabilityStrategy
instanceKlass sun/reflect/misc/ReflectUtil
instanceKlass java/util/concurrent/atomic/AtomicReferenceFieldUpdater$AtomicReferenceFieldUpdaterImpl$1
instanceKlass java/util/concurrent/atomic/AtomicReferenceFieldUpdater
instanceKlass org/apache/logging/log4j/core/config/AppenderControlArraySet
instanceKlass org/apache/logging/log4j/core/LogEvent
instanceKlass org/apache/logging/log4j/core/impl/DefaultLogEventFactory
instanceKlass org/apache/logging/log4j/core/impl/LogEventFactory
instanceKlass org/apache/logging/log4j/core/impl/LocationAwareLogEventFactory
instanceKlass org/apache/logging/log4j/core/config/ReliabilityStrategy
instanceKlass java/util/DualPivotQuicksort
instanceKlass org/apache/logging/log4j/core/lookup/StrMatcher
instanceKlass sun/management/Util
instanceKlass java/util/Collections$2
instanceKlass sun/management/RuntimeImpl
instanceKlass java/util/Collections$1
instanceKlass jdk/management/jfr/internal/FlightRecorderMXBeanProvider$SingleMBeanComponent
instanceKlass jdk/management/jfr/FlightRecorderMXBean
instanceKlass java/lang/management/DefaultPlatformMBeanProvider$11
instanceKlass java/lang/management/DefaultPlatformMBeanProvider$10
instanceKlass java/lang/management/DefaultPlatformMBeanProvider$9
instanceKlass java/util/logging/LogManager
instanceKlass sun/management/ManagementFactoryHelper$LoggingMXBeanAccess$1
instanceKlass sun/management/ManagementFactoryHelper$LoggingMXBeanAccess
instanceKlass java/lang/management/DefaultPlatformMBeanProvider$8
instanceKlass java/lang/management/DefaultPlatformMBeanProvider$7
instanceKlass java/lang/management/DefaultPlatformMBeanProvider$6
instanceKlass java/lang/management/DefaultPlatformMBeanProvider$5
instanceKlass java/lang/management/DefaultPlatformMBeanProvider$4
instanceKlass java/lang/management/DefaultPlatformMBeanProvider$3
instanceKlass java/lang/management/DefaultPlatformMBeanProvider$2
instanceKlass java/lang/management/DefaultPlatformMBeanProvider$1
instanceKlass com/sun/management/internal/PlatformMBeanProviderImpl$5
instanceKlass sun/management/VMManagementImpl
instanceKlass sun/management/VMManagement
instanceKlass sun/management/ManagementFactoryHelper
instanceKlass sun/management/NotificationEmitterSupport
instanceKlass javax/management/NotificationEmitter
instanceKlass javax/management/NotificationBroadcaster
instanceKlass com/sun/management/DiagnosticCommandMBean
instanceKlass javax/management/DynamicMBean
instanceKlass com/sun/management/internal/PlatformMBeanProviderImpl$4
instanceKlass com/sun/management/internal/PlatformMBeanProviderImpl$3
instanceKlass com/sun/management/internal/PlatformMBeanProviderImpl$2
instanceKlass com/sun/management/internal/PlatformMBeanProviderImpl$1
instanceKlass sun/management/spi/PlatformMBeanProvider$PlatformComponent
instanceKlass java/util/concurrent/Callable
instanceKlass sun/management/spi/PlatformMBeanProvider
instanceKlass java/security/Security$2
instanceKlass jdk/internal/access/JavaSecurityPropertiesAccess
instanceKlass java/util/concurrent/ConcurrentHashMap$MapEntry
instanceKlass java/io/FileInputStream$1
instanceKlass java/util/Properties$LineReader
instanceKlass java/security/Security$1
instanceKlass java/security/Security
instanceKlass sun/security/util/SecurityProperties
instanceKlass sun/security/util/FilePermCompat
instanceKlass java/io/FilePermission$1
instanceKlass jdk/internal/access/JavaIOFilePermissionAccess
instanceKlass java/lang/management/ManagementFactory$PlatformMBeanFinder$1
instanceKlass java/lang/management/ManagementFactory$PlatformMBeanFinder
instanceKlass java/lang/management/RuntimeMXBean
instanceKlass java/lang/management/PlatformManagedObject
instanceKlass java/lang/management/ManagementFactory
instanceKlass org/apache/logging/log4j/core/net/JndiManager$JndiManagerFactory
instanceKlass javax/naming/Context
instanceKlass org/apache/logging/log4j/core/appender/ManagerFactory
instanceKlass org/apache/logging/log4j/core/appender/AbstractManager
instanceKlass java/text/Format
instanceKlass org/apache/logging/log4j/core/impl/ThreadContextDataProvider
instanceKlass org/apache/logging/log4j/core/util/ContextDataProvider
instanceKlass java/util/concurrent/ConcurrentLinkedDeque$Node
instanceKlass org/apache/logging/log4j/core/impl/ThreadContextDataInjector
instanceKlass org/apache/logging/log4j/util/StringMap
instanceKlass org/apache/logging/log4j/core/impl/ThreadContextDataInjector$AbstractContextDataInjector
instanceKlass org/apache/logging/log4j/spi/ReadOnlyThreadContextMap
instanceKlass org/apache/logging/log4j/spi/DefaultThreadContextMap
instanceKlass org/apache/logging/log4j/util/ReadOnlyStringMap
instanceKlass org/apache/logging/log4j/spi/ThreadContextMapFactory
instanceKlass org/apache/logging/log4j/spi/DefaultThreadContextStack
instanceKlass org/apache/logging/log4j/spi/ThreadContextStack
instanceKlass org/apache/logging/log4j/ThreadContext$ContextStack
instanceKlass org/apache/logging/log4j/ThreadContext
instanceKlass org/apache/logging/log4j/core/ContextDataInjector
instanceKlass org/apache/logging/log4j/core/impl/ContextDataInjectorFactory
instanceKlass org/apache/logging/log4j/core/util/ReflectionUtil
instanceKlass java/util/concurrent/CopyOnWriteArrayList$COWIterator
instanceKlass java/lang/invoke/VarHandle$AccessDescriptor
instanceKlass org/apache/logging/log4j/util/Supplier
instanceKlass org/apache/logging/log4j/core/util/AbstractWatcher
instanceKlass org/apache/logging/log4j/core/config/plugins/convert/TypeConverters$UuidConverter
instanceKlass org/apache/logging/log4j/core/config/plugins/convert/TypeConverters$UrlConverter
instanceKlass org/apache/logging/log4j/core/config/plugins/convert/TypeConverters$UriConverter
instanceKlass org/apache/logging/log4j/core/config/plugins/convert/TypeConverters$StringConverter
instanceKlass org/apache/logging/log4j/core/config/plugins/convert/TypeConverters$ShortConverter
instanceKlass org/apache/logging/log4j/core/config/plugins/convert/TypeConverters$SecurityProviderConverter
instanceKlass org/apache/logging/log4j/layout/template/json/util/RecyclerFactoryConverter
instanceKlass org/apache/logging/log4j/core/config/plugins/convert/TypeConverters$PatternConverter
instanceKlass org/apache/logging/log4j/core/config/plugins/convert/TypeConverters$PathConverter
instanceKlass org/apache/logging/log4j/core/config/plugins/convert/TypeConverters$LongConverter
instanceKlass org/apache/logging/log4j/core/config/plugins/convert/TypeConverters$LevelConverter
instanceKlass org/apache/logging/log4j/core/config/plugins/convert/TypeConverters$IntegerConverter
instanceKlass org/apache/logging/log4j/core/config/plugins/convert/TypeConverters$InetAddressConverter
instanceKlass org/apache/logging/log4j/core/config/plugins/convert/TypeConverters$FloatConverter
instanceKlass org/apache/logging/log4j/core/config/plugins/convert/TypeConverters$FileConverter
instanceKlass org/apache/logging/log4j/core/config/plugins/convert/TypeConverters$DurationConverter
instanceKlass org/apache/logging/log4j/core/config/plugins/convert/TypeConverters$DoubleConverter
instanceKlass org/apache/logging/log4j/core/config/plugins/convert/TypeConverters$CronExpressionConverter
instanceKlass org/apache/logging/log4j/core/config/plugins/convert/TypeConverters$ClassConverter
instanceKlass org/apache/logging/log4j/core/config/plugins/convert/TypeConverters$CharsetConverter
instanceKlass org/apache/logging/log4j/core/config/plugins/convert/TypeConverters$CharArrayConverter
instanceKlass org/apache/logging/log4j/core/config/plugins/convert/TypeConverters$CharacterConverter
instanceKlass org/apache/logging/log4j/core/config/plugins/convert/TypeConverters$ByteArrayConverter
instanceKlass org/apache/logging/log4j/core/config/plugins/convert/TypeConverters$ByteConverter
instanceKlass org/apache/logging/log4j/core/config/plugins/convert/TypeConverters$BooleanConverter
instanceKlass org/apache/logging/log4j/core/config/plugins/convert/TypeConverters$BigIntegerConverter
instanceKlass org/apache/logging/log4j/core/config/plugins/convert/TypeConverters$BigDecimalConverter
instanceKlass org/apache/logging/log4j/core/config/plugins/convert/TypeConverter
instanceKlass org/apache/logging/log4j/core/lookup/UpperLookup
instanceKlass org/apache/logging/log4j/core/lookup/MapLookup
instanceKlass org/apache/logging/log4j/core/lookup/DateLookup
instanceKlass org/apache/logging/log4j/core/lookup/ContextMapLookup
instanceKlass org/apache/log4j/builders/appender/NullAppenderBuilder
instanceKlass org/apache/log4j/builders/filter/DenyAllFilterBuilder
instanceKlass org/apache/log4j/builders/filter/FilterBuilder
instanceKlass org/apache/log4j/builders/layout/SimpleLayoutBuilder
instanceKlass org/apache/log4j/builders/rolling/TriggeringPolicyBuilder
instanceKlass org/apache/log4j/builders/layout/LayoutBuilder
instanceKlass org/apache/log4j/builders/Parser
instanceKlass org/apache/log4j/builders/AbstractBuilder
instanceKlass org/apache/log4j/builders/appender/AppenderBuilder
instanceKlass org/apache/log4j/builders/Builder
instanceKlass org/apache/logging/log4j/layout/template/json/resolver/EventRootObjectKeyInterceptor
instanceKlass org/apache/logging/log4j/layout/template/json/resolver/EventAdditionalFieldInterceptor
instanceKlass org/apache/logging/log4j/layout/template/json/resolver/EventResolverInterceptor
instanceKlass org/apache/logging/log4j/layout/template/json/resolver/TemplateResolverInterceptor
instanceKlass org/apache/logging/log4j/layout/template/json/resolver/TimestampResolverFactory
instanceKlass org/apache/logging/log4j/layout/template/json/resolver/ThreadResolverFactory
instanceKlass org/apache/logging/log4j/layout/template/json/resolver/ThreadContextStackResolverFactory
instanceKlass org/apache/logging/log4j/layout/template/json/resolver/ThreadContextDataResolverFactory
instanceKlass org/apache/logging/log4j/layout/template/json/resolver/SourceResolverFactory
instanceKlass org/apache/logging/log4j/layout/template/json/resolver/PatternResolverFactory
instanceKlass org/apache/logging/log4j/layout/template/json/resolver/MessageResolverFactory
instanceKlass org/apache/logging/log4j/layout/template/json/resolver/MessageParameterResolverFactory
instanceKlass org/apache/logging/log4j/layout/template/json/resolver/MarkerResolverFactory
instanceKlass org/apache/logging/log4j/layout/template/json/resolver/MapResolverFactory
instanceKlass org/apache/logging/log4j/layout/template/json/resolver/MainMapResolverFactory
instanceKlass org/apache/logging/log4j/layout/template/json/resolver/LoggerResolverFactory
instanceKlass org/apache/logging/log4j/layout/template/json/resolver/LevelResolverFactory
instanceKlass org/apache/logging/log4j/layout/template/json/resolver/ExceptionRootCauseResolverFactory
instanceKlass org/apache/logging/log4j/layout/template/json/resolver/ExceptionResolverFactory
instanceKlass org/apache/logging/log4j/layout/template/json/resolver/EndOfBatchResolverFactory
instanceKlass org/apache/logging/log4j/layout/template/json/resolver/CounterResolverFactory
instanceKlass org/apache/logging/log4j/layout/template/json/resolver/CaseConverterResolverFactory
instanceKlass org/apache/logging/log4j/layout/template/json/resolver/EventResolverFactory
instanceKlass org/apache/logging/log4j/layout/template/json/resolver/TemplateResolverFactory
instanceKlass org/apache/logging/log4j/core/pattern/FileDatePatternConverter
instanceKlass org/apache/logging/log4j/core/config/arbiters/SystemPropertyArbiter
instanceKlass org/apache/logging/log4j/core/net/ssl/SslConfiguration
instanceKlass org/apache/logging/log4j/core/appender/rolling/action/PathSortByModificationTime
instanceKlass org/apache/logging/log4j/core/appender/rolling/action/PathSorter
instanceKlass org/apache/logging/log4j/core/net/SocketPerformancePreferences
instanceKlass org/apache/logging/log4j/core/net/SocketOptions
instanceKlass org/apache/logging/log4j/core/util/Builder
instanceKlass org/apache/logging/log4j/core/net/SocketAddress
instanceKlass org/apache/logging/log4j/core/config/arbiters/SelectArbiter
instanceKlass org/apache/logging/log4j/core/config/ScriptsPlugin
instanceKlass org/apache/logging/log4j/core/layout/ScriptPatternSelector
instanceKlass org/apache/logging/log4j/core/appender/rolling/action/ScriptCondition
instanceKlass org/apache/logging/log4j/core/config/arbiters/ScriptArbiter
instanceKlass org/apache/logging/log4j/core/script/AbstractScript
instanceKlass org/apache/logging/log4j/core/appender/routing/Routes
instanceKlass org/apache/logging/log4j/core/appender/routing/Route
instanceKlass org/apache/logging/log4j/core/pattern/RegexReplacement
instanceKlass org/apache/logging/log4j/core/appender/rewrite/PropertiesRewritePolicy
instanceKlass org/apache/logging/log4j/core/config/PropertiesPlugin
instanceKlass org/apache/logging/log4j/core/layout/PatternMatch
instanceKlass org/apache/logging/log4j/core/net/MulticastDnsAdvertiser
instanceKlass org/apache/logging/log4j/core/config/MonitorResources
instanceKlass org/apache/logging/log4j/core/config/MonitorResource
instanceKlass org/apache/logging/log4j/core/layout/MarkerPatternSelector
instanceKlass org/apache/logging/log4j/core/appender/rewrite/MapRewritePolicy
instanceKlass org/apache/logging/log4j/core/config/LoggersPlugin
instanceKlass org/apache/logging/log4j/core/appender/rewrite/LoggerNameLevelRewritePolicy
instanceKlass org/apache/logging/log4j/core/appender/rewrite/RewritePolicy
instanceKlass org/apache/logging/log4j/core/layout/LoggerFields
instanceKlass org/apache/logging/log4j/core/async/LinkedTransferQueueFactory
instanceKlass org/apache/logging/log4j/core/layout/LevelPatternSelector
instanceKlass org/apache/logging/log4j/core/layout/PatternSelector
instanceKlass org/apache/logging/log4j/core/util/KeyValuePair
instanceKlass org/apache/logging/log4j/core/net/ssl/StoreConfiguration
instanceKlass org/apache/logging/log4j/layout/template/json/JsonTemplateLayout
instanceKlass org/apache/logging/log4j/core/async/JCToolsBlockingQueueFactory
instanceKlass org/apache/logging/log4j/core/appender/rolling/action/IfNot
instanceKlass org/apache/logging/log4j/core/appender/rolling/action/IfLastModified
instanceKlass org/apache/logging/log4j/core/appender/rolling/action/IfFileName
instanceKlass org/apache/logging/log4j/core/appender/rolling/action/IfAny
instanceKlass org/apache/logging/log4j/core/appender/rolling/action/IfAll
instanceKlass org/apache/logging/log4j/core/appender/rolling/action/IfAccumulatedFileSize
instanceKlass org/apache/logging/log4j/core/appender/rolling/action/IfAccumulatedFileCount
instanceKlass org/apache/logging/log4j/core/appender/rolling/action/PathCondition
instanceKlass org/apache/logging/log4j/core/appender/routing/PurgePolicy
instanceKlass org/apache/logging/log4j/core/appender/FailoversPlugin
instanceKlass org/apache/logging/log4j/layout/template/json/JsonTemplateLayout$EventTemplateAdditionalField
instanceKlass org/apache/logging/log4j/core/config/arbiters/EnvironmentArbiter
instanceKlass org/apache/logging/log4j/core/async/DisruptorBlockingQueueFactory
instanceKlass org/apache/logging/log4j/core/appender/rolling/DirectFileRolloverStrategy
instanceKlass org/apache/logging/log4j/core/appender/rolling/action/AbstractAction
instanceKlass org/apache/logging/log4j/core/appender/rolling/action/Action
instanceKlass org/apache/logging/log4j/core/appender/rolling/AbstractRolloverStrategy
instanceKlass org/apache/logging/log4j/core/appender/rolling/RolloverStrategy
instanceKlass org/apache/logging/log4j/core/config/arbiters/DefaultArbiter
instanceKlass org/apache/logging/log4j/core/config/CustomLevels
instanceKlass org/apache/logging/log4j/core/config/CustomLevelConfig
instanceKlass org/apache/logging/log4j/core/layout/AbstractLayout
instanceKlass org/apache/logging/log4j/core/StringLayout
instanceKlass org/apache/logging/log4j/core/appender/rolling/TriggeringPolicy
instanceKlass org/apache/logging/log4j/core/appender/db/jdbc/ConnectionSource
instanceKlass org/apache/logging/log4j/core/appender/db/ColumnMapping
instanceKlass org/apache/logging/log4j/core/appender/db/jdbc/ColumnConfig
instanceKlass org/apache/logging/log4j/core/config/arbiters/ClassArbiter
instanceKlass org/apache/logging/log4j/core/config/arbiters/Arbiter
instanceKlass org/apache/logging/log4j/core/async/AsyncWaitStrategyFactoryConfig
instanceKlass org/apache/logging/log4j/core/async/ArrayBlockingQueueFactory
instanceKlass org/apache/logging/log4j/core/async/BlockingQueueFactory
instanceKlass org/apache/logging/log4j/core/appender/AppenderSet
instanceKlass org/apache/logging/log4j/core/config/AppendersPlugin
instanceKlass org/apache/logging/log4j/core/config/AppenderRef
instanceKlass org/apache/logging/log4j/core/pattern/AnsiConverter
instanceKlass org/apache/logging/log4j/core/pattern/ArrayPatternConverter
instanceKlass org/apache/logging/log4j/core/impl/LocationAware
instanceKlass org/apache/logging/log4j/core/pattern/AbstractPatternConverter
instanceKlass org/apache/logging/log4j/core/pattern/PatternConverter
instanceKlass org/apache/logging/log4j/core/config/plugins/util/PluginType
instanceKlass org/apache/logging/log4j/core/config/builder/api/ConfigurationBuilderFactory
instanceKlass org/apache/logging/log4j/core/config/plugins/processor/PluginEntry
instanceKlass org/apache/logging/log4j/core/config/plugins/processor/PluginCache
instanceKlass org/apache/logging/log4j/core/config/plugins/util/ResolverUtil$Test
instanceKlass org/apache/logging/log4j/core/config/plugins/util/PluginRegistry
instanceKlass org/apache/logging/log4j/core/config/plugins/util/PluginManager
instanceKlass org/apache/logging/log4j/core/lookup/PropertiesLookup
instanceKlass org/apache/logging/log4j/core/lookup/LookupResult
instanceKlass org/apache/logging/log4j/core/lookup/AbstractLookup
instanceKlass org/apache/logging/log4j/core/config/LoggerContextAware
instanceKlass org/apache/logging/log4j/core/config/DefaultAdvertiser
instanceKlass org/apache/logging/log4j/core/config/Property
instanceKlass org/apache/logging/log4j/core/config/ConfigurationSource
instanceKlass org/apache/logging/log4j/core/async/AsyncLoggerConfigDelegate
instanceKlass org/apache/logging/log4j/core/Appender
instanceKlass org/apache/logging/log4j/core/Layout
instanceKlass org/apache/logging/log4j/core/layout/Encoder
instanceKlass org/apache/logging/log4j/core/util/Watcher
instanceKlass org/apache/logging/log4j/core/util/NanoClock
instanceKlass org/apache/logging/log4j/core/lookup/StrLookup
instanceKlass org/apache/logging/log4j/core/net/Advertiser
instanceKlass org/apache/logging/log4j/core/lookup/StrSubstitutor
instanceKlass org/apache/logging/log4j/core/config/ConfigurationAware
instanceKlass java/util/stream/WhileOps$DropWhileSink
instanceKlass java/util/stream/WhileOps$DropWhileOp
instanceKlass java/util/stream/WhileOps
instanceKlass org/apache/logging/log4j/internal/LogManagerStatus
instanceKlass java/util/concurrent/atomic/AtomicReference
instanceKlass java/util/concurrent/Executors$DefaultThreadFactory
instanceKlass java/util/concurrent/Executors
instanceKlass org/apache/logging/log4j/core/util/Cancellable
instanceKlass org/apache/logging/log4j/core/util/DefaultShutdownCallbackRegistry
instanceKlass org/apache/logging/log4j/core/AbstractLifeCycle
instanceKlass org/apache/logging/log4j/core/LifeCycle2
instanceKlass org/apache/logging/log4j/spi/LoggerContextShutdownEnabled
instanceKlass org/apache/logging/log4j/core/config/ConfigurationListener
instanceKlass org/apache/logging/log4j/spi/Terminable
instanceKlass org/apache/logging/log4j/core/selector/ClassLoaderContextSelector
instanceKlass org/apache/logging/log4j/core/util/internal/SystemUtils
instanceKlass org/apache/logging/log4j/core/util/Loader
instanceKlass javax/servlet/Servlet
instanceKlass org/apache/logging/log4j/util/Constants
instanceKlass org/apache/logging/log4j/core/util/Constants
instanceKlass java/util/stream/ReduceOps$2ReducingSink
instanceKlass java/util/HashMap$HashMapSpliterator
instanceKlass java/util/TimSort
instanceKlass java/util/Arrays$LegacyMergeSort
instanceKlass java/util/stream/SortedOps
instanceKlass org/apache/logging/log4j/util/PropertySource$Comparator
instanceKlass java/util/regex/Pattern$1
instanceKlass org/apache/logging/log4j/util/PropertySource$Util
instanceKlass org/apache/logging/log4j/util/Cast
instanceKlass org/apache/logging/log4j/util/LazyUtil$1
instanceKlass org/apache/logging/log4j/util/LazyUtil
instanceKlass org/apache/logging/log4j/util/SystemPropertiesPropertySource
instanceKlass org/apache/logging/log4j/util/EnvironmentPropertySource
instanceKlass java/util/Collections$SynchronizedCollection
instanceKlass java/util/Properties$EntrySet
instanceKlass org/apache/logging/log4j/util/BiConsumer
instanceKlass org/apache/logging/log4j/util/PropertiesUtil$Environment
instanceKlass org/apache/logging/log4j/util/PropertiesPropertySource
instanceKlass org/apache/logging/log4j/util/PropertySource
instanceKlass org/apache/logging/log4j/util/PropertiesUtil
instanceKlass org/apache/logging/log4j/util/LoaderUtil$ThreadContextClassLoaderGetter
instanceKlass org/apache/logging/log4j/util/LazyBoolean
instanceKlass java/util/function/BooleanSupplier
instanceKlass org/apache/logging/log4j/util/LoaderUtil
instanceKlass org/apache/logging/log4j/util/LazyUtil$SafeLazy
instanceKlass org/apache/logging/log4j/util/Lazy
instanceKlass org/apache/logging/log4j/core/selector/ContextSelector
instanceKlass org/apache/logging/log4j/core/config/Configuration
instanceKlass org/apache/logging/log4j/core/filter/Filterable
instanceKlass org/apache/logging/log4j/spi/LoggerContext
instanceKlass org/apache/logging/log4j/core/impl/Log4jContextFactory
instanceKlass org/apache/logging/log4j/core/util/ShutdownCallbackRegistry
instanceKlass org/apache/logging/log4j/spi/ThreadContextMap
instanceKlass org/apache/logging/log4j/spi/LoggerContextFactory
instanceKlass java/util/stream/ForEachOps$ForEachOp
instanceKlass java/util/stream/ForEachOps
instanceKlass org/apache/logging/log4j/util/OsgiServiceLocator
instanceKlass java/util/stream/SliceOps
instanceKlass java/lang/StackStreamFactory$FrameBuffer
instanceKlass java/lang/StackStreamFactory$1
instanceKlass java/lang/StackStreamFactory
instanceKlass org/apache/logging/log4j/util/StackLocator
instanceKlass org/apache/logging/log4j/util/StackLocatorUtil
instanceKlass java/util/Spliterators$AbstractSpliterator
instanceKlass org/apache/logging/log4j/util/ServiceLoaderUtil
instanceKlass org/apache/logging/log4j/spi/Provider
instanceKlass org/apache/logging/log4j/util/ProviderUtil
instanceKlass org/apache/logging/log4j/LogManager
instanceKlass org/slf4j/helpers/Reporter
instanceKlass org/apache/logging/slf4j/Log4jMDCAdapter$ThreadLocalMapOfStacks
instanceKlass org/apache/logging/slf4j/Log4jMDCAdapter
instanceKlass org/apache/logging/log4j/spi/AbstractLoggerAdapter
instanceKlass org/apache/logging/log4j/spi/LoggerContextShutdownAware
instanceKlass org/apache/logging/log4j/spi/LoggerAdapter
instanceKlass java/lang/invoke/VarForm
instanceKlass java/lang/ClassValue$Version
instanceKlass java/lang/ClassValue$Identity
instanceKlass java/lang/ClassValue
instanceKlass java/lang/invoke/VarHandles
instanceKlass java/util/concurrent/ConcurrentLinkedQueue$Node
instanceKlass java/util/concurrent/locks/ReentrantReadWriteLock$WriteLock
instanceKlass java/util/concurrent/locks/ReentrantReadWriteLock$ReadLock
instanceKlass java/util/concurrent/locks/ReentrantReadWriteLock
instanceKlass org/apache/logging/log4j/message/ExitMessage
instanceKlass org/apache/logging/log4j/message/EntryMessage
instanceKlass org/apache/logging/log4j/message/FlowMessage
instanceKlass org/apache/logging/log4j/status/StatusConsoleListener
instanceKlass java/lang/Character$Subset
instanceKlass java/util/regex/CharPredicates
instanceKlass java/util/regex/ASCII
instanceKlass org/apache/logging/log4j/status/StatusLogger$PropertiesUtilsDouble
instanceKlass org/apache/logging/log4j/status/StatusLogger$Config
instanceKlass org/apache/logging/log4j/status/StatusLogger$InstanceHolder
instanceKlass java/util/RegularEnumSet$EnumSetIterator
instanceKlass org/apache/logging/log4j/util/Strings
instanceKlass org/apache/logging/log4j/Level
instanceKlass org/apache/logging/log4j/internal/DefaultLogBuilder
instanceKlass org/apache/logging/log4j/BridgeAware
instanceKlass org/apache/logging/log4j/message/DefaultFlowMessageFactory
instanceKlass org/apache/logging/log4j/message/FlowMessageFactory
instanceKlass org/apache/logging/log4j/MarkerManager$Log4jMarker
instanceKlass org/apache/logging/log4j/util/StringBuilderFormattable
instanceKlass org/apache/logging/log4j/Marker
instanceKlass org/apache/logging/log4j/MarkerManager
instanceKlass org/apache/logging/log4j/status/StatusListener
instanceKlass java/util/EventListener
instanceKlass java/util/concurrent/locks/ReadWriteLock
instanceKlass org/apache/logging/log4j/LogBuilder
instanceKlass org/apache/logging/log4j/spi/AbstractLogger
instanceKlass org/apache/logging/log4j/spi/LocationAwareLogger
instanceKlass org/apache/logging/log4j/spi/ExtendedLogger
instanceKlass org/apache/logging/log4j/Logger
instanceKlass org/apache/logging/slf4j/Log4jMarkerFactory
instanceKlass java/util/ServiceLoader$ProviderImpl
instanceKlass java/util/ServiceLoader$Provider
instanceKlass java/util/ServiceLoader$1
instanceKlass org/apache/logging/slf4j/SLF4JServiceProvider
instanceKlass java/util/LinkedHashMap$LinkedHashIterator
instanceKlass sun/net/www/MessageHeader
instanceKlass sun/net/www/protocol/jar/JarFileFactory
instanceKlass sun/net/www/protocol/jar/URLJarFile$URLJarFileCloseController
instanceKlass java/net/URLConnection
instanceKlass java/util/zip/ZipFile$ZipEntryIterator
instanceKlass jdk/internal/loader/URLClassPath$1
instanceKlass java/lang/CompoundEnumeration
instanceKlass jdk/internal/loader/BuiltinClassLoader$1
instanceKlass java/util/Collections$EmptyEnumeration
instanceKlass java/util/Collections$EmptyIterator
instanceKlass jdk/internal/jimage/ImageLocation
instanceKlass jdk/internal/jimage/decompressor/Decompressor
instanceKlass jdk/internal/jimage/ImageStringsReader
instanceKlass jdk/internal/jimage/ImageStrings
instanceKlass jdk/internal/jimage/ImageHeader
instanceKlass jdk/internal/jimage/NativeImageBuffer$1
instanceKlass jdk/internal/jimage/NativeImageBuffer
instanceKlass jdk/internal/jimage/BasicImageReader$1
instanceKlass jdk/internal/jimage/BasicImageReader
instanceKlass jdk/internal/jimage/ImageReader
instanceKlass jdk/internal/jimage/ImageReaderFactory$1
instanceKlass java/net/URI$Parser
instanceKlass java/nio/file/FileSystems$DefaultFileSystemHolder$1
instanceKlass java/nio/file/FileSystems$DefaultFileSystemHolder
instanceKlass java/nio/file/FileSystems
instanceKlass java/nio/file/Paths
instanceKlass jdk/internal/jimage/ImageReaderFactory
instanceKlass jdk/internal/module/SystemModuleFinders$SystemImage
instanceKlass jdk/internal/module/SystemModuleFinders$SystemModuleReader
instanceKlass java/lang/module/ModuleReader
instanceKlass jdk/internal/loader/BuiltinClassLoader$5
instanceKlass jdk/internal/loader/BuiltinClassLoader$2
instanceKlass jdk/internal/module/Resources
instanceKlass java/util/ServiceLoader$3
instanceKlass java/util/ServiceLoader$2
instanceKlass java/util/ServiceLoader$LazyClassPathLookupIterator
instanceKlass java/util/Spliterators$1Adapter
instanceKlass java/util/Spliterators$ArraySpliterator
instanceKlass java/util/ServiceLoader$ModuleServicesLookupIterator
instanceKlass java/util/ServiceLoader
instanceKlass org/slf4j/helpers/Util
instanceKlass org/slf4j/helpers/NOPMDCAdapter
instanceKlass org/slf4j/helpers/NOPLoggerFactory
instanceKlass org/slf4j/helpers/NOP_FallbackServiceProvider
instanceKlass org/slf4j/helpers/ThreadLocalMapOfStacks
instanceKlass org/slf4j/helpers/BasicMDCAdapter
instanceKlass org/slf4j/Marker
instanceKlass org/slf4j/helpers/BasicMarkerFactory
instanceKlass java/util/concurrent/LinkedBlockingQueue$Node
instanceKlass java/util/concurrent/locks/AbstractQueuedSynchronizer$ConditionObject
instanceKlass java/util/concurrent/locks/Condition
instanceKlass java/util/concurrent/BlockingQueue
instanceKlass org/slf4j/helpers/SubstituteLoggerFactory
instanceKlass org/slf4j/ILoggerFactory
instanceKlass org/slf4j/spi/MDCAdapter
instanceKlass org/slf4j/IMarkerFactory
instanceKlass org/slf4j/helpers/SubstituteServiceProvider
instanceKlass org/slf4j/event/LoggingEvent
instanceKlass org/slf4j/spi/SLF4JServiceProvider
instanceKlass org/slf4j/LoggerFactory
instanceKlass org/apache/logging/log4j/message/Message
instanceKlass org/apache/logging/log4j/message/AbstractMessageFactory
instanceKlass org/apache/logging/log4j/message/MessageFactory2
instanceKlass org/apache/logging/log4j/message/MessageFactory
instanceKlass org/apache/spark/internal/SparkLogger
instanceKlass org/apache/spark/internal/SparkLoggerFactory
instanceKlass java/nio/file/FileVisitor
instanceKlass org/apache/spark/network/util/JavaUtils
instanceKlass java/util/Random
instanceKlass java/util/random/RandomGenerator
instanceKlass org/apache/spark/internal/config/ConfigEntry
instanceKlass org/sparkproject/guava/cache/CacheLoader
instanceKlass scala/util/Try
instanceKlass java/nio/channels/WritableByteChannel
instanceKlass java/nio/channels/Channel
instanceKlass java/io/ObjectStreamConstants
instanceKlass java/io/ObjectInput
instanceKlass org/apache/spark/util/Utils$
instanceKlass org/apache/spark/util/SparkSystemUtils
instanceKlass org/apache/spark/util/SparkStringUtils
instanceKlass org/apache/spark/util/SparkStreamUtils
instanceKlass org/apache/spark/util/SparkSerDeUtils
instanceKlass org/apache/spark/util/SparkFileUtils
instanceKlass org/apache/spark/util/SparkErrorUtils
instanceKlass org/apache/spark/util/SparkEnvUtils
instanceKlass org/apache/spark/util/SparkClassUtils
instanceKlass scala/collection/convert/JavaCollectionWrappers$IteratorWrapper
instanceKlass scala/collection/convert/AsScalaExtensions$IteratorHasAsScala
instanceKlass java/util/AbstractList$Itr
instanceKlass java/util/AbstractList$SubList$1
instanceKlass scala/collection/convert/AsScalaExtensions$ListHasAsScala
instanceKlass scala/Enumeration$Value
instanceKlass scala/Enumeration
instanceKlass scala/collection/SeqFactory$UnapplySeqWrapper
instanceKlass scala/collection/SeqFactory$UnapplySeqWrapper$
instanceKlass org/apache/spark/deploy/SparkSubmitUtils$
instanceKlass java/util/regex/IntHashSet
instanceKlass java/util/regex/Matcher
instanceKlass java/util/regex/MatchResult
instanceKlass java/util/regex/Pattern$TreeInfo
instanceKlass java/util/regex/Pattern$BitClass
instanceKlass java/util/regex/Pattern$BmpCharPredicate
instanceKlass java/util/regex/Pattern$CharPredicate
instanceKlass java/util/regex/Pattern$Node
instanceKlass java/util/regex/Pattern
instanceKlass scala/collection/convert/JavaCollectionWrappers$IterableWrapperTrait
instanceKlass scala/collection/convert/AsJavaExtensions$SeqHasAsJava
instanceKlass scala/collection/mutable/HashMap$Node
instanceKlass scala/math/package$
instanceKlass scala/runtime/RichInt$
instanceKlass scala/collection/mutable/HashMap$
instanceKlass java/lang/StrictMath
instanceKlass scala/collection/immutable/Node$
instanceKlass scala/collection/Hashing$
instanceKlass java/lang/invoke/VarHandleGuards
instanceKlass jdk/internal/util/Preconditions$1
instanceKlass java/lang/invoke/VarHandle$1
instanceKlass scala/runtime/Statics$VM
instanceKlass scala/runtime/Statics
instanceKlass scala/Array$
instanceKlass scala/collection/immutable/Node
instanceKlass scala/collection/immutable/HashMapBuilder
instanceKlass scala/runtime/BoxesRunTime
instanceKlass scala/util/hashing/MurmurHash3
instanceKlass java/util/Collections$UnmodifiableMap$UnmodifiableEntrySet$UnmodifiableEntry
instanceKlass java/util/Collections$UnmodifiableMap$UnmodifiableEntrySet$1
instanceKlass scala/collection/immutable/MapBuilderImpl
instanceKlass scala/collection/immutable/SeqMap$SeqMap4
instanceKlass scala/collection/immutable/SeqMap$SeqMap3
instanceKlass scala/collection/immutable/SeqMap$SeqMap2
instanceKlass scala/collection/immutable/SeqMap$SeqMap1
instanceKlass scala/collection/immutable/SeqMap
instanceKlass scala/collection/SeqMap
instanceKlass scala/collection/immutable/StrictOptimizedMapOps
instanceKlass scala/collection/MapView
instanceKlass scala/collection/convert/JavaCollectionWrappers$JMapWrapperLike
instanceKlass scala/collection/StrictOptimizedMapOps
instanceKlass scala/collection/concurrent/Map
instanceKlass scala/collection/mutable/Set
instanceKlass scala/collection/mutable/SetOps
instanceKlass scala/jdk/javaapi/CollectionConverters$
instanceKlass scala/collection/convert/AsJavaConverters
instanceKlass scala/collection/convert/AsScalaConverters
instanceKlass scala/collection/convert/AsScalaExtensions$MapHasAsScala
instanceKlass scala/jdk/CollectionConverters$
instanceKlass scala/collection/convert/AsJavaExtensions
instanceKlass scala/reflect/NoManifest$
instanceKlass scala/reflect/ManifestFactory$ClassTypeManifest
instanceKlass scala/runtime/Null$
instanceKlass scala/reflect/AnyValManifest
instanceKlass scala/reflect/ManifestFactory$
instanceKlass scala/reflect/Manifest
instanceKlass scala/reflect/ClassTag
instanceKlass scala/reflect/ClassManifestDeprecatedApis
instanceKlass scala/reflect/OptManifest
instanceKlass scala/reflect/Manifest$
instanceKlass scala/Tuple2$
instanceKlass scala/collection/immutable/Set
instanceKlass scala/collection/immutable/SetOps
instanceKlass scala/collection/Set
instanceKlass scala/collection/SetOps
instanceKlass scala/collection/immutable/Set$
instanceKlass scala/collection/immutable/Map$
instanceKlass scala/util/Right$
instanceKlass scala/util/Left$
instanceKlass scala/util/Either$
instanceKlass scala/math/Ordering$
instanceKlass scala/math/LowPriorityOrderingImplicits
instanceKlass scala/math/Ordered$
instanceKlass scala/math/Numeric$
instanceKlass scala/math/Integral$
instanceKlass scala/math/Fractional$
instanceKlass scala/math/Equiv$
instanceKlass scala/math/LowPriorityEquiv
instanceKlass scala/math/Integral
instanceKlass scala/math/Ordered
instanceKlass scala/math/ScalaNumericConversions
instanceKlass scala/math/ScalaNumericAnyConversions
instanceKlass scala/math/BigInt$
instanceKlass java/math/MathContext
instanceKlass scala/math/BigDecimal$
instanceKlass scala/collection/immutable/Range$
instanceKlass scala/collection/mutable/StringBuilder$
instanceKlass scala/collection/immutable/LazyList$EmptyMarker$
instanceKlass scala/collection/immutable/LazyList$
instanceKlass scala/collection/immutable/Stream$
instanceKlass scala/collection/package$$colon$plus$
instanceKlass scala/collection/package$$plus$colon$
instanceKlass scala/collection/immutable/$colon$colon$
instanceKlass scala/collection/Iterator$
instanceKlass scala/collection/immutable/VectorStatics$
instanceKlass scala/collection/BufferedIterator
instanceKlass scala/collection/AbstractIterator
instanceKlass scala/collection/immutable/Vector$
instanceKlass scala/collection/SeqFactory$Delegate
instanceKlass scala/collection/immutable/List$$anon$1
instanceKlass scala/Product2$mcJJ$sp
instanceKlass scala/Product2$mcDJ$sp
instanceKlass scala/Product2$mcID$sp
instanceKlass scala/Product2$mcIJ$sp
instanceKlass scala/Product2$mcJD$sp
instanceKlass scala/Product2$mcJI$sp
instanceKlass scala/Product2$mcDI$sp
instanceKlass scala/Product2$mcDD$sp
instanceKlass scala/collection/immutable/List$
instanceKlass scala/collection/StrictOptimizedSeqFactory
instanceKlass scala/collection/IterableFactory$Delegate
instanceKlass scala/package$$anon$1
instanceKlass scala/Specializable
instanceKlass scala/package$
instanceKlass scala/LowPriorityImplicits2
instanceKlass scala/collection/convert/AsScalaExtensions
instanceKlass scala/sys/package$
instanceKlass org/apache/spark/deploy/SparkSubmitArguments$
instanceKlass scala/collection/IndexedSeqView
instanceKlass scala/collection/mutable/Map
instanceKlass scala/collection/mutable/MapOps
instanceKlass scala/collection/Searching$SearchResult
instanceKlass scala/collection/SeqView
instanceKlass scala/collection/MapFactory
instanceKlass scala/collection/immutable/Map
instanceKlass scala/collection/immutable/MapOps
instanceKlass scala/collection/WithFilter
instanceKlass scala/collection/View
instanceKlass scala/collection/mutable/ArrayBuilder
instanceKlass scala/collection/mutable/ReusableBuilder
instanceKlass scala/collection/ClassTagIterableFactory$AnyIterableDelegate
instanceKlass scala/collection/mutable/Builder
instanceKlass scala/collection/EvidenceIterableFactoryDefaults
instanceKlass scala/collection/immutable/IndexedSeq
instanceKlass scala/collection/immutable/IndexedSeqOps
instanceKlass scala/collection/SeqFactory
instanceKlass scala/collection/IterableFactory
instanceKlass scala/math/Numeric
instanceKlass scala/collection/BuildFrom
instanceKlass scala/collection/Factory
instanceKlass scala/collection/immutable/ArraySeq$
instanceKlass scala/collection/StrictOptimizedClassTagSeqFactory
instanceKlass scala/collection/ClassTagSeqFactory
instanceKlass scala/collection/ClassTagIterableFactory
instanceKlass scala/collection/EvidenceIterableFactory
instanceKlass org/apache/spark/util/ArrayImplicits$SparkArrayOps
instanceKlass org/apache/spark/util/ArrayImplicits$
instanceKlass scala/util/Either
instanceKlass scala/collection/Iterator
instanceKlass scala/collection/AnyStepper
instanceKlass scala/collection/Stepper
instanceKlass java/lang/ProcessEnvironment$CheckedEntry
instanceKlass java/lang/ProcessEnvironment$CheckedEntrySet$1
instanceKlass java/lang/ProcessEnvironment$EntryComparator
instanceKlass java/lang/ProcessEnvironment$NameComparator
instanceKlass scala/Option$
instanceKlass org/apache/spark/deploy/ClientApp
instanceKlass org/apache/spark/deploy/rest/RestSubmissionClientApp
instanceKlass scala/Function2
instanceKlass org/apache/spark/deploy/SparkSubmit$
instanceKlass org/apache/spark/util/CommandLineUtils
instanceKlass org/apache/spark/util/CommandLineLoggingUtils
instanceKlass org/apache/spark/internal/LogEntry
instanceKlass org/apache/spark/deploy/rest/SubmitRestProtocolMessage
instanceKlass org/apache/spark/internal/Logging$LogStringContext
instanceKlass scala/StringContext
instanceKlass org/apache/spark/deploy/OptionAssigner
instanceKlass org/apache/hadoop/conf/Configured
instanceKlass org/apache/hadoop/conf/Configurable
instanceKlass org/apache/hadoop/fs/BulkDeleteSource
instanceKlass org/apache/hadoop/fs/PathCapabilities
instanceKlass org/apache/hadoop/security/token/DelegationTokenIssuer
instanceKlass scala/collection/mutable/IndexedBuffer
instanceKlass scala/collection/mutable/Buffer
instanceKlass scala/collection/mutable/Shrinkable
instanceKlass scala/collection/mutable/Growable
instanceKlass scala/collection/mutable/Clearable
instanceKlass scala/collection/mutable/IndexedSeq
instanceKlass scala/collection/mutable/IndexedSeqOps
instanceKlass scala/collection/IndexedSeq
instanceKlass scala/collection/IndexedSeqOps
instanceKlass scala/collection/mutable/Seq
instanceKlass scala/collection/mutable/SeqOps
instanceKlass scala/collection/mutable/Cloneable
instanceKlass scala/collection/mutable/Iterable
instanceKlass org/apache/hadoop/conf/Configuration
instanceKlass org/apache/hadoop/io/Writable
instanceKlass scala/Tuple4
instanceKlass scala/Product4
instanceKlass org/apache/spark/deploy/SparkDiagnosticsSetter
instanceKlass org/apache/spark/SparkContext
instanceKlass scala/runtime/IntRef
instanceKlass org/apache/spark/launcher/SparkSubmitOptionParser
instanceKlass org/apache/spark/SparkConf
instanceKlass org/apache/spark/internal/MessageWithContext
instanceKlass org/slf4j/Logger
instanceKlass org/apache/spark/deploy/SparkApplication
instanceKlass org/apache/hadoop/fs/statistics/IOStatisticsSource
instanceKlass org/apache/hadoop/fs/ByteBufferPositionedReadable
instanceKlass org/apache/hadoop/fs/StreamCapabilities
instanceKlass org/apache/hadoop/fs/CanUnbuffer
instanceKlass org/apache/hadoop/fs/HasEnhancedByteBufferAccess
instanceKlass org/apache/hadoop/fs/CanSetReadahead
instanceKlass org/apache/hadoop/fs/CanSetDropBehind
instanceKlass org/apache/hadoop/fs/HasFileDescriptor
instanceKlass org/apache/hadoop/fs/ByteBufferReadable
instanceKlass org/apache/hadoop/fs/PositionedReadable
instanceKlass org/apache/hadoop/fs/Seekable
instanceKlass org/apache/spark/ReadOnlySparkConf
instanceKlass scala/collection/AbstractIterable
instanceKlass scala/collection/generic/DefaultSerializable
instanceKlass scala/collection/immutable/StrictOptimizedSeqOps
instanceKlass scala/collection/StrictOptimizedLinearSeqOps
instanceKlass scala/collection/StrictOptimizedSeqOps
instanceKlass scala/collection/StrictOptimizedIterableOps
instanceKlass scala/collection/immutable/LinearSeq
instanceKlass scala/collection/immutable/LinearSeqOps
instanceKlass scala/collection/LinearSeq
instanceKlass scala/collection/LinearSeqOps
instanceKlass scala/Product2$mcII$sp
instanceKlass scala/Tuple2
instanceKlass scala/Product2
instanceKlass scala/math/Ordering
instanceKlass scala/math/PartialOrdering
instanceKlass scala/math/Equiv
instanceKlass scala/collection/Map
instanceKlass scala/collection/MapFactoryDefaults
instanceKlass scala/collection/MapOps
instanceKlass scala/$less$colon$less
instanceKlass org/apache/spark/internal/LogKey
instanceKlass scala/collection/immutable/Seq
instanceKlass scala/collection/immutable/SeqOps
instanceKlass scala/collection/Seq
instanceKlass scala/collection/SeqOps
instanceKlass scala/PartialFunction
instanceKlass scala/Function1
instanceKlass scala/collection/immutable/Iterable
instanceKlass scala/collection/Iterable
instanceKlass scala/collection/IterableFactoryDefaults
instanceKlass scala/collection/IterableOps
instanceKlass scala/collection/IterableOnceOps
instanceKlass org/apache/spark/SparkThrowable
instanceKlass scala/Option
instanceKlass scala/Product
instanceKlass scala/Equals
instanceKlass scala/collection/IterableOnce
instanceKlass scala/Function0
instanceKlass org/apache/logging/log4j/core/Filter
instanceKlass org/apache/logging/log4j/core/LifeCycle
instanceKlass org/apache/spark/deploy/SparkSubmit
instanceKlass org/apache/spark/internal/Logging
instanceKlass java/security/SecureClassLoader$DebugHolder
instanceKlass java/security/PermissionCollection
instanceKlass java/security/SecureClassLoader$1
instanceKlass java/security/SecureClassLoader$CodeSourceKey
instanceKlass java/util/zip/Checksum$1
instanceKlass java/util/zip/CRC32
instanceKlass java/util/zip/Checksum
instanceKlass sun/nio/ByteBuffered
instanceKlass java/lang/Package$VersionInfo
instanceKlass java/lang/NamedPackage
instanceKlass jdk/internal/loader/Resource
instanceKlass java/util/LinkedList$Node
instanceKlass java/io/Reader
instanceKlass java/util/StringTokenizer
instanceKlass java/security/CodeSigner
instanceKlass java/util/jar/JarVerifier
instanceKlass java/util/jar/Attributes$Name
instanceKlass java/util/jar/Attributes
instanceKlass sun/security/action/GetIntegerAction
instanceKlass sun/security/util/Debug
instanceKlass sun/security/util/SignatureFileVerifier
instanceKlass java/util/zip/ZipFile$InflaterCleanupAction
instanceKlass java/util/zip/Inflater$InflaterZStreamRef
instanceKlass java/util/zip/Inflater
instanceKlass java/util/zip/ZipEntry
instanceKlass jdk/internal/util/jar/JarIndex
instanceKlass java/nio/Bits$1
instanceKlass jdk/internal/misc/VM$BufferPool
instanceKlass java/nio/Bits
instanceKlass sun/nio/ch/DirectBuffer
instanceKlass jdk/internal/perf/PerfCounter$CoreCounters
instanceKlass jdk/internal/perf/Perf
instanceKlass jdk/internal/perf/Perf$GetPerfAction
instanceKlass jdk/internal/perf/PerfCounter
instanceKlass java/nio/file/attribute/FileTime
instanceKlass java/util/TreeMap$PrivateEntryIterator
instanceKlass java/util/TreeMap$Entry
instanceKlass java/util/NavigableMap
instanceKlass java/util/SortedMap
instanceKlass java/util/NavigableSet
instanceKlass java/util/SortedSet
instanceKlass java/util/zip/ZipUtils
instanceKlass java/util/zip/ZipFile$Source$End
instanceKlass java/io/RandomAccessFile$2
instanceKlass jdk/internal/access/JavaIORandomAccessFileAccess
instanceKlass java/io/RandomAccessFile
instanceKlass java/io/DataInput
instanceKlass java/io/DataOutput
instanceKlass sun/nio/fs/WindowsNativeDispatcher$CompletionStatus
instanceKlass sun/nio/fs/WindowsNativeDispatcher$AclInformation
instanceKlass sun/nio/fs/WindowsNativeDispatcher$Account
instanceKlass sun/nio/fs/WindowsNativeDispatcher$DiskFreeSpace
instanceKlass sun/nio/fs/WindowsNativeDispatcher$VolumeInformation
instanceKlass sun/nio/fs/WindowsNativeDispatcher$FirstStream
instanceKlass sun/nio/fs/WindowsNativeDispatcher$FirstFile
instanceKlass java/util/Enumeration
instanceKlass java/util/concurrent/ConcurrentHashMap$Traverser
instanceKlass java/util/concurrent/ConcurrentHashMap$CollectionView
instanceKlass jdk/internal/loader/NativeLibraries$NativeLibraryImpl
instanceKlass jdk/internal/loader/NativeLibrary
instanceKlass java/util/ArrayDeque$DeqIterator
instanceKlass jdk/internal/loader/NativeLibraries$1
instanceKlass jdk/internal/loader/NativeLibraries$LibraryPaths
instanceKlass sun/nio/fs/WindowsNativeDispatcher
instanceKlass sun/nio/fs/NativeBuffer$Deallocator
instanceKlass sun/nio/fs/NativeBuffer
instanceKlass java/lang/ThreadLocal$ThreadLocalMap
instanceKlass sun/nio/fs/NativeBuffers
instanceKlass sun/nio/fs/WindowsFileAttributes
instanceKlass java/nio/file/attribute/DosFileAttributes
instanceKlass sun/nio/fs/AbstractBasicFileAttributeView
instanceKlass sun/nio/fs/DynamicFileAttributeView
instanceKlass sun/nio/fs/WindowsFileAttributeViews
instanceKlass sun/nio/fs/Util
instanceKlass java/nio/file/attribute/BasicFileAttributeView
instanceKlass java/nio/file/attribute/FileAttributeView
instanceKlass java/nio/file/attribute/AttributeView
instanceKlass java/nio/file/Files
instanceKlass java/nio/file/CopyOption
instanceKlass java/nio/file/attribute/BasicFileAttributes
instanceKlass sun/nio/fs/WindowsPath
instanceKlass java/util/zip/ZipFile$Source$Key
instanceKlass sun/nio/fs/WindowsPathParser$Result
instanceKlass sun/nio/fs/WindowsPathParser
instanceKlass java/util/Arrays$ArrayItr
instanceKlass java/nio/file/FileSystem
instanceKlass java/nio/file/OpenOption
instanceKlass java/nio/file/spi/FileSystemProvider
instanceKlass sun/nio/fs/DefaultFileSystemProvider
instanceKlass java/util/zip/ZipFile$Source
instanceKlass java/util/zip/ZipCoder
instanceKlass java/util/zip/ZipFile$CleanableResource
instanceKlass java/lang/Runtime$Version
instanceKlass java/util/jar/JavaUtilJarAccessImpl
instanceKlass jdk/internal/access/JavaUtilJarAccess
instanceKlass jdk/internal/loader/FileURLMapper
instanceKlass jdk/internal/loader/URLClassPath$JarLoader$1
instanceKlass java/util/zip/ZipFile$1
instanceKlass jdk/internal/access/JavaUtilZipFileAccess
instanceKlass java/util/zip/ZipFile
instanceKlass java/util/zip/ZipConstants
instanceKlass jdk/internal/loader/URLClassPath$Loader
instanceKlass jdk/internal/loader/URLClassPath$3
instanceKlass java/security/PrivilegedExceptionAction
instanceKlass sun/net/util/URLUtil
instanceKlass sun/nio/cs/ArrayDecoder
instanceKlass java/nio/charset/CharsetDecoder
instanceKlass sun/launcher/LauncherHelper
instanceKlass jdk/internal/vm/PostVMInitHook$1
instanceKlass jdk/internal/util/EnvUtils
instanceKlass jdk/internal/vm/PostVMInitHook$2
instanceKlass sun/util/locale/LocaleObjectCache
instanceKlass sun/util/locale/BaseLocale$Key
instanceKlass sun/util/locale/LocaleUtils
instanceKlass sun/util/locale/BaseLocale
instanceKlass java/util/Locale
instanceKlass jdk/internal/vm/PostVMInitHook
instanceKlass java/lang/invoke/StringConcatFactory$3
instanceKlass java/lang/invoke/StringConcatFactory$2
instanceKlass java/lang/invoke/StringConcatFactory$1
instanceKlass java/lang/invoke/StringConcatFactory
instanceKlass jdk/internal/module/ModuleBootstrap$SafeModuleFinder
instanceKlass jdk/internal/org/objectweb/asm/ClassReader
instanceKlass java/nio/charset/CoderResult
instanceKlass java/lang/StringCoding
instanceKlass java/lang/Readable
instanceKlass java/lang/ModuleLayer$Controller
instanceKlass java/util/concurrent/CopyOnWriteArrayList
instanceKlass jdk/internal/module/ServicesCatalog$ServiceProvider
instanceKlass jdk/internal/loader/AbstractClassLoaderValue$Memoizer
instanceKlass jdk/internal/module/ModuleLoaderMap$Modules
instanceKlass jdk/internal/module/ModuleLoaderMap$Mapper
instanceKlass jdk/internal/module/ModuleLoaderMap
instanceKlass java/lang/module/ResolvedModule
instanceKlass java/util/Collections$UnmodifiableCollection$1
instanceKlass java/lang/ModuleLayer
instanceKlass java/util/ImmutableCollections$ListItr
instanceKlass java/util/ListIterator
instanceKlass java/lang/module/ModuleFinder$1
instanceKlass java/nio/file/Path
instanceKlass java/nio/file/Watchable
instanceKlass java/lang/module/Resolver
instanceKlass java/lang/module/Configuration
instanceKlass java/util/ImmutableCollections$Set12$1
instanceKlass java/util/stream/FindOps$FindOp
instanceKlass java/util/stream/FindOps$FindSink
instanceKlass java/util/stream/FindOps
instanceKlass java/util/stream/Sink$ChainedReference
instanceKlass java/util/stream/ReduceOps$AccumulatingSink
instanceKlass java/util/stream/TerminalSink
instanceKlass java/util/stream/Sink
instanceKlass java/util/function/Consumer
instanceKlass java/util/stream/ReduceOps$Box
instanceKlass java/util/stream/ReduceOps$ReduceOp
instanceKlass java/util/stream/TerminalOp
instanceKlass java/util/stream/ReduceOps
instanceKlass java/util/function/BinaryOperator
instanceKlass java/util/function/BiFunction
instanceKlass java/util/function/BiConsumer
instanceKlass java/util/stream/Collectors$CollectorImpl
instanceKlass java/util/stream/Collector
instanceKlass java/util/Collections$UnmodifiableCollection
instanceKlass java/util/stream/Collectors
instanceKlass java/lang/ref/Cleaner$Cleanable
instanceKlass jdk/internal/ref/CleanerImpl
instanceKlass java/lang/ref/Cleaner$1
instanceKlass java/lang/ref/Cleaner
instanceKlass jdk/internal/ref/CleanerFactory$1
instanceKlass java/util/concurrent/ThreadFactory
instanceKlass jdk/internal/ref/CleanerFactory
instanceKlass java/lang/invoke/MethodHandles$Lookup$ClassDefiner
instanceKlass java/lang/invoke/MethodHandles$Lookup$ClassFile
instanceKlass jdk/internal/org/objectweb/asm/Handler
instanceKlass jdk/internal/org/objectweb/asm/Attribute
instanceKlass jdk/internal/org/objectweb/asm/FieldVisitor
instanceKlass java/util/ArrayList$Itr
instanceKlass java/lang/invoke/InvokerBytecodeGenerator$ClassData
instanceKlass jdk/internal/org/objectweb/asm/AnnotationVisitor
instanceKlass jdk/internal/org/objectweb/asm/Frame
instanceKlass jdk/internal/org/objectweb/asm/Label
instanceKlass jdk/internal/org/objectweb/asm/MethodVisitor
instanceKlass java/lang/invoke/LambdaFormBuffer
instanceKlass java/lang/invoke/LambdaFormEditor$TransformKey
instanceKlass java/lang/invoke/LambdaFormEditor
instanceKlass sun/invoke/util/Wrapper$1
instanceKlass java/lang/invoke/DelegatingMethodHandle$Holder
instanceKlass java/lang/invoke/DirectMethodHandle$2
instanceKlass sun/invoke/empty/Empty
instanceKlass sun/invoke/util/VerifyType
instanceKlass java/lang/invoke/ClassSpecializer$Factory
instanceKlass java/lang/invoke/ClassSpecializer$SpeciesData
instanceKlass java/lang/invoke/ClassSpecializer$1
instanceKlass java/util/function/Function
instanceKlass java/lang/invoke/ClassSpecializer
instanceKlass java/lang/invoke/InnerClassLambdaMetafactory$1
instanceKlass java/lang/invoke/LambdaProxyClassArchive
instanceKlass jdk/internal/org/objectweb/asm/ByteVector
instanceKlass jdk/internal/org/objectweb/asm/Symbol
instanceKlass jdk/internal/org/objectweb/asm/SymbolTable
instanceKlass jdk/internal/org/objectweb/asm/ClassVisitor
instanceKlass java/lang/invoke/InfoFromMemberName
instanceKlass java/lang/invoke/MethodHandleInfo
instanceKlass jdk/internal/org/objectweb/asm/ConstantDynamic
instanceKlass sun/invoke/util/BytecodeDescriptor
instanceKlass jdk/internal/org/objectweb/asm/Handle
instanceKlass sun/security/action/GetBooleanAction
instanceKlass jdk/internal/org/objectweb/asm/Type
instanceKlass java/lang/invoke/AbstractValidatingLambdaMetafactory
instanceKlass java/lang/invoke/MethodHandleImpl$1
instanceKlass jdk/internal/access/JavaLangInvokeAccess
instanceKlass java/lang/invoke/Invokers$Holder
instanceKlass java/lang/invoke/BootstrapMethodInvoker
instanceKlass java/util/function/Predicate
instanceKlass java/lang/WeakPairMap$Pair$Lookup
instanceKlass java/lang/WeakPairMap$Pair
instanceKlass java/lang/WeakPairMap
instanceKlass java/lang/Module$ReflectionData
instanceKlass java/lang/invoke/InvokerBytecodeGenerator$2
instanceKlass java/lang/invoke/InvokerBytecodeGenerator
instanceKlass java/lang/invoke/LambdaForm$Holder
instanceKlass java/lang/invoke/LambdaForm$Name
instanceKlass java/lang/reflect/Array
instanceKlass java/lang/invoke/Invokers
instanceKlass java/lang/invoke/MethodHandleImpl
instanceKlass sun/invoke/util/ValueConversions
instanceKlass java/lang/invoke/DirectMethodHandle$Holder
instanceKlass java/lang/invoke/LambdaForm$NamedFunction
instanceKlass sun/invoke/util/Wrapper$Format
instanceKlass java/lang/invoke/MethodTypeForm
instanceKlass java/lang/Void
instanceKlass java/lang/invoke/MethodType$ConcurrentWeakInternSet
instanceKlass java/lang/invoke/LambdaMetafactory
instanceKlass sun/reflect/annotation/AnnotationParser
instanceKlass java/lang/Class$3
instanceKlass java/lang/PublicMethods$Key
instanceKlass java/lang/PublicMethods$MethodList
instanceKlass java/util/EnumMap$1
instanceKlass java/util/stream/StreamOpFlag$MaskBuilder
instanceKlass java/util/stream/Stream
instanceKlass java/util/stream/BaseStream
instanceKlass java/util/stream/PipelineHelper
instanceKlass java/util/stream/StreamSupport
instanceKlass java/util/Spliterators$IteratorSpliterator
instanceKlass java/util/Spliterator$OfDouble
instanceKlass java/util/Spliterator$OfLong
instanceKlass java/util/Spliterator$OfInt
instanceKlass java/util/Spliterator$OfPrimitive
instanceKlass java/util/Spliterator
instanceKlass java/util/Spliterators$EmptySpliterator
instanceKlass java/util/Spliterators
instanceKlass jdk/internal/module/DefaultRoots
instanceKlass java/util/ImmutableCollections$SetN$SetNIterator
instanceKlass jdk/internal/loader/BuiltinClassLoader$LoadedModule
instanceKlass jdk/internal/loader/AbstractClassLoaderValue
instanceKlass jdk/internal/module/ServicesCatalog
instanceKlass jdk/internal/util/Preconditions
instanceKlass sun/net/util/IPAddressUtil
instanceKlass java/net/URLStreamHandler
instanceKlass java/util/HexFormat
instanceKlass sun/net/www/ParseUtil
instanceKlass java/net/URL$3
instanceKlass jdk/internal/access/JavaNetURLAccess
instanceKlass java/net/URL$DefaultFactory
instanceKlass java/net/URLStreamHandlerFactory
instanceKlass jdk/internal/loader/URLClassPath
instanceKlass java/security/Principal
instanceKlass java/security/ProtectionDomain$Key
instanceKlass java/security/ProtectionDomain$JavaSecurityAccessImpl
instanceKlass jdk/internal/access/JavaSecurityAccess
instanceKlass java/lang/ClassLoader$ParallelLoaders
instanceKlass java/security/cert/Certificate
instanceKlass jdk/internal/loader/ArchivedClassLoaders
instanceKlass java/util/Deque
instanceKlass java/util/Queue
instanceKlass jdk/internal/loader/ClassLoaderHelper
instanceKlass jdk/internal/loader/NativeLibraries
instanceKlass jdk/internal/loader/BootLoader
instanceKlass java/util/Optional
instanceKlass jdk/internal/module/SystemModuleFinders$SystemModuleFinder
instanceKlass java/lang/module/ModuleFinder
instanceKlass jdk/internal/module/SystemModuleFinders$3
instanceKlass jdk/internal/module/ModuleHashes$HashSupplier
instanceKlass jdk/internal/module/SystemModuleFinders$2
instanceKlass java/util/function/Supplier
instanceKlass java/lang/module/ModuleReference
instanceKlass jdk/internal/module/ModuleResolution
instanceKlass java/util/Collections$UnmodifiableMap
instanceKlass jdk/internal/module/ModuleHashes$Builder
instanceKlass jdk/internal/module/ModuleHashes
instanceKlass jdk/internal/module/ModuleTarget
instanceKlass java/lang/Enum
instanceKlass java/lang/module/ModuleDescriptor$Version
instanceKlass java/lang/module/ModuleDescriptor$Provides
instanceKlass java/lang/module/ModuleDescriptor$Opens
instanceKlass java/lang/module/ModuleDescriptor$Exports
instanceKlass java/lang/module/ModuleDescriptor$Requires
instanceKlass jdk/internal/module/Builder
instanceKlass jdk/internal/module/SystemModules$all
instanceKlass jdk/internal/module/SystemModules
instanceKlass jdk/internal/module/SystemModulesMap
instanceKlass java/net/URI$1
instanceKlass jdk/internal/access/JavaNetUriAccess
instanceKlass java/net/URI
instanceKlass jdk/internal/module/SystemModuleFinders
instanceKlass jdk/internal/module/ArchivedModuleGraph
instanceKlass jdk/internal/module/ArchivedBootLayer
instanceKlass jdk/internal/module/ModuleBootstrap$Counters
instanceKlass jdk/internal/module/ModulePatcher
instanceKlass java/io/FileSystem
instanceKlass java/io/DefaultFileSystem
instanceKlass java/io/File
instanceKlass java/lang/module/ModuleDescriptor$1
instanceKlass jdk/internal/access/JavaLangModuleAccess
instanceKlass sun/invoke/util/VerifyAccess
instanceKlass java/lang/module/ModuleDescriptor
instanceKlass jdk/internal/module/ModuleBootstrap
instanceKlass java/lang/invoke/MethodHandleStatics
instanceKlass java/util/Collections
instanceKlass sun/io/Win32ErrorMode
instanceKlass jdk/internal/misc/OSEnvironment
instanceKlass jdk/internal/misc/Signal$NativeHandler
instanceKlass java/util/Hashtable$Entry
instanceKlass jdk/internal/misc/Signal
instanceKlass java/lang/Terminator$1
instanceKlass jdk/internal/misc/Signal$Handler
instanceKlass java/lang/Terminator
instanceKlass java/nio/ByteOrder
instanceKlass java/nio/Buffer$1
instanceKlass jdk/internal/access/JavaNioAccess
instanceKlass jdk/internal/misc/ScopedMemoryAccess
instanceKlass java/nio/charset/CodingErrorAction
instanceKlass sun/nio/cs/SingleByte
instanceKlass java/lang/StringUTF16
instanceKlass sun/nio/cs/MS1252$Holder
instanceKlass sun/nio/cs/ArrayEncoder
instanceKlass java/nio/charset/CharsetEncoder
instanceKlass java/lang/reflect/Modifier
instanceKlass java/lang/Class$1
instanceKlass java/lang/Class$Atomic
instanceKlass java/lang/Class$ReflectionData
instanceKlass jdk/internal/util/ArraysSupport
instanceKlass java/nio/charset/StandardCharsets
instanceKlass sun/nio/cs/HistoricallyNamedCharset
instanceKlass sun/security/action/GetPropertyAction
instanceKlass java/lang/ThreadLocal
instanceKlass java/nio/charset/spi/CharsetProvider
instanceKlass java/nio/charset/Charset
instanceKlass java/io/Writer
instanceKlass java/io/OutputStream
instanceKlass java/io/Flushable
instanceKlass java/io/FileDescriptor$1
instanceKlass jdk/internal/access/JavaIOFileDescriptorAccess
instanceKlass java/io/FileDescriptor
instanceKlass jdk/internal/util/StaticProperty
instanceKlass java/util/HashMap$HashIterator
instanceKlass java/lang/Integer$IntegerCache
instanceKlass java/lang/CharacterData
instanceKlass java/util/Arrays
instanceKlass java/lang/VersionProps
instanceKlass java/lang/StringConcatHelper
instanceKlass jdk/internal/misc/VM
instanceKlass jdk/internal/util/SystemProps$Raw
instanceKlass jdk/internal/util/SystemProps
instanceKlass java/lang/System$2
instanceKlass jdk/internal/access/JavaLangAccess
instanceKlass java/lang/ref/Reference$1
instanceKlass jdk/internal/access/JavaLangRefAccess
instanceKlass java/lang/ref/ReferenceQueue$Lock
instanceKlass java/lang/ref/ReferenceQueue
instanceKlass jdk/internal/reflect/ReflectionFactory
instanceKlass jdk/internal/reflect/ReflectionFactory$GetReflectionFactoryAction
instanceKlass java/security/PrivilegedAction
instanceKlass java/util/concurrent/locks/LockSupport
instanceKlass java/util/concurrent/ConcurrentHashMap$Node
instanceKlass java/util/concurrent/ConcurrentHashMap$CounterCell
instanceKlass java/util/concurrent/locks/ReentrantLock
instanceKlass java/util/concurrent/locks/Lock
instanceKlass java/lang/Runtime
instanceKlass java/util/HashMap$Node
instanceKlass java/util/KeyValueHolder
instanceKlass java/util/Map$Entry
instanceKlass java/util/ImmutableCollections$MapN$MapNIterator
instanceKlass java/lang/Math
instanceKlass jdk/internal/reflect/Reflection
instanceKlass java/lang/invoke/MethodHandles$Lookup
instanceKlass java/lang/StringLatin1
instanceKlass java/security/Permission
instanceKlass java/security/Guard
instanceKlass java/lang/invoke/MemberName$Factory
instanceKlass java/lang/invoke/MethodHandles
instanceKlass jdk/internal/access/SharedSecrets
instanceKlass java/lang/reflect/ReflectAccess
instanceKlass jdk/internal/access/JavaLangReflectAccess
instanceKlass java/util/ImmutableCollections
instanceKlass java/util/Objects
instanceKlass java/util/Set
instanceKlass jdk/internal/misc/CDS
instanceKlass java/lang/Module$ArchivedData
instanceKlass java/lang/String$CaseInsensitiveComparator
instanceKlass java/util/Comparator
instanceKlass java/io/ObjectStreamField
instanceKlass jdk/internal/vm/vector/VectorSupport$VectorPayload
instanceKlass jdk/internal/vm/vector/VectorSupport
instanceKlass java/lang/reflect/RecordComponent
instanceKlass java/util/Iterator
instanceKlass java/lang/Number
instanceKlass java/lang/Character
instanceKlass java/lang/Boolean
instanceKlass java/util/concurrent/locks/AbstractOwnableSynchronizer
instanceKlass java/lang/LiveStackFrame
instanceKlass java/lang/StackFrameInfo
instanceKlass java/lang/StackWalker$StackFrame
instanceKlass java/lang/StackStreamFactory$AbstractStackWalker
instanceKlass java/lang/StackWalker
instanceKlass java/nio/Buffer
instanceKlass java/lang/StackTraceElement
instanceKlass java/util/RandomAccess
instanceKlass java/util/List
instanceKlass java/util/AbstractCollection
instanceKlass java/util/Collection
instanceKlass java/lang/Iterable
instanceKlass java/util/concurrent/ConcurrentMap
instanceKlass java/util/AbstractMap
instanceKlass java/security/CodeSource
instanceKlass jdk/internal/loader/ClassLoaders
instanceKlass java/util/jar/Manifest
instanceKlass java/net/URL
instanceKlass java/io/InputStream
instanceKlass java/io/Closeable
instanceKlass java/lang/AutoCloseable
instanceKlass jdk/internal/module/Modules
instanceKlass jdk/internal/misc/Unsafe
instanceKlass jdk/internal/misc/UnsafeConstants
instanceKlass java/lang/AbstractStringBuilder
instanceKlass java/lang/Appendable
instanceKlass java/lang/AssertionStatusDirectives
instanceKlass java/lang/invoke/MethodHandleNatives$CallSiteContext
instanceKlass jdk/internal/invoke/NativeEntryPoint
instanceKlass java/lang/invoke/CallSite
instanceKlass java/lang/invoke/MethodType
instanceKlass java/lang/invoke/TypeDescriptor$OfMethod
instanceKlass java/lang/invoke/LambdaForm
instanceKlass java/lang/invoke/MethodHandleNatives
instanceKlass java/lang/invoke/ResolvedMethodName
instanceKlass java/lang/invoke/MemberName
instanceKlass java/lang/invoke/VarHandle
instanceKlass java/lang/invoke/MethodHandle
instanceKlass jdk/internal/reflect/CallerSensitive
instanceKlass java/lang/annotation/Annotation
instanceKlass jdk/internal/reflect/FieldAccessor
instanceKlass jdk/internal/reflect/ConstantPool
instanceKlass jdk/internal/reflect/ConstructorAccessor
instanceKlass jdk/internal/reflect/MethodAccessor
instanceKlass jdk/internal/reflect/MagicAccessorImpl
instanceKlass java/lang/reflect/Parameter
instanceKlass java/lang/reflect/Member
instanceKlass java/lang/reflect/AccessibleObject
instanceKlass java/lang/Module
instanceKlass java/util/Map
instanceKlass java/util/Dictionary
instanceKlass java/lang/ThreadGroup
instanceKlass java/lang/Thread$UncaughtExceptionHandler
instanceKlass java/lang/Thread
instanceKlass java/lang/Runnable
instanceKlass java/lang/ref/Reference
instanceKlass java/lang/Record
instanceKlass java/security/AccessController
instanceKlass java/security/AccessControlContext
instanceKlass java/security/ProtectionDomain
instanceKlass java/lang/SecurityManager
instanceKlass java/lang/Throwable
instanceKlass java/lang/System
instanceKlass java/lang/ClassLoader
instanceKlass java/lang/Cloneable
instanceKlass java/lang/Class
instanceKlass java/lang/invoke/TypeDescriptor$OfField
instanceKlass java/lang/invoke/TypeDescriptor
instanceKlass java/lang/reflect/Type
instanceKlass java/lang/reflect/GenericDeclaration
instanceKlass java/lang/reflect/AnnotatedElement
instanceKlass java/lang/String
instanceKlass java/lang/constant/ConstantDesc
instanceKlass java/lang/constant/Constable
instanceKlass java/lang/CharSequence
instanceKlass java/lang/Comparable
instanceKlass java/io/Serializable
ciInstanceKlass java/lang/Object 1 1 92 7 1 10 12 1 1 10 7 12 1 1 1 10 7 12 1 1 1 10 12 1 1 8 1 10 12 1 1 10 7 12 1 1 1 10 12 1 10 12 1 1 100 1 8 1 10 12 1 3 8 1 100 1 5 0 1 1 1 1 1 1 1 1 1 1 1 1 1 1 1 1 7 1 1 1 7 1 1 1 1 1 1 1 7 1 1 1 1 1 1 1
ciInstanceKlass java/lang/Class 1 1 1600 10 7 12 1 1 1 9 7 12 1 1 1 9 12 1 1 7 1 10 10 12 1 1 8 1 10 12 1 8 1 8 1 10 12 1 1 10 12 1 1 10 12 1 10 10 12 1 10 12 1 1 10 12 1 1 10 7 12 1 1 10 12 1 10 12 1 10 12 1 8 1 10 12 1 8 1 10 12 1 8 1 8 1 10 12 1 1 10 7 12 1 1 1 18 12 1 1 11 7 12 1 1 1 8 1 8 1 8 1 10 7 12 1 1 1 11 12 1 1 7 1 8 1 10 12 1 11 7 12 1 1 1 10 12 1 1 11 8 1 18 8 1 10 12 1 10 7 12 1 1 10 7 12 1 1 1 10 12 1 1 10 7 12 1 1 1 9 100 12 1 1 1 10 100 12 1 1 1 10 7 12 1 1 1 10 12 1 1 18 12 1 1 10 7 12 1 1 1 10 7 12 1 1 10 12 1 1 10 7 1 100 1 10 12 1 1 9 12 1 1 7 1 8 1 10 12 1 10 12 1 1 10 12 1 1 10 7 12 1 1 1 7 1 10 12 1 7 1 7 1 10 10 12 1 1 10 12 1 1 100 1 10 100 12 1 1 1 10 12 1 1 10 12 1 1 9 12 1 1 10 12 1 10 12 1 10 12 1 1 9 12 1 1 9 12 1 1 10 12 1 1 10 7 1 10 12 1 10 12 1 10 12 1 1 10 9 12 1 10 12 1 8 1 10 12 1 1 10 12 1 1 10 12 1 10 12 1 1 10 12 1 1 10 12 1 1 9 7 12 1 1 1 10 7 12 1 1 10 12 10 12 1 10 12 1 1 10 100 12 1 1 10 12 1 10 12 1 1 10 100 12 1 1 1 10 12 1 10 12 1 1 10 12 1 10 12 1 10 12 1 1 10 7 1 10 10 10 12 1 1 10 12 1 1 10 12 10 12 1 1 100 1 8 1 10 10 12 1 1 10 12 1 100 1 11 12 1 10 100 12 1 1 10 12 1 10 12 1 10 100 12 1 1 10 10 12 1 1 8 1 10 12 1 10 12 1 1 8 1 9 12 1 10 12 1 10 12 1 10 12 1 10 12 100 1 9 12 1 10 12 1 9 12 1 10 12 1 10 12 1 10 12 1 10 10 12 1 10 12 1 10 12 1 10 12 1 10 12 1 10 12 1 100 1 10 12 1 10 12 1 1 10 12 1 1 10 12 1 1 10 12 1 1 10 12 1 1 10 12 1 1 7 1 10 10 12 1 1 10 12 1 1 10 12 1 1 10 10 12 1 10 12 1 1 10 12 1 1 10 12 1 1 10 12 1 1 7 1 10 10 12 11 100 12 1 1 10 12 1 1 10 12 1 10 100 12 1 1 1 10 12 1 1 10 10 12 1 1 100 1 10 10 12 1 1 10 100 12 1 1 1 100 1 7 1 10 12 1 1 10 12 1 10 10 12 1 1 10 12 1 10 12 1 10 12 1 10 100 12 1 1 1 11 7 12 1 1 10 12 1 10 12 1 9 12 1 10 12 1 1 10 12 1 9 100 12 1 1 1 9 12 1 10 100 12 1 1 1 10 12 1 10 12 1 10 100 12 1 1 1 10 12 1 10 12 10 12 1 1 100 1 10 8 1 10 12 1 11 11 12 1 1 11 7 12 1 1 11 12 1 8 1 10 12 1 10 12 1 1 9 12 1 9 12 1 1 10 7 12 1 1 9 12 1 10 12 1 1 10 10 12 1 10 7 12 1 1 1 10 7 12 1 1 10 7 12 1 1 9 12 1 1 10 12 1 9 12 1 10 12 1 10 12 1 1 9 12 1 1 9 12 1 10 12 1 10 12 1 1 9 12 1 100 1 10 10 12 1 1 7 1 10 12 1 1 100 11 100 1 9 12 1 1 9 12 1 100 1 10 12 1 9 12 1 1 9 12 1 10 12 1 10 12 1 1 9 12 1 7 1 10 10 12 1 1 10 10 12 1 1 10 12 10 10 12 1 9 12 1 10 12 1 1 10 7 12 1 1 1 10 12 1 1 10 12 1 8 10 7 8 1 18 8 1 8 1 10 12 1 9 12 1 9 12 1 1 10 12 1 7 1 7 1 10 12 1 9 12 1 1 7 1 10 10 12 1 10 7 1 9 12 1 8 1 10 12 1 7 1 10 12 1 10 12 1 1 9 12 1 100 1 8 1 10 7 1 4 10 10 12 11 7 12 1 1 1 10 12 1 100 1 10 12 1 1 10 8 1 8 1 10 12 1 1 9 7 12 1 1 11 12 7 1 11 7 12 1 1 9 12 1 10 100 12 1 1 1 10 7 12 1 1 10 12 1 1 9 12 1 9 10 12 1 1 10 12 1 1 10 12 1 1 10 12 1 1 10 12 1 1 11 12 1 7 1 11 12 1 10 7 12 1 1 1 10 12 1 7 1 11 12 1 10 7 12 1 1 1 10 12 1 10 11 12 1 11 12 1 1 10 12 1 10 12 1 1 9 12 1 1 9 100 12 1 1 10 12 1 10 100 12 1 1 1 10 12 1 1 10 12 1 10 12 1 10 12 1 10 7 12 1 1 1 10 12 1 8 1 10 12 1 10 12 1 10 12 1 10 100 12 1 1 1 11 100 12 1 1 1 10 12 1 1 10 12 1 18 12 1 1 11 12 1 1 18 11 12 1 18 12 1 11 12 1 10 12 1 1 10 12 1 10 12 1 10 12 10 12 1 8 1 10 12 1 7 1 9 12 1 1 100 1 100 1 100 1 100 1 100 1 1 1 3 1 3 1 3 1 1 1 1 1 1 1 5 0 1 1 1 1 1 1 1 1 1 1 1 1 1 1 1 1 1 1 1 1 1 1 1 100 1 1 1 1 1 1 1 100 1 1 1 1 1 1 7 1 1 1 1 1 1 1 1 1 1 1 1 1 1 1 1 1 1 1 1 1 1 1 1 1 1 1 1 1 1 1 1 1 1 1 1 1 1 100 1 1 1 1 1 1 1 1 1 1 1 1 1 1 1 1 1 1 1 1 1 1 1 1 1 1 1 1 100 1 1 1 1 1 1 1 1 1 1 1 1 1 1 1 1 1 1 1 1 1 1 1 1 1 1 1 1 1 1 1 1 1 1 1 1 1 1 1 1 1 1 1 1 1 1 1 1 1 1 1 1 1 100 1 100 1 1 1 1 1 1 1 100 1 1 1 1 1 1 1 1 1 1 1 1 1 1 1 1 1 1 1 1 1 1 1 1 1 1 1 1 1 1 1 1 1 1 1 1 1 1 1 1 1 1 1 1 1 1 1 1 1 1 1 1 1 1 1 100 1 1 1 1 1 1 1 1 1 1 1 1 1 1 1 1 1 1 1 1 1 1 1 1 1 1 1 1 1 1 1 1 1 1 1 1 1 1 1 1 1 1 1 1 1 1 1 1 1 1 1 1 1 1 1 1 1 1 1 1 1 1 1 1 1 1 1 1 15 10 7 12 1 1 1 16 15 10 12 16 15 11 12 16 1 16 15 16 15 10 12 16 16 15 10 12 16 15 16 1 15 10 12 16 1 1 1 1 1 1 1 1 1 100 1 1 100 1 100 1 1 100 1 100 1 1
staticfield java/lang/Class EMPTY_CLASS_ARRAY [Ljava/lang/Class; 0 [Ljava/lang/Class;
staticfield java/lang/Class serialPersistentFields [Ljava/io/ObjectStreamField; 0 [Ljava/io/ObjectStreamField;
ciInstanceKlass java/io/Serializable 1 0 7 100 1 100 1 1 1
instanceKlass jdk/internal/vm/vector/VectorSupport$VectorShuffle
instanceKlass jdk/internal/vm/vector/VectorSupport$VectorMask
instanceKlass jdk/internal/vm/vector/VectorSupport$Vector
ciInstanceKlass jdk/internal/vm/vector/VectorSupport$VectorPayload 0 0 32 10 100 12 1 1 1 9 100 12 1 1 1 10 100 12 1 1 1 1 1 1 1 1 1 1 1 1 1 1 1 1
ciInstanceKlass jdk/internal/vm/vector/VectorSupport$VectorShuffle 0 0 28 10 100 12 1 1 1 100 1 1 1 1 1 1 1 1 1 1 1 1 1 1 1 100 1 1 1 1
ciInstanceKlass jdk/internal/vm/vector/VectorSupport$VectorMask 0 0 28 10 100 12 1 1 1 100 1 1 1 1 1 1 1 1 1 1 1 1 1 1 1 100 1 1 1 1
ciInstanceKlass jdk/internal/vm/vector/VectorSupport$Vector 0 0 28 10 100 12 1 1 1 100 1 1 1 1 1 1 1 1 1 1 1 1 1 1 1 100 1 1 1 1
ciInstanceKlass jdk/internal/vm/vector/VectorSupport 0 0 487 100 1 10 100 12 1 1 1 9 12 1 1 10 12 1 1 100 1 10 12 1 11 100 12 1 1 1 11 100 12 1 1 1 11 100 12 1 1 11 100 12 1 1 1 11 100 1 100 1 10 12 1 1 11 100 12 1 1 11 100 12 1 1 100 1 11 100 12 1 1 11 100 12 1 1 11 100 12 1 1 1 11 100 12 1 1 1 11 100 12 1 1 1 11 100 12 1 1 1 100 1 10 12 1 1 11 100 12 1 1 100 1 11 100 12 1 1 11 100 12 1 1 11 100 12 1 1 11 100 1 100 1 9 12 1 1 10 100 12 1 1 11 100 12 1 1 10 12 1 1 10 100 12 1 1 1 10 12 1 10 12 1 1 10 12 1 1 1 1 1 3 1 3 1 3 1 3 1 3 1 3 1 3 1 3 1 3 1 3 1 3 1 3 1 3 1 3 1 3 1 3 1 3 1 3 1 3 1 3 1 3 1 3 1 3 1 3 1 3 1 3 1 3 1 3 1 3 1 3 1 3 1 3 1 3 1 3 1 3 1 3 1 3 1 3 1 3 1 1 1 1 1 3 1 1 1 1 1 1 3 1 1 1 1 1 1 1 1 1 1 1 1 1 1 1 1 1 1 1 1 1 1 1 1 1 1 1 1 1 1 1 1 1 1 1 1 1 1 1 1 1 1 1 1 1 1 1 1 1 1 1 1 1 1 1 1 1 1 1 1 1 1 1 1 1 1 1 1 1 1 1 1 1 1 1 1 1 1 1 1 1 1 1 1 1 1 1 1 1 1 1 1 1 1 1 1 1 1 1 1 1 1 1 1 1 1 1 1 1 1 1 1 1 1 1 1 1 1 1 1 1 1 1 1 1 1 1 1 1 1 1 1 1 1 1 1 1 1 1 1 1 1 1 1 1 1 1 1 1 1 1 1 1 1 1 1 1 1 1 1 1 1 1 1 1 1 1 1 1 1 1 1 1 1 1 1 1 1 1 1 1 1 1 1 1 1 1 1 1 1 1 1 1 1 1 1 1 1 1 100 1 100 1 1 1 1 1 1 1 1 1 1 1 1 1 1 1 1 1 1 1 1 1 1 1 1
ciInstanceKlass java/lang/reflect/RecordComponent 0 0 196 10 100 12 1 1 1 9 100 12 1 1 1 9 12 1 1 9 12 1 10 12 1 1 10 12 1 1 10 100 12 1 1 1 10 12 1 1 9 12 1 1 10 12 1 1 10 12 1 1 10 12 1 10 100 12 1 1 10 100 12 1 1 9 12 1 1 10 100 12 1 1 1 11 100 12 1 1 1 10 9 100 12 1 1 1 10 100 12 1 1 1 9 12 1 1 10 100 12 1 1 1 10 12 1 1 11 100 12 1 1 10 100 12 1 1 100 1 9 12 1 9 12 1 1 9 12 1 10 100 12 1 1 1 10 12 1 1 10 12 1 1 100 1 10 10 12 1 10 12 1 1 8 1 10 12 1 10 12 1 9 12 1 100 1 1 1 1 1 1 1 1 1 1 1 1 1 1 1 1 1 1 1 1 1 1 100 1 1 1 1 1 1 100 1 1
ciInstanceKlass java/util/Iterator 1 1 53 100 1 8 1 10 12 1 1 10 7 12 1 1 1 11 7 12 1 1 1 11 12 1 1 11 7 12 1 1 1 100 1 1 1 1 1 1 1 1 1 1 1 1 1 1 1 1 1 1 1 1 1
instanceKlass org/apache/spark/network/protocol/Message$Type
instanceKlass org/apache/spark/network/shuffle/protocol/BlockTransferMessage$Type
instanceKlass org/apache/arrow/vector/compression/CompressionUtil$CodecType
instanceKlass io/netty/buffer/PoolArena$SizeClass
instanceKlass jdk/jfr/internal/EventWriterMethod
instanceKlass jdk/jfr/internal/LogLevel
instanceKlass org/apache/arrow/memory/AllocationOutcome$Status
instanceKlass org/apache/arrow/vector/types/UnionMode
instanceKlass org/apache/arrow/vector/types/IntervalUnit
instanceKlass org/apache/arrow/vector/types/TimeUnit
instanceKlass org/apache/arrow/vector/types/DateUnit
instanceKlass org/apache/arrow/vector/types/Types$MinorType
instanceKlass org/apache/arrow/vector/types/MetadataVersion
instanceKlass org/apache/arrow/vector/types/FloatingPointPrecision
instanceKlass org/apache/arrow/vector/types/pojo/ArrowType$ArrowTypeID
instanceKlass com/fasterxml/jackson/annotation/JsonTypeInfo$As
instanceKlass com/fasterxml/jackson/annotation/JsonTypeInfo$Id
instanceKlass com/fasterxml/jackson/annotation/OptBoolean
instanceKlass org/apache/arrow/memory/DefaultAllocationManagerOption$AllocationManagerType
instanceKlass org/sparkproject/guava/cache/RemovalCause
instanceKlass org/apache/spark/sql/execution/datasources/parquet/VectorizedRleValuesReader$MODE
instanceKlass org/apache/parquet/column/values/bitpacking/Packer
instanceKlass org/apache/hadoop/thirdparty/com/google/common/util/concurrent/AbstractFutureState$VarHandleAtomicHelperMaker
instanceKlass org/apache/parquet/format/DataPageHeader$_Fields
instanceKlass org/apache/parquet/format/DictionaryPageHeader$_Fields
instanceKlass org/apache/parquet/format/PageHeader$_Fields
instanceKlass org/apache/hadoop/mapreduce/TaskType
instanceKlass org/apache/parquet/format/converter/ParquetMetadataConverter$SortOrder
instanceKlass org/apache/parquet/column/ValuesType
instanceKlass org/apache/parquet/column/Encoding
instanceKlass org/apache/parquet/format/ColumnOrder$_Fields
instanceKlass org/apache/parquet/format/Statistics$_Fields
instanceKlass org/apache/parquet/format/Encoding
instanceKlass org/apache/parquet/format/ColumnMetaData$_Fields
instanceKlass org/apache/parquet/format/ColumnChunk$_Fields
instanceKlass org/apache/parquet/format/RowGroup$_Fields
instanceKlass org/apache/spark/unsafe/types/UTF8String$CodePointIteratorType
instanceKlass org/codehaus/janino/UnitCompiler$SwitchKind
instanceKlass org/codehaus/janino/Access
instanceKlass org/codehaus/commons/compiler/util/iterator/Iterables$State
instanceKlass org/codehaus/janino/Java$Primitive
instanceKlass org/codehaus/janino/Parser$ClassDeclarationContext
instanceKlass org/codehaus/janino/Parser$MethodDeclarationContext
instanceKlass org/codehaus/janino/TokenType
instanceKlass org/codehaus/janino/JaninoOption
instanceKlass org/apache/spark/QueryContextType
instanceKlass jdk/internal/icu/util/CodePointTrie$ValueWidth
instanceKlass jdk/internal/icu/util/CodePointTrie$Type
instanceKlass java/text/Normalizer$Form
instanceKlass sun/security/util/DisabledAlgorithmConstraints$Constraint$Operator
instanceKlass org/sparkproject/guava/collect/AbstractIterator$State
instanceKlass shaded/parquet/com/fasterxml/jackson/core/JsonParser$NumberType
instanceKlass shaded/parquet/com/fasterxml/jackson/databind/DeserializationFeature
instanceKlass shaded/parquet/com/fasterxml/jackson/databind/cfg/JsonNodeFeature
instanceKlass shaded/parquet/com/fasterxml/jackson/databind/cfg/EnumFeature
instanceKlass shaded/parquet/com/fasterxml/jackson/databind/SerializationFeature
instanceKlass shaded/parquet/com/fasterxml/jackson/core/util/Separators$Spacing
instanceKlass shaded/parquet/com/fasterxml/jackson/databind/MapperFeature
instanceKlass shaded/parquet/com/fasterxml/jackson/annotation/JsonFormat$Shape
instanceKlass shaded/parquet/com/fasterxml/jackson/databind/cfg/CoercionInputShape
instanceKlass shaded/parquet/com/fasterxml/jackson/databind/cfg/CoercionAction
instanceKlass shaded/parquet/com/fasterxml/jackson/databind/type/LogicalType
instanceKlass shaded/parquet/com/fasterxml/jackson/annotation/JsonAutoDetect$Visibility
instanceKlass shaded/parquet/com/fasterxml/jackson/annotation/Nulls
instanceKlass shaded/parquet/com/fasterxml/jackson/annotation/JsonInclude$Include
instanceKlass shaded/parquet/com/fasterxml/jackson/core/JsonGenerator$Feature
instanceKlass shaded/parquet/com/fasterxml/jackson/core/JsonParser$Feature
instanceKlass shaded/parquet/com/fasterxml/jackson/core/JsonFactory$Feature
instanceKlass shaded/parquet/com/fasterxml/jackson/core/Base64Variant$PaddingReadBehaviour
instanceKlass shaded/parquet/com/fasterxml/jackson/databind/util/internal/PrivateMaxEntriesMap$DrainStatus
instanceKlass org/apache/parquet/hadoop/metadata/FileMetaData$EncryptionType
instanceKlass org/apache/parquet/schema/ColumnOrder$ColumnOrderName
instanceKlass org/apache/parquet/schema/OriginalType
instanceKlass org/apache/parquet/column/schema/EdgeInterpolationAlgorithm
instanceKlass org/apache/parquet/schema/LogicalTypeAnnotation$TimeUnit
instanceKlass org/apache/parquet/format/PageType
instanceKlass org/apache/parquet/schema/PrimitiveType$PrimitiveTypeName
instanceKlass org/apache/parquet/format/LogicalType$_Fields
instanceKlass org/apache/parquet/format/TimeUnit$_Fields
instanceKlass org/apache/parquet/internal/column/columnindex/BoundaryOrder
instanceKlass org/apache/parquet/format/BoundaryOrder
instanceKlass org/apache/parquet/schema/Type$Repetition
instanceKlass org/apache/parquet/format/ConvertedType
instanceKlass org/apache/parquet/format/FieldRepetitionType
instanceKlass org/apache/parquet/format/Type
instanceKlass org/apache/parquet/format/SchemaElement$_Fields
instanceKlass org/apache/parquet/format/FileMetaData$_Fields
instanceKlass org/apache/hadoop/fs/ReadOption
instanceKlass org/apache/parquet/format/TypeDefinedOrder$_Fields
instanceKlass org/sparkproject/guava/collect/MapMaker$Dummy
instanceKlass net/jpountz/xxhash/XXHashJNI
instanceKlass net/jpountz/lz4/LZ4SafeUtils
instanceKlass net/jpountz/util/Native$OS
instanceKlass net/jpountz/lz4/LZ4JNI
instanceKlass net/jpountz/util/SafeUtils
instanceKlass net/jpountz/lz4/LZ4Utils
instanceKlass net/jpountz/util/Native
instanceKlass org/apache/spark/status/api/v1/StageStatus
instanceKlass org/apache/spark/JobExecutionStatus
instanceKlass com/fasterxml/jackson/databind/annotation/JsonSerialize$Typing
instanceKlass com/fasterxml/jackson/core/json/JsonWriteFeature
instanceKlass com/fasterxml/jackson/core/StreamWriteCapability
instanceKlass org/apache/parquet/format/CompressionCodec
instanceKlass org/apache/parquet/hadoop/metadata/CompressionCodecName
instanceKlass org/apache/spark/sql/execution/datasources/parquet/ParquetCompressionCodec
instanceKlass org/apache/parquet/hadoop/ParquetOutputFormat$JobSummaryLevel
instanceKlass org/apache/hadoop/fs/FileStatus$AttrFlags
instanceKlass org/apache/hadoop/fs/StorageType
instanceKlass org/apache/hadoop/fs/permission/FsAction
instanceKlass org/apache/hadoop/fs/GlobalStorageStatistics
instanceKlass org/apache/hadoop/fs/viewfs/ViewFileSystem$RenameStrategy
instanceKlass org/apache/hadoop/fs/XAttrSetFlag
instanceKlass org/apache/hadoop/fs/CreateFlag
instanceKlass com/ibm/icu/util/UResourceBundle$RootType
instanceKlass com/ibm/icu/impl/ICUResourceBundle$OpenType
instanceKlass com/ibm/icu/util/ULocale$AvailableType
instanceKlass java/util/Locale$FilteringMode
instanceKlass java/util/Locale$IsoCountryCode
instanceKlass com/ibm/icu/util/ULocale$Category
instanceKlass com/ibm/icu/impl/CacheValue$Strength
instanceKlass org/apache/spark/sql/catalyst/util/CollationFactory$Collation$CollationSpecICU$AccentSensitivity
instanceKlass org/apache/spark/sql/catalyst/util/CollationFactory$Collation$CollationSpecICU$CaseSensitivity
instanceKlass org/apache/spark/sql/catalyst/util/CollationFactory$Collation$CollationSpec$ImplementationProvider
instanceKlass org/apache/spark/sql/catalyst/util/CollationFactory$Collation$CollationSpec$SpaceTrimming
instanceKlass org/apache/spark/sql/catalyst/util/CollationFactory$Collation$CollationSpecUTF8$CaseSensitivity
instanceKlass org/apache/spark/unsafe/types/UTF8String$IsFullAscii
instanceKlass org/apache/spark/unsafe/types/UTF8String$UTF8StringValidity
instanceKlass com/fasterxml/jackson/annotation/JsonFormat$Feature
instanceKlass com/fasterxml/jackson/annotation/JsonProperty$Access
instanceKlass com/fasterxml/jackson/databind/cfg/ConstructorDetector$SingleArgConstructor
instanceKlass com/fasterxml/jackson/annotation/JsonCreator$Mode
instanceKlass com/fasterxml/jackson/databind/AnnotationIntrospector$ReferenceProperty$Type
instanceKlass com/fasterxml/jackson/annotation/PropertyAccessor
instanceKlass com/fasterxml/jackson/databind/util/AccessPattern
instanceKlass com/fasterxml/jackson/core/JsonToken
instanceKlass com/fasterxml/jackson/core/JsonEncoding
instanceKlass org/apache/spark/storage/StorageLevelMapper
instanceKlass org/sparkproject/jetty/ee10/servlet/ResourceServlet$WelcomeServletMode
instanceKlass java/nio/file/attribute/PosixFilePermission
instanceKlass org/sparkproject/jetty/server/ResourceService$WelcomeMode
instanceKlass com/fasterxml/jackson/core/JsonParser$NumberType
instanceKlass com/fasterxml/jackson/databind/DeserializationFeature
instanceKlass com/fasterxml/jackson/databind/cfg/JsonNodeFeature
instanceKlass com/fasterxml/jackson/databind/cfg/EnumFeature
instanceKlass com/fasterxml/jackson/databind/SerializationFeature
instanceKlass com/fasterxml/jackson/core/util/Separators$Spacing
instanceKlass com/fasterxml/jackson/databind/MapperFeature
instanceKlass com/fasterxml/jackson/annotation/JsonFormat$Shape
instanceKlass com/fasterxml/jackson/databind/cfg/CoercionInputShape
instanceKlass com/fasterxml/jackson/databind/cfg/CoercionAction
instanceKlass com/fasterxml/jackson/databind/type/LogicalType
instanceKlass com/fasterxml/jackson/annotation/JsonAutoDetect$Visibility
instanceKlass com/fasterxml/jackson/annotation/Nulls
instanceKlass com/fasterxml/jackson/annotation/JsonInclude$Include
instanceKlass jdk/internal/math/FormattedFloatingDecimal$Form
instanceKlass org/sparkproject/guava/cache/LocalCache$NullEntry
instanceKlass org/sparkproject/guava/util/concurrent/AbstractFutureState$VarHandleAtomicHelperMaker
instanceKlass org/apache/spark/launcher/SparkAppHandle$State
instanceKlass org/apache/spark/memory/MemoryMode
instanceKlass java/util/Comparators$NaturalOrderComparator
instanceKlass org/sparkproject/jetty/http/pathmap/PathSpecGroup
instanceKlass jakarta/servlet/DispatcherType
instanceKlass org/sparkproject/jetty/util/thread/strategy/AdaptiveExecutionStrategy$State
instanceKlass org/sparkproject/jetty/http/HttpMethod$Type
instanceKlass org/sparkproject/jetty/http/HttpMethod
instanceKlass org/sparkproject/jetty/http/MultiPartCompliance$Violation
instanceKlass org/sparkproject/jetty/http/CookieCompliance$Violation
instanceKlass org/sparkproject/jetty/http/UriCompliance$Violation
instanceKlass org/sparkproject/jetty/http/HttpCompliance$Violation
instanceKlass org/sparkproject/jetty/http/HttpScheme
instanceKlass org/sparkproject/jetty/util/ConcurrentPool$StrategyType
instanceKlass com/sun/management/VMOption$Origin
instanceKlass java/lang/management/MemoryType
instanceKlass org/sparkproject/jetty/ee10/servlet/Source$Origin
instanceKlass org/sparkproject/jetty/ee10/servlet/ServletContextHandler$ContextStatus
instanceKlass org/sparkproject/jetty/server/handler/ContextHandler$Availability
instanceKlass org/sparkproject/jetty/http/HttpVersion
instanceKlass org/sparkproject/jetty/http/HttpHeader
instanceKlass org/sparkproject/jetty/http/MimeTypes$Type
instanceKlass org/sparkproject/jetty/util/component/ContainerLifeCycle$Managed
instanceKlass org/sparkproject/jetty/util/thread/Invocable$InvocationType
instanceKlass org/sparkproject/jetty/util/component/AbstractLifeCycle$State
instanceKlass org/sparkproject/guava/cache/LocalCache$EntryFactory
instanceKlass org/sparkproject/guava/cache/CacheBuilder$NullListener
instanceKlass org/sparkproject/guava/cache/CacheBuilder$OneWeigher
instanceKlass org/sparkproject/guava/cache/LocalCache$Strength
instanceKlass org/apache/commons/collections4/map/AbstractReferenceMap$ReferenceStrength
instanceKlass java/lang/Thread$State
instanceKlass io/netty/channel/DefaultChannelPipeline$AddStrategy
instanceKlass io/netty/channel/socket/InternetProtocolFamily
instanceKlass io/netty/channel/socket/SocketProtocolFamily
instanceKlass io/netty/util/ResourceLeakDetector$Level
instanceKlass jdk/jfr/internal/LogTag
instanceKlass java/nio/file/AccessMode
instanceKlass org/apache/spark/network/util/IOMode
instanceKlass org/apache/hadoop/security/UserGroupInformation$LoginParam
instanceKlass java/lang/invoke/MethodHandleImpl$ArrayAccess
instanceKlass org/apache/hadoop/thirdparty/com/google/common/cache/LocalCache$EntryFactory
instanceKlass org/apache/hadoop/thirdparty/com/google/common/cache/CacheBuilder$NullListener
instanceKlass org/apache/hadoop/thirdparty/com/google/common/cache/CacheBuilder$OneWeigher
instanceKlass org/apache/hadoop/thirdparty/com/google/common/cache/LocalCache$Strength
instanceKlass org/apache/hadoop/security/SaslRpcServer$AuthMethod
instanceKlass org/apache/hadoop/security/UserGroupInformation$AuthenticationMethod
instanceKlass org/apache/hadoop/metrics2/annotation/Metric$Type
instanceKlass org/apache/hadoop/metrics2/lib/Interns$Tags
instanceKlass org/apache/hadoop/metrics2/impl/MsInfo
instanceKlass org/apache/hadoop/metrics2/lib/DefaultMetricsFactory
instanceKlass org/apache/hadoop/metrics2/lib/Interns$Info
instanceKlass org/apache/hadoop/metrics2/lib/DefaultMetricsSystem
instanceKlass org/apache/spark/internal/LogKeys
instanceKlass java/net/StandardProtocolFamily
instanceKlass org/apache/hadoop/conf/Configuration$ParsedTimeDuration
instanceKlass org/apache/logging/log4j/core/async/ThreadNameCachingStrategy
instanceKlass org/apache/hadoop/util/Shell$OSType
instanceKlass java/lang/constant/DirectMethodHandleDesc$Kind
instanceKlass java/lang/invoke/VarHandle$VarHandleDesc$Kind
instanceKlass java/security/DrbgParameters$Capability
instanceKlass sun/security/util/KnownOIDs
instanceKlass org/apache/hadoop/thirdparty/com/google/common/collect/MapMakerInternalMap$Strength
instanceKlass org/apache/logging/log4j/core/Filter$Result
instanceKlass org/apache/logging/log4j/core/pattern/NameAbbreviator$MaxElementAbbreviator$Strategy
instanceKlass java/time/format/TextStyle
instanceKlass java/time/format/DateTimeFormatterBuilder$SettingsParser
instanceKlass java/time/format/ResolverStyle
instanceKlass java/time/format/SignStyle
instanceKlass java/time/temporal/JulianFields$Field
instanceKlass java/time/temporal/IsoFields$Unit
instanceKlass java/time/temporal/IsoFields$Field
instanceKlass java/time/temporal/ChronoField
instanceKlass org/apache/logging/log4j/core/pattern/PatternParser$ParserState
instanceKlass java/lang/annotation/ElementType
instanceKlass org/apache/logging/log4j/core/config/LoggerConfig$LoggerConfigPredicate
instanceKlass sun/util/logging/PlatformLogger$Level
instanceKlass java/lang/System$Logger$Level
instanceKlass jdk/internal/logger/BootstrapLogger$LoggingBackend
instanceKlass org/apache/spark/network/shuffledb/DBBackend
instanceKlass java/time/temporal/ChronoUnit
instanceKlass org/sparkproject/guava/collect/MapMakerInternalMap$Strength
instanceKlass java/util/stream/MatchOps$MatchKind
instanceKlass org/apache/spark/network/util/ByteUnit
instanceKlass java/util/Locale$Category
instanceKlass com/fasterxml/jackson/dataformat/yaml/YAMLGenerator$Feature
instanceKlass com/fasterxml/jackson/dataformat/yaml/YAMLParser$Feature
instanceKlass com/fasterxml/jackson/core/JsonGenerator$Feature
instanceKlass com/fasterxml/jackson/core/JsonParser$Feature
instanceKlass com/fasterxml/jackson/core/JsonFactory$Feature
instanceKlass com/fasterxml/jackson/core/StreamReadCapability
instanceKlass com/fasterxml/jackson/core/Base64Variant$PaddingReadBehaviour
instanceKlass sun/util/locale/provider/LocaleProviderAdapter$Type
instanceKlass com/fasterxml/jackson/databind/util/internal/PrivateMaxEntriesMap$DrainStatus
instanceKlass java/lang/annotation/RetentionPolicy
instanceKlass org/apache/logging/log4j/core/appender/ConsoleAppender$Target
instanceKlass org/apache/logging/log4j/core/LifeCycle$State
instanceKlass java/lang/StackStreamFactory$WalkerState
instanceKlass java/lang/StackWalker$ExtendedOption
instanceKlass java/lang/StackWalker$Option
instanceKlass org/slf4j/helpers/Reporter$Level
instanceKlass org/slf4j/helpers/Reporter$TargetChoice
instanceKlass org/apache/logging/log4j/spi/StandardLevel
instanceKlass java/util/regex/Pattern$Qtype
instanceKlass java/math/RoundingMode
instanceKlass org/slf4j/event/Level
instanceKlass java/util/concurrent/TimeUnit
instanceKlass java/nio/file/LinkOption
instanceKlass sun/nio/fs/WindowsPathType
instanceKlass java/nio/file/StandardOpenOption
instanceKlass java/util/stream/Collector$Characteristics
instanceKlass java/util/stream/StreamShape
instanceKlass java/lang/invoke/MethodHandles$Lookup$ClassOption
instanceKlass java/lang/invoke/VarHandle$AccessType
instanceKlass java/lang/invoke/VarHandle$AccessMode
instanceKlass java/lang/invoke/MethodHandleImpl$Intrinsic
instanceKlass java/lang/invoke/LambdaForm$BasicType
instanceKlass java/lang/invoke/LambdaForm$Kind
instanceKlass sun/invoke/util/Wrapper
instanceKlass java/util/stream/StreamOpFlag$Type
instanceKlass java/util/stream/StreamOpFlag
instanceKlass java/io/File$PathStatus
instanceKlass java/lang/module/ModuleDescriptor$Requires$Modifier
instanceKlass java/lang/module/ModuleDescriptor$Modifier
ciInstanceKlass java/lang/Enum 1 1 188 9 7 12 1 1 1 9 12 1 1 10 7 12 1 1 1 10 12 1 1 7 1 10 10 12 1 1 10 12 1 100 1 10 10 7 12 1 1 10 12 1 1 18 12 1 1 10 100 12 1 1 1 10 12 1 1 11 7 12 1 1 1 7 1 8 1 10 12 1 100 1 100 1 10 8 1 10 12 1 1 10 12 1 1 8 1 10 12 1 10 100 1 8 1 10 10 12 1 1 10 100 12 1 1 1 100 1 100 1 100 1 1 1 1 1 1 1 1 1 1 1 1 1 1 1 1 1 1 1 1 1 1 1 1 1 1 1 1 1 1 1 1 1 1 1 1 1 1 1 1 1 7 1 7 1 1 7 1 1 1 1 1 1 1 1 1 1 1 15 10 100 12 1 1 1 16 15 10 12 16 1 1 100 1 100 1 1
ciInstanceKlass java/lang/System 1 1 803 10 100 12 1 1 1 9 7 12 1 1 1 10 12 1 10 12 1 1 10 12 1 1 10 12 1 9 12 1 1 10 7 12 1 1 1 11 7 12 1 1 1 10 100 12 1 1 1 10 12 1 1 10 12 1 1 100 1 8 1 10 12 1 10 100 12 1 1 1 10 7 12 1 1 1 18 12 1 1 10 100 12 1 1 1 100 1 10 12 1 1 10 100 12 1 1 1 10 12 1 10 7 12 1 1 1 9 100 12 1 1 1 10 100 12 1 1 1 11 7 12 1 1 1 10 12 1 1 10 7 12 1 1 1 100 1 10 10 12 1 1 8 1 10 12 1 8 1 10 12 1 9 12 1 1 8 1 10 7 12 1 1 1 10 12 1 1 100 1 8 1 10 9 12 1 1 8 1 10 12 1 1 10 100 12 1 1 1 8 1 10 12 1 100 1 10 12 1 8 1 10 12 1 10 12 1 1 100 1 10 12 10 12 1 9 12 1 1 9 12 1 1 10 7 12 1 1 1 10 7 12 1 1 1 10 12 1 1 10 12 1 10 12 1 10 7 12 1 1 1 10 12 1 100 1 100 1 8 1 10 12 1 10 12 1 1 7 1 10 12 1 100 1 8 1 10 10 12 1 100 1 8 1 10 8 1 10 7 12 1 1 8 1 10 12 100 1 8 1 10 10 12 1 1 10 7 12 1 1 1 100 1 18 12 1 100 1 9 100 12 1 1 1 10 12 1 100 1 10 12 1 1 10 12 1 1 10 7 12 1 1 1 10 12 1 1 10 12 1 10 12 1 10 12 1 1 10 12 1 7 1 10 12 1 10 12 1 100 1 10 12 1 10 7 12 1 1 1 100 1 8 1 10 9 12 1 9 12 1 10 12 1 10 100 12 1 1 10 12 1 10 12 1 1 8 1 10 12 1 1 8 1 11 12 1 10 12 11 12 1 1 11 7 12 1 1 1 11 7 12 1 1 11 12 1 1 7 1 11 12 1 10 12 1 8 1 10 12 1 1 8 1 8 1 8 1 8 1 11 12 1 10 12 1 10 12 1 10 12 1 10 7 12 1 1 8 1 7 1 9 7 12 1 1 1 10 12 1 7 1 9 12 10 9 12 7 1 10 12 8 1 10 12 1 1 8 1 10 7 12 1 1 10 12 1 10 7 12 1 1 1 10 12 1 1 10 7 12 1 1 1 10 12 10 7 12 1 1 1 9 12 1 1 100 1 8 1 10 12 1 1 10 7 12 1 1 1 7 1 10 12 1 1 8 1 10 8 1 8 1 8 1 8 1 10 10 7 12 1 1 10 12 1 1 10 12 1 1 10 12 1 1 10 12 1 10 100 12 1 1 1 10 100 1 8 1 10 10 10 12 1 1 10 12 1 1 8 1 10 12 1 8 1 10 12 1 10 12 1 1 7 1 10 10 12 1 10 12 1 9 12 1 1 1 3 1 3 1 1 1 1 1 1 1 1 1 1 1 1 100 1 1 7 1 1 1 1 1 1 1 1 1 1 1 100 1 100 1 1 1 1 1 1 1 1 1 1 1 1 1 1 1 1 1 1 1 1 1 1 1 1 1 1 1 1 1 1 1 1 1 1 1 1 1 1 1 1 1 1 1 1 1 1 1 1 1 1 1 1 1 1 1 1 1 1 100 1 1 1 1 1 1 1 1 1 1 1 1 1 1 1 1 1 1 1 1 1 1 1 1 1 1 1 1 1 1 1 1 1 100 1 1 15 10 100 12 1 1 1 16 15 10 12 1 1 16 15 10 12 16 1 1 1 1 1 1 1 100 1 100 1 1
staticfield java/lang/System in Ljava/io/InputStream; java/io/BufferedInputStream
staticfield java/lang/System out Ljava/io/PrintStream; java/io/PrintStream
staticfield java/lang/System err Ljava/io/PrintStream; java/io/PrintStream
instanceKlass org/codehaus/commons/compiler/util/reflect/ByteArrayClassLoader
instanceKlass org/apache/spark/util/ParentClassLoader
instanceKlass com/ibm/icu/impl/ClassLoaderUtil$BootstrapClassLoader
instanceKlass scala/reflect/internal/util/AbstractFileClassLoader
instanceKlass org/apache/spark/util/StubClassLoader
instanceKlass org/apache/spark/executor/ExecutorClassLoader
instanceKlass jdk/internal/reflect/DelegatingClassLoader
instanceKlass java/security/SecureClassLoader
ciInstanceKlass java/lang/ClassLoader 1 1 1098 9 7 12 1 1 1 10 7 12 1 1 1 9 12 1 1 10 7 12 1 1 1 7 1 10 12 1 1 10 12 1 1 9 12 1 1 10 12 1 1 100 1 10 12 1 10 12 1 1 10 7 12 1 1 1 100 1 8 1 10 12 1 10 7 12 1 1 1 10 100 12 1 10 7 1 10 7 1 7 1 7 1 10 12 1 10 12 1 9 12 1 1 10 10 7 12 1 1 1 9 12 1 1 9 12 1 9 12 1 1 9 12 1 9 12 1 1 9 12 1 1 7 1 10 12 1 9 12 1 1 10 12 1 1 10 7 12 1 1 1 9 12 1 9 12 1 1 9 12 1 10 12 1 1 9 12 10 12 1 1 7 1 10 8 1 10 12 1 1 10 12 1 10 7 1 7 1 10 12 1 1 10 7 12 1 1 1 8 1 10 12 1 10 12 1 10 12 1 1 10 12 1 1 10 12 1 1 10 12 1 1 10 12 1 1 10 12 1 7 1 10 12 1 10 7 12 1 1 1 10 12 1 1 10 12 1 10 12 1 10 12 1 10 12 1 10 12 1 1 10 10 12 1 10 12 1 10 100 12 1 1 10 12 1 1 10 12 1 1 10 12 1 100 1 10 12 1 100 1 10 12 1 10 100 12 1 1 1 10 10 12 1 1 10 12 1 1 100 1 8 1 10 8 1 10 12 1 10 12 1 100 1 8 1 10 12 1 1 10 12 1 1 10 10 12 1 1 10 12 1 1 10 12 1 1 10 7 1 10 12 1 1 10 12 1 1 10 12 1 1 10 12 1 1 10 12 1 1 10 12 1 1 10 12 1 10 7 12 1 1 1 10 12 1 10 12 1 10 12 1 1 10 12 1 10 12 1 10 12 1 10 12 1 1 10 12 1 10 12 1 1 8 1 9 12 1 10 12 1 1 8 1 8 1 10 7 12 1 1 100 1 10 10 12 10 12 1 10 12 1 10 12 1 10 12 1 1 10 7 12 1 1 10 12 1 10 7 1 7 1 10 12 1 1 10 12 1 10 7 1 10 12 1 100 1 18 12 1 10 100 12 1 1 1 10 100 12 1 1 1 10 7 12 1 1 10 12 1 1 10 12 1 10 12 1 1 100 1 10 12 1 10 12 1 1 10 7 12 1 1 10 12 1 8 1 100 1 10 10 12 1 9 12 1 10 7 12 1 1 10 12 1 100 1 8 1 10 12 1 10 8 1 8 1 10 12 1 1 10 12 1 1 10 12 1 1 10 100 12 1 1 1 100 1 100 1 10 12 1 1 100 1 100 1 10 100 12 1 1 10 12 1 10 12 1 1 10 12 1 10 12 1 1 10 12 1 1 9 100 12 1 1 1 10 12 1 1 10 12 1 10 12 1 10 12 1 1 10 12 1 8 1 10 12 1 7 1 18 12 1 1 10 12 1 1 10 12 1 10 12 1 10 12 1 8 1 10 12 1 10 12 1 18 12 1 11 100 12 1 1 1 100 1 10 12 1 1 10 12 1 10 11 12 1 1 10 18 10 12 1 1 11 100 12 1 18 12 1 11 12 1 1 10 12 10 12 1 1 10 12 1 1 7 1 8 1 10 10 12 1 8 1 8 1 10 7 12 1 1 10 12 1 100 1 10 10 12 1 8 1 8 1 8 1 10 12 1 10 12 1 1 10 12 1 10 100 12 1 1 1 11 100 12 1 1 100 1 10 11 10 12 1 10 12 1 10 12 1 1 9 100 12 1 1 9 12 1 1 9 12 9 12 1 9 12 1 9 12 1 8 10 12 1 1 10 7 12 1 1 1 10 12 1 1 10 12 1 1 10 12 1 10 10 12 1 11 12 1 1 10 100 12 1 1 1 100 1 10 12 1 10 12 1 10 12 1 1 1 1 1 1 1 1 1 1 1 1 1 1 1 1 1 1 1 1 1 1 1 1 1 1 1 1 100 1 1 1 1 1 1 1 1 1 1 1 1 1 1 1 1 1 1 1 1 1 100 1 1 1 1 1 1 1 1 1 1 100 1 1 1 1 1 1 1 1 1 1 1 1 1 1 1 1 1 1 1 1 1 1 1 1 1 1 1 1 1 1 1 1 1 1 1 1 1 1 1 1 1 100 1 1 1 1 1 1 1 1 1 1 1 1 1 1 1 1 1 1 100 1 1 1 1 1 1 1 1 1 1 1 1 1 1 1 1 1 1 1 1 1 1 1 1 1 1 1 1 1 1 1 1 1 1 1 1 1 1 1 1 1 1 1 1 1 1 1 1 1 1 1 100 1 1 1 1 1 1 1 1 1 1 1 1 1 1 1 1 1 1 1 1 1 1 1 1 1 1 1 1 1 1 1 1 1 1 1 1 1 1 1 1 1 1 1 1 1 1 15 10 7 12 1 1 1 16 1 15 10 12 16 1 16 15 10 12 16 1 16 1 15 10 12 16 15 10 12 16 15 10 12 16 1 1 100 1 100 1 1
staticfield java/lang/ClassLoader nocerts [Ljava/security/cert/Certificate; 0 [Ljava/security/cert/Certificate;
staticfield java/lang/ClassLoader $assertionsDisabled Z 1
ciInstanceKlass jdk/internal/reflect/DelegatingClassLoader 1 1 18 10 7 12 1 1 1 100 1 1 1 1 1 1 1 1 1 1
instanceKlass sun/reflect/misc/MethodUtil
instanceKlass java/net/URLClassLoader
instanceKlass jdk/internal/loader/BuiltinClassLoader
ciInstanceKlass java/security/SecureClassLoader 1 1 102 10 7 12 1 1 1 7 1 10 12 1 9 7 12 1 1 1 10 12 1 10 12 1 10 12 1 1 10 12 1 1 10 12 1 7 1 10 7 1 10 12 1 7 1 10 12 1 11 7 12 1 1 1 7 1 11 12 1 10 12 1 1 1 1 1 1 1 1 1 1 1 1 1 1 1 1 1 1 1 1 1 1 1 1 1 1 1 1 1 1 1 1 1 1 1 1 100 1 1 1 1
instanceKlass jdk/internal/loader/ClassLoaders$BootClassLoader
instanceKlass jdk/internal/loader/ClassLoaders$PlatformClassLoader
instanceKlass jdk/internal/loader/ClassLoaders$AppClassLoader
ciInstanceKlass jdk/internal/loader/BuiltinClassLoader 1 1 737 9 7 12 1 1 1 10 7 12 1 1 1 10 7 12 1 1 1 9 12 1 1 9 12 1 1 7 1 10 12 1 9 12 1 10 12 1 9 12 1 10 7 12 1 1 1 10 7 12 1 1 1 10 7 12 1 1 1 11 7 12 1 1 1 100 1 100 1 10 10 12 1 1 8 1 10 12 1 10 12 7 1 10 12 1 10 12 1 1 11 7 12 1 1 1 11 7 12 1 1 1 11 12 1 1 7 1 8 1 8 1 10 9 12 1 1 10 7 12 1 1 11 12 1 1 10 12 1 1 10 12 1 1 10 12 1 1 10 7 12 1 1 1 10 12 1 10 7 12 1 1 1 10 12 1 1 11 7 12 1 1 1 10 7 12 1 1 7 1 10 7 12 1 1 1 10 12 1 100 1 8 1 10 12 1 1 10 8 1 10 12 1 1 10 12 1 1 10 12 1 1 11 7 12 1 1 11 12 1 7 1 10 11 12 1 1 11 10 12 1 1 7 1 10 12 1 10 7 12 1 10 12 1 7 1 10 12 1 10 7 12 1 1 1 100 1 10 12 1 1 11 12 1 100 1 100 1 10 12 1 10 12 1 1 100 1 100 1 10 12 1 10 12 1 18 12 1 1 10 12 1 10 12 1 1 18 100 1 10 7 12 1 1 1 7 1 10 10 12 1 1 10 12 1 1 10 12 1 1 10 12 1 9 12 1 1 100 1 10 10 12 1 1 10 12 1 1 10 12 1 10 12 10 12 1 1 10 12 1 1 10 12 1 1 10 12 1 10 12 1 1 18 12 1 7 1 10 12 1 1 10 12 1 10 12 1 1 10 12 1 100 1 10 12 1 7 1 10 12 1 10 7 12 1 1 1 10 12 1 11 12 1 7 1 10 12 1 7 1 100 1 10 12 1 10 12 1 11 12 1 1 10 12 1 1 10 12 1 1 10 12 1 1 10 12 1 1 10 12 1 10 12 1 10 12 1 10 12 1 8 1 10 12 1 1 10 7 12 1 1 10 12 1 100 1 8 1 8 1 10 10 12 1 8 1 8 1 10 7 12 1 1 1 11 7 12 1 1 1 9 7 12 1 1 1 10 7 12 1 1 1 9 12 1 9 12 1 9 12 1 9 12 1 9 12 1 9 12 1 10 7 12 1 1 1 8 1 10 12 1 7 1 10 12 1 1 10 12 1 7 1 10 11 12 1 1 10 12 10 12 1 10 12 1 100 1 10 12 1 10 12 1 10 10 12 1 10 7 12 1 1 8 1 10 7 12 1 1 10 12 1 1 1 1 1 1 1 1 1 1 1 1 1 1 1 1 1 1 1 1 1 1 1 1 1 1 1 1 1 1 1 1 1 1 1 1 1 1 1 1 1 1 1 1 1 1 1 1 1 1 1 1 1 1 1 1 100 1 1 1 1 1 1 1 1 1 1 1 1 1 1 1 1 1 1 100 1 100 1 1 1 1 1 1 1 1 1 1 1 1 1 1 1 1 1 1 1 1 1 1 1 1 1 1 1 1 1 1 1 1 1 1 1 1 1 1 1 1 1 1 1 1 1 1 1 1 1 1 1 100 1 1 15 10 100 12 1 1 1 16 15 10 12 16 15 10 12 16 15 10 12 16 1 1 1 100 1 1 1 1 1 100 1 100 1 1
staticfield jdk/internal/loader/BuiltinClassLoader packageToModule Ljava/util/Map; java/util/concurrent/ConcurrentHashMap
staticfield jdk/internal/loader/BuiltinClassLoader $assertionsDisabled Z 1
ciInstanceKlass java/security/AccessController 1 1 295 10 100 12 1 1 1 10 7 12 1 1 1 10 7 12 1 1 1 10 12 1 1 10 12 1 1 10 7 12 1 1 1 10 12 1 1 10 12 1 10 12 1 1 10 12 1 100 1 8 1 10 12 1 10 12 1 10 12 1 1 10 12 1 7 1 7 1 10 12 1 1 10 12 1 10 12 1 10 12 1 1 10 7 12 1 1 1 10 12 1 1 9 100 12 1 1 1 10 100 12 1 1 1 10 12 1 10 12 1 9 100 12 1 1 1 10 12 1 10 12 1 1 9 12 1 1 10 100 1 10 11 7 12 1 1 1 10 7 12 1 1 11 7 1 7 1 10 12 1 10 12 1 10 12 1 8 1 10 12 1 1 8 1 10 100 12 1 1 1 8 1 100 1 10 10 12 1 1 10 12 1 10 7 12 1 1 1 10 12 1 8 1 10 100 12 1 1 8 1 8 1 10 12 1 8 1 10 12 1 10 12 1 1 10 12 1 1 1 1 1 1 1 1 1 1 1 1 1 1 1 1 1 1 1 1 1 1 1 1 1 1 1 1 100 1 1 1 1 1 1 1 1 1 1 1 1 1 1 1 1 1 1 1 1 1 1 1 1 1 1 1 1 1 1 1 1 1 1 100 1 100 1 1 1 1 1 1 1 1 1 3 1 1 1
staticfield java/security/AccessController $assertionsDisabled Z 1
instanceKlass jdk/internal/reflect/GeneratedConstructorAccessor89
instanceKlass jdk/internal/reflect/GeneratedConstructorAccessor88
instanceKlass jdk/internal/reflect/GeneratedConstructorAccessor87
instanceKlass jdk/internal/reflect/GeneratedConstructorAccessor86
instanceKlass jdk/internal/reflect/GeneratedConstructorAccessor85
instanceKlass jdk/internal/reflect/GeneratedConstructorAccessor84
instanceKlass jdk/internal/reflect/GeneratedConstructorAccessor83
instanceKlass jdk/internal/reflect/GeneratedConstructorAccessor82
instanceKlass jdk/internal/reflect/GeneratedConstructorAccessor81
instanceKlass jdk/internal/reflect/GeneratedConstructorAccessor80
instanceKlass jdk/internal/reflect/GeneratedConstructorAccessor79
instanceKlass jdk/internal/reflect/GeneratedConstructorAccessor78
instanceKlass jdk/internal/reflect/GeneratedConstructorAccessor77
instanceKlass jdk/internal/reflect/GeneratedConstructorAccessor76
instanceKlass jdk/internal/reflect/GeneratedConstructorAccessor75
instanceKlass jdk/internal/reflect/GeneratedConstructorAccessor74
instanceKlass jdk/internal/reflect/GeneratedConstructorAccessor73
instanceKlass jdk/internal/reflect/GeneratedConstructorAccessor72
instanceKlass jdk/internal/reflect/GeneratedConstructorAccessor71
instanceKlass jdk/internal/reflect/GeneratedConstructorAccessor70
instanceKlass jdk/internal/reflect/GeneratedConstructorAccessor69
instanceKlass jdk/internal/reflect/GeneratedConstructorAccessor68
instanceKlass jdk/internal/reflect/GeneratedConstructorAccessor67
instanceKlass jdk/internal/reflect/GeneratedConstructorAccessor66
instanceKlass jdk/internal/reflect/GeneratedConstructorAccessor65
instanceKlass jdk/internal/reflect/GeneratedConstructorAccessor64
instanceKlass jdk/internal/reflect/GeneratedConstructorAccessor63
instanceKlass jdk/internal/reflect/GeneratedConstructorAccessor62
instanceKlass jdk/internal/reflect/GeneratedConstructorAccessor61
instanceKlass jdk/internal/reflect/GeneratedConstructorAccessor60
instanceKlass jdk/internal/reflect/GeneratedConstructorAccessor59
instanceKlass jdk/internal/reflect/GeneratedConstructorAccessor58
instanceKlass jdk/internal/reflect/GeneratedConstructorAccessor57
instanceKlass jdk/internal/reflect/GeneratedConstructorAccessor56
instanceKlass jdk/internal/reflect/GeneratedConstructorAccessor55
instanceKlass jdk/internal/reflect/GeneratedConstructorAccessor54
instanceKlass jdk/internal/reflect/GeneratedConstructorAccessor53
instanceKlass jdk/internal/reflect/GeneratedConstructorAccessor52
instanceKlass jdk/internal/reflect/GeneratedConstructorAccessor51
instanceKlass jdk/internal/reflect/GeneratedConstructorAccessor50
instanceKlass jdk/internal/reflect/GeneratedConstructorAccessor49
instanceKlass jdk/internal/reflect/GeneratedConstructorAccessor48
instanceKlass jdk/internal/reflect/GeneratedConstructorAccessor47
instanceKlass jdk/internal/reflect/GeneratedConstructorAccessor46
instanceKlass jdk/internal/reflect/GeneratedConstructorAccessor45
instanceKlass jdk/internal/reflect/GeneratedConstructorAccessor44
instanceKlass jdk/internal/reflect/GeneratedConstructorAccessor43
instanceKlass jdk/internal/reflect/GeneratedConstructorAccessor42
instanceKlass jdk/internal/reflect/GeneratedConstructorAccessor41
instanceKlass jdk/internal/reflect/GeneratedConstructorAccessor40
instanceKlass jdk/internal/reflect/GeneratedConstructorAccessor39
instanceKlass jdk/internal/reflect/GeneratedConstructorAccessor38
instanceKlass jdk/internal/reflect/GeneratedConstructorAccessor37
instanceKlass jdk/internal/reflect/GeneratedConstructorAccessor36
instanceKlass jdk/internal/reflect/SerializationConstructorAccessorImpl
instanceKlass jdk/internal/reflect/GeneratedConstructorAccessor35
instanceKlass jdk/internal/reflect/GeneratedConstructorAccessor34
instanceKlass jdk/internal/reflect/GeneratedConstructorAccessor33
instanceKlass jdk/internal/reflect/GeneratedConstructorAccessor32
instanceKlass jdk/internal/reflect/GeneratedConstructorAccessor31
instanceKlass jdk/internal/reflect/GeneratedConstructorAccessor30
instanceKlass jdk/internal/reflect/GeneratedConstructorAccessor29
instanceKlass jdk/internal/reflect/GeneratedConstructorAccessor28
instanceKlass jdk/internal/reflect/GeneratedConstructorAccessor27
instanceKlass jdk/internal/reflect/GeneratedConstructorAccessor26
instanceKlass jdk/internal/reflect/GeneratedConstructorAccessor25
instanceKlass jdk/internal/reflect/GeneratedConstructorAccessor24
instanceKlass jdk/internal/reflect/GeneratedConstructorAccessor23
instanceKlass jdk/internal/reflect/GeneratedConstructorAccessor22
instanceKlass jdk/internal/reflect/GeneratedConstructorAccessor21
instanceKlass jdk/internal/reflect/GeneratedConstructorAccessor20
instanceKlass jdk/internal/reflect/GeneratedConstructorAccessor19
instanceKlass jdk/internal/reflect/GeneratedConstructorAccessor18
instanceKlass jdk/internal/reflect/GeneratedConstructorAccessor17
instanceKlass jdk/internal/reflect/GeneratedConstructorAccessor16
instanceKlass jdk/internal/reflect/GeneratedConstructorAccessor15
instanceKlass jdk/internal/reflect/GeneratedConstructorAccessor14
instanceKlass jdk/internal/reflect/GeneratedConstructorAccessor13
instanceKlass jdk/internal/reflect/GeneratedConstructorAccessor12
instanceKlass jdk/internal/reflect/GeneratedConstructorAccessor11
instanceKlass jdk/internal/reflect/GeneratedConstructorAccessor10
instanceKlass jdk/internal/reflect/GeneratedConstructorAccessor9
instanceKlass jdk/internal/reflect/GeneratedConstructorAccessor8
instanceKlass jdk/internal/reflect/GeneratedConstructorAccessor7
instanceKlass jdk/internal/reflect/GeneratedConstructorAccessor6
instanceKlass jdk/internal/reflect/GeneratedConstructorAccessor5
instanceKlass jdk/internal/reflect/GeneratedConstructorAccessor4
instanceKlass jdk/internal/reflect/GeneratedConstructorAccessor3
instanceKlass jdk/internal/reflect/GeneratedConstructorAccessor2
instanceKlass jdk/internal/reflect/BootstrapConstructorAccessorImpl
instanceKlass jdk/internal/reflect/GeneratedConstructorAccessor1
instanceKlass jdk/internal/reflect/DelegatingConstructorAccessorImpl
instanceKlass jdk/internal/reflect/NativeConstructorAccessorImpl
ciInstanceKlass jdk/internal/reflect/ConstructorAccessorImpl 1 1 27 10 7 12 1 1 1 100 1 100 1 1 1 1 1 1 1 1 1 100 1 100 1 100 1 1 1
instanceKlass jdk/internal/reflect/FieldAccessorImpl
instanceKlass jdk/internal/reflect/ConstructorAccessorImpl
instanceKlass jdk/internal/reflect/MethodAccessorImpl
ciInstanceKlass jdk/internal/reflect/MagicAccessorImpl 1 1 16 10 7 12 1 1 1 100 1 1 1 1 1 1 1 1
instanceKlass jdk/internal/reflect/GeneratedMethodAccessor79
instanceKlass jdk/internal/reflect/GeneratedMethodAccessor78
instanceKlass jdk/internal/reflect/GeneratedMethodAccessor77
instanceKlass jdk/internal/reflect/GeneratedMethodAccessor76
instanceKlass jdk/internal/reflect/GeneratedMethodAccessor75
instanceKlass jdk/internal/reflect/GeneratedMethodAccessor74
instanceKlass jdk/internal/reflect/GeneratedMethodAccessor73
instanceKlass jdk/internal/reflect/GeneratedMethodAccessor72
instanceKlass jdk/internal/reflect/GeneratedMethodAccessor71
instanceKlass jdk/internal/reflect/GeneratedMethodAccessor70
instanceKlass jdk/internal/reflect/GeneratedMethodAccessor69
instanceKlass jdk/internal/reflect/GeneratedMethodAccessor68
instanceKlass jdk/internal/reflect/GeneratedMethodAccessor67
instanceKlass jdk/internal/reflect/GeneratedMethodAccessor66
instanceKlass jdk/internal/reflect/GeneratedMethodAccessor65
instanceKlass jdk/internal/reflect/GeneratedMethodAccessor64
instanceKlass jdk/internal/reflect/GeneratedMethodAccessor63
instanceKlass jdk/internal/reflect/GeneratedMethodAccessor62
instanceKlass jdk/internal/reflect/GeneratedMethodAccessor61
instanceKlass jdk/internal/reflect/GeneratedMethodAccessor60
instanceKlass jdk/internal/reflect/GeneratedMethodAccessor59
instanceKlass jdk/internal/reflect/GeneratedMethodAccessor58
instanceKlass jdk/internal/reflect/GeneratedMethodAccessor57
instanceKlass jdk/internal/reflect/GeneratedMethodAccessor56
instanceKlass jdk/internal/reflect/GeneratedMethodAccessor55
instanceKlass jdk/internal/reflect/GeneratedMethodAccessor54
instanceKlass jdk/internal/reflect/GeneratedMethodAccessor53
instanceKlass jdk/internal/reflect/GeneratedMethodAccessor52
instanceKlass jdk/internal/reflect/GeneratedMethodAccessor51
instanceKlass jdk/internal/reflect/GeneratedMethodAccessor50
instanceKlass jdk/internal/reflect/GeneratedMethodAccessor49
instanceKlass jdk/internal/reflect/GeneratedMethodAccessor48
instanceKlass jdk/internal/reflect/GeneratedMethodAccessor47
instanceKlass jdk/internal/reflect/GeneratedMethodAccessor46
instanceKlass jdk/internal/reflect/GeneratedMethodAccessor45
instanceKlass jdk/internal/reflect/GeneratedMethodAccessor44
instanceKlass jdk/internal/reflect/GeneratedMethodAccessor43
instanceKlass jdk/internal/reflect/GeneratedMethodAccessor42
instanceKlass jdk/internal/reflect/GeneratedMethodAccessor41
instanceKlass jdk/internal/reflect/GeneratedMethodAccessor40
instanceKlass jdk/internal/reflect/GeneratedMethodAccessor39
instanceKlass jdk/internal/reflect/GeneratedMethodAccessor37
instanceKlass jdk/internal/reflect/GeneratedMethodAccessor38
instanceKlass jdk/internal/reflect/GeneratedMethodAccessor36
instanceKlass jdk/internal/reflect/GeneratedMethodAccessor35
instanceKlass jdk/internal/reflect/GeneratedMethodAccessor34
instanceKlass jdk/internal/reflect/GeneratedMethodAccessor33
instanceKlass jdk/internal/reflect/GeneratedMethodAccessor32
instanceKlass jdk/internal/reflect/GeneratedMethodAccessor31
instanceKlass jdk/internal/reflect/GeneratedMethodAccessor30
instanceKlass jdk/internal/reflect/GeneratedMethodAccessor29
instanceKlass jdk/internal/reflect/GeneratedMethodAccessor28
instanceKlass jdk/internal/reflect/GeneratedMethodAccessor27
instanceKlass jdk/internal/reflect/GeneratedMethodAccessor26
instanceKlass jdk/internal/reflect/GeneratedMethodAccessor25
instanceKlass jdk/internal/reflect/GeneratedMethodAccessor24
instanceKlass jdk/internal/reflect/GeneratedMethodAccessor23
instanceKlass jdk/internal/reflect/GeneratedMethodAccessor22
instanceKlass jdk/internal/reflect/GeneratedMethodAccessor21
instanceKlass jdk/internal/reflect/GeneratedMethodAccessor20
instanceKlass jdk/internal/reflect/GeneratedMethodAccessor18
instanceKlass jdk/internal/reflect/GeneratedMethodAccessor19
instanceKlass jdk/internal/reflect/GeneratedMethodAccessor17
instanceKlass jdk/internal/reflect/GeneratedMethodAccessor16
instanceKlass jdk/internal/reflect/GeneratedMethodAccessor15
instanceKlass jdk/internal/reflect/GeneratedMethodAccessor14
instanceKlass jdk/internal/reflect/GeneratedMethodAccessor13
instanceKlass jdk/internal/reflect/GeneratedMethodAccessor12
instanceKlass jdk/internal/reflect/GeneratedMethodAccessor11
instanceKlass jdk/internal/reflect/GeneratedMethodAccessor10
instanceKlass jdk/internal/reflect/GeneratedMethodAccessor9
instanceKlass jdk/internal/reflect/GeneratedMethodAccessor8
instanceKlass jdk/internal/reflect/GeneratedMethodAccessor7
instanceKlass jdk/internal/reflect/GeneratedMethodAccessor6
instanceKlass jdk/internal/reflect/GeneratedMethodAccessor5
instanceKlass jdk/internal/reflect/GeneratedMethodAccessor4
instanceKlass jdk/internal/reflect/GeneratedMethodAccessor3
instanceKlass jdk/internal/reflect/GeneratedMethodAccessor2
instanceKlass jdk/internal/reflect/GeneratedMethodAccessor1
instanceKlass jdk/internal/reflect/DelegatingMethodAccessorImpl
instanceKlass jdk/internal/reflect/NativeMethodAccessorImpl
ciInstanceKlass jdk/internal/reflect/MethodAccessorImpl 1 1 25 10 7 12 1 1 1 100 1 100 1 1 1 1 1 1 1 1 1 100 1 100 1 1 1
ciInstanceKlass java/lang/Module 1 1 959 10 7 12 1 1 1 9 7 12 1 1 1 10 7 12 1 1 1 9 12 1 9 12 1 1 9 12 1 1 10 12 1 1 10 12 1 10 12 1 1 10 7 12 1 1 1 7 1 10 7 12 1 1 1 10 12 1 1 11 7 12 1 1 1 10 12 1 1 10 7 12 1 1 1 10 12 1 1 10 7 12 1 1 1 9 100 12 1 1 1 10 100 12 1 1 1 10 12 1 8 1 10 7 12 1 1 1 10 7 12 1 1 1 9 12 1 1 9 12 1 1 10 12 1 9 12 1 1 11 12 1 9 7 12 1 1 10 7 12 1 1 1 10 7 12 1 1 1 10 12 1 1 100 1 7 1 10 10 12 1 1 8 1 10 12 1 10 12 10 12 1 10 12 1 1 10 12 1 1 10 12 1 1 9 7 12 1 1 1 10 12 1 1 10 12 1 1 9 12 1 10 12 1 10 12 1 9 12 1 1 11 7 12 1 1 10 12 1 1 9 12 1 9 12 1 10 12 1 10 12 1 100 1 8 1 10 10 12 1 1 10 12 1 8 1 10 12 1 1 8 1 8 1 10 12 1 1 10 12 1 10 12 1 1 18 12 1 1 10 12 1 1 11 12 1 9 12 1 11 12 10 100 12 1 1 100 1 8 1 10 7 1 11 12 1 1 10 12 1 10 12 1 10 12 1 1 11 12 1 1 11 7 12 1 1 11 12 1 1 9 12 1 11 12 1 10 12 1 1 10 12 1 1 9 12 1 10 12 10 7 12 1 1 10 7 12 1 1 10 7 1 18 12 1 1 11 100 12 1 1 1 18 12 1 11 12 1 1 10 100 12 1 1 1 11 12 1 1 10 7 12 1 1 4 7 1 11 12 1 7 1 7 1 10 10 7 12 1 1 1 10 11 7 12 1 8 1 10 10 12 1 1 10 7 12 1 1 10 12 1 10 12 1 7 1 10 12 1 10 11 12 1 1 10 12 10 12 1 1 9 12 1 100 1 10 10 12 1 1 11 100 1 10 12 1 1 11 12 1 10 10 12 1 11 10 12 1 1 10 12 1 1 10 12 1 1 10 7 12 1 1 10 12 1 10 12 1 1 10 10 12 1 1 10 12 1 18 12 1 11 12 1 18 12 1 10 12 1 10 12 1 10 12 7 1 10 12 1 10 12 1 10 12 1 9 12 1 7 1 10 10 10 10 12 1 10 12 1 10 12 1 10 12 1 1 10 12 1 1 10 12 1 9 12 1 18 12 1 1 10 100 12 1 1 1 100 1 8 1 10 12 1 1 10 12 1 1 10 100 12 1 1 100 1 10 12 1 1 100 1 8 1 100 1 10 100 1 100 1 3 10 12 1 100 1 10 12 1 10 12 1 1 10 12 1 1 100 1 10 12 1 10 12 1 1 100 1 100 1 10 12 8 1 10 12 1 1 10 12 1 1 10 7 12 1 1 10 12 1 1 10 12 1 10 12 10 12 1 1 100 1 10 10 12 1 1 10 100 12 1 1 1 100 1 8 1 10 12 1 1 10 7 12 1 1 8 1 10 12 1 8 1 10 12 1 10 12 10 12 1 8 1 10 10 100 12 1 1 7 1 10 10 12 1 10 7 12 1 1 9 12 1 9 12 1 9 12 1 9 12 1 10 12 11 12 1 10 12 1 100 1 1 1 1 1 1 1 1 1 1 1 1 1 1 1 1 100 1 1 1 1 1 1 1 1 1 1 1 1 1 1 1 1 1 1 1 1 1 1 1 1 1 1 1 1 1 1 1 1 1 1 1 1 1 1 1 1 1 1 1 1 1 1 1 1 1 1 1 1 1 1 1 1 1 1 1 1 1 1 1 1 1 1 1 1 1 1 1 1 1 1 1 1 1 1 1 1 1 1 1 100 100 1 1 1 1 1 1 1 1 1 1 1 1 1 1 1 1 1 1 1 1 1 1 1 1 1 1 1 1 1 1 1 1 1 1 100 1 100 1 100 1 1 1 1 1 1 1 1 1 1 1 1 1 1 1 1 1 1 1 1 1 1 1 1 1 1 1 1 15 10 7 12 1 1 1 16 15 10 12 16 16 15 10 12 16 16 15 10 16 1 15 10 12 16 1 15 10 12 16 1 16 15 10 12 16 1 1 1 1 1 1 1 100 1 100 1 1
staticfield java/lang/Module ALL_UNNAMED_MODULE Ljava/lang/Module; java/lang/Module
staticfield java/lang/Module ALL_UNNAMED_MODULE_SET Ljava/util/Set; java/util/ImmutableCollections$Set12
staticfield java/lang/Module EVERYONE_MODULE Ljava/lang/Module; java/lang/Module
staticfield java/lang/Module EVERYONE_SET Ljava/util/Set; java/util/ImmutableCollections$Set12
staticfield java/lang/Module $assertionsDisabled Z 1
instanceKlass io/netty/util/internal/RecyclableArrayList
instanceKlass org/sparkproject/jetty/server/handler/ContextHandlerCollection$Mapping
ciInstanceKlass java/util/ArrayList 1 1 492 10 7 12 1 1 1 7 1 9 7 12 1 1 1 9 12 1 100 1 100 1 10 8 1 10 12 1 1 10 12 1 10 12 1 1 10 12 1 9 12 1 11 7 12 1 1 1 9 12 1 1 10 12 1 1 7 10 7 12 1 1 1 9 12 1 10 12 1 10 12 1 1 10 7 12 1 1 1 10 7 12 1 1 1 10 12 1 1 10 12 1 1 10 12 1 1 10 12 1 10 12 1 1 100 1 100 1 10 12 1 10 7 12 1 1 1 10 7 12 1 1 10 12 1 10 12 10 12 1 1 10 12 1 1 10 12 1 1 100 1 10 12 1 1 10 12 1 1 10 12 1 100 1 10 11 12 1 1 11 100 12 1 1 1 11 12 1 10 12 1 10 12 1 10 12 1 1 100 1 10 12 1 1 10 10 12 1 1 10 12 1 8 1 8 1 8 1 8 1 10 12 1 1 10 12 1 1 11 12 1 100 1 10 7 12 1 1 10 12 1 10 12 1 1 10 7 12 1 1 10 12 1 10 100 12 1 1 1 11 100 12 1 1 1 10 12 1 100 1 8 1 10 7 1 10 12 1 7 1 10 12 1 10 12 1 1 7 1 10 12 1 10 12 1 1 11 7 12 1 1 7 1 10 12 1 10 12 1 1 11 100 12 1 1 10 12 1 1 10 12 1 1 10 12 1 1 10 12 1 1 11 100 12 1 1 10 12 1 1 100 1 100 1 100 1 1 1 1 5 0 1 3 1 1 1 1 1 1 1 1 1 1 1 1 1 1 1 1 1 1 1 1 1 1 1 1 1 1 1 1 1 1 1 1 1 1 1 1 1 1 1 1 1 1 1 1 1 1 1 1 1 1 1 1 1 1 1 1 1 1 1 1 1 1 1 1 1 1 1 1 1 1 1 1 1 1 1 1 1 1 1 1 1 1 1 1 1 1 1 1 1 1 1 1 1 1 1 1 7 1 1 1 1 7 1 1 1 1 1 1 1 1 1 1 1 1 1 1 1 1 1 1 1 1 1 1 1 1 1 1 1 1 1 100 1 1 1 1 1 1 1 1 1 1 1 1 1 1 1 1 1 1 100 1 100 1 1 1 1 1 1
staticfield java/util/ArrayList EMPTY_ELEMENTDATA [Ljava/lang/Object; 0 [Ljava/lang/Object;
staticfield java/util/ArrayList DEFAULTCAPACITY_EMPTY_ELEMENTDATA [Ljava/lang/Object; 0 [Ljava/lang/Object;
instanceKlass org/apache/spark/util/kvstore/InMemoryStore$NaturalKeys
instanceKlass com/fasterxml/jackson/core/util/InternCache
ciInstanceKlass java/util/concurrent/ConcurrentHashMap 1 1 1210 7 1 7 1 3 10 12 1 1 3 100 1 10 7 12 1 1 1 100 1 10 100 12 1 1 1 100 1 11 12 1 1 11 12 1 11 12 1 1 9 12 1 1 9 12 1 1 9 12 1 10 7 12 1 1 1 7 1 10 12 1 1 10 12 1 1 10 7 12 1 1 1 4 10 12 1 9 12 1 10 12 1 1 100 1 10 5 0 10 12 1 10 12 1 1 5 0 10 12 1 1 10 12 1 9 12 1 1 10 12 1 1 9 12 1 9 12 1 1 10 12 1 1 9 12 1 10 12 1 1 9 12 1 1 10 12 1 1 100 1 10 7 1 10 12 1 10 12 1 1 10 12 1 1 10 12 1 1 10 12 1 10 12 1 1 10 12 1 1 7 1 10 12 1 1 7 1 100 1 8 1 10 12 1 10 12 1 1 10 12 1 1 11 7 12 1 1 10 12 1 1 11 12 1 1 11 7 12 1 1 1 11 7 12 1 1 1 11 12 1 7 1 11 12 1 11 12 1 10 12 1 1 10 12 1 1 9 12 1 1 10 7 12 1 1 1 9 10 12 1 1 9 12 1 10 12 1 1 5 0 9 12 1 1 7 1 10 12 1 9 12 1 1 7 1 10 12 1 9 12 1 7 1 10 100 1 10 10 12 1 1 8 1 10 12 1 10 12 1 1 11 100 1 10 12 1 10 100 12 1 1 1 8 1 10 100 12 1 1 1 8 1 10 12 1 8 1 10 12 1 10 12 1 1 10 100 12 1 1 10 12 1 10 12 1 10 12 1 9 12 1 9 10 12 1 9 12 1 1 11 7 12 1 1 1 11 7 12 1 1 1 100 1 10 12 11 100 12 1 1 10 11 7 12 1 10 12 1 100 1 10 12 1 100 1 10 10 9 7 12 1 1 1 10 12 3 10 7 12 1 1 9 12 1 10 12 1 1 9 12 1 1 9 12 1 10 12 1 1 10 7 12 1 1 9 12 1 9 7 12 1 1 10 12 1 1 10 12 1 3 9 12 1 9 12 1 10 12 1 1 7 1 9 3 9 12 1 100 1 10 12 1 9 12 1 10 12 1 9 12 1 10 12 1 9 12 1 10 100 12 1 1 1 100 10 12 1 100 1 5 0 10 100 12 1 1 100 1 10 12 1 1 10 12 1 10 12 1 100 1 10 12 1 10 100 1 100 1 10 10 12 1 10 100 1 10 12 1 10 100 1 10 12 1 10 100 1 10 12 1 1 100 1 10 12 1 10 10 12 1 100 1 10 12 1 10 10 12 1 100 1 10 12 1 10 100 1 10 12 1 10 100 1 10 12 1 10 100 1 10 12 1 10 100 1 10 12 1 10 100 1 10 12 1 10 100 1 10 12 1 10 100 1 10 12 1 10 7 1 10 10 100 1 10 10 100 1 10 10 100 1 10 12 1 10 100 1 10 12 1 10 100 1 10 12 1 10 100 1 10 12 1 10 100 1 10 12 1 10 100 1 10 10 100 1 10 10 100 1 10 10 100 1 10 12 1 10 100 1 10 12 1 10 100 1 10 12 1 10 100 1 10 12 1 10 100 1 10 12 1 10 10 12 1 10 7 12 1 1 1 10 12 1 7 1 7 1 10 12 1 9 12 1 1 9 12 1 1 10 12 1 1 8 10 12 1 1 8 8 8 8 7 10 12 1 1 10 12 1 100 1 8 1 10 7 1 100 1 100 1 1 1 5 0 1 1 3 1 3 1 1 1 1 3 1 3 1 3 1 1 1 1 1 3 1 3 1 3 1 1 1 1 1 1 1 1 1 1 1 1 1 1 1 1 1 1 1 1 1 1 1 1 1 100 1 1 1 1 1 1 1 1 1 1 1 1 1 1 1 1 1 1 1 1 1 1 1 1 1 1 1 1 1 1 1 1 1 1 1 1 1 1 1 1 1 1 1 1 1 1 1 1 1 1 1 1 1 1 1 1 1 1 1 1 1 1 1 1 1 1 1 1 1 1 1 1 1 1 1 1 1 1 1 1 1 1 1 1 100 1 1 1 1 1 1 1 1 1 1 1 100 1 1 1 1 1 1 1 1 1 1 1 1 1 1 1 1 1 1 1 1 1 1 1 1 1 1 1 1 1 1 1 1 1 1 1 1 1 1 1 1 1 1 1 1 1 1 1 1 1 1 1 1 1 1 1 1 1 1 1 1 1 1 1 1 1 1 1 1 1 1 1 1 1 1 1 1 1 1 1 1 1 1 1 1 1 1 1 1 1 1 1 1 1 1 1 1 1 1 1 1 1 1 1 1 1 1 1 1 1 1 1 1 1 1 1 1 1 1 1 1 1 1 1 1 1 1 1 1 1 1 1 1 1 1 1 1 1 1 1 1 1 1 1 1 1 1 1 1 1 1 1 1 1 1 1 1 1 1 1 1 1 1 1 1 1 1 1 1 1 1 1 1 1 1 1 1 1 1 1 1 1 1 1 1 1 1 1 1 1 1 1 1 1 1 1 1 1 1 1 1 1 1 1 1 1 1 1 1 1 1 1 1 1 1 1 1 1 1 1 1 1 1 1 100 1 100 1 100 1 100 1 100 1 100 1 100 1 100 1 100 1 1 1 1 1 1 1 1 1 1 1 1 1 1 1 1 1 1 1 1 1 1 1 1 1 1 1 1 1 1 1 1 1 1 1 1 1 1 1 1 1 1 1 1 1 1 1 1 1 1 1 1 1 1 1 1 1 1
staticfield java/util/concurrent/ConcurrentHashMap NCPU I 14
staticfield java/util/concurrent/ConcurrentHashMap serialPersistentFields [Ljava/io/ObjectStreamField; 3 [Ljava/io/ObjectStreamField;
staticfield java/util/concurrent/ConcurrentHashMap U Ljdk/internal/misc/Unsafe; jdk/internal/misc/Unsafe
staticfield java/util/concurrent/ConcurrentHashMap SIZECTL J 20
staticfield java/util/concurrent/ConcurrentHashMap TRANSFERINDEX J 32
staticfield java/util/concurrent/ConcurrentHashMap BASECOUNT J 24
staticfield java/util/concurrent/ConcurrentHashMap CELLSBUSY J 36
staticfield java/util/concurrent/ConcurrentHashMap CELLVALUE J 144
staticfield java/util/concurrent/ConcurrentHashMap ABASE I 16
staticfield java/util/concurrent/ConcurrentHashMap ASHIFT I 2
ciInstanceKlass java/lang/String 1 1 1396 10 7 12 1 1 1 8 1 9 7 12 1 1 1 9 12 1 1 9 12 1 1 10 12 1 10 12 1 1 10 12 1 1 9 12 1 1 10 7 12 1 1 1 10 7 1 10 7 12 1 1 1 10 12 1 1 10 12 1 1 10 12 1 10 12 1 1 10 12 1 10 7 12 1 1 1 9 7 12 1 1 1 10 7 12 1 1 1 10 12 1 1 10 12 1 1 10 12 1 1 10 12 1 1 10 12 1 1 9 7 12 1 1 10 12 9 7 12 1 1 3 10 7 12 1 1 1 7 1 11 12 1 1 11 12 1 11 12 1 1 10 100 12 1 1 1 10 12 1 1 9 100 12 1 1 1 10 12 1 1 10 12 1 11 12 1 1 10 12 1 1 10 12 10 12 1 1 10 100 12 1 1 1 10 7 12 1 1 1 10 12 1 1 7 1 100 1 10 12 1 10 12 1 10 12 1 1 100 1 10 12 1 1 100 1 10 12 1 1 10 12 1 1 10 10 12 1 100 1 100 1 7 1 10 12 1 10 12 1 1 10 12 1 1 10 12 1 10 12 1 1 10 12 1 1 10 7 12 1 1 7 1 11 11 12 1 11 12 1 10 12 1 1 10 12 1 10 12 10 12 1 1 10 10 100 12 1 1 1 10 100 12 1 1 10 12 1 1 10 100 12 1 1 10 12 1 10 12 1 1 10 12 1 1 10 12 1 10 12 1 10 12 1 1 100 1 10 12 1 1 10 12 10 12 1 10 12 1 1 10 100 12 1 1 1 10 12 1 10 12 1 1 10 12 1 10 12 1 3 3 10 12 1 10 12 1 1 10 12 1 1 10 12 1 1 10 12 1 10 12 1 1 10 12 1 1 10 12 1 10 12 1 10 12 1 10 12 1 1 10 12 1 10 12 1 10 12 1 10 12 1 10 12 1 10 12 1 10 100 1 10 8 1 10 12 1 1 10 12 1 8 1 10 12 1 1 10 12 10 12 1 8 1 10 10 12 1 1 10 12 1 1 10 12 1 10 12 1 1 10 12 10 100 1 10 10 12 1 10 12 1 10 12 1 10 10 12 1 10 12 1 1 10 12 1 100 1 10 10 12 1 100 1 10 10 12 1 10 12 1 1 10 12 1 10 12 1 1 10 10 12 1 1 10 100 1 10 10 12 1 10 12 1 1 10 12 1 1 10 100 1 10 12 1 10 12 1 10 12 1 10 12 1 1 10 12 1 11 7 1 11 12 10 12 1 10 12 1 1 10 12 1 1 10 10 12 1 10 12 1 9 12 1 1 11 7 12 1 1 1 10 10 12 1 10 12 1 1 10 10 12 1 10 12 1 10 12 1 1 9 12 1 10 12 1 1 10 10 12 1 1 10 12 10 10 12 1 10 12 10 10 12 10 10 12 1 10 12 1 10 12 10 10 12 10 12 1 10 12 10 12 10 10 12 1 10 12 1 1 10 12 1 10 10 12 1 10 7 12 1 1 1 10 12 1 1 10 10 7 12 1 1 1 11 10 12 1 10 12 1 1 10 12 1 1 10 7 12 1 1 1 10 12 1 10 10 12 1 10 12 1 10 12 1 10 100 12 1 1 10 12 1 100 1 100 1 8 1 10 10 10 12 1 8 1 10 12 1 3 3 7 1 10 10 12 1 10 12 1 10 12 1 1 10 12 1 1 11 7 12 1 1 1 7 1 10 12 1 1 10 12 1 10 12 1 1 10 12 1 1 8 1 10 12 1 1 10 12 1 11 100 12 1 1 1 11 100 12 1 1 11 12 1 1 10 12 1 10 12 1 1 10 10 7 12 1 1 1 10 12 1 10 12 1 10 10 12 10 12 1 1 10 10 12 1 10 10 12 1 10 10 12 1 10 10 12 1 10 12 1 1 10 10 12 1 8 1 10 12 1 1 18 12 1 1 11 100 12 1 1 1 7 1 3 18 12 1 18 12 1 8 1 10 100 12 1 1 1 11 12 1 1 10 12 10 10 12 1 10 11 12 1 1 10 12 1 1 11 12 1 18 3 11 10 12 1 11 11 10 12 1 10 12 1 1 8 1 10 12 1 10 12 1 10 12 1 1 10 10 12 1 11 100 12 1 7 1 100 1 10 12 1 7 1 10 10 7 12 1 1 1 100 1 10 7 1 10 10 12 1 10 10 12 1 8 1 10 10 12 1 8 1 8 1 10 12 1 10 12 1 10 10 12 10 7 12 1 1 10 100 12 1 1 10 7 12 1 1 8 1 10 12 1 10 12 1 1 10 10 12 8 1 8 1 10 8 1 8 1 8 1 8 1 10 12 1 10 12 1 8 1 10 100 12 1 1 1 10 12 10 12 1 1 10 12 10 10 12 10 12 7 1 9 12 1 1 7 1 10 100 1 100 1 100 1 100 1 1 1 1 1 1 5 0 1 1 1 1 1 3 1 3 1 1 1 1 1 1 1 1 1 1 1 1 1 1 1 100 1 1 1 100 1 1 1 1 1 1 1 1 1 1 1 1 1 1 1 1 1 1 1 1 1 1 1 1 1 1 1 100 1 1 1 1 1 1 1 1 1 100 1 1 1 1 1 1 1 1 1 1 1 1 1 1 1 1 1 1 1 1 1 1 1 1 1 1 1 1 1 1 1 1 1 1 1 1 1 1 1 1 1 1 1 1 1 1 1 1 1 1 1 1 1 1 1 1 1 1 1 1 1 1 1 1 1 1 1 1 1 1 1 1 1 1 1 1 1 1 1 1 1 1 1 1 1 1 1 1 1 1 1 1 1 1 1 1 1 1 1 1 1 1 1 1 1 1 1 1 1 1 1 1 1 1 1 1 1 1 1 1 1 1 1 1 1 1 1 1 1 1 1 1 1 1 1 1 1 1 1 1 1 1 1 1 1 1 1 1 1 1 1 1 1 1 1 1 1 1 1 1 1 1 1 1 1 1 1 1 1 100 1 1 1 1 1 1 1 1 1 1 1 1 1 1 1 1 1 1 1 1 1 1 1 1 100 1 1 1 1 1 1 1 1 1 1 1 1 1 7 1 1 1 1 1 1 1 1 1 1 1 1 1 1 1 15 10 100 12 1 1 1 16 15 10 12 16 15 10 12 15 10 12 15 10 12 1 1 1 1 100 1 100 1 1 1
staticfield java/lang/String COMPACT_STRINGS Z 1
staticfield java/lang/String serialPersistentFields [Ljava/io/ObjectStreamField; 0 [Ljava/io/ObjectStreamField;
staticfield java/lang/String CASE_INSENSITIVE_ORDER Ljava/util/Comparator; java/lang/String$CaseInsensitiveComparator
ciInstanceKlass java/security/ProtectionDomain 1 1 324 10 7 12 1 1 1 9 7 12 1 1 1 7 1 10 9 12 1 1 9 12 1 1 9 12 1 1 10 7 12 1 1 7 1 9 12 1 9 12 1 1 7 1 9 12 1 1 9 12 1 10 100 12 1 1 10 100 12 1 1 1 10 12 1 1 10 12 1 9 12 1 9 100 12 1 1 10 12 1 1 10 100 1 10 12 1 1 8 1 100 1 8 1 10 12 1 10 10 100 12 1 1 1 10 12 1 1 8 1 11 8 1 10 12 1 8 1 8 1 10 12 1 1 10 12 1 10 12 1 1 10 12 1 8 1 10 12 1 8 1 8 1 10 100 12 1 1 1 9 100 12 1 1 1 10 12 1 1 9 100 12 1 1 1 10 100 12 1 1 1 100 1 100 1 10 12 1 10 100 12 1 1 1 10 100 1 10 12 1 10 12 1 1 11 100 12 1 1 11 12 1 100 1 11 100 12 1 1 1 10 12 1 10 11 12 1 1 11 12 1 1 10 12 1 10 7 12 1 1 10 100 12 1 1 11 12 1 10 12 8 1 8 1 10 7 12 1 1 1 7 1 10 10 7 12 1 1 1 1 1 1 1 1 1 1 100 1 1 100 1 1 1 1 1 1 1 1 1 1 1 1 1 1 1 1 1 1 1 1 1 1 1 1 1 1 1 1 1 1 1 1 1 1 1 1 1 1 1 1 1 1 100 1 1 1 1 1 100 1 1 1 1 1
staticfield java/security/ProtectionDomain filePermCompatInPD Z 0
ciInstanceKlass java/security/CodeSource 1 1 395 10 7 12 1 1 1 9 7 12 1 1 1 9 12 1 1 9 12 1 1 9 12 1 1 10 7 12 1 1 1 9 12 1 1 10 7 12 1 1 10 7 10 100 12 1 1 1 10 100 12 1 1 1 10 12 1 1 7 1 10 10 7 12 1 1 1 10 7 12 1 1 1 10 12 1 1 10 12 1 7 1 10 12 1 1 10 12 1 1 10 12 1 1 10 12 1 10 10 10 12 1 1 10 100 12 1 1 1 10 12 1 10 12 1 10 12 1 8 1 10 12 1 10 12 1 10 12 1 1 10 12 1 8 1 10 12 1 1 10 100 1 10 10 12 1 1 8 1 10 12 1 10 12 1 10 12 1 8 1 8 1 9 12 1 1 100 1 8 1 10 12 1 10 12 1 1 8 1 10 12 1 8 1 8 1 8 1 10 100 12 1 1 10 12 1 1 10 12 1 10 12 1 1 10 12 1 1 10 12 1 1 100 1 100 1 10 12 1 10 12 10 12 1 1 10 100 12 1 1 10 12 1 100 1 10 12 10 8 1 10 12 1 10 12 1 10 12 1 1 100 1 10 12 1 1 100 1 100 1 8 1 8 1 10 10 12 1 1 10 100 12 1 1 1 100 1 10 12 10 12 1 1 11 100 12 1 1 10 10 12 1 11 10 12 1 8 1 100 1 10 12 1 10 12 1 1 10 12 1 11 12 1 1 11 100 1 1 1 1 5 0 1 1 1 1 1 1 1 1 1 1 1 1 1 1 1 1 1 1 1 1 1 1 1 1 1 1 1 1 1 1 1 1 1 1 1 1 1 1 1 1 1 1 1 1 1 1 1 1 1 1 1 1 1 1 1 1 1 1 1 1 1 1 1 1 1 100 1 1 1 1 1 1 1
ciInstanceKlass java/lang/StringBuilder 1 1 409 10 7 12 1 1 1 10 12 1 10 12 1 10 12 1 1 10 7 12 1 1 1 10 7 12 1 1 1 10 12 1 10 12 1 10 12 1 10 12 1 10 12 1 10 12 1 10 12 1 10 12 1 10 12 1 10 12 1 10 12 1 10 12 1 10 12 1 10 12 1 1 10 12 1 10 12 1 1 10 12 1 1 10 12 1 10 12 1 10 12 1 10 12 1 10 12 1 10 12 1 10 12 1 10 12 10 12 1 10 12 1 10 12 1 10 12 1 1 10 12 1 10 12 1 10 12 10 12 1 1 10 12 1 1 9 12 1 1 9 12 1 1 10 7 12 1 1 1 10 7 1 10 100 12 1 1 1 10 12 1 10 12 1 1 10 12 1 1 10 10 12 1 1 10 100 12 1 1 10 12 1 10 12 1 1 100 1 100 1 8 1 10 10 12 1 1 10 12 1 1 10 12 1 10 12 1 10 12 1 10 12 1 10 12 1 10 12 1 10 12 1 10 12 1 10 12 1 10 12 1 10 12 1 10 12 1 10 12 1 10 12 1 10 12 1 1 10 12 1 1 10 12 1 10 12 1 10 12 1 10 12 10 12 10 12 1 10 12 1 10 12 1 10 12 10 12 1 10 12 1 10 12 1 10 12 1 10 12 1 10 12 1 10 12 1 10 12 1 10 12 1 1 10 12 1 10 12 1 1 10 12 1 10 12 1 1 10 12 1 10 12 1 1 10 12 1 10 12 1 10 12 1 10 10 12 1 10 12 1 100 1 100 1 100 1 1 1 1 5 0 1 1 1 1 1 1 1 1 1 1 1 1 1 1 1 1 1 1 1 1 1 1 1 1 1 1 1 1 1 1 1 1 1 1 1 1 1 1 1 1 1 1 1 7 1 1 1 7 1 1 1 1 1 1 1 1 1 1
ciInstanceKlass jdk/internal/loader/ClassLoaders 1 1 183 10 100 12 1 1 1 10 7 12 1 1 1 10 12 1 1 10 100 12 1 1 1 9 7 12 1 1 1 9 12 1 1 9 12 1 1 7 1 11 100 12 1 1 1 100 1 11 12 1 1 11 12 1 1 10 100 12 1 1 1 10 100 12 1 1 1 100 1 100 1 10 7 12 1 1 1 9 12 1 1 10 12 1 1 7 1 10 12 1 1 10 12 1 7 1 8 1 10 7 12 1 1 1 10 12 1 1 7 1 10 12 1 10 12 1 10 12 1 8 1 10 7 12 1 1 8 1 8 1 10 12 1 7 1 10 12 1 10 12 1 10 12 1 1 1 1 1 1 1 1 1 1 1 1 1 1 1 1 1 1 1 1 100 1 1 1 1 1 1 1 1 1 1 1 1 1 1 1 1 1 1 1
staticfield jdk/internal/loader/ClassLoaders JLA Ljdk/internal/access/JavaLangAccess; java/lang/System$2
staticfield jdk/internal/loader/ClassLoaders BOOT_LOADER Ljdk/internal/loader/ClassLoaders$BootClassLoader; jdk/internal/loader/ClassLoaders$BootClassLoader
staticfield jdk/internal/loader/ClassLoaders PLATFORM_LOADER Ljdk/internal/loader/ClassLoaders$PlatformClassLoader; jdk/internal/loader/ClassLoaders$PlatformClassLoader
staticfield jdk/internal/loader/ClassLoaders APP_LOADER Ljdk/internal/loader/ClassLoaders$AppClassLoader; jdk/internal/loader/ClassLoaders$AppClassLoader
ciInstanceKlass jdk/internal/misc/Unsafe 1 1 1285 10 7 12 1 1 1 9 7 12 1 1 1 9 12 1 1 10 12 1 1 10 7 12 1 1 1 10 12 1 1 10 12 1 1 10 12 1 1 10 12 1 1 10 12 1 1 10 12 1 1 10 12 1 1 10 12 1 1 10 12 1 1 10 12 1 1 10 12 1 1 10 12 1 1 10 12 1 1 10 12 1 10 12 1 100 1 10 10 12 1 1 10 12 1 1 5 0 10 12 1 1 10 12 1 1 10 7 12 1 1 1 10 12 1 1 10 12 1 10 12 1 10 12 1 1 10 12 1 1 10 12 1 10 12 1 7 1 7 1 10 8 1 10 12 1 1 10 12 1 8 1 10 12 1 1 10 12 1 10 12 1 10 12 1 1 10 12 1 10 12 1 1 10 12 1 1 10 12 1 10 12 1 10 12 1 10 12 1 1 10 12 1 10 12 1 10 12 1 1 10 12 1 5 0 5 0 5 0 10 12 1 10 12 1 10 12 1 10 12 1 10 12 1 10 12 1 10 12 1 10 12 1 10 12 1 1 10 12 1 10 12 1 100 1 8 1 10 100 1 10 10 12 1 1 10 12 1 1 10 12 1 10 12 1 1 10 12 1 1 10 12 1 10 12 1 1 10 12 1 9 7 12 1 1 9 12 1 100 1 10 10 12 1 1 8 1 10 8 1 8 1 10 12 1 1 9 7 12 1 1 1 9 100 1 9 7 1 9 7 1 9 9 100 1 9 100 1 9 100 1 10 12 1 1 10 12 1 1 10 12 1 1 10 12 1 1 5 0 5 0 9 12 1 1 10 12 1 10 12 1 10 12 1 1 10 12 1 1 10 12 1 8 1 3 10 12 1 1 10 12 1 1 10 12 1 10 12 1 1 10 12 1 1 10 12 1 10 12 1 10 12 1 10 12 1 10 12 1 10 12 1 1 10 12 1 1 10 12 1 10 12 1 10 12 1 10 12 1 10 12 1 10 12 1 1 10 12 1 1 10 12 1 10 12 1 10 12 1 10 12 1 10 12 1 10 12 1 1 10 12 1 1 10 12 1 1 10 12 1 1 10 12 1 10 12 1 10 12 1 10 12 1 10 12 1 10 12 1 10 12 1 1 10 12 1 1 10 12 1 10 12 1 10 12 1 10 12 1 10 12 1 10 12 1 10 12 1 1 10 12 1 1 10 12 1 10 12 1 10 12 1 10 12 1 10 12 1 10 12 1 10 12 1 10 12 1 1 10 12 1 10 12 1 10 12 1 10 12 1 10 12 1 1 10 12 1 10 12 1 10 12 1 10 12 1 10 12 1 10 12 1 10 12 1 10 12 1 1 10 12 1 10 12 1 10 12 1 10 12 1 10 12 1 10 12 1 1 10 12 1 10 12 1 10 12 1 1 10 12 1 10 12 1 10 12 1 10 12 1 10 12 1 10 12 1 10 12 1 10 12 1 10 12 1 10 12 1 10 12 1 10 12 1 10 12 1 10 12 1 10 12 1 10 12 1 10 12 1 10 12 1 10 12 1 10 12 1 10 12 1 10 12 1 100 1 10 100 1 10 9 12 1 5 0 10 12 1 1 5 0 10 12 1 5 0 10 12 1 10 12 1 10 12 1 1 10 12 1 1 10 12 1 10 12 1 10 12 1 10 12 1 1 10 12 1 10 12 1 10 12 1 10 12 1 10 12 1 1 10 12 1 10 12 1 10 12 1 10 12 1 1 10 12 1 10 12 1 10 12 1 1 10 12 1 10 12 1 10 12 1 10 12 1 1 10 12 1 10 10 12 1 1 10 12 1 10 12 1 1 10 12 1 10 12 5 0 5 0 5 0 10 12 1 1 10 12 1 10 12 1 10 12 10 7 12 1 1 8 1 7 1 11 12 1 1 8 1 11 12 1 1 10 7 12 1 1 10 12 1 10 12 1 10 12 1 10 12 1 10 12 1 1 10 12 1 10 12 1 10 12 1 10 12 1 10 12 1 10 12 1 10 7 1 10 12 1 9 12 1 7 1 9 12 1 7 1 9 12 1 7 1 9 12 1 7 1 9 12 1 7 1 9 12 1 7 1 9 12 1 7 1 9 12 1 7 1 9 12 1 10 12 1 9 12 1 9 12 1 9 12 1 9 12 1 9 12 1 9 12 1 9 12 1 9 12 1 9 12 1 9 12 1 1 1 3 1 1 1 1 1 1 1 1 1 1 1 1 1 1 1 1 1 1 1 1 1 1 1 1 1 1 1 1 1 1 1 1 1 1 1 1 1 1 1 1 1 1 1 1 1 1 1 1 1 1 1 1 1 1 1 1 1 1 1 1 1 1 1 1 1 1 1 1 1 1 1 1 1 1 1 1 1 1 1 1 1 1 1 1 1 1 1 1 1 100 1 1 1 1 1 1 1 1 1 1 1 1 1 1 1 1 1 1 1 1 1 1 1 1 1 1 1 1 1 1 1 1 1 1 1 1 1 1 1 1 1 1 1 1 1 1 1 1 1 1 1 1 1 1 1 1 1 1 1 1 1 1 1 1 1 1 1 1 1 1 1 1 1 1 1 1 1 1 1 1 1 1 1 1 1 1 1 1 1 1 1 1 1 1 1 1 1 1 1 1 1 1 1 1 1 1 1 1 1 1 1 1 1 1 1 1 1 1 1 1 1 1 1 1 1 1 1 1 1 1 1 1 1 1 1 1 1 1 1 1 1 1 1 1 1 1 1 1 1 1 1 1 1 1 1 1 1 1 1 1 1 1 1 1 1 1 1 1 1 1 1 1 1 1 1 1 1 1 1 1 1 1 1 1 1 1 1 1 1 1 1 1 1 1 1 1 1 1 1 1 1 1 1 1 1 1 1 3 1 1 1 1 1 1 1 1 1 1 1 1 1 1 1 1 1 1 1 1 1
staticfield jdk/internal/misc/Unsafe theUnsafe Ljdk/internal/misc/Unsafe; jdk/internal/misc/Unsafe
staticfield jdk/internal/misc/Unsafe ARRAY_BOOLEAN_BASE_OFFSET I 16
staticfield jdk/internal/misc/Unsafe ARRAY_BYTE_BASE_OFFSET I 16
staticfield jdk/internal/misc/Unsafe ARRAY_SHORT_BASE_OFFSET I 16
staticfield jdk/internal/misc/Unsafe ARRAY_CHAR_BASE_OFFSET I 16
staticfield jdk/internal/misc/Unsafe ARRAY_INT_BASE_OFFSET I 16
staticfield jdk/internal/misc/Unsafe ARRAY_LONG_BASE_OFFSET I 16
staticfield jdk/internal/misc/Unsafe ARRAY_FLOAT_BASE_OFFSET I 16
staticfield jdk/internal/misc/Unsafe ARRAY_DOUBLE_BASE_OFFSET I 16
staticfield jdk/internal/misc/Unsafe ARRAY_OBJECT_BASE_OFFSET I 16
staticfield jdk/internal/misc/Unsafe ARRAY_BOOLEAN_INDEX_SCALE I 1
staticfield jdk/internal/misc/Unsafe ARRAY_BYTE_INDEX_SCALE I 1
staticfield jdk/internal/misc/Unsafe ARRAY_SHORT_INDEX_SCALE I 2
staticfield jdk/internal/misc/Unsafe ARRAY_CHAR_INDEX_SCALE I 2
staticfield jdk/internal/misc/Unsafe ARRAY_INT_INDEX_SCALE I 4
staticfield jdk/internal/misc/Unsafe ARRAY_LONG_INDEX_SCALE I 8
staticfield jdk/internal/misc/Unsafe ARRAY_FLOAT_INDEX_SCALE I 4
staticfield jdk/internal/misc/Unsafe ARRAY_DOUBLE_INDEX_SCALE I 8
staticfield jdk/internal/misc/Unsafe ARRAY_OBJECT_INDEX_SCALE I 4
staticfield jdk/internal/misc/Unsafe ADDRESS_SIZE I 8
ciInstanceKlass java/lang/ThreadGroup 1 1 293 10 7 12 1 1 1 9 7 12 1 1 1 8 1 9 12 1 1 7 1 9 12 1 9 12 1 1 10 12 1 1 10 12 1 1 10 12 1 10 12 1 1 10 12 1 9 12 1 1 10 12 1 1 10 12 1 9 12 1 10 100 12 1 1 1 9 12 1 9 12 1 1 10 7 12 1 1 1 100 10 12 1 1 10 7 12 1 1 1 10 100 12 1 9 12 1 10 12 1 1 10 12 1 1 9 12 1 1 10 12 1 1 10 12 1 10 12 1 10 12 1 1 10 12 1 1 10 12 1 10 12 1 10 10 12 1 10 12 1 10 100 1 10 10 12 1 10 12 1 10 12 1 7 10 12 1 9 12 1 1 10 12 1 1 8 1 10 100 12 1 1 1 10 12 1 1 10 12 1 1 10 12 1 1 11 100 1 100 1 9 12 1 100 1 10 8 1 10 12 1 1 10 12 1 1 8 1 10 12 1 10 100 12 1 1 1 10 12 1 1 10 100 1 8 1 10 8 1 10 12 1 8 1 1 1 1 1 1 1 1 1 1 1 1 1 1 1 1 1 3 1 1 1 1 1 1 1 1 1 1 1 1 1 1 1 1 1 1 1 1 1 1 1 1 1 1 1 1 1 1 1 1 1 1 1 1 1 1 1 1 1 1
instanceKlass java/security/Provider
ciInstanceKlass java/util/Properties 1 1 651 10 7 12 1 1 1 100 1 10 7 12 1 1 7 1 10 12 1 9 12 1 1 9 12 1 1 9 12 1 1 10 7 12 1 1 1 10 12 1 1 8 1 10 7 12 1 1 1 7 1 10 12 1 10 12 1 1 8 1 10 12 1 7 1 10 12 10 12 1 1 9 12 1 1 10 12 1 1 7 1 10 12 1 10 12 1 10 12 1 1 100 1 8 1 10 12 1 10 12 1 10 12 1 1 10 12 1 100 1 3 10 10 100 12 1 1 1 10 12 1 10 12 1 1 8 1 10 12 1 10 12 1 1 8 1 10 100 12 1 1 10 12 1 1 10 12 1 10 12 1 1 100 1 10 12 1 10 12 1 1 100 1 9 100 12 1 1 1 10 12 1 10 12 1 1 100 1 10 10 10 12 1 1 11 7 12 1 1 1 11 7 12 1 1 1 11 12 1 1 7 1 11 12 1 11 12 1 10 12 1 1 8 1 10 12 1 10 12 1 100 1 10 10 12 1 1 10 100 12 1 1 9 100 12 1 1 10 12 1 1 10 100 12 1 1 1 100 1 100 1 100 1 10 8 1 8 1 10 12 1 10 12 1 10 12 1 1 10 10 12 1 1 10 12 1 1 7 1 10 10 12 1 11 7 12 1 1 10 7 12 1 1 1 8 1 10 100 12 1 1 11 8 1 10 100 1 11 10 12 1 10 12 1 10 12 1 10 12 1 1 10 12 1 1 10 12 1 1 10 12 1 10 12 1 10 10 12 1 10 12 1 10 12 1 10 10 12 1 1 10 12 1 1 7 1 10 10 12 1 10 12 1 10 12 1 10 12 1 10 12 1 1 10 12 1 1 10 12 1 10 12 1 10 12 1 1 10 12 10 12 1 1 10 12 1 1 10 12 1 10 12 1 1 10 12 1 1 10 12 100 1 10 11 100 12 1 1 4 11 10 12 1 1 10 100 12 1 1 11 12 1 10 12 1 1 10 100 12 1 1 10 12 1 100 1 8 1 10 12 1 10 10 100 12 1 1 1 100 1 6 0 10 12 1 1 11 100 12 1 1 1 10 12 1 10 12 1 1 1 1 1 5 0 1 1 1 1 1 1 1 1 1 1 1 1 1 1 1 1 1 1 1 1 1 1 1 1 1 1 1 1 1 1 1 1 1 1 1 1 1 1 1 1 100 1 1 1 1 1 1 1 1 1 1 1 1 1 1 1 1 1 1 1 1 100 1 1 1 1 1 1 1 100 1 100 1 1 1 1 100 1 1 1 1 1 1 1 1 1 1 1 1 1 1 1 1 1 1 1 1 1 1 1 1 1 1 1 1 1 1 1 1 1 1 1 1 1 1 1 1 1 1 1 1 1 1 1 1 1 1 1 1 1 1 1 1 1 1 1 1 1 1 1 1 1 1 1 1 1 1 1 1 1 1 1 1 100 1 1 1 1 1 1 1 1 1 100 1 1 1
staticfield java/util/Properties UNSAFE Ljdk/internal/misc/Unsafe; jdk/internal/misc/Unsafe
instanceKlass scala/collection/convert/JavaCollectionWrappers$DictionaryWrapper
instanceKlass java/util/Hashtable
ciInstanceKlass java/util/Dictionary 1 1 36 10 7 12 1 1 1 100 1 1 1 1 1 1 1 1 1 1 1 1 1 1 1 1 1 1 1 1 1 1 1 1 1 1 1 1
instanceKlass java/util/Properties
ciInstanceKlass java/util/Hashtable 1 1 512 100 1 10 7 12 1 1 1 9 7 12 1 1 1 100 1 100 1 10 8 1 10 12 1 1 10 12 1 10 12 1 1 10 12 1 10 7 12 1 1 1 8 1 10 12 1 9 12 1 1 7 1 9 12 1 1 4 10 7 12 1 1 1 9 12 1 4 10 12 1 11 100 12 1 1 1 10 12 1 1 10 12 1 1 9 12 1 10 12 1 1 100 1 10 9 12 1 1 10 7 12 1 1 1 9 12 1 1 10 12 1 10 12 1 3 9 12 1 9 12 1 3 10 12 1 10 12 1 10 12 1 1 11 12 1 1 11 100 12 1 1 1 11 100 12 1 1 1 11 12 1 100 1 11 12 1 11 12 1 10 12 1 1 10 12 1 1 10 12 1 9 12 1 1 9 12 9 12 1 1 10 100 1 100 1 10 12 1 10 8 1 10 10 12 1 8 1 10 8 1 10 100 12 1 1 1 7 1 10 12 1 10 12 1 100 1 10 12 1 10 12 1 1 100 1 10 100 1 10 10 12 1 1 11 12 1 1 11 12 1 100 1 10 10 10 100 12 1 1 11 100 12 1 1 1 100 1 10 11 100 12 1 1 11 100 12 1 10 12 1 10 12 1 1 10 100 12 1 1 10 12 1 1 10 12 1 1 10 12 1 1 10 100 12 1 1 1 8 10 100 12 1 1 100 1 8 1 10 4 10 12 4 10 12 1 8 1 10 12 10 100 12 1 1 1 100 1 11 100 12 1 1 1 10 100 12 1 1 1 10 12 1 10 12 1 1 10 100 1 100 1 1 1 1 1 1 5 0 1 1 1 1 1 3 1 3 1 3 1 1 1 1 1 1 1 1 1 1 1 1 1 1 1 1 1 1 1 1 1 1 1 1 1 100 1 1 1 1 1 1 1 1 1 1 1 1 1 1 1 1 1 1 1 1 1 1 1 1 1 1 1 1 1 100 1 1 1 1 1 1 1 1 1 1 1 1 1 1 1 1 1 1 1 1 1 1 1 1 1 1 1 1 1 1 1 1 1 1 1 1 1 1 1 1 1 1 1 1 1 1 1 1 1 1 1 1 1 1 1 1 1 1 100 1 1 1 100 1 1 1 1 1 100 1 1 1 1 1 1 1 1 1 1 1 1 1 1 1 1 1 1
instanceKlass io/netty/buffer/ByteBufInputStream
instanceKlass org/apache/parquet/bytes/LittleEndianDataInputStream
instanceKlass com/google/flatbuffers/FlatBufferBuilder$ByteBufferBackedInputStream
instanceKlass com/fasterxml/jackson/databind/util/ByteBufferBackedInputStream
instanceKlass sun/nio/ch/SocketAdaptor$1
instanceKlass org/apache/spark/storage/BufferReleasingInputStream
instanceKlass sun/nio/ch/ChannelInputStream
instanceKlass org/apache/hadoop/io/compress/CompressionInputStream
instanceKlass com/esotericsoftware/kryo/io/Input
instanceKlass java/util/jar/JarVerifier$VerifierStream
instanceKlass org/apache/parquet/bytes/ByteBufferInputStream
instanceKlass org/apache/parquet/io/SeekableInputStream
instanceKlass java/io/ObjectInputStream$PeekInputStream
instanceKlass java/io/ObjectInputStream$BlockDataInputStream
instanceKlass org/apache/spark/util/io/ChunkedByteBufferInputStream
instanceKlass org/apache/hadoop/fs/FSInputStream
instanceKlass com/fasterxml/jackson/core/io/MergedStream
instanceKlass jdk/nio/zipfs/ZipFileSystem$EntryInputStream
instanceKlass org/apache/spark/io/NioBufferedFileInputStream
instanceKlass org/sparkproject/jetty/io/content/ContentSourceInputStream
instanceKlass org/apache/spark/util/ByteBufferInputStream
instanceKlass sun/nio/ch/NioSocketImpl$1
instanceKlass java/net/Socket$SocketInputStream
instanceKlass org/apache/hadoop/shaded/com/ctc/wstx/io/MergedStream
instanceKlass org/apache/ivy/util/FileUtil$UncloseInputStream
instanceKlass java/io/SequenceInputStream
instanceKlass org/apache/spark/util/Utils$$anon$2
instanceKlass java/io/ObjectInputStream
instanceKlass java/util/zip/ZipFile$ZipFileInputStream
instanceKlass java/io/FilterInputStream
instanceKlass java/io/FileInputStream
instanceKlass java/io/ByteArrayInputStream
ciInstanceKlass java/io/InputStream 1 1 184 100 1 10 7 12 1 1 1 100 1 10 10 7 12 1 1 1 10 7 12 1 1 1 10 12 1 100 1 3 10 12 1 1 100 1 8 1 10 12 1 10 7 12 1 1 1 3 100 1 8 1 10 10 7 12 1 1 1 7 1 10 11 7 12 1 1 1 10 12 1 1 11 12 1 1 11 7 12 1 1 1 11 12 1 1 7 1 10 7 12 1 1 1 5 0 10 12 1 10 12 1 1 100 1 10 8 1 10 8 1 8 1 10 12 1 1 10 100 12 1 1 1 100 1 1 1 1 3 1 3 1 1 1 1 1 1 1 1 1 1 1 1 1 1 1 1 1 1 1 1 1 1 1 1 1 1 1 1 1 1 1 1 1 1 1 1 1 1 1 1 1 1 1 1 1 1 1 1 1 1 1 1 1
ciInstanceKlass java/io/ByteArrayInputStream 1 1 96 10 7 12 1 1 1 9 7 12 1 1 1 9 12 1 1 9 12 1 9 12 1 10 7 12 1 1 1 10 7 12 1 1 1 10 7 12 1 1 1 10 7 12 1 1 1 10 12 1 1 10 100 12 1 1 1 1 1 1 1 1 1 1 1 1 1 1 1 1 1 1 1 1 1 1 1 1 1 1 1 100 1 1 1 1 1 1 1 1 1 1 1 1 1 1
instanceKlass org/apache/hadoop/fs/BufferedFSInputStream
ciInstanceKlass java/io/BufferedInputStream 1 1 155 9 7 12 1 1 1 100 1 8 1 10 12 1 1 9 12 1 1 9 12 1 1 10 12 1 10 7 12 1 1 9 12 1 100 1 8 1 10 10 12 1 1 9 12 1 10 7 12 1 1 1 9 12 1 10 100 12 1 1 1 9 12 1 1 9 12 1 1 10 7 12 1 1 1 9 12 1 10 12 1 1 10 7 12 1 1 1 10 12 1 1 100 1 10 12 10 12 1 10 12 1 1 10 12 1 1 100 1 3 8 1 10 12 1 10 12 1 1 8 10 12 1 1 1 1 1 1 1 1 1 1 1 100 1 1 1 1 1 1 1 1 1 1 1 1 1 1 1 1 1 1 1 1 1
staticfield java/io/BufferedInputStream U Ljdk/internal/misc/Unsafe; jdk/internal/misc/Unsafe
staticfield java/io/BufferedInputStream BUF_OFFSET J 32
instanceKlass org/apache/spark/network/util/LimitedInputStream
instanceKlass java/util/zip/GZIPInputStream$1
instanceKlass java/util/zip/CheckedInputStream
instanceKlass net/jpountz/lz4/LZ4BlockInputStream
instanceKlass org/apache/hadoop/fs/http/AbstractHttpFileSystem$HttpDataInputStream
instanceKlass io/netty/util/internal/BoundedInputStream
instanceKlass sun/net/www/protocol/jar/JarURLConnection$JarURLInputStream
instanceKlass java/io/DataInputStream
instanceKlass java/util/jar/Manifest$FastInputStream
instanceKlass java/util/zip/InflaterInputStream
instanceKlass java/io/BufferedInputStream
ciInstanceKlass java/io/FilterInputStream 1 1 62 10 7 12 1 1 1 9 7 12 1 1 1 10 12 1 1 10 12 1 10 10 12 1 1 10 12 1 10 12 1 10 12 1 1 10 12 1 10 12 1 1 1 1 1 1 1 1 1 100 1 1 1 1 1 1 1 1 1 1 1 1
ciInstanceKlass java/nio/ByteOrder 1 1 50 10 7 12 1 1 1 9 7 12 1 1 1 9 12 1 1 8 1 10 12 1 9 12 8 1 9 12 10 7 12 1 1 1 10 12 1 1 1 1 1 1 1 1 1 1 1 1 1 1
staticfield java/nio/ByteOrder BIG_ENDIAN Ljava/nio/ByteOrder; java/nio/ByteOrder
staticfield java/nio/ByteOrder LITTLE_ENDIAN Ljava/nio/ByteOrder; java/nio/ByteOrder
staticfield java/nio/ByteOrder NATIVE_ORDER Ljava/nio/ByteOrder; java/nio/ByteOrder
instanceKlass org/apache/spark/security/SocketAuthServer$$anon$1
instanceKlass org/apache/spark/ContextCleaner$$anon$1
instanceKlass org/apache/spark/util/UninterruptibleThread
instanceKlass org/apache/spark/util/EventLoop$$anon$1
instanceKlass org/apache/spark/storage/BlockManager$RemoteBlockDownloadFileManager$$anon$2
instanceKlass java/util/concurrent/ForkJoinWorkerThread
instanceKlass io/netty/util/concurrent/FastThreadLocalThread
instanceKlass org/apache/spark/scheduler/AsyncEventQueue$$anon$2
instanceKlass org/apache/spark/util/ThreadUtils$$anon$2
instanceKlass org/apache/hadoop/util/concurrent/SubjectInheritingThread
instanceKlass org/apache/spark/util/ShutdownHookManager$$anon$1
instanceKlass java/util/logging/LogManager$Cleaner
instanceKlass org/apache/spark/util/Utils$$anon$3
instanceKlass jdk/internal/misc/InnocuousThread
instanceKlass java/lang/ref/Finalizer$FinalizerThread
instanceKlass java/lang/ref/Reference$ReferenceHandler
ciInstanceKlass java/lang/Thread 1 1 612 9 7 12 1 1 1 9 12 1 1 10 12 1 1 9 12 1 1 9 12 1 1 100 1 8 1 10 12 1 1 3 8 1 100 1 5 0 10 12 1 1 10 7 12 1 1 9 12 1 1 9 12 1 9 12 1 1 9 12 1 100 1 8 1 10 9 12 1 1 10 7 12 1 1 1 10 100 12 1 1 1 10 10 7 12 1 1 10 12 1 1 10 12 1 1 9 100 12 1 1 1 10 12 1 1 10 12 1 9 12 1 1 10 12 1 1 10 12 1 1 9 12 1 10 12 1 1 9 12 1 1 10 7 12 1 1 1 9 12 1 1 9 12 1 1 10 12 1 1 10 7 12 1 1 1 9 12 1 10 12 1 1 9 12 1 100 1 10 7 1 10 8 1 10 12 1 1 10 12 1 10 12 1 10 12 1 1 10 12 1 10 12 1 9 12 1 100 1 10 10 12 1 1 10 12 1 10 12 1 100 1 11 7 12 1 1 9 7 12 1 1 1 10 12 1 10 12 1 10 12 9 12 1 1 10 9 12 1 10 12 1 100 1 10 10 12 1 1 9 12 1 10 12 1 11 100 12 1 1 10 12 1 9 12 1 10 12 1 10 12 1 10 10 12 1 10 12 1 10 12 1 10 12 1 10 12 1 1 100 1 10 10 12 1 10 12 1 10 12 1 9 100 12 1 1 1 10 12 1 1 10 12 1 7 1 8 1 10 10 12 1 10 12 8 1 10 12 1 8 1 10 8 1 8 1 10 100 12 1 1 10 100 12 1 1 1 100 1 8 1 10 9 12 1 9 12 1 1 10 12 1 1 10 10 12 1 1 9 12 1 10 12 1 1 100 1 10 12 11 100 12 1 1 1 9 100 12 1 1 1 9 12 1 1 10 12 1 1 100 1 10 12 1 11 100 12 1 1 1 100 1 10 12 1 10 12 1 1 11 12 1 10 12 1 100 1 10 12 1 10 12 1 1 10 7 12 1 1 1 8 1 9 12 1 10 12 1 1 11 100 12 1 1 1 10 100 12 1 1 1 11 12 1 10 12 1 7 1 1 1 1 3 1 3 1 3 1 1 1 1 1 1 1 1 1 1 1 1 1 1 1 1 1 1 1 7 1 1 1 1 1 1 1 1 1 1 1 1 100 1 100 1 1 1 1 1 1 1 1 1 1 1 1 1 1 1 1 1 1 1 1 1 1 1 1 1 1 1 1 1 1 1 1 1 1 1 1 1 1 1 1 1 1 1 100 100 1 1 1 1 1 1 1 1 1 100 1 1 1 1 1 1 1 1 1 1 1 1 1 1 1 1 1 1 1 1 1 1 1 1 1 1 1 1 100 1 1 1 1 1 1 100 1 1 100 1 1 1 1 1 1
staticfield java/lang/Thread EMPTY_STACK_TRACE [Ljava/lang/StackTraceElement; 0 [Ljava/lang/StackTraceElement;
ciMethod java/lang/System nanoTime ()J 256 0 128 0 -1
ciMethod java/lang/System arraycopy (Ljava/lang/Object;ILjava/lang/Object;II)V 256 0 128 0 -1
ciInstanceKlass java/lang/Math 1 1 395 10 100 12 1 1 1 10 7 12 1 1 1 10 12 1 10 12 1 10 12 1 10 12 1 10 12 1 7 1 6 0 6 0 10 12 1 10 12 1 10 12 1 10 12 1 10 12 1 10 12 1 1 10 12 1 10 12 1 10 12 1 10 12 1 10 12 1 10 7 12 1 1 1 100 1 3 3 3 10 7 12 1 1 1 100 1 5 0 5 0 5 0 5 0 5 0 9 7 12 1 1 1 10 7 12 1 1 1 100 1 8 1 10 12 1 8 1 10 12 1 1 10 12 1 1 100 1 5 0 5 0 100 1 3 5 0 3 5 0 10 12 1 10 12 1 8 1 10 12 1 8 1 9 12 1 1 9 12 1 10 12 1 1 6 0 10 12 1 9 12 1 1 100 1 10 10 12 1 100 1 10 12 1 10 12 1 1 10 12 1 10 12 1 10 12 1 10 12 1 1 10 12 1 1 10 12 1 1 10 12 6 0 10 12 1 1 10 12 1 1 10 12 10 12 1 4 10 12 1 1 10 12 1 10 12 1 10 12 10 12 1 10 12 1 10 12 1 10 12 1 10 12 1 10 12 1 10 12 1 5 0 6 0 4 6 0 4 6 0 4 10 12 1 1 9 12 1 1 10 12 1 9 12 1 10 7 12 1 1 1 4 6 0 1 1 6 0 1 6 0 1 1 1 1 1 1 1 1 1 1 1 1 1 1 1 1 1 1 1 1 1 1 1 1 1 1 1 1 1 1 1 1 1 1 1 1 1 1 1 1 1 1 1 1 1 1 1 1 1 1 1 1 1 1 1 1 1 1 1 1 1 1 1 1 1 1 1 1 1 1 1 1 1 1 1 1 1 1 1 1 1 1 1 1 1 1 1 1 1 1 1 1 1 1
staticfield java/lang/Math negativeZeroFloatBits J -2147483648
staticfield java/lang/Math negativeZeroDoubleBits J -9223372036854775808
staticfield java/lang/Math $assertionsDisabled Z 1
instanceKlass io/netty/util/ResourceLeakDetector$TraceRecord
instanceKlass scala/reflect/internal/Types$TypeError
instanceKlass scala/concurrent/Future$$anon$4
instanceKlass scala/util/control/ControlThrowable
instanceKlass scala/runtime/Nothing$
instanceKlass java/lang/Exception
instanceKlass java/lang/Error
ciInstanceKlass java/lang/Throwable 1 1 393 10 7 12 1 1 1 9 7 12 1 1 1 9 12 1 1 9 12 1 9 12 1 1 9 12 1 10 12 1 1 9 12 1 1 10 12 1 1 10 12 1 100 1 7 1 10 8 1 10 12 1 1 8 1 10 100 12 1 1 10 10 12 1 100 1 8 1 10 10 12 1 1 10 7 12 1 1 10 12 1 8 1 9 100 12 1 1 1 10 12 1 1 7 1 10 12 10 12 1 7 1 10 10 7 12 1 1 1 11 7 12 1 1 1 10 7 12 1 1 1 10 12 1 1 10 12 1 1 8 1 10 12 1 10 12 1 1 8 1 8 1 10 12 1 1 10 12 1 8 1 8 1 9 12 1 1 10 100 12 1 1 100 1 10 11 12 1 8 1 8 1 10 7 12 1 1 8 1 10 12 1 8 1 7 1 10 12 1 9 12 1 1 10 12 1 10 7 12 1 9 12 1 1 10 12 1 1 100 1 8 1 10 12 1 10 100 12 1 1 10 12 1 1 100 1 10 100 12 1 1 1 10 12 1 11 100 12 1 1 1 11 100 12 1 1 1 11 12 1 8 1 10 12 1 1 8 1 10 10 9 7 12 1 1 1 8 1 10 12 1 1 10 100 1 8 1 10 11 12 1 1 8 1 9 12 1 10 100 12 1 1 11 9 12 1 1 11 12 1 1 100 10 12 1 10 12 1 1 100 1 1 1 1 5 0 1 1 1 1 1 1 1 1 1 1 1 1 1 100 1 1 1 1 1 1 1 1 1 1 1 1 1 1 1 1 1 1 1 1 1 1 1 1 1 1 1 1 1 1 1 1 1 1 1 1 1 1 1 1 1 1 7 1 7 1 1 1 1 1 1 1 1 1 1 1 1 1 1 1 1 1 1
staticfield java/lang/Throwable UNASSIGNED_STACK [Ljava/lang/StackTraceElement; 0 [Ljava/lang/StackTraceElement;
staticfield java/lang/Throwable SUPPRESSED_SENTINEL Ljava/util/List; java/util/Collections$EmptyList
staticfield java/lang/Throwable EMPTY_THROWABLE_ARRAY [Ljava/lang/Throwable; 0 [Ljava/lang/Throwable;
staticfield java/lang/Throwable $assertionsDisabled Z 1
instanceKlass org/apache/spark/util/SparkFatalException
instanceKlass org/apache/spark/storage/BlockException
instanceKlass org/apache/parquet/VersionParser$VersionParseException
instanceKlass org/apache/parquet/SemanticVersion$SemanticVersionParseException
instanceKlass org/locationtech/jts/io/ParseException
instanceKlass org/apache/spark/sql/execution/adaptive/InvalidAQEPlanException
instanceKlass org/apache/spark/sql/execution/adaptive/SubqueryAdaptiveNotSupportedException
instanceKlass org/codehaus/commons/compiler/LocatedException
instanceKlass java/sql/SQLException
instanceKlass org/json4s/MappingException
instanceKlass shaded/parquet/org/apache/thrift/TException
instanceKlass org/apache/spark/sql/catalyst/analysis/resolver/ExplicitlyUnsupportedResolverFeature
instanceKlass com/ibm/icu/impl/locale/LocaleSyntaxException
instanceKlass scala/ScalaReflectionException
instanceKlass scala/reflect/internal/FatalError
instanceKlass scala/reflect/internal/Positions$ValidateException
instanceKlass org/apache/spark/sql/AnalysisException
instanceKlass org/apache/spark/TaskNotSerializableException
instanceKlass javax/management/JMException
instanceKlass jakarta/servlet/ServletException
instanceKlass org/apache/spark/storage/ShuffleManagerNotInitializedException
instanceKlass org/apache/spark/shuffle/FetchFailedException
instanceKlass sun/security/pkcs11/wrapper/PKCS11Exception
instanceKlass sun/nio/fs/WindowsException
instanceKlass org/apache/spark/status/KVUtils$MetadataMismatchException
instanceKlass javax/security/auth/RefreshFailedException
instanceKlass javax/security/auth/callback/UnsupportedCallbackException
instanceKlass sun/security/krb5/KrbException
instanceKlass org/ietf/jgss/GSSException
instanceKlass java/util/concurrent/ExecutionException
instanceKlass javax/security/auth/DestroyFailedException
instanceKlass java/util/concurrent/TimeoutException
instanceKlass javax/xml/parsers/ParserConfigurationException
instanceKlass org/xml/sax/SAXException
instanceKlass javax/xml/transform/TransformerException
instanceKlass javax/xml/stream/XMLStreamException
instanceKlass java/text/ParseException
instanceKlass javax/naming/NamingException
instanceKlass java/lang/CloneNotSupportedException
instanceKlass java/security/GeneralSecurityException
instanceKlass java/lang/InterruptedException
instanceKlass org/apache/spark/util/Utils$OriginalTryStackTraceException
instanceKlass org/apache/spark/util/Utils$TryStackTraceWrapper
instanceKlass java/net/URISyntaxException
instanceKlass org/apache/spark/deploy/rest/SubmitRestProtocolException
instanceKlass org/apache/spark/SparkException
instanceKlass java/security/PrivilegedActionException
instanceKlass java/io/IOException
instanceKlass java/lang/ReflectiveOperationException
instanceKlass java/lang/RuntimeException
ciInstanceKlass java/lang/Exception 1 1 40 10 7 12 1 1 1 10 12 1 10 12 1 10 12 1 10 12 1 100 1 1 1 1 5 0 1 1 1 1 1 1 1 1 1 1 1 1 1 1
instanceKlass java/lang/InstantiationException
instanceKlass java/lang/IllegalAccessException
instanceKlass java/lang/reflect/InvocationTargetException
instanceKlass java/lang/NoSuchFieldException
instanceKlass java/lang/NoSuchMethodException
instanceKlass java/lang/ClassNotFoundException
ciInstanceKlass java/lang/ReflectiveOperationException 1 1 34 10 7 12 1 1 1 10 12 1 10 12 1 10 12 1 100 1 1 1 1 5 0 1 1 1 1 1 1 1 1 1 1 1
instanceKlass org/apache/spark/network/client/ChunkFetchFailureException
instanceKlass java/lang/reflect/InaccessibleObjectException
instanceKlass org/apache/arrow/vector/util/OversizedAllocationException
instanceKlass org/apache/arrow/memory/OutOfMemoryException
instanceKlass org/apache/spark/sql/execution/datasources/SchemaColumnConvertNotSupportedException
instanceKlass org/apache/parquet/format/InvalidParquetMetadataException
instanceKlass org/roaringbitmap/InvalidRoaringFormat
instanceKlass org/codehaus/janino/util/ClassFile$ClassFileException
instanceKlass org/codehaus/janino/UnicodeUnescapeException
instanceKlass org/codehaus/commons/compiler/InternalCompilerException
instanceKlass org/apache/spark/SparkUpgradeException
instanceKlass org/apache/parquet/ParquetRuntimeException
instanceKlass org/apache/spark/util/TaskCompletionListenerException
instanceKlass org/apache/spark/memory/TooLargePageException
instanceKlass org/apache/spark/TaskKilledException
instanceKlass com/esotericsoftware/kryo/KryoException
instanceKlass net/jpountz/lz4/LZ4Exception
instanceKlass com/fasterxml/jackson/databind/RuntimeJsonMappingException
instanceKlass org/apache/parquet/hadoop/codec/CompressionCodecNotSupportedException
instanceKlass org/apache/datasketches/common/SketchesException
instanceKlass com/ibm/icu/util/ICUUncheckedIOException
instanceKlass com/ibm/icu/util/UResourceTypeMismatchException
instanceKlass com/ibm/icu/util/ICUException
instanceKlass com/thoughtworks/paranamer/ParameterNamesNotFoundException
instanceKlass scala/UninitializedFieldError
instanceKlass org/sparkproject/jetty/http/HttpException$RuntimeException
instanceKlass java/nio/BufferOverflowException
instanceKlass java/nio/file/FileSystemAlreadyExistsException
instanceKlass java/nio/file/FileSystemNotFoundException
instanceKlass java/nio/file/ProviderNotFoundException
instanceKlass java/io/UncheckedIOException
instanceKlass org/sparkproject/jetty/util/component/AbstractLifeCycle$StopException
instanceKlass org/sparkproject/guava/util/concurrent/UncheckedExecutionException
instanceKlass org/sparkproject/guava/cache/CacheLoader$InvalidCacheLoadException
instanceKlass java/security/ProviderException
instanceKlass io/netty/channel/ChannelException
instanceKlass io/netty/handler/codec/CodecException
instanceKlass java/util/concurrent/RejectedExecutionException
instanceKlass org/apache/spark/SparkRuntimeException
instanceKlass java/util/concurrent/CompletionException
instanceKlass org/apache/hadoop/thirdparty/com/google/common/cache/CacheLoader$InvalidCacheLoadException
instanceKlass org/apache/hadoop/thirdparty/com/google/common/util/concurrent/UncheckedExecutionException
instanceKlass org/apache/hadoop/metrics2/MetricsException
instanceKlass py4j/Py4JException
instanceKlass java/util/ConcurrentModificationException
instanceKlass org/apache/ivy/plugins/resolver/BasicResolver$UnresolvedDependencyException
instanceKlass org/apache/ivy/plugins/circular/CircularDependencyException
instanceKlass org/apache/ivy/core/resolve/ResolveProcessException
instanceKlass org/apache/ivy/plugins/conflict/LatestConflictManager$NoConflictResolvedYetException
instanceKlass java/time/DateTimeException
instanceKlass java/lang/TypeNotPresentException
instanceKlass org/apache/logging/log4j/core/config/ConfigurationException
instanceKlass java/util/MissingResourceException
instanceKlass org/apache/logging/log4j/util/InternalException
instanceKlass org/apache/logging/log4j/LoggingException
instanceKlass java/lang/IllegalStateException
instanceKlass java/lang/SecurityException
instanceKlass java/lang/UnsupportedOperationException
instanceKlass java/util/NoSuchElementException
instanceKlass java/lang/IndexOutOfBoundsException
instanceKlass java/lang/reflect/UndeclaredThrowableException
instanceKlass scala/MatchError
instanceKlass java/lang/IllegalArgumentException
instanceKlass java/lang/ArithmeticException
instanceKlass java/lang/NullPointerException
instanceKlass java/lang/IllegalMonitorStateException
instanceKlass java/lang/ArrayStoreException
instanceKlass java/lang/ClassCastException
ciInstanceKlass java/lang/RuntimeException 1 1 40 10 7 12 1 1 1 10 12 1 10 12 1 10 12 1 10 12 1 100 1 1 1 1 5 0 1 1 1 1 1 1 1 1 1 1 1 1 1 1
instanceKlass java/nio/channels/UnsupportedAddressTypeException
instanceKlass com/google/flatbuffers/Utf8Safe$UnpairedSurrogateException
instanceKlass com/google/flatbuffers/Utf8$UnpairedSurrogateException
instanceKlass java/nio/file/ProviderMismatchException
instanceKlass org/sparkproject/jetty/http/HttpException$IllegalArgumentException
instanceKlass java/nio/file/InvalidPathException
instanceKlass java/nio/charset/UnsupportedCharsetException
instanceKlass java/security/InvalidParameterException
instanceKlass org/apache/hadoop/HadoopIllegalArgumentException
instanceKlass scala/StringContext$InvalidUnicodeEscapeException
instanceKlass scala/StringContext$InvalidEscapeException
instanceKlass java/util/IllegalFormatException
instanceKlass java/util/regex/PatternSyntaxException
instanceKlass org/apache/spark/SparkIllegalArgumentException
instanceKlass java/lang/NumberFormatException
ciInstanceKlass java/lang/IllegalArgumentException 1 1 35 10 100 12 1 1 1 10 12 1 10 12 1 10 12 1 100 1 1 1 1 5 0 1 1 1 1 1 1 1 1 1 1 1 1
instanceKlass org/xerial/snappy/SnappyError
instanceKlass org/apache/hadoop/fs/FSError
instanceKlass org/sparkproject/guava/util/concurrent/ExecutionError
instanceKlass org/apache/hadoop/thirdparty/com/google/common/util/concurrent/ExecutionError
instanceKlass java/util/ServiceConfigurationError
instanceKlass scala/NotImplementedError
instanceKlass java/lang/AssertionError
instanceKlass java/lang/VirtualMachineError
instanceKlass java/lang/LinkageError
instanceKlass java/lang/ThreadDeath
ciInstanceKlass java/lang/Error 1 1 40 10 7 12 1 1 1 10 12 1 10 12 1 10 12 1 10 12 1 100 1 1 1 1 5 0 1 1 1 1 1 1 1 1 1 1 1 1 1 1
instanceKlass java/lang/StackOverflowError
instanceKlass java/lang/OutOfMemoryError
instanceKlass java/lang/InternalError
ciInstanceKlass java/lang/VirtualMachineError 1 1 34 10 7 12 1 1 1 10 12 1 10 12 1 10 12 1 100 1 1 1 1 5 0 1 1 1 1 1 1 1 1 1 1 1
ciInstanceKlass java/lang/StackOverflowError 1 1 26 10 100 12 1 1 1 10 12 1 100 1 1 1 1 5 0 1 1 1 1 1 1 1 1 1
instanceKlass java/lang/UnsatisfiedLinkError
instanceKlass java/lang/ExceptionInInitializerError
instanceKlass java/lang/IncompatibleClassChangeError
instanceKlass java/lang/BootstrapMethodError
instanceKlass java/lang/NoClassDefFoundError
ciInstanceKlass java/lang/LinkageError 1 1 31 10 7 12 1 1 1 10 12 1 10 12 1 100 1 1 1 1 5 0 1 1 1 1 1 1 1 1 1 1 1
ciInstanceKlass java/lang/ArrayStoreException 1 1 26 10 100 12 1 1 1 10 12 1 100 1 1 1 1 5 0 1 1 1 1 1 1 1 1 1
ciInstanceKlass java/lang/ThreadDeath 0 0 21 10 100 12 1 1 1 100 1 1 1 1 5 0 1 1 1 1 1 1 1
ciInstanceKlass java/util/Collections 1 1 851 10 7 12 1 1 1 11 7 12 1 1 1 7 1 11 12 1 1 7 1 10 12 1 1 10 12 1 11 12 1 1 100 1 11 12 1 1 11 12 1 1 10 12 1 11 100 12 1 1 11 12 1 1 11 12 1 10 12 1 10 12 1 10 12 11 100 12 1 1 1 10 12 1 1 11 12 1 11 12 1 1 9 12 1 1 100 1 10 10 12 1 1 10 12 1 1 11 12 1 1 10 12 1 11 12 1 100 1 8 1 10 12 1 11 7 12 1 1 1 11 100 1 11 12 1 1 10 12 1 1 10 12 1 10 12 1 1 10 12 1 11 12 1 1 10 12 1 1 10 12 1 1 10 12 1 1 10 12 1 1 7 1 10 12 1 7 1 10 12 1 100 1 10 12 1 100 1 10 12 1 7 1 7 1 10 12 10 7 1 10 12 1 100 1 10 12 1 100 1 10 12 1 100 1 10 10 12 1 7 1 10 10 12 1 100 1 10 100 1 10 100 1 10 100 1 10 10 12 1 10 7 1 10 100 1 10 100 1 10 100 1 10 12 1 10 100 12 1 1 1 100 1 100 1 10 12 1 100 1 10 12 1 100 1 10 12 1 100 1 10 12 1 100 1 10 12 1 100 1 10 100 1 10 12 1 100 1 10 12 1 100 1 10 12 1 9 7 12 1 1 1 9 7 12 1 1 9 7 12 1 1 1 9 12 1 1 9 12 1 1 9 12 1 1 9 12 1 1 9 12 1 1 7 1 10 12 7 1 10 7 1 10 7 1 10 7 1 10 12 1 100 1 100 1 10 8 1 10 12 1 1 10 12 1 10 12 1 1 10 7 1 10 12 1 9 100 12 1 1 1 9 100 12 1 1 1 100 1 9 12 1 1 10 12 7 1 10 100 1 10 11 100 12 1 1 11 12 1 10 12 1 100 1 11 11 12 1 11 7 1 10 100 1 10 100 12 1 1 1 100 1 10 12 1 7 1 10 7 1 10 7 1 10 1 1 1 3 1 3 1 3 1 3 1 3 1 3 1 3 1 3 1 1 1 1 1 1 1 1 1 1 1 1 1 1 1 1 1 1 1 1 1 1 1 1 1 1 1 1 1 1 1 1 1 1 1 1 1 1 1 1 1 1 1 1 1 1 1 1 1 1 1 1 1 1 1 1 1 1 1 1 1 1 1 1 1 1 1 1 1 1 1 1 1 1 1 1 1 1 1 1 1 1 1 1 1 1 1 1 1 1 1 1 1 1 1 1 1 1 1 1 1 1 1 1 1 1 1 1 1 1 1 1 1 1 1 1 1 1 1 1 1 1 1 1 1 1 1 1 1 1 1 1 1 1 1 1 1 1 1 1 1 1 1 1 1 1 1 1 1 1 1 1 1 1 1 1 1 1 1 1 1 1 1 1 1 1 1 1 1 1 1 1 1 1 1 1 1 1 1 1 1 1 1 1 1 1 1 1 1 1 1 1 1 1 1 1 1 1 1 1 1 1 1 1 1 1 1 1 1 1 1 1 1 1 1 1 1 1 1 1 1 1 1 1 1 1 1 1 1 1 1 1 1 1 1 1 1 1 1 1 1 1 1 1 1 1 1 1 1 1 1 1 1 1 1 1 1 1 1 1 1 1 1 1 1 1 1 1 1 1 1 1 1 1 1 1 1 1 1 1 1 1 1 1 1 1 1 1 1 1 1 1 1 1 1 1 1 1 1 1 1 1 1 1 1 1 1 1 1 1 100 1 100 1 100 1 100 1 100 1 100 1 100 1 100 1 100 1 100 1 100 1 100 1 100 1 1 1 1 1 1 1 1 1 1 1 1 1 1 1 1 1 1 1 1 1 1 1 1 1 1 1 1 1 1 1 1 1 1 1 1 1 1 1 100 1 1 1 1 1 1 1 1 1 1 1 1 1 1
staticfield java/util/Collections EMPTY_SET Ljava/util/Set; java/util/Collections$EmptySet
staticfield java/util/Collections EMPTY_LIST Ljava/util/List; java/util/Collections$EmptyList
staticfield java/util/Collections EMPTY_MAP Ljava/util/Map; java/util/Collections$EmptyMap
ciInstanceKlass java/lang/StackTraceElement 1 1 224 10 7 12 1 1 1 10 7 12 1 1 9 12 1 1 9 12 1 1 9 12 1 9 12 1 8 1 10 7 12 1 1 1 7 1 9 12 1 8 1 9 12 1 9 12 1 9 12 1 1 8 1 10 12 1 1 10 12 1 7 1 10 10 12 1 1 8 1 10 12 1 1 10 12 1 8 1 8 1 8 1 10 12 1 8 1 8 1 10 12 1 8 1 8 1 10 12 1 1 10 12 1 10 12 1 1 10 12 1 9 12 1 1 10 7 12 1 1 1 10 12 1 1 7 1 10 12 1 1 10 7 12 1 1 10 7 12 1 1 1 10 7 12 1 1 10 7 12 1 1 10 10 12 1 1 10 12 1 10 12 1 1 100 1 1 1 1 1 3 1 3 1 1 5 0 1 1 1 1 1 1 1 1 1 1 1 1 1 1 1 1 1 1 1 1 1 1 1 1 1 1 100 1 100 1 1 1 1 1 1 1 1 1 1 100 1 1 1 1 1 1 1 1
instanceKlass org/sparkproject/guava/collect/ImmutableCollection
instanceKlass shaded/parquet/com/fasterxml/jackson/databind/util/internal/LinkedDeque
instanceKlass com/fasterxml/jackson/module/scala/deser/GenericFactoryDeserializerResolver$BuilderWrapper
instanceKlass java/util/AbstractMap$2
instanceKlass java/util/TreeMap$Values
instanceKlass scala/collection/convert/JavaCollectionWrappers$IterableWrapper
instanceKlass java/util/EnumMap$Values
instanceKlass org/sparkproject/guava/collect/AbstractMultiset
instanceKlass org/apache/commons/collections4/map/AbstractHashedMap$Values
instanceKlass java/util/IdentityHashMap$Values
instanceKlass java/util/WeakHashMap$Values
instanceKlass com/fasterxml/jackson/databind/util/internal/LinkedDeque
instanceKlass java/util/LinkedHashMap$LinkedValues
instanceKlass java/util/concurrent/ConcurrentLinkedDeque
instanceKlass org/apache/logging/log4j/ThreadContext$EmptyThreadContextStack
instanceKlass java/util/AbstractQueue
instanceKlass java/util/HashMap$Values
instanceKlass java/util/ArrayDeque
instanceKlass java/util/AbstractSet
instanceKlass java/util/ImmutableCollections$AbstractImmutableCollection
instanceKlass java/util/AbstractList
ciInstanceKlass java/util/AbstractCollection 1 1 160 10 7 12 1 1 1 10 7 12 1 1 1 10 12 1 1 11 7 12 1 1 1 11 12 1 1 10 12 1 1 10 100 12 1 1 1 10 12 1 1 10 12 1 1 10 7 12 1 1 10 7 12 1 1 1 7 1 10 100 12 1 1 1 10 100 12 1 1 1 100 1 10 11 12 1 11 7 1 10 12 1 10 12 1 10 7 12 1 1 1 11 8 1 100 1 10 10 12 1 1 8 1 10 12 1 10 12 1 1 1 1 1 1 1 1 1 1 1 1 1 1 1 1 1 1 1 1 1 1 1 1 1 1 1 1 1 1 1 1 1 1 1 1 1 1 1 1 1 1 1 1 1 1 1 1 1 1 1 1
ciInstanceKlass java/lang/Boolean 1 1 151 10 7 12 1 1 1 9 7 12 1 1 1 10 12 1 1 10 12 1 8 1 10 7 12 1 1 9 12 1 1 9 12 1 8 1 10 12 1 1 10 12 1 1 10 7 12 1 1 1 100 1 100 1 10 12 1 1 9 100 12 1 1 9 12 10 100 12 1 1 1 10 12 1 1 8 1 10 7 12 1 1 1 9 12 1 1 100 1 100 1 100 1 1 1 1 1 1 5 0 1 1 1 1 1 1 1 1 1 1 3 1 1 1 1 1 1 1 1 1 1 1 1 1 1 1 1 1 1 1 1 100 1 1 1 1 1 1 1 1 1 1 100 1 1 1 1 1 1 1 1
staticfield java/lang/Boolean TRUE Ljava/lang/Boolean; java/lang/Boolean
staticfield java/lang/Boolean FALSE Ljava/lang/Boolean; java/lang/Boolean
staticfield java/lang/Boolean TYPE Ljava/lang/Class; java/lang/Class
instanceKlass java/util/concurrent/locks/AbstractQueuedSynchronizer
ciInstanceKlass java/util/concurrent/locks/AbstractOwnableSynchronizer 1 1 32 10 7 12 1 1 1 9 7 12 1 1 1 100 1 1 1 1 5 0 1 1 1 1 1 1 1 1 1 1 1 1
instanceKlass java/lang/LiveStackFrameInfo
ciInstanceKlass java/lang/StackFrameInfo 1 1 132 10 7 12 1 1 1 9 7 12 1 1 1 9 7 1 9 12 1 1 11 7 12 1 1 1 9 12 1 1 11 12 1 1 10 12 1 1 10 7 12 1 1 1 10 12 1 11 12 1 11 12 1 1 11 12 1 10 12 1 1 9 12 1 1 10 12 1 1 10 100 12 1 1 10 12 1 1 11 12 1 1 10 12 1 9 12 1 1 10 12 1 1 100 1 8 1 10 12 1 10 7 12 1 1 1 100 1 1 1 1 1 1 1 1 1 1 1 1 1 1 1 1 1 1 100 1 1 1 1 1 1
staticfield java/lang/StackFrameInfo JLIA Ljdk/internal/access/JavaLangInvokeAccess; java/lang/invoke/MethodHandleImpl$1
ciInstanceKlass java/lang/LiveStackFrameInfo 0 0 97 10 100 12 1 1 1 9 100 12 1 1 1 9 12 1 9 12 1 9 12 1 9 12 1 1 100 1 10 12 1 1 10 12 1 8 1 10 12 1 1 8 1 8 1 8 1 10 100 1 10 12 1 100 1 10 12 1 100 1 100 1 1 1 3 1 3 1 1 1 1 1 1 1 1 1 1 1 1 1 1 1 1 1 1 1 1 1 1 1 1 1 1 1 100 1 1
ciInstanceKlass java/lang/Character 1 1 576 7 1 100 1 100 1 9 12 1 1 8 1 9 12 1 1 100 1 9 12 1 1 10 100 12 1 1 1 10 100 12 1 1 1 10 100 12 1 1 1 10 7 12 1 1 1 9 7 12 1 1 1 10 12 1 10 12 1 1 10 12 1 1 10 7 12 1 1 10 12 1 1 3 3 3 3 3 10 12 1 1 10 12 1 3 11 7 12 1 1 1 11 12 1 1 10 12 1 1 10 12 1 1 100 1 10 10 12 1 3 10 12 1 1 10 12 1 10 12 1 1 100 1 8 1 10 12 1 1 10 12 1 10 12 1 10 12 1 10 12 1 10 12 1 1 10 12 1 10 7 12 1 1 10 10 12 1 10 10 12 1 10 12 1 1 10 12 1 10 10 12 1 10 12 1 10 12 1 10 12 1 10 12 1 10 12 1 10 12 1 10 12 10 10 12 10 10 12 1 10 10 12 1 10 10 12 1 10 10 12 1 10 10 12 1 10 10 12 1 10 10 12 1 1 10 10 12 1 10 5 0 10 12 1 10 12 1 10 10 12 1 10 10 12 1 1 10 10 12 1 10 10 12 1 9 12 1 1 100 1 10 10 12 1 10 12 1 1 3 10 100 12 1 1 1 10 12 1 10 100 12 1 1 100 1 10 10 12 1 1 10 12 1 1 10 12 1 1 8 1 10 12 1 9 100 12 1 1 1 10 12 1 10 10 12 1 10 12 1 1 10 12 1 10 10 12 1 1 10 10 12 1 1 100 1 8 1 10 12 1 1 10 7 12 1 1 1 8 1 10 12 1 1 9 12 1 1 100 1 100 1 100 1 1 1 1 3 1 3 1 3 1 3 1 1 1 1 1 3 1 1 3 1 3 1 3 1 3 1 3 1 3 1 3 1 3 1 3 1 3 1 3 1 3 1 3 1 3 1 3 1 3 1 3 1 3 1 3 1 3 1 3 1 3 1 3 1 3 1 3 1 3 1 3 1 3 1 1 1 1 1 1 1 1 1 1 1 1 1 1 1 1 1 1 1 3 1 1 1 1 1 1 1 3 1 1 3 1 1 1 1 1 3 1 1 5 0 1 1 1 1 1 1 1 1 1 1 1 1 1 1 1 1 1 1 1 1 1 1 1 1 1 1 1 1 1 1 1 1 1 1 1 1 1 1 1 1 1 1 1 1 1 1 1 1 1 1 1 1 1 1 1 1 1 1 1 1 1 1 1 1 1 1 1 1 1 1 1 1 1 1 1 1 1 1 1 1 1 1 1 1 1 1 1 1 1 100 1 100 1 1 1 1 1 1
staticfield java/lang/Character TYPE Ljava/lang/Class; java/lang/Class
staticfield java/lang/Character $assertionsDisabled Z 1
ciInstanceKlass java/lang/Float 1 1 223 7 1 100 1 10 100 12 1 1 1 10 100 12 1 1 1 4 100 1 10 12 1 1 10 12 1 1 8 1 8 1 10 100 12 1 1 1 10 12 1 1 10 12 1 1 10 4 4 4 10 7 12 1 1 9 12 1 1 10 12 1 1 10 12 1 10 12 1 10 12 1 1 10 12 1 10 12 1 3 10 12 1 1 10 12 1 1 10 12 1 10 100 12 1 1 1 10 12 1 1 10 12 1 1 8 1 10 7 12 1 1 1 9 12 1 1 100 1 100 1 100 1 1 1 1 1 4 1 1 1 4 1 1 3 1 3 1 3 1 3 1 1 1 1 5 0 1 1 1 1 1 1 1 1 1 1 100 1 1 1 1 1 1 1 1 1 1 1 1 1 3 1 1 1 1 1 1 1 1 1 1 1 1 1 1 1 1 1 1 1 1 1 1 1 1 1 1 1 1 1 1 1 1 1 1 1 1 1 1 100 1 1 1 1 1 1 1 100 1 100 1 1
staticfield java/lang/Float TYPE Ljava/lang/Class; java/lang/Class
instanceKlass java/math/BigDecimal
instanceKlass java/util/concurrent/atomic/Striped64
instanceKlass scala/math/ScalaNumber
instanceKlass java/math/BigInteger
instanceKlass java/util/concurrent/atomic/AtomicLong
instanceKlass java/util/concurrent/atomic/AtomicInteger
instanceKlass java/lang/Long
instanceKlass java/lang/Integer
instanceKlass java/lang/Short
instanceKlass java/lang/Byte
instanceKlass java/lang/Double
instanceKlass java/lang/Float
ciInstanceKlass java/lang/Number 1 1 37 10 7 12 1 1 1 10 100 12 1 1 1 100 1 1 1 1 5 0 1 1 1 1 1 1 1 1 1 1 1 1 1 1 1 1 1
ciInstanceKlass java/lang/Integer$IntegerCache 1 1 93 10 100 12 1 1 1 7 1 10 7 12 1 1 1 9 7 12 1 1 1 8 1 10 7 12 1 1 1 10 12 1 1 10 100 12 1 1 1 3 10 12 1 100 1 9 12 1 1 10 7 12 1 1 1 9 12 1 1 10 12 1 9 12 1 100 1 10 1 1 3 1 1 1 1 1 1 1 1 1 1 1 1 1 1 100 1 100 1 1 1 1 1
staticfield java/lang/Integer$IntegerCache high I 127
staticfield java/lang/Integer$IntegerCache cache [Ljava/lang/Integer; 256 [Ljava/lang/Integer;
staticfield java/lang/Integer$IntegerCache $assertionsDisabled Z 1
ciMethod java/lang/Number <init> ()V 586 0 150413 0 64
ciInstanceKlass java/lang/Double 1 1 285 7 1 100 1 10 7 12 1 1 1 10 12 1 1 10 12 1 100 1 10 12 1 1 10 7 12 1 1 1 6 0 8 1 10 12 1 1 8 1 10 12 1 1 8 1 6 0 10 12 1 1 100 1 5 0 5 0 8 1 8 1 10 100 12 1 1 1 10 100 12 1 1 1 8 1 10 12 1 1 8 1 8 1 8 1 10 12 1 1 10 12 1 10 12 1 1 10 12 1 10 12 1 10 12 1 1 10 12 1 10 6 0 6 0 6 0 10 7 12 1 1 9 12 1 1 10 12 1 10 12 1 10 12 1 10 12 1 5 0 10 12 1 1 10 12 1 10 12 1 10 100 12 1 1 1 10 12 1 1 10 12 1 1 8 1 10 7 12 1 1 1 9 12 1 1 100 1 100 1 100 1 1 1 1 1 6 0 1 1 1 6 0 1 1 3 1 3 1 3 1 3 1 1 1 1 5 0 1 1 1 1 1 1 1 1 1 1 1 1 1 1 1 1 100 1 1 1 1 1 1 1 1 1 1 1 1 3 1 1 1 1 1 1 1 1 1 1 1 1 1 1 1 1 1 1 1 1 1 1 1 1 1 1 1 1 1 1 1 1 1 1 100 1 1 1 1 1 1 1 100 1 100 1 1
staticfield java/lang/Double TYPE Ljava/lang/Class; java/lang/Class
ciInstanceKlass java/lang/Byte 1 1 215 7 1 100 1 10 100 12 1 1 1 9 12 1 1 8 1 9 12 1 1 100 1 10 12 1 1 10 12 1 1 10 100 12 1 1 1 10 100 12 1 1 1 9 7 12 1 1 1 10 12 1 1 100 1 100 1 10 12 1 1 8 1 10 12 1 1 8 1 10 12 1 10 12 1 10 12 1 10 12 1 1 10 12 1 10 12 1 10 12 1 1 10 8 1 8 1 10 7 1 9 12 1 1 10 12 1 10 12 1 1 10 12 1 1 10 12 1 1 10 12 1 5 0 10 12 1 1 8 1 10 7 12 1 1 1 9 12 1 1 100 1 100 1 1 1 3 1 3 1 1 1 1 3 1 3 1 1 5 0 1 1 1 1 1 1 1 1 1 1 1 1 1 1 1 1 1 1 1 1 1 1 1 1 1 1 1 1 1 1 1 1 1 1 1 1 1 1 1 1 1 1 1 1 1 1 1 1 1 1 1 1 1 1 1
staticfield java/lang/Byte TYPE Ljava/lang/Class; java/lang/Class
ciInstanceKlass java/lang/Short 1 1 224 7 1 100 1 100 1 10 7 12 1 1 1 10 12 1 1 100 1 100 1 10 12 1 1 8 1 10 12 1 1 8 1 10 12 1 10 12 1 10 12 1 10 12 1 1 10 12 1 1 10 12 1 9 12 1 1 8 1 9 12 1 1 100 1 10 12 1 1 10 12 1 10 100 12 1 1 1 10 100 12 1 1 1 9 7 12 1 1 1 10 12 1 10 12 1 1 10 8 1 8 1 10 7 1 9 12 1 1 10 12 1 10 12 1 1 10 12 1 1 10 12 1 1 10 12 1 3 3 5 0 10 12 1 1 8 1 10 7 12 1 1 1 9 12 1 1 100 1 100 1 1 1 3 1 3 1 1 1 1 3 1 3 1 1 5 0 1 1 1 1 1 1 1 1 1 1 1 1 1 1 1 1 1 1 1 1 1 1 1 1 1 1 1 3 1 1 1 1 1 1 1 1 1 1 1 1 1 1 1 1 1 1 1 1 1 1 1 1 1 1 1 1 1
staticfield java/lang/Short TYPE Ljava/lang/Class; java/lang/Class
ciInstanceKlass java/lang/Integer 1 1 445 7 1 100 1 7 1 7 1 10 12 1 1 9 12 1 1 9 12 1 1 10 100 12 1 1 1 10 12 1 1 10 100 12 1 1 1 10 10 12 1 1 10 100 12 1 1 1 10 12 1 10 12 1 1 10 7 12 1 1 1 10 12 1 1 10 12 1 1 10 12 1 10 12 1 10 12 1 1 10 10 12 1 9 12 1 1 9 12 1 7 1 8 1 10 12 1 100 1 10 12 1 8 1 10 12 1 1 10 12 1 8 1 10 12 1 8 1 10 12 1 1 3 10 12 1 1 3 10 12 1 1 10 12 1 1 10 7 12 1 1 1 11 7 1 100 1 10 11 10 12 1 1 8 1 10 12 1 1 8 1 100 1 10 12 1 1 10 12 1 1 5 0 8 1 10 12 1 10 12 1 10 12 1 10 12 1 1 7 1 9 12 1 1 9 12 1 1 10 12 1 10 7 1 9 12 1 10 12 1 10 12 1 10 12 1 1 10 7 12 1 1 1 100 1 100 1 10 12 1 1 10 12 1 1 8 1 8 1 10 12 1 1 8 1 8 1 8 1 8 1 8 1 8 1 10 12 1 10 12 1 10 12 1 5 0 3 3 3 3 10 12 1 3 10 12 1 10 100 12 1 1 1 10 12 1 1 10 12 1 1 8 1 10 7 12 1 1 1 9 12 1 1 3 3 3 3 3 3 9 12 1 1 100 1 100 1 100 1 1 1 1 1 1 1 3 1 3 1 1 5 0 1 1 1 1 1 1 1 1 1 100 1 1 1 1 1 1 1 1 1 1 1 1 1 1 1 1 1 1 1 1 1 1 1 1 1 1 1 1 1 1 1 1 1 1 1 1 1 1 1 3 1 1 1 1 1 1 1 1 1 1 1 1 1 1 1 1 100 1 1 1 1 1 1 1 1 1 1 1 1 1 1 1 1 1 1 1 1 1 1 1 1 1 1 1 1 1 1 1 7 1 1 1 1 1 1 1 1 1 100 1 100 1 1
staticfield java/lang/Integer TYPE Ljava/lang/Class; java/lang/Class
staticfield java/lang/Integer digits [C 36
staticfield java/lang/Integer DigitTens [B 100
staticfield java/lang/Integer DigitOnes [B 100
staticfield java/lang/Integer sizeTable [I 10
ciMethod java/lang/Integer intValue ()I 262 0 131 0 -1
ciMethod java/lang/Integer <init> (I)V 528 0 90156 0 0
ciMethod java/lang/Integer numberOfLeadingZeros (I)I 34 0 5160 0 -1
ciMethod java/lang/Integer valueOf (I)Ljava/lang/Integer; 192 0 278204 0 192
ciInstanceKlass java/lang/Long 1 1 506 7 1 100 1 7 1 7 1 10 12 1 1 9 12 1 1 9 7 12 1 1 1 10 100 12 1 1 1 10 12 1 1 10 100 12 1 1 1 10 10 12 10 12 1 10 12 1 10 12 1 5 0 5 0 7 1 10 12 1 1 10 12 1 1 10 12 1 10 12 1 10 12 1 10 12 1 1 10 100 12 1 1 10 12 1 10 12 1 1 10 12 1 1 10 12 1 1 10 12 1 1 10 7 12 1 1 1 10 12 1 1 10 12 1 10 12 1 10 12 1 10 12 1 1 10 10 12 1 5 0 5 0 9 12 1 1 9 12 1 5 0 7 1 8 1 10 12 1 8 1 10 12 1 8 1 8 1 10 12 1 1 5 0 10 12 1 1 5 0 10 12 1 1 10 12 1 1 10 100 12 1 1 1 11 100 1 100 1 10 11 10 12 1 1 8 1 10 12 1 1 8 1 100 1 10 12 1 1 10 12 1 8 1 8 1 11 12 1 1 10 12 1 10 12 1 10 12 1 5 0 5 0 9 7 12 1 1 1 10 12 1 10 12 1 1 8 1 8 1 10 12 1 1 8 1 8 1 8 1 8 1 8 1 8 1 10 12 1 10 12 1 10 12 1 1 10 7 1 9 12 1 1 10 12 1 10 12 1 1 10 7 12 1 1 1 100 1 100 1 10 12 1 1 10 12 1 1 5 0 10 12 1 10 12 1 5 0 5 0 5 0 10 12 1 1 5 0 5 0 10 12 1 10 12 1 10 100 12 1 1 1 10 12 1 1 10 12 1 1 8 1 10 7 12 1 1 1 9 12 1 1 100 1 100 1 100 1 1 1 1 5 0 1 1 1 1 3 1 3 1 5 0 1 1 1 1 1 1 1 1 1 100 1 1 1 1 1 1 1 1 1 1 1 1 1 1 1 1 1 1 1 1 1 1 1 1 1 1 1 1 1 1 1 1 1 1 1 1 1 1 1 1 1 1 1 1 1 1 1 1 1 1 1 1 1 1 3 1 1 1 1 1 1 1 1 1 1 1 1 1 1 1 100 1 1 1 1 1 1 1 1 1 1 1 1 1 1 1 1 1 1 1 1 1 1 1 1 1 1 1 7 1 1 1 1 1 1 1 1 1 100 1 100 1 1
staticfield java/lang/Long TYPE Ljava/lang/Class; java/lang/Class
ciMethod java/lang/Long longValue ()J 256 0 128 0 -1
instanceKlass java/lang/ref/PhantomReference
instanceKlass java/lang/ref/FinalReference
instanceKlass java/lang/ref/WeakReference
instanceKlass java/lang/ref/SoftReference
ciInstanceKlass java/lang/ref/Reference 1 1 195 9 7 12 1 1 1 9 7 12 1 1 10 12 1 1 10 12 1 1 9 12 1 1 10 12 1 1 9 12 1 1 9 12 1 1 7 1 10 12 1 10 7 12 1 1 10 12 1 10 12 1 1 10 12 1 9 12 1 10 12 1 1 10 12 1 10 12 1 9 12 1 100 1 100 1 10 12 1 9 12 1 9 12 1 100 1 10 10 12 1 10 10 7 12 1 1 10 7 12 1 1 1 10 12 1 1 10 7 12 1 1 7 1 8 1 10 12 1 10 12 1 1 10 12 1 1 10 12 1 7 1 10 10 7 12 1 1 1 1 1 1 1 1 1 1 1 1 1 1 1 1 1 1 1 100 1 1 1 100 1 1 1 1 1 1 1 1 1 1 1 1 1 1 1 1 1 1 1 1 1 1 1 1 1 1 1 1 1 1 1 1 1 1 1
staticfield java/lang/ref/Reference processPendingLock Ljava/lang/Object; java/lang/Object
staticfield java/lang/ref/Reference $assertionsDisabled Z 1
instanceKlass sun/security/util/MemoryCache$SoftCacheEntry
instanceKlass java/io/ClassCache$CacheRef
instanceKlass com/ibm/icu/impl/locale/LocaleObjectCache$CacheEntry
instanceKlass org/sparkproject/guava/cache/LocalCache$SoftValueReference
instanceKlass java/util/ResourceBundle$BundleReference
instanceKlass sun/util/locale/provider/LocaleResources$ResourceReference
instanceKlass sun/util/resources/Bundles$BundleReference
instanceKlass sun/util/locale/LocaleObjectCache$CacheEntry
instanceKlass java/lang/invoke/LambdaFormEditor$Transform
ciInstanceKlass java/lang/ref/SoftReference 1 1 47 10 7 12 1 1 1 9 7 12 1 1 1 9 12 1 10 12 1 10 12 1 1 1 1 1 1 1 1 1 1 1 1 1 1 1 1 1 1 1 1 100 1 1 1 1 1
ciMethod java/lang/Long <init> (J)V 512 0 2627 0 -1
ciMethod java/lang/Long valueOf (J)Ljava/lang/Long; 334 0 6395 0 224
ciInstanceKlass java/lang/Long$LongCache 1 1 48 10 100 12 1 1 1 7 1 10 7 12 1 1 1 9 12 1 1 7 1 5 0 10 12 1 9 12 1 1 1 1 1 1 1 1 1 1 1 1 1 1 100 1 1 1 1 1
staticfield java/lang/Long$LongCache cache [Ljava/lang/Long; 256 [Ljava/lang/Long;
instanceKlass io/netty/util/ResourceLeakDetector$DefaultResourceLeak
instanceKlass org/apache/spark/sql/catalyst/encoders/HashableWeakReference
instanceKlass org/apache/hadoop/fs/FileSystem$Statistics$StatisticsDataReference
instanceKlass org/apache/commons/collections4/map/AbstractReferenceMap$WeakRef
instanceKlass scala/ref/WeakReferenceWithWrapper
instanceKlass org/apache/spark/CleanupTaskWeakReference
instanceKlass org/apache/spark/storage/BlockManager$RemoteBlockDownloadFileManager$ReferenceWithCleanup
instanceKlass com/sun/jmx/mbeanserver/WeakIdentityHashMap$IdentityWeakReference
instanceKlass org/sparkproject/guava/cache/LocalCache$WeakValueReference
instanceKlass java/util/ResourceBundle$KeyElementReference
instanceKlass java/util/logging/LogManager$LoggerWeakRef
instanceKlass java/util/logging/Level$KnownLevel
instanceKlass org/sparkproject/guava/collect/MapMakerInternalMap$AbstractWeakKeyEntry
instanceKlass java/lang/ClassValue$Entry
instanceKlass java/lang/ThreadLocal$ThreadLocalMap$Entry
instanceKlass java/lang/WeakPairMap$WeakRefPeer
instanceKlass java/lang/invoke/MethodType$ConcurrentWeakInternSet$WeakEntry
instanceKlass java/util/WeakHashMap$Entry
ciInstanceKlass java/lang/ref/WeakReference 1 1 31 10 7 12 1 1 1 10 12 1 100 1 1 1 1 1 1 1 1 1 1 1 1 1 1 1 1 1 1 1 1
instanceKlass java/lang/ref/Finalizer
ciInstanceKlass java/lang/ref/FinalReference 1 1 47 10 7 12 1 1 1 10 7 12 1 1 1 10 12 1 1 100 1 8 1 10 12 1 1 1 1 1 1 1 1 1 1 1 1 1 1 1 1 1 1 1 1 1 1 1 1
ciInstanceKlass java/lang/ref/Finalizer 1 1 152 9 7 12 1 1 1 10 7 12 1 1 1 9 12 1 1 9 12 1 1 9 12 1 9 12 1 10 12 1 10 12 1 1 9 12 1 1 100 1 10 12 1 7 1 11 7 12 1 1 100 1 10 12 1 100 1 10 12 1 10 100 12 1 1 1 10 100 12 1 1 1 100 1 10 10 12 1 10 7 12 1 1 1 7 1 10 7 1 10 10 7 12 1 1 1 10 12 1 1 10 7 12 1 1 7 1 10 12 1 10 12 1 1 10 12 1 1 10 12 1 1 1 1 1 1 1 1 1 1 1 1 1 1 1 1 1 1 1 1 1 1 1 1 1 1 1 1 1 1 1 1
staticfield java/lang/ref/Finalizer lock Ljava/lang/Object; java/lang/Object
staticfield java/lang/ref/Finalizer $assertionsDisabled Z 1
instanceKlass jdk/internal/ref/PhantomCleanable
instanceKlass jdk/internal/ref/Cleaner
ciInstanceKlass java/lang/ref/PhantomReference 1 1 39 10 100 12 1 1 1 10 7 12 1 1 1 1 1 1 1 1 1 1 1 1 1 1 1 1 1 1 1 1 1 1 1 1 1 1 1 1 1
instanceKlass java/lang/reflect/Executable
instanceKlass java/lang/reflect/Field
ciInstanceKlass java/lang/reflect/AccessibleObject 1 1 398 10 7 12 1 1 1 9 100 12 1 1 1 10 100 12 1 1 1 10 7 12 1 1 10 7 12 1 1 1 10 7 12 1 1 1 10 12 1 1 10 12 1 1 9 12 1 1 7 1 10 7 12 1 1 1 11 12 1 100 1 10 12 1 7 1 100 1 10 12 1 10 12 1 1 7 1 10 7 12 1 1 1 10 12 1 1 7 1 10 12 1 1 100 1 10 10 10 7 12 1 1 1 10 12 1 1 10 12 1 10 12 1 10 12 1 1 10 12 1 8 1 100 1 10 10 12 1 1 8 1 10 12 1 10 12 1 8 1 8 1 8 1 8 1 8 1 8 1 100 1 10 12 1 10 12 1 9 12 1 1 10 12 1 1 10 12 1 10 11 100 1 100 1 8 1 10 10 12 1 10 12 1 1 8 1 10 12 1 8 1 10 12 1 1 10 100 1 8 1 10 11 7 12 1 1 10 12 1 1 10 12 1 1 10 12 1 1 9 12 1 1 100 1 10 12 1 7 1 10 12 1 10 12 1 1 10 7 1 10 12 1 10 12 10 12 1 10 12 1 1 10 12 1 10 12 1 1 10 12 1 9 12 1 10 100 12 1 1 8 1 10 100 12 1 1 1 8 1 10 100 12 1 1 1 9 12 1 100 1 10 7 1 10 10 7 12 1 1 1 7 1 10 10 7 12 1 1 1 7 1 9 12 1 1 1 1 1 1 1 1 1 1 1 1 1 1 1 1 1 1 1 1 1 1 1 1 1 1 1 1 1 1 1 1 1 1 1 1 1 1 1 1 1 1 1 1 1 1 1 1 1 1 1 1 1 1 1 1 1 1 1 1 1 1 1 1 1 1 1 1 1 1 1 1 1 1 1 1 1 1 1 1 1 1 1 1 1
staticfield java/lang/reflect/AccessibleObject reflectionFactory Ljdk/internal/reflect/ReflectionFactory; jdk/internal/reflect/ReflectionFactory
instanceKlass java/lang/reflect/Constructor
instanceKlass java/lang/reflect/Method
ciInstanceKlass java/lang/reflect/Executable 1 1 548 10 7 12 1 1 1 10 7 12 1 1 1 10 7 12 1 1 1 11 7 12 1 1 1 10 7 12 1 1 1 10 12 1 1 10 7 12 1 1 1 10 7 12 1 1 1 10 12 1 8 1 10 10 12 1 1 10 12 1 1 10 100 12 1 1 1 18 12 1 1 11 100 12 1 1 1 8 1 8 1 8 1 10 100 12 1 1 1 11 12 1 1 100 1 8 1 8 1 10 12 1 100 1 8 1 10 12 1 8 1 11 100 12 1 1 1 100 1 10 12 1 1 11 12 1 8 1 18 8 1 10 12 1 10 12 1 1 18 8 1 10 12 1 100 1 10 12 1 10 12 1 11 100 12 1 1 10 12 1 1 8 1 8 1 10 12 1 1 10 12 1 1 10 10 12 1 100 1 10 10 12 1 10 12 1 1 10 7 12 1 1 10 12 1 10 12 1 10 12 1 1 10 7 12 1 1 10 12 1 10 12 1 10 7 12 1 1 1 10 12 1 8 1 10 12 1 10 12 1 3 100 1 8 1 10 12 1 10 12 1 10 10 12 1 10 12 1 1 8 1 8 1 8 1 9 12 1 10 12 1 100 1 8 1 9 12 1 10 12 1 10 12 1 1 10 12 1 1 10 12 1 10 12 10 12 1 7 1 10 12 1 10 12 1 1 100 1 10 100 12 1 1 1 7 1 10 7 12 1 1 1 10 12 1 1 11 7 12 1 1 10 7 12 1 1 10 100 12 1 1 1 10 12 1 1 9 12 1 10 12 1 1 10 12 1 10 12 1 1 9 100 12 1 1 1 10 100 12 1 1 1 10 12 1 10 12 1 1 9 12 1 10 10 10 10 100 12 1 1 1 10 12 1 9 12 1 10 12 1 1 9 12 1 100 1 100 1 1 1 1 1 1 1 1 1 1 1 1 1 1 1 1 1 1 1 1 1 1 1 1 1 1 1 1 1 1 1 1 1 1 100 1 1 1 1 1 1 1 1 100 1 1 1 1 1 1 1 1 1 1 1 1 100 1 1 1 1 1 1 1 1 1 1 1 1 1 1 1 1 1 1 1 1 1 1 1 1 1 1 1 1 1 1 1 1 1 1 1 1 1 1 1 1 1 100 1 1 1 1 1 1 1 1 1 1 1 1 1 1 1 1 1 1 1 1 1 100 1 100 1 1 15 10 100 12 1 1 1 16 15 16 1 16 1 15 10 12 16 1 100 1 1 100 1 100 1 1
ciInstanceKlass java/lang/reflect/Constructor 1 1 429 10 7 12 1 1 1 10 7 12 1 1 9 7 12 1 1 1 10 12 1 1 10 12 1 1 10 7 12 1 1 9 12 1 1 10 7 12 1 1 1 9 12 1 1 9 12 1 1 9 12 1 9 12 1 1 9 12 1 9 12 1 1 9 12 1 1 9 12 1 100 1 8 1 10 12 1 10 12 1 9 12 1 1 10 7 12 1 1 10 7 12 1 1 1 10 12 1 1 10 12 1 1 10 12 1 7 1 100 1 8 1 10 10 12 1 10 12 1 10 12 1 1 10 12 1 1 7 1 10 7 12 1 1 10 12 1 1 10 12 1 10 12 1 1 10 7 12 1 1 1 10 100 12 1 1 10 12 1 1 10 12 1 10 100 12 1 1 1 8 1 10 10 12 1 100 1 8 1 10 12 1 10 12 1 1 10 12 1 1 10 12 1 10 12 1 10 12 1 1 10 12 1 1 9 12 1 1 10 12 1 1 10 12 1 1 10 12 1 8 1 10 12 1 1 11 7 12 1 1 1 10 12 1 1 10 12 1 10 12 1 9 12 1 1 10 7 12 1 1 1 10 12 1 1 10 12 1 1 10 12 1 1 10 12 1 1 10 12 1 9 100 12 1 1 10 12 1 10 12 1 10 12 1 100 1 8 1 10 10 12 1 1 10 12 1 10 10 12 1 1 10 12 1 1 10 100 12 1 1 1 11 100 12 1 1 1 10 12 1 1 9 100 12 1 1 1 10 100 12 1 1 1 10 12 1 1 1 1 1 1 1 1 1 1 1 1 1 1 1 1 1 1 1 1 1 1 1 1 1 1 1 1 1 1 1 1 1 1 1 1 1 1 1 1 1 1 1 1 1 1 1 1 1 1 1 100 1 100 1 100 1 100 1 1 1 1 1 1 1 1 1 1 1 1 1 1 1 1 1 1 1 1 1 1 1 1 1 1 1 1 1 1 1 1 1 100 1 1
ciInstanceKlass java/lang/reflect/Method 1 1 446 9 7 12 1 1 1 10 7 12 1 1 1 10 7 12 1 1 9 12 1 1 10 12 1 1 10 12 1 1 10 7 12 1 1 10 7 12 1 1 1 9 12 1 1 9 12 1 9 12 1 1 9 12 1 9 12 1 9 12 1 1 9 12 1 9 12 1 1 9 12 1 9 12 1 9 12 1 1 100 1 8 1 10 12 1 10 12 1 9 12 1 1 8 1 10 7 12 1 1 10 7 12 1 1 1 10 12 1 1 10 12 1 1 10 12 1 10 12 1 1 10 12 1 1 7 1 10 12 1 1 10 12 10 7 12 1 1 10 12 1 1 10 12 1 10 12 1 10 12 1 10 7 12 1 1 1 10 12 1 1 10 7 1 10 7 12 1 1 1 10 7 12 1 1 10 12 1 1 10 12 1 1 10 12 1 10 7 12 1 1 1 10 12 1 10 8 1 10 12 1 10 12 1 7 1 8 1 8 1 8 1 10 12 1 10 12 1 1 10 12 1 1 10 10 12 1 1 10 12 1 11 100 1 9 12 1 1 10 12 1 1 10 12 1 10 12 1 1 10 12 1 1 11 7 12 1 1 1 10 12 1 10 12 1 10 12 1 10 12 1 10 12 1 9 12 1 1 10 7 12 1 1 1 10 12 1 1 10 7 12 1 1 1 10 7 12 1 1 1 10 7 12 1 1 1 11 7 12 1 1 1 10 7 12 1 1 1 7 1 100 1 100 1 10 12 1 10 12 1 1 10 12 1 100 1 8 1 10 12 1 10 10 12 1 1 10 12 1 1 10 12 1 1 10 12 1 1 8 1 10 12 1 1 1 1 1 1 1 1 1 1 1 1 1 1 1 1 1 1 1 1 1 1 1 1 1 1 1 1 1 1 1 1 1 1 1 1 1 1 1 1 1 1 1 1 1 1 1 1 1 1 1 1 1 100 1 100 1 100 1 1 1 1 1 1 1 1 1 1 1 1 1 1 1 1 1 1 1 1 1 1 1 1 1 1
ciInstanceKlass java/lang/reflect/Field 1 1 437 9 7 12 1 1 1 10 12 1 1 10 7 12 1 1 1 10 7 12 1 1 9 12 1 1 10 12 1 1 10 12 1 1 10 7 12 1 1 10 7 12 1 1 1 9 12 1 1 9 12 1 9 12 1 9 12 1 1 9 12 1 1 9 12 1 9 12 1 1 9 12 1 1 100 1 8 1 10 12 1 10 12 1 9 12 1 1 9 12 1 10 12 1 10 7 12 1 1 10 12 1 1 10 12 1 1 10 12 1 10 12 1 1 7 1 10 12 1 1 10 12 1 1 10 12 1 1 10 12 1 10 12 1 10 7 1 10 7 12 1 1 100 1 10 8 1 10 12 1 1 10 12 1 1 8 1 10 12 10 12 1 8 1 8 1 10 11 100 1 9 12 1 10 12 1 1 10 12 1 1 11 7 12 1 1 1 11 12 1 1 11 12 1 1 11 12 1 1 11 12 1 1 11 12 1 1 11 12 1 1 11 12 1 1 11 12 1 1 11 12 1 1 11 12 1 1 11 12 1 1 11 12 1 1 11 12 1 1 11 12 1 1 11 12 1 1 11 12 1 1 11 12 1 1 10 12 1 10 100 12 1 1 10 12 1 10 12 1 1 10 12 9 12 1 1 10 7 12 1 1 1 10 12 1 1 10 7 12 1 1 10 12 1 1 11 7 1 10 12 1 7 1 10 100 12 1 1 1 10 7 12 1 1 1 9 12 1 10 7 12 1 1 1 11 7 12 1 1 1 10 12 1 1 10 12 1 1 9 100 12 1 1 1 10 100 12 1 1 1 10 12 1 1 100 1 1 1 1 1 1 1 1 1 1 1 1 1 1 1 1 1 1 1 1 1 1 1 1 1 1 1 1 1 1 1 1 1 1 1 100 1 1 1 1 1 1 1 1 1 1 1 1 1 1 1 1 1 1 1 1 1 1 1 1 1 1 1 1 1 1 1 1 1 1 100 1 1 1 1 1 1 1 1 100 1 1
ciInstanceKlass java/lang/reflect/Parameter 1 1 226 10 7 12 1 1 1 9 7 12 1 1 1 9 12 1 1 9 12 1 1 9 12 1 10 12 1 1 10 12 1 1 10 7 12 1 1 1 100 1 10 10 12 1 1 11 100 12 1 1 1 10 12 1 10 100 12 1 1 1 10 12 1 1 10 12 1 10 12 1 8 1 8 1 10 100 12 1 1 1 10 12 1 10 12 10 12 1 8 1 10 12 1 9 12 1 1 10 12 1 1 9 12 1 1 10 12 1 1 10 12 1 1 10 12 1 1 10 12 1 10 10 12 1 10 100 12 1 1 1 10 12 1 1 11 100 12 1 1 10 100 12 1 1 100 1 10 100 12 1 1 1 10 12 1 1 10 12 1 1 10 12 1 1 10 12 1 1 9 12 1 100 1 10 11 12 1 1 11 12 1 1 100 1 1 1 1 1 1 1 1 1 1 1 1 1 1 1 1 1 1 1 1 1 1 1 1 1 1 1 1 1 1 1 1 1 1 1 1 1 1 100 1 1 1 1
ciInstanceKlass java/lang/StringBuffer 1 1 470 10 7 12 1 1 1 10 12 1 10 12 1 10 12 1 1 9 7 12 1 1 1 10 12 1 1 10 12 1 10 12 1 1 9 12 1 1 10 12 1 10 12 1 1 10 12 1 1 10 12 1 10 12 1 1 10 12 1 10 12 1 1 10 12 1 1 10 100 12 1 1 1 10 12 1 1 10 12 1 10 12 1 10 12 1 10 12 1 10 12 1 10 12 1 10 12 1 10 12 1 10 12 1 10 12 1 10 12 1 10 12 1 10 12 1 10 12 1 1 10 12 1 10 12 1 1 10 12 1 1 10 10 12 1 1 10 12 1 10 12 1 10 12 1 10 12 1 10 12 1 10 12 1 10 12 10 12 1 10 12 1 10 12 1 10 12 1 1 10 12 1 10 12 1 10 10 12 1 1 10 12 1 1 9 12 1 1 10 7 12 1 1 1 10 100 1 10 10 100 12 1 1 1 10 10 12 1 10 8 10 100 12 1 1 1 8 10 12 1 8 1 10 12 1 10 12 1 10 100 12 1 1 1 10 100 12 1 1 1 7 1 10 12 100 1 8 1 10 10 12 1 1 10 12 1 1 10 12 1 1 10 12 1 10 12 1 10 12 1 10 12 1 10 12 1 10 12 1 10 12 1 10 12 1 10 12 1 10 12 1 10 12 1 10 12 1 10 12 1 10 12 1 10 12 1 10 12 1 10 12 10 12 10 12 1 10 12 1 10 12 1 10 12 10 12 1 10 12 1 10 12 1 10 12 1 10 12 1 10 12 1 10 12 1 10 12 1 10 12 1 10 12 1 10 12 1 7 1 10 12 1 9 7 12 1 1 1 9 7 1 9 12 1 1 100 1 100 1 100 1 1 1 1 5 0 1 1 1 1 1 1 1 1 1 1 1 1 1 1 1 1 1 1 1 1 1 1 1 1 1 1 1 1 1 1 1 1 1 1 1 1 1 1 1 1 1 1 1 1 1 1 1 1 1 1 1 1 1 1 1 1 1 1 1 1 100 1 1 1 1 1 100 1 1 1 1 1 1 1 1 1 1 1 1 1 1 1 1 1
staticfield java/lang/StringBuffer serialPersistentFields [Ljava/io/ObjectStreamField; 3 [Ljava/io/ObjectStreamField;
instanceKlass java/lang/StringBuilder
instanceKlass java/lang/StringBuffer
ciInstanceKlass java/lang/AbstractStringBuilder 1 1 547 7 1 7 1 10 7 12 1 1 1 9 7 12 1 1 1 9 12 1 9 12 1 1 9 12 1 1 10 7 12 1 1 1 10 12 1 1 3 3 10 12 1 10 12 1 1 11 7 1 100 1 100 1 10 8 1 10 12 1 10 12 1 10 12 1 1 10 12 1 10 12 1 10 12 1 9 12 1 1 10 12 1 1 10 7 12 1 1 1 10 10 12 1 10 12 1 10 12 1 1 10 12 1 1 10 7 12 1 1 1 10 7 12 1 1 1 100 1 8 1 10 10 12 1 1 100 1 10 12 10 12 1 1 10 10 12 1 1 10 12 1 1 10 12 1 1 10 12 1 1 100 1 10 10 12 1 10 100 12 1 1 1 10 12 1 1 10 12 1 10 12 1 1 10 10 12 1 1 10 12 10 12 1 10 12 1 1 10 12 1 1 10 12 1 1 10 12 1 10 10 12 1 1 10 12 1 10 12 1 1 8 1 10 12 1 1 10 12 1 10 12 1 10 12 1 10 12 1 10 12 1 10 12 1 10 7 12 1 1 10 12 1 10 12 1 10 100 12 1 1 1 10 12 1 10 12 1 10 12 1 10 12 1 10 12 1 1 10 12 1 10 12 1 1 10 12 1 1 10 10 7 12 1 1 1 10 12 1 10 12 1 10 12 1 1 10 12 1 10 12 1 10 12 1 10 12 1 10 12 1 10 12 1 10 12 1 10 12 1 10 12 1 1 10 12 1 10 12 1 10 12 10 12 1 1 18 12 1 1 100 1 10 100 12 1 1 1 18 10 12 1 1 10 12 1 10 12 1 1 11 12 1 10 12 1 10 12 1 10 10 12 1 10 8 1 8 1 8 1 10 10 100 1 10 12 1 100 1 10 100 1 10 100 1 1 1 3 1 1 1 1 1 1 1 1 1 1 100 1 1 1 1 1 1 1 1 1 1 1 1 1 1 1 1 1 1 1 1 1 1 1 1 1 1 1 1 1 1 1 1 1 1 1 1 1 1 1 1 1 1 1 1 1 1 1 1 1 1 1 1 1 1 1 1 1 1 1 1 1 1 1 1 1 1 1 1 1 1 1 1 1 1 1 1 1 1 1 1 1 1 1 1 1 1 1 1 1 1 1 1 1 1 1 1 1 100 1 1 100 1 1 1 1 1 100 1 1 1 1 1 1 15 10 100 12 1 1 1 16 1 15 10 12 16 15 10 12 1 1 1 1 100 1 100 1 1
staticfield java/lang/AbstractStringBuilder EMPTYVALUE [B 0
ciInstanceKlass java/lang/SecurityManager 1 0 576 10 100 12 1 1 1 9 100 12 1 1 1 10 100 12 1 1 1 100 1 8 1 10 12 1 10 12 1 1 10 100 12 1 1 1 10 100 1 10 100 1 10 9 100 12 1 1 1 10 100 12 1 1 1 10 12 1 1 10 100 12 1 1 100 1 8 1 10 9 12 1 1 9 12 1 8 1 9 12 1 100 1 10 8 1 10 12 1 1 10 12 1 10 12 1 1 100 1 10 10 12 1 1 100 1 8 1 10 12 1 8 1 8 1 8 1 8 1 8 1 8 1 10 12 1 8 1 8 1 8 1 8 1 8 1 10 100 12 1 1 1 10 12 1 1 8 1 100 1 8 1 10 8 1 8 1 8 1 8 1 8 1 10 100 12 1 1 8 1 100 1 8 1 8 1 10 8 1 10 12 1 100 1 8 1 10 10 12 1 1 10 12 1 10 12 1 10 12 1 10 100 12 1 1 1 10 12 1 10 100 12 1 1 11 100 12 1 1 1 18 12 1 1 11 100 12 1 1 1 18 12 1 1 11 12 1 1 18 18 11 12 1 18 12 1 11 12 1 1 9 12 1 1 9 12 1 9 12 1 9 12 1 100 1 10 100 12 1 1 10 12 1 10 12 1 18 12 1 18 10 100 12 1 1 1 18 12 1 10 12 1 18 18 8 1 10 12 1 9 12 1 1 11 100 12 1 1 1 8 1 100 1 10 12 1 10 12 1 1 10 12 1 1 9 12 1 1 10 12 1 10 12 1 1 8 1 100 1 10 9 12 1 8 1 10 12 1 8 1 100 1 10 10 100 12 1 1 10 100 1 9 100 12 1 1 1 11 12 1 1 10 12 1 11 12 1 10 12 1 100 1 10 10 12 1 1 10 12 1 1 1 1 1 1 1 1 1 1 1 100 1 1 1 1 1 1 1 1 1 1 1 1 1 1 1 1 1 1 1 1 1 1 1 1 1 1 1 1 1 1 1 1 1 1 1 1 1 1 1 1 1 1 1 1 1 1 1 1 1 1 1 1 1 1 1 1 3 1 1 1 1 1 1 1 1 1 1 100 1 1 1 1 1 1 1 1 1 1 1 1 1 1 1 1 1 1 1 1 1 1 1 1 1 1 1 1 1 1 1 1 1 1 1 1 1 1 15 10 100 12 1 1 1 16 15 10 100 12 1 1 1 16 1 16 15 10 12 16 1 15 10 12 16 15 11 100 1 16 1 16 1 15 10 12 16 15 10 12 16 15 10 12 1 16 1 15 11 12 1 15 10 12 16 15 10 16 1 1 1 1 100 1 100 1 1
ciInstanceKlass java/security/AccessControlContext 1 1 373 9 7 12 1 1 1 9 12 1 1 10 100 12 1 1 1 8 1 10 100 12 1 1 1 10 7 12 1 1 1 9 12 1 9 12 1 1 9 12 1 1 10 7 12 1 1 100 1 10 12 1 11 100 12 1 1 1 11 12 1 11 12 1 11 12 1 1 7 1 11 12 1 1 10 12 1 10 7 12 1 1 1 9 100 12 1 1 1 10 100 12 1 1 1 11 100 12 1 1 1 10 7 1 100 1 8 1 10 12 1 10 12 1 1 7 1 10 7 12 1 1 1 9 12 1 9 12 1 9 12 1 9 12 1 1 9 12 1 1 9 12 1 9 12 1 10 7 12 1 1 1 9 12 1 10 12 1 1 10 12 1 1 8 1 10 12 1 1 10 12 1 1 10 100 12 1 1 1 100 1 10 10 12 1 1 10 100 12 1 1 1 10 8 1 10 100 12 1 1 8 1 10 100 12 1 1 8 1 8 1 10 12 1 8 1 10 12 1 8 1 10 12 1 10 12 1 10 12 1 1 8 1 8 1 100 1 10 12 1 10 12 1 1 100 1 10 12 1 8 1 10 12 1 10 12 1 10 8 1 10 12 1 1 10 12 1 1 10 12 1 1 10 12 1 1 10 12 1 10 12 1 10 12 1 10 12 1 1 10 10 10 12 1 1 1 1 1 1 1 1 1 1 1 1 1 1 1 1 1 1 1 1 1 1 1 1 100 1 1 1 1 1 1 1 1 1 1 1 1 1 1 1 1 1 1 1 1 1 1 1 1 1 1 1 1 1 1 1 1 1 1 1 1 1 1 1 1 1 1 1 1 1 1 1 1 1 1 1 1 3 1 1
ciInstanceKlass java/net/URL 1 1 743 10 7 12 1 1 1 10 12 1 10 7 12 1 1 9 12 1 1 9 12 1 10 7 12 1 1 1 10 12 1 1 10 12 1 1 9 12 1 1 10 7 12 1 1 1 8 1 10 12 1 1 100 1 10 10 12 1 1 8 1 10 12 1 1 9 12 1 100 1 8 1 10 12 1 10 12 1 8 1 9 12 1 10 12 1 1 9 12 1 10 12 1 10 12 1 9 12 1 9 12 1 8 1 9 12 1 10 12 1 1 8 1 9 12 1 1 10 12 1 1 10 7 12 1 1 1 8 1 10 12 1 7 1 10 12 1 10 12 1 10 12 1 10 12 1 1 10 12 1 1 8 1 10 12 1 1 10 12 1 8 1 9 12 1 8 1 10 12 1 10 7 12 1 1 1 100 1 10 12 1 10 12 1 1 10 7 12 1 1 1 100 1 8 1 10 10 12 1 8 1 10 12 1 1 10 12 1 10 12 1 10 12 1 10 12 1 10 12 1 8 1 10 12 1 10 10 7 12 1 1 1 10 12 1 9 100 12 1 1 1 10 100 12 1 1 1 9 12 1 1 10 12 1 10 100 12 1 1 1 100 1 100 1 10 12 1 10 12 1 10 12 1 10 12 1 10 12 1 10 12 10 10 10 12 1 100 1 10 12 1 10 12 1 1 8 1 9 100 12 1 1 1 10 100 12 1 1 1 10 12 1 1 9 100 12 1 1 1 10 12 1 1 100 1 10 12 1 10 12 1 10 10 12 1 1 10 12 1 1 10 12 1 10 12 1 10 12 1 10 7 12 1 1 1 10 12 1 1 10 12 1 9 12 1 1 9 12 1 1 100 1 8 1 10 10 12 1 9 12 1 1 10 7 12 1 1 8 1 10 7 12 1 1 8 1 10 12 1 1 10 12 1 8 1 8 1 10 7 12 1 1 1 100 1 10 100 12 1 1 1 10 12 1 10 12 1 100 1 10 9 12 1 1 10 7 12 1 1 8 1 10 12 1 1 100 1 10 10 100 12 1 1 1 8 9 100 12 1 1 1 10 12 1 10 12 1 10 12 1 10 12 1 10 7 12 1 1 11 7 12 1 1 10 12 1 10 12 1 9 12 1 10 12 1 1 10 100 12 1 1 10 100 12 1 1 1 8 10 100 12 1 1 100 1 10 8 8 10 12 1 8 8 8 100 1 10 12 1 9 12 1 1 10 12 1 10 12 1 1 10 12 1 10 12 10 12 1 1 10 12 1 1 10 10 10 12 1 10 12 1 10 12 1 10 12 1 10 12 1 10 10 12 1 100 1 8 1 10 10 10 12 1 1 10 12 1 10 12 1 1 8 1 7 1 10 10 10 7 1 10 12 1 9 7 12 1 1 1 9 12 1 1 7 1 10 10 7 12 1 1 1 100 1 1 1 1 1 5 0 1 1 1 1 1 1 1 1 1 1 1 1 1 1 1 1 1 1 1 1 1 1 1 1 1 1 1 1 1 1 1 1 1 1 1 1 1 1 1 100 1 1 1 1 1 1 1 1 1 1 1 1 1 1 1 1 1 1 1 1 1 1 1 1 1 1 1 1 1 1 1 1 1 1 1 1 1 100 1 1 1 1 1 1 1 1 1 1 1 1 1 1 1 1 100 1 1 1 1 1 1 1 1 1 1 1 1 1 1 1 1 1 1
staticfield java/net/URL defaultFactory Ljava/net/URLStreamHandlerFactory; java/net/URL$DefaultFactory
staticfield java/net/URL streamHandlerLock Ljava/lang/Object; java/lang/Object
staticfield java/net/URL serialPersistentFields [Ljava/io/ObjectStreamField; 7 [Ljava/io/ObjectStreamField;
ciInstanceKlass java/util/jar/Manifest 1 1 336 10 7 12 1 1 1 7 1 10 9 7 12 1 1 1 7 1 10 9 12 1 1 9 12 1 1 10 12 1 10 12 1 1 10 12 1 1 10 12 1 1 10 12 1 1 11 7 1 11 12 1 1 10 12 1 1 10 100 12 1 1 1 100 1 100 1 10 8 1 10 12 1 1 10 12 1 1 10 12 1 10 12 1 11 100 1 10 12 1 10 12 1 1 11 12 1 1 10 12 1 11 12 1 1 11 100 12 1 1 1 11 100 12 1 1 11 12 1 1 100 1 10 12 1 8 1 11 12 1 7 1 10 12 1 1 11 12 1 10 12 1 10 12 1 10 100 12 1 1 1 8 1 10 12 1 1 10 9 7 12 1 1 1 10 12 1 1 10 100 12 1 10 12 1 10 12 1 9 100 12 1 1 1 8 1 10 12 1 8 1 8 1 7 1 10 12 1 10 12 1 10 12 1 1 100 1 8 1 10 12 1 1 8 1 10 10 12 1 1 8 1 10 12 1 1 10 7 12 1 1 1 10 12 1 10 11 12 1 1 10 12 1 10 7 12 1 1 1 10 12 1 1 10 12 1 1 11 10 12 1 11 10 12 1 100 1 1 1 1 1 1 1 1 1 1 1 1 1 1 1 1 1 1 1 1 1 1 1 1 1 1 1 1 1 1 1 1 1 1 1 1 1 1 1 1 1 1 1 100 1 1 1 1 1 1 1 1 1 1 1 1 1 1 100 1 1 1 1 1 1 1 1 1 1 1
ciInstanceKlass java/util/Objects 1 1 151 10 7 12 1 1 1 100 1 8 1 10 12 1 10 12 1 1 10 7 12 1 1 1 10 12 1 1 10 12 1 10 100 12 1 1 1 10 12 1 1 11 100 12 1 1 1 100 1 10 10 12 1 8 1 10 7 12 1 1 1 8 1 100 1 11 12 1 1 8 1 10 7 12 1 1 1 10 12 1 1 10 12 1 10 12 1 10 12 1 10 12 1 1 1 1 1 1 1 1 1 1 1 1 1 1 1 1 1 1 1 1 1 1 1 1 1 1 1 1 1 1 1 1 1 1 1 1 1 1 1 1 1 1 1 1 1 1 1 1 1 1 1 1 1 1 1 1 1 1 1
instanceKlass shaded/parquet/com/fasterxml/jackson/databind/util/internal/PrivateMaxEntriesMap
instanceKlass com/fasterxml/jackson/module/scala/deser/GenericMapFactoryDeserializerResolver$BuilderWrapper
instanceKlass org/apache/logging/log4j/internal/map/UnmodifiableArrayBackedMap
instanceKlass org/sparkproject/jetty/http/pathmap/PathMappings
instanceKlass org/sparkproject/guava/cache/LocalCache
instanceKlass org/apache/commons/collections4/map/AbstractHashedMap
instanceKlass org/apache/hadoop/thirdparty/com/google/common/cache/LocalCache
instanceKlass org/apache/hadoop/thirdparty/com/google/common/collect/MapMakerInternalMap
instanceKlass org/sparkproject/guava/collect/MapMakerInternalMap
instanceKlass java/util/concurrent/ConcurrentSkipListMap
instanceKlass com/fasterxml/jackson/databind/util/internal/PrivateMaxEntriesMap
instanceKlass java/util/Collections$SingletonMap
instanceKlass scala/collection/convert/JavaCollectionWrappers$MapWrapper
instanceKlass java/util/TreeMap
instanceKlass java/util/IdentityHashMap
instanceKlass java/util/EnumMap
instanceKlass java/util/WeakHashMap
instanceKlass java/util/Collections$EmptyMap
instanceKlass sun/util/PreHashedMap
instanceKlass java/util/HashMap
instanceKlass java/util/ImmutableCollections$AbstractImmutableMap
instanceKlass java/util/concurrent/ConcurrentHashMap
ciInstanceKlass java/util/AbstractMap 1 1 192 10 7 12 1 1 1 10 7 12 1 1 1 11 7 12 1 1 1 10 11 12 1 1 11 7 12 1 1 1 11 12 1 1 7 1 11 12 1 10 12 1 1 11 12 1 100 1 10 11 12 1 11 7 1 10 12 1 1 11 12 1 9 12 1 1 100 1 10 12 1 9 12 1 1 7 1 10 11 11 12 1 1 11 12 1 100 1 100 1 11 12 1 8 1 100 1 10 10 12 1 1 8 1 10 12 1 10 12 1 1 10 12 1 1 1 1 1 1 1 1 1 1 1 1 1 1 1 1 1 1 1 1 1 1 1 1 1 1 1 1 1 1 1 1 1 1 1 1 1 1 1 1 100 1 1 1 1 1 1 1 1 1 1 1 1 1 1 1 1 7 1 1 1 1 1 1 1 1 1 100 1 100 1 100 1 100 1 1 1 1 1
ciInstanceKlass java/util/List 1 1 217 10 100 12 1 1 1 11 100 12 1 1 1 11 100 12 1 1 1 11 12 1 1 11 100 12 1 1 11 12 1 1 11 12 1 1 10 100 12 1 1 1 7 1 7 1 10 12 1 1 100 1 10 100 12 1 1 1 9 7 12 1 1 1 7 1 10 12 10 12 1 7 1 10 12 1 1 10 12 1 10 12 1 1 100 1 1 1 1 1 1 1 1 1 1 1 1 1 1 1 1 1 1 1 1 1 1 1 1 1 1 1 1 1 1 1 1 1 1 1 1 1 1 1 1 1 1 1 1 1 1 1 1 1 1 100 1 100 1 1 1 1 1 1 1 1 1 1 1 1 1 1 1 1 1 1 1 1 1 1 1 1 1 1 1 1 1 1 1 1 1 1 1 1 1 1 1 1 1 1 1 1 1 1 1 1 1 1 1 1 1 1 1 1 1 1 1 1 1 1 1 1 1 1 1 1 1 1 1 1 100 1 1 100 1 1 1
instanceKlass io/netty/handler/codec/CodecOutputList
instanceKlass sun/security/jca/ProviderList$ServiceList
instanceKlass org/sparkproject/jetty/util/BlockingArrayQueue
instanceKlass java/util/Collections$CopiesList
instanceKlass sun/security/jca/ProviderList$3
instanceKlass java/util/Collections$SingletonList
instanceKlass scala/collection/convert/JavaCollectionWrappers$MutableBufferWrapper
instanceKlass java/util/AbstractList$SubList
instanceKlass scala/collection/convert/JavaCollectionWrappers$SeqWrapper
instanceKlass java/util/AbstractSequentialList
instanceKlass java/util/Vector
instanceKlass java/util/Arrays$ArrayList
instanceKlass java/util/ArrayList$SubList
instanceKlass java/util/Collections$EmptyList
instanceKlass java/util/ArrayList
ciInstanceKlass java/util/AbstractList 1 1 218 10 7 12 1 1 1 9 7 12 1 1 1 10 12 1 1 10 12 1 1 100 1 10 10 12 1 1 11 100 12 1 1 1 11 12 1 1 11 12 1 10 100 12 1 1 1 10 12 1 11 12 1 11 12 1 11 12 1 10 12 1 1 10 12 1 1 11 100 12 1 1 1 11 100 1 11 7 1 10 12 1 7 1 10 12 1 10 12 1 1 7 1 100 1 10 12 1 7 1 10 100 1 100 1 10 8 1 10 12 1 1 10 12 1 10 12 1 1 10 12 1 8 1 100 1 8 1 8 1 8 1 10 100 1 11 10 10 12 1 11 12 1 10 12 1 1 8 1 8 1 1 1 1 1 1 1 1 1 1 1 1 1 1 1 1 1 1 1 1 1 1 1 1 1 1 1 1 1 1 1 1 1 1 1 1 1 1 1 1 1 1 1 1 1 1 1 1 1 1 1 1 1 1 1 1 1 1 100 1 100 1 1 1 1 1 1 1
ciMethod java/util/AbstractList get (I)Ljava/lang/Object; 0 0 1 0 -1
ciInstanceKlass jdk/internal/util/Preconditions 1 1 170 10 100 12 1 1 1 11 100 12 1 1 1 11 100 12 1 1 1 100 1 100 1 10 100 12 1 1 1 10 12 1 8 1 100 1 10 100 12 1 1 1 10 12 1 1 8 1 8 1 10 100 12 1 1 7 1 10 12 1 8 1 10 100 12 1 1 1 8 1 10 12 1 1 10 12 1 1 11 12 1 8 1 8 1 11 12 1 1 8 1 8 1 8 1 10 12 1 1 10 12 1 1 10 12 1 10 12 1 10 12 1 10 12 1 1 1 1 1 1 1 1 1 1 1 1 1 1 1 1 1 1 1 1 1 1 1 1 1 1 1 1 1 1 1 1 1 1 1 1 1 1 1 1 1 1 1 1 1 1 1 1 1 1 1 1 1 1 1 1
ciMethod java/util/Objects checkIndex (II)I 556 0 53125 0 -1
ciMethod java/util/Objects checkFromIndexSize (III)I 630 0 77427 0 160
ciInstanceKlass java/lang/AssertionStatusDirectives 0 0 24 10 100 12 1 1 1 100 1 1 1 1 1 1 1 1 1 1 1 1 1 1 1 1
ciInstanceKlass java/lang/invoke/MethodHandleNatives$CallSiteContext 1 1 49 10 7 12 1 1 1 7 1 10 10 7 12 1 1 1 10 7 12 1 1 1 10 7 12 1 1 1 100 1 1 1 1 1 1 1 1 1 1 1 1 1 1 1 1 1 100 1 1
ciInstanceKlass jdk/internal/invoke/NativeEntryPoint 0 0 92 10 100 12 1 1 1 9 100 12 1 1 1 10 100 12 1 1 1 100 1 9 12 1 9 12 1 9 12 1 1 9 12 1 1 9 12 1 1 100 1 8 1 10 12 1 11 100 12 1 1 1 10 12 1 1 10 12 1 11 100 12 1 1 11 12 1 10 12 1 1 10 12 1 1 1 1 1 1 1 1 1 1 1 1 1 1 1 1 1 1 1
instanceKlass java/lang/invoke/VolatileCallSite
instanceKlass java/lang/invoke/MutableCallSite
instanceKlass java/lang/invoke/ConstantCallSite
ciInstanceKlass java/lang/invoke/CallSite 1 1 302 10 7 12 1 1 1 10 7 12 1 1 1 9 7 12 1 1 1 10 12 1 1 9 12 1 1 10 7 12 1 1 1 10 12 1 100 1 10 12 1 1 10 12 1 1 9 100 12 1 1 1 10 100 12 1 1 10 12 1 1 100 1 100 1 10 10 100 12 1 1 1 10 12 1 1 8 1 10 12 1 10 12 1 1 10 12 1 10 12 1 1 10 12 1 1 10 10 7 12 1 1 10 12 1 1 9 12 1 9 7 12 1 1 1 8 1 10 7 12 1 1 1 10 12 1 1 100 1 10 12 1 1 9 12 1 8 1 100 1 10 12 1 10 12 1 100 1 8 1 10 10 12 1 10 12 1 1 100 1 10 12 1 1 10 12 1 10 12 1 10 12 1 1 10 12 1 1 9 12 1 1 8 10 12 1 1 9 12 1 1 100 1 10 10 12 1 10 100 12 1 1 1 10 12 1 1 10 12 1 1 10 12 1 10 7 12 1 1 1 100 1 8 1 10 10 12 10 12 1 1 100 1 100 1 100 1 8 1 10 12 1 10 7 12 1 1 1 1 1 1 1 1 1 1 1 1 1 1 1 1 1 1 1 1 1 1 1 1 1 1 1 1 1 1 1 1 1 1 1 1 1 1 1 1 1 1 1 1 1 1 1 1 1 1 1 1 1 1 1 1 1
staticfield java/lang/invoke/CallSite $assertionsDisabled Z 1
ciInstanceKlass java/lang/invoke/VolatileCallSite 0 0 37 10 100 12 1 1 1 10 12 1 10 100 12 1 1 1 10 12 1 10 12 1 1 1 1 1 1 1 1 1 1 1 1 1 1 1 1
ciInstanceKlass java/lang/invoke/MethodType 1 1 771 7 1 10 7 12 1 1 1 9 12 1 1 9 12 1 1 9 12 1 1 10 7 12 1 1 1 9 7 12 1 1 8 1 10 100 12 1 1 1 9 7 1 9 7 1 10 12 1 1 7 1 10 8 1 10 12 1 1 10 12 1 10 12 1 1 100 1 8 1 10 12 1 100 1 10 10 12 1 10 12 1 1 10 12 1 1 11 7 12 1 1 1 9 12 1 11 12 1 1 7 7 1 10 7 12 1 1 1 10 12 1 9 12 1 1 10 7 12 1 1 10 12 1 1 10 7 12 1 1 1 10 7 12 1 1 1 10 12 1 9 12 1 1 10 12 1 1 7 1 10 12 1 1 10 12 1 1 10 12 1 1 10 12 1 1 10 12 1 1 10 12 1 10 12 1 10 12 1 1 10 12 1 8 1 8 1 10 12 1 1 9 12 1 1 100 1 10 10 12 1 1 10 12 1 10 12 1 1 10 12 1 1 10 12 1 10 12 1 1 10 12 1 8 1 10 12 1 1 10 7 12 1 1 1 10 12 1 10 12 1 1 10 12 1 10 12 1 10 12 1 1 10 12 1 10 12 1 9 12 1 10 12 1 10 10 12 1 1 10 12 1 9 12 1 1 10 12 1 1 10 12 1 1 10 12 1 1 10 12 1 1 7 1 10 12 10 12 1 10 12 1 7 1 8 1 8 1 8 1 10 12 1 10 12 1 10 12 1 10 11 12 1 1 11 12 1 10 100 12 1 1 1 9 12 1 10 12 1 10 12 1 1 10 12 1 1 10 12 1 10 12 1 10 100 12 1 1 1 10 12 1 1 10 12 1 10 12 1 10 12 1 10 9 12 1 1 7 1 10 12 1 10 12 1 1 9 100 12 1 1 1 10 100 12 1 1 1 10 100 12 1 1 1 10 12 1 1 10 7 12 1 1 1 10 12 1 1 8 1 10 7 12 1 1 1 11 12 1 1 9 12 1 1 10 12 1 1 10 12 1 10 12 1 1 10 12 1 1 10 100 12 1 1 100 1 10 12 1 1 11 100 12 1 1 1 18 12 1 1 11 12 1 1 18 12 1 11 12 1 100 1 11 100 12 1 1 10 12 1 100 1 10 12 1 10 100 12 1 1 10 12 1 1 9 12 1 1 9 100 12 1 1 1 10 100 12 1 1 1 9 12 1 10 100 12 1 1 10 12 1 100 10 12 1 1 10 12 1 10 7 1 7 1 9 12 1 1 100 1 100 1 100 1 1 1 5 0 1 1 1 1 1 1 1 3 1 3 1 3 1 1 1 1 1 1 1 1 1 1 1 1 1 1 1 1 1 1 1 1 1 1 1 1 1 1 1 1 1 1 1 1 1 1 1 1 1 1 1 1 1 1 1 1 1 1 1 1 1 1 1 1 1 1 1 1 1 1 1 1 1 1 1 1 1 1 1 1 1 1 1 1 1 1 1 1 1 1 1 1 1 1 1 1 1 1 1 1 1 1 1 1 1 1 1 1 1 1 1 1 1 1 1 1 1 1 1 1 1 1 1 1 1 1 1 1 1 1 1 1 1 1 1 1 1 1 1 100 1 100 1 1 1 1 1 1 1 1 1 1 1 1 1 100 1 1 1 100 1 1 1 1 1 1 1 1 1 1 1 1 1 1 1 1 1 1 1 1 1 15 10 100 12 1 1 1 16 15 10 12 16 16 15 10 12 16 1 1 1 1 100 1 1 100 1 1 100 1 100 1 1
staticfield java/lang/invoke/MethodType internTable Ljava/lang/invoke/MethodType$ConcurrentWeakInternSet; java/lang/invoke/MethodType$ConcurrentWeakInternSet
staticfield java/lang/invoke/MethodType NO_PTYPES [Ljava/lang/Class; 0 [Ljava/lang/Class;
staticfield java/lang/invoke/MethodType objectOnlyTypes [Ljava/lang/invoke/MethodType; 20 [Ljava/lang/invoke/MethodType;
staticfield java/lang/invoke/MethodType METHOD_HANDLE_ARRAY [Ljava/lang/Class; 1 [Ljava/lang/Class;
staticfield java/lang/invoke/MethodType serialPersistentFields [Ljava/io/ObjectStreamField; 0 [Ljava/io/ObjectStreamField;
staticfield java/lang/invoke/MethodType $assertionsDisabled Z 1
ciInstanceKlass java/lang/BootstrapMethodError 0 0 45 10 100 12 1 1 1 10 12 1 10 12 1 10 100 12 1 1 1 10 100 12 1 1 1 1 1 1 5 0 1 1 1 1 1 1 1 1 1 1 1 100 1 1 1
instanceKlass org/apache/spark/network/protocol/StreamChunkId
instanceKlass org/apache/spark/sql/execution/datasources/parquet/ParquetReadState$RowRange
instanceKlass org/apache/spark/sql/execution/datasources/parquet/OpenedParquetFooter
instanceKlass sun/security/pkcs/SignerInfo$AlgorithmInfo
instanceKlass org/apache/spark/sql/connector/catalog/ChangelogRange$UnboundedRange
instanceKlass org/apache/spark/sql/connector/catalog/ChangelogRange$TimestampRange
instanceKlass org/apache/spark/sql/connector/catalog/ChangelogRange$VersionRange
instanceKlass org/apache/spark/internal/SparkLogger$MessageThrowable
instanceKlass org/sparkproject/jetty/util/IncludeExcludeSet$SetContainsPredicate
instanceKlass jdk/jfr/internal/dcmd/Argument
instanceKlass jdk/net/UnixDomainPrincipal
instanceKlass org/apache/spark/internal/MDC
ciInstanceKlass java/lang/Record 1 1 22 10 7 12 1 1 1 100 1 1 1 1 1 1 1 1 1 1 1 1 1 1
instanceKlass org/apache/spark/SparkClassNotFoundException
ciInstanceKlass java/lang/ClassNotFoundException 1 1 96 7 1 10 7 12 1 1 1 10 12 1 10 12 1 1 10 100 12 1 1 1 8 1 10 100 12 1 1 1 10 7 12 1 1 10 100 12 1 1 1 10 100 12 1 1 1 10 12 1 1 7 1 10 12 1 9 12 1 1 1 1 1 5 0 1 1 1 1 1 1 1 1 1 1 1 1 1 1 1 1 1 1 100 1 1 1 1 1 1 1 1 1 1 1 1
staticfield java/lang/ClassNotFoundException serialPersistentFields [Ljava/io/ObjectStreamField; 1 [Ljava/io/ObjectStreamField;
ciInstanceKlass jdk/internal/loader/ClassLoaders$AppClassLoader 1 1 119 8 1 10 7 12 1 1 1 10 7 12 1 1 1 10 100 12 1 1 1 10 12 1 1 10 100 12 1 1 1 10 12 1 1 10 12 1 1 7 1 8 1 10 12 10 7 12 1 1 1 10 100 12 1 1 10 12 1 1 10 12 1 1 10 7 12 1 1 1 100 1 10 12 1 1 1 1 1 1 1 1 1 1 1 1 1 1 1 1 1 1 1 1 1 100 1 1 1 1 1 1 1 1 1 1 1 1 1 1 1 1 1 1 1 100 1 1 1
ciInstanceKlass jdk/internal/loader/ClassLoaders$PlatformClassLoader 1 1 42 8 1 10 7 12 1 1 1 10 7 12 1 1 1 100 1 10 12 1 100 1 1 1 1 1 1 1 1 1 1 1 1 1 1 100 1 1 1 100 1 1
instanceKlass org/apache/spark/SparkArithmeticException
ciInstanceKlass java/lang/ArithmeticException 1 1 26 10 100 12 1 1 1 10 12 1 100 1 1 1 1 5 0 1 1 1 1 1 1 1 1 1
ciInstanceKlass java/lang/NullPointerException 1 1 52 10 7 12 1 1 1 10 12 1 9 7 12 1 1 1 10 12 1 1 9 12 1 1 10 12 1 1 10 12 1 1 1 1 5 0 1 1 1 1 1 1 1 1 100 1 100 1 100 1 1 1
ciInstanceKlass java/lang/IllegalMonitorStateException 1 1 26 10 100 12 1 1 1 10 12 1 100 1 1 1 1 5 0 1 1 1 1 1 1 1 1 1
instanceKlass org/apache/spark/memory/SparkOutOfMemoryError
instanceKlass io/netty/util/internal/OutOfDirectMemoryError
ciInstanceKlass java/lang/OutOfMemoryError 1 1 26 10 7 12 1 1 1 10 12 1 100 1 1 1 1 5 0 1 1 1 1 1 1 1 1 1
ciInstanceKlass java/lang/InternalError 0 0 34 10 100 12 1 1 1 10 12 1 10 12 1 10 12 1 100 1 1 1 1 5 0 1 1 1 1 1 1 1 1 1 1 1
ciInstanceKlass java/lang/ClassCastException 1 1 26 10 100 12 1 1 1 10 12 1 100 1 1 1 1 5 0 1 1 1 1 1 1 1 1 1
ciInstanceKlass java/lang/NoClassDefFoundError 0 0 26 10 100 12 1 1 1 10 12 1 100 1 1 1 1 5 0 1 1 1 1 1 1 1 1 1
instanceKlass java/nio/IntBuffer
instanceKlass java/nio/LongBuffer
instanceKlass java/nio/CharBuffer
instanceKlass java/nio/ByteBuffer
ciInstanceKlass java/nio/Buffer 1 1 224 100 1 10 7 12 1 1 1 9 7 12 1 1 1 9 12 1 9 12 1 1 9 12 1 9 12 1 1 10 12 1 1 10 12 1 1 10 12 100 1 100 1 10 8 1 10 12 1 1 10 12 1 8 1 8 1 10 12 1 1 10 12 1 8 1 9 12 1 1 100 1 8 1 10 12 1 8 1 8 1 9 12 10 12 1 8 1 8 1 8 1 10 12 1 8 1 8 1 8 1 100 1 10 100 1 10 100 1 10 100 1 10 10 100 12 1 1 1 10 11 100 12 1 1 10 7 12 1 1 1 10 7 12 1 1 1 9 12 1 1 10 7 12 1 1 1 9 12 1 1 7 1 10 10 7 12 1 1 1 1 1 3 1 1 1 1 1 1 1 1 1 1 1 1 1 1 1 1 1 1 100 1 1 1 1 1 1 1 1 1 1 1 1 1 1 1 1 1 1 1 1 1 1 1 1 1 1 1 1 1 1 1 1 1 1 1 1 1 1 1 1 1 1
staticfield java/nio/Buffer UNSAFE Ljdk/internal/misc/Unsafe; jdk/internal/misc/Unsafe
staticfield java/nio/Buffer SCOPED_MEMORY_ACCESS Ljdk/internal/misc/ScopedMemoryAccess; jdk/internal/misc/ScopedMemoryAccess
staticfield java/nio/Buffer $assertionsDisabled Z 1
ciInstanceKlass java/nio/HeapCharBuffer 1 1 219 10 7 12 1 1 1 9 7 12 1 1 1 9 12 1 9 12 1 10 12 1 1 10 12 1 9 12 1 1 9 12 1 1 9 12 1 1 10 12 1 10 7 12 1 1 1 10 12 1 10 12 1 100 1 10 10 12 1 10 12 1 1 10 12 1 10 12 1 1 100 1 10 12 10 7 12 1 1 1 10 12 1 10 12 1 100 1 10 10 12 1 1 10 12 1 10 7 12 1 1 10 12 1 1 9 12 1 1 100 1 10 10 12 10 12 1 10 12 1 100 1 100 1 10 10 12 1 10 7 12 1 1 1 10 12 1 10 12 1 1 10 12 1 1 10 12 1 10 12 10 7 12 1 1 1 9 12 1 1 7 10 7 12 1 1 1 10 12 1 1 1 1 1 1 1 1 1 1 1 1 1 1 1 1 1 1 1 1 1 1 1 1 1 1 1 1 1 1 1 1 1 1 1 1 1 1 1 1 1 1 1 1 1 1 1 1 1 1
staticfield java/nio/HeapCharBuffer ARRAY_BASE_OFFSET J 16
staticfield java/nio/HeapCharBuffer ARRAY_INDEX_SCALE J 2
staticfield java/nio/HeapCharBuffer $assertionsDisabled Z 1
instanceKlass java/nio/MappedByteBuffer
instanceKlass java/nio/HeapByteBuffer
ciInstanceKlass java/nio/ByteBuffer 1 1 446 10 7 12 1 1 1 9 7 12 1 1 1 10 7 12 1 1 1 9 12 1 1 9 12 1 9 12 1 1 9 12 1 1 10 12 1 10 12 1 7 1 10 12 1 10 12 1 1 7 1 10 12 1 10 12 1 100 1 100 1 10 12 1 10 12 1 1 10 7 12 1 1 1 10 12 1 1 10 12 1 100 1 10 10 12 1 1 10 12 1 10 12 1 10 12 100 1 5 0 9 12 1 1 9 12 1 9 12 1 1 10 12 1 1 10 12 1 1 10 7 12 1 1 1 10 7 12 1 1 1 10 12 1 10 12 1 1 10 12 1 1 100 1 10 100 1 10 10 12 1 1 9 12 1 10 12 1 100 1 10 10 12 1 10 12 1 10 12 10 12 1 9 12 100 1 10 10 12 1 10 12 10 12 1 1 10 12 1 10 12 1 10 12 1 10 12 1 100 1 10 10 100 12 1 1 1 10 7 12 1 1 1 10 12 1 1 8 1 10 12 1 8 1 8 1 10 12 1 8 1 10 12 1 10 7 12 1 1 1 10 100 12 1 1 1 10 12 1 1 10 100 1 9 12 1 8 1 10 12 1 8 1 8 1 10 10 12 1 10 12 1 1 10 12 1 1 10 12 10 12 1 1 10 12 10 12 10 12 10 12 10 12 10 12 10 12 1 1 10 12 1 9 12 1 1 7 10 7 12 1 1 1 100 1 1 1 1 1 1 1 1 1 1 1 1 100 1 1 1 1 1 1 1 1 1 1 1 1 1 1 1 1 1 1 1 1 1 100 1 1 1 1 1 1 1 1 1 1 1 1 1 1 1 1 1 1 1 1 1 1 1 1 1 1 1 1 1 1 1 1 1 1 1 1 1 1 1 1 1 1 1 1 1 1 1 1 1 1 1 1 1 1 1 1 1 1 1 1 1 1 1 1 1 1 1 1 1 1 1 1 1 1 1 1 1 1 1 1 1 1 1 1 1 1 1 1 1 1 1 1 1 1 100 1 1
staticfield java/nio/ByteBuffer ARRAY_BASE_OFFSET J 16
staticfield java/nio/ByteBuffer $assertionsDisabled Z 1
ciMethod java/nio/Buffer position (I)Ljava/nio/Buffer; 512 0 10511 0 160
ciMethod java/nio/Buffer limit (I)Ljava/nio/Buffer; 512 0 8901 0 192
ciMethod java/nio/Buffer <init> (IIIILjdk/internal/access/foreign/MemorySegmentProxy;)V 512 0 7717 0 448
ciMethod java/nio/Buffer position ()I 256 0 128 0 0
ciMethod java/nio/Buffer limit ()I 256 0 128 0 0
ciMethod java/nio/Buffer remaining ()I 58 0 421985 0 96
ciMethod java/nio/Buffer capacity ()I 260 0 130 0 0
ciMethod java/nio/Buffer createCapacityException (I)Ljava/lang/IllegalArgumentException; 0 0 1 0 -1
ciMethod java/nio/Buffer createPositionException (I)Ljava/lang/IllegalArgumentException; 0 0 1 0 -1
ciMethod java/nio/Buffer createLimitException (I)Ljava/lang/IllegalArgumentException; 0 0 1 0 -1
ciMethod java/nio/Buffer hasRemaining ()Z 512 0 97677 0 96
ciMethod java/nio/Buffer nextGetIndex ()I 794 0 7695 0 0
ciMethod java/nio/Buffer markValue ()I 258 0 129 0 0
ciInstanceKlass jdk/internal/misc/UnsafeConstants 1 1 34 10 100 12 1 1 1 9 7 12 1 1 1 9 12 1 9 12 1 1 9 12 1 9 12 1 1 1 1 1 1 1 1 1
staticfield jdk/internal/misc/UnsafeConstants ADDRESS_SIZE0 I 8
staticfield jdk/internal/misc/UnsafeConstants PAGE_SIZE I 4096
staticfield jdk/internal/misc/UnsafeConstants BIG_ENDIAN Z 0
staticfield jdk/internal/misc/UnsafeConstants UNALIGNED_ACCESS Z 1
staticfield jdk/internal/misc/UnsafeConstants DATA_CACHE_LINE_FLUSH_SIZE I 0
instanceKlass java/lang/invoke/DelegatingMethodHandle
instanceKlass java/lang/invoke/BoundMethodHandle
instanceKlass java/lang/invoke/DirectMethodHandle
ciInstanceKlass java/lang/invoke/MethodHandle 1 1 641 100 1 9 7 12 1 1 1 10 7 12 1 1 1 10 7 12 1 1 1 7 1 7 1 10 12 1 1 9 12 1 1 10 12 1 10 12 1 1 10 12 1 1 10 7 12 1 1 1 10 12 1 1 10 12 1 1 11 100 12 1 1 1 10 12 1 1 10 12 1 10 12 1 9 12 1 1 10 12 1 1 100 1 100 1 10 8 1 10 12 1 1 10 12 1 8 1 10 12 1 1 10 12 1 10 7 12 1 1 1 10 12 1 10 12 1 1 10 12 1 1 10 12 1 1 10 12 1 1 10 7 12 1 1 1 10 7 12 1 1 1 7 1 10 12 1 1 10 12 1 1 10 12 1 1 8 1 10 7 12 1 1 1 8 1 10 12 1 1 10 12 1 1 10 12 1 1 10 12 1 8 1 10 12 1 1 8 1 10 12 1 8 1 10 100 12 1 1 1 9 12 1 1 100 1 10 9 100 12 1 1 1 9 100 1 8 1 10 12 1 1 10 12 1 10 12 1 1 10 12 1 10 12 1 1 10 12 1 10 12 1 1 10 12 1 10 12 1 1 10 12 1 1 8 1 10 12 1 1 8 1 10 12 1 10 12 1 1 10 12 1 10 12 1 10 12 1 1 9 100 12 1 1 1 10 12 1 1 11 12 1 10 12 1 10 12 1 1 10 100 12 1 1 1 100 1 11 12 1 10 100 1 11 12 1 100 1 10 12 1 11 12 1 9 100 12 1 1 1 11 12 1 1 11 100 12 1 1 1 10 12 1 1 9 12 1 11 12 1 9 12 1 9 12 1 9 12 1 11 12 1 1 9 12 1 9 12 1 9 12 1 9 12 1 9 12 1 9 12 1 9 12 1 8 1 10 12 1 10 12 1 8 1 10 12 1 10 12 1 10 10 7 12 1 1 10 12 1 1 100 1 8 1 10 12 1 1 10 12 1 1 10 12 1 10 12 1 100 1 10 100 12 1 1 1 10 12 1 9 7 12 1 1 1 10 12 1 1 10 12 1 1 8 1 9 12 1 9 12 1 1 9 12 1 1 10 12 1 7 1 10 12 1 10 12 1 1 9 12 1 1 9 12 1 1 10 7 12 1 1 1 11 7 12 1 1 9 12 1 10 12 1 1 9 12 1 10 12 1 8 10 12 1 1 8 1 1 1 1 1 1 7 1 1 1 1 1 1 1 1 1 1 1 1 1 1 1 1 1 1 1 1 1 1 1 1 1 1 1 1 1 1 1 1 1 1 1 1 1 1 1 1 1 1 1 1 1 1 1 1 1 1 1 1 1 1 1 1 1 1 1 1 1 1 1 1 1 1 1 1 1 100 1 1 1 1 1 1 1 1 1 7 1 1 1 1 1 1 1 1 1 1 1 1 1 1 1 1 1 1 1 1 1 1 1 1 1 1 1 7 1 1 100 1 1 100 1 1 1 1
staticfield java/lang/invoke/MethodHandle FORM_OFFSET J 20
staticfield java/lang/invoke/MethodHandle UPDATE_OFFSET J 13
staticfield java/lang/invoke/MethodHandle $assertionsDisabled Z 1
ciInstanceKlass jdk/internal/reflect/CallerSensitive 1 1 17 100 1 100 1 100 1 1 1 1 1 1 1 1 1 1 1
ciInstanceKlass jdk/internal/reflect/NativeConstructorAccessorImpl 1 1 126 10 7 12 1 1 1 9 7 12 1 1 1 9 12 1 1 10 7 12 1 1 1 10 100 12 1 1 1 10 7 12 1 1 1 9 12 1 9 12 1 1 9 12 1 1 10 7 12 1 1 1 7 1 10 10 12 1 1 10 12 1 10 12 1 10 12 1 1 9 12 1 1 10 100 12 1 1 1 100 1 10 12 1 1 10 12 1 1 8 10 12 1 1 1 1 1 1 1 1 1 1 1 1 1 1 1 1 1 1 1 1 1 1 100 1 100 1 100 1 1 1 1 1 1 1
staticfield jdk/internal/reflect/NativeConstructorAccessorImpl U Ljdk/internal/misc/Unsafe; jdk/internal/misc/Unsafe
staticfield jdk/internal/reflect/NativeConstructorAccessorImpl GENERATED_OFFSET J 16
instanceKlass java/lang/invoke/DirectMethodHandle$Special
instanceKlass java/lang/invoke/DirectMethodHandle$Interface
instanceKlass java/lang/invoke/DirectMethodHandle$Constructor
instanceKlass java/lang/invoke/DirectMethodHandle$Accessor
ciInstanceKlass java/lang/invoke/DirectMethodHandle 1 1 940 7 1 7 1 100 1 7 1 7 1 10 7 12 1 1 1 10 7 12 1 1 1 100 1 10 12 1 10 12 1 1 10 7 12 1 1 10 12 1 1 10 12 1 10 12 1 7 1 10 12 1 1 10 12 1 1 10 12 1 10 12 1 1 10 7 12 1 1 1 10 12 1 9 12 1 1 100 1 10 9 12 1 1 9 12 1 10 12 1 10 12 1 10 12 1 1 10 12 1 10 12 1 10 12 1 10 7 12 1 1 1 10 12 1 10 12 1 1 8 1 10 12 1 1 7 1 10 12 1 7 1 10 10 12 1 10 12 1 10 12 1 10 7 12 1 1 1 10 12 1 1 100 1 10 12 1 10 12 1 7 1 10 12 1 10 12 1 1 10 12 1 1 10 12 1 8 10 100 12 1 1 1 10 12 1 10 12 1 10 12 1 1 10 12 1 9 7 12 1 1 1 7 1 10 12 1 10 7 12 1 1 1 10 12 1 10 12 1 1 9 12 1 1 100 1 10 8 1 10 12 1 1 10 12 1 10 12 1 10 10 12 1 10 12 1 10 12 1 10 12 1 10 12 1 1 10 12 1 10 12 1 1 10 12 1 10 12 1 1 10 10 7 12 1 1 1 10 12 1 10 12 1 1 10 12 1 10 12 1 1 8 1 9 7 12 1 1 1 8 1 9 12 1 9 12 1 8 1 9 12 1 9 12 1 8 1 9 12 1 9 12 1 8 1 10 12 1 10 12 1 1 9 12 1 1 7 1 10 12 1 1 100 1 10 7 12 1 1 1 10 12 1 1 10 12 1 10 12 1 1 7 1 10 12 1 1 10 12 1 10 12 1 1 7 1 10 12 1 1 10 7 12 1 1 1 10 12 1 10 12 1 10 12 1 9 12 1 1 10 7 1 9 12 9 12 1 10 7 12 1 1 1 10 12 1 7 1 7 1 7 1 9 12 1 1 10 7 12 1 10 12 1 1 10 12 1 7 1 10 12 1 10 12 1 1 9 7 12 1 1 1 10 12 1 1 100 1 10 100 12 1 1 1 10 12 1 10 12 1 8 1 9 12 1 9 12 1 10 12 1 9 12 1 1 10 100 12 1 1 1 9 12 1 1 9 12 1 1 10 12 1 10 12 1 10 12 1 10 12 1 10 12 1 1 10 12 1 10 7 12 1 1 9 12 1 10 12 1 10 12 1 10 12 1 10 12 1 1 10 12 1 1 9 12 1 1 10 12 1 1 9 7 12 1 1 1 9 12 1 9 12 1 9 12 1 9 12 1 9 12 1 9 12 1 9 12 1 9 12 1 9 12 1 9 12 1 9 12 1 9 12 1 9 12 1 9 12 1 9 12 1 9 12 1 9 12 1 9 12 1 9 12 1 9 12 1 9 12 1 9 12 1 9 12 1 9 12 1 9 12 1 9 12 1 9 12 1 9 12 1 9 12 1 9 12 1 9 12 1 9 12 1 9 12 1 9 12 1 9 12 1 9 12 1 8 1 9 12 1 1 9 12 1 1 10 12 1 10 12 1 1 9 7 1 10 12 1 9 12 1 1 10 12 10 12 1 10 12 1 10 12 1 10 8 1 8 1 8 1 8 1 10 12 1 1 9 12 1 1 10 12 1 10 100 12 1 1 1 8 9 12 1 1 10 12 1 1 8 1 8 8 9 12 1 8 1 8 8 8 8 8 1 8 10 12 1 10 12 1 8 1 8 1 10 12 1 10 12 1 10 12 1 10 12 1 1 7 1 1 1 1 3 1 3 1 3 1 3 1 3 1 3 1 3 1 3 1 3 1 3 1 1 1 1 1 1 1 1 1 1 3 1 3 1 1 1 1 3 1 1 1 1 1 1 1 1 1 1 1 1 1 1 1 1 1 1 1 1 1 1 1 1 1 1 1 1 1 1 1 1 1 1 1 1 1 1 1 1 1 1 1 1 1 1 1 1 1 1 1 1 1 1 1 1 100 1 1 1 1 1 1 1 1 1 1 1 1 100 1 1 1 1 1 1 1 1 1 1 1 1 1 1 1 1 1 1 1 1 1 1 1 1 1 1 1 1 1 1 1 1 1 1 1 1 1 1 1 1 1 1 1 1 1 1 1 1 1 1 1
staticfield java/lang/invoke/DirectMethodHandle IMPL_NAMES Ljava/lang/invoke/MemberName$Factory; java/lang/invoke/MemberName$Factory
staticfield java/lang/invoke/DirectMethodHandle FT_UNCHECKED_REF I 8
staticfield java/lang/invoke/DirectMethodHandle ACCESSOR_FORMS [Ljava/lang/invoke/LambdaForm; 132 [Ljava/lang/invoke/LambdaForm;
staticfield java/lang/invoke/DirectMethodHandle ALL_WRAPPERS [Lsun/invoke/util/Wrapper; 10 [Lsun/invoke/util/Wrapper;
staticfield java/lang/invoke/DirectMethodHandle NFS [Ljava/lang/invoke/LambdaForm$NamedFunction; 12 [Ljava/lang/invoke/LambdaForm$NamedFunction;
staticfield java/lang/invoke/DirectMethodHandle OBJ_OBJ_TYPE Ljava/lang/invoke/MethodType; java/lang/invoke/MethodType
staticfield java/lang/invoke/DirectMethodHandle LONG_OBJ_TYPE Ljava/lang/invoke/MethodType; java/lang/invoke/MethodType
staticfield java/lang/invoke/DirectMethodHandle $assertionsDisabled Z 1
ciInstanceKlass java/lang/invoke/LambdaForm 1 1 1052 100 1 9 7 12 1 1 1 10 7 12 1 1 1 10 7 12 1 1 9 12 1 1 9 12 1 1 10 12 1 1 100 1 10 9 12 1 10 12 1 1 9 12 1 10 7 12 1 1 1 9 12 1 9 12 1 9 12 1 1 9 12 1 10 12 1 1 7 1 10 12 1 10 100 12 1 1 1 10 100 12 1 1 1 10 12 1 10 12 1 1 9 100 12 1 1 1 10 12 1 1 9 12 1 10 12 1 1 10 12 1 10 12 1 1 10 12 1 1 10 100 12 1 1 1 7 1 10 10 12 1 1 8 1 10 12 1 10 12 1 10 12 1 1 7 1 10 7 12 1 1 1 10 12 1 1 10 12 1 10 12 1 1 9 12 1 1 9 12 1 9 12 1 1 10 12 1 9 12 1 10 100 12 1 1 1 10 12 1 1 10 12 1 9 12 1 1 10 100 12 1 1 1 10 12 1 10 12 1 10 12 1 10 12 1 10 12 1 10 12 1 1 10 12 1 10 12 1 1 8 1 10 12 1 10 12 1 8 1 8 1 9 12 1 9 12 1 9 12 1 1 10 12 1 1 10 12 1 9 12 1 10 12 1 1 10 7 12 1 1 1 10 12 1 1 10 12 1 10 12 1 10 12 1 1 9 12 1 10 12 1 8 1 8 1 8 1 8 1 8 1 8 1 8 1 8 1 10 12 1 9 12 1 7 1 10 12 1 1 9 12 1 10 12 1 10 12 1 1 10 12 10 12 1 10 12 1 1 10 12 1 1 10 10 12 1 1 10 12 1 1 7 1 8 1 10 12 1 1 10 12 1 10 12 1 1 10 8 1 10 12 1 1 8 1 8 1 8 1 10 12 1 9 12 1 1 10 12 1 1 10 12 1 1 100 1 10 12 1 1 10 12 1 10 7 12 1 1 1 10 12 1 1 9 12 1 1 8 1 10 100 12 1 1 1 10 7 12 1 1 10 12 10 10 12 1 1 9 12 1 8 10 12 1 1 100 1 10 12 1 1 10 12 1 9 7 12 1 1 9 12 1 1 8 1 10 100 12 1 1 10 12 1 1 100 1 100 1 10 10 12 1 1 10 12 1 1 8 1 8 1 100 1 8 1 10 12 10 12 1 10 12 1 10 12 1 1 8 1 8 1 9 100 12 1 1 1 10 12 1 10 12 1 1 8 1 8 1 8 1 100 1 8 1 100 1 8 1 100 1 8 1 10 12 1 8 1 9 10 7 12 1 1 1 10 12 1 9 12 1 1 10 12 1 10 10 12 1 10 12 1 10 12 1 10 12 1 1 10 12 1 10 12 1 1 10 12 1 1 10 12 1 1 8 1 100 10 12 1 10 12 1 9 12 1 1 10 7 12 1 1 8 1 8 1 7 1 8 1 8 1 8 1 8 1 8 1 8 1 8 1 8 1 10 12 1 1 10 12 1 1 10 12 1 10 12 1 8 1 8 1 8 1 10 12 1 8 1 10 12 1 8 1 8 1 8 1 8 1 8 1 10 12 1 10 12 1 10 12 1 1 10 7 12 1 1 1 10 12 1 10 12 1 10 12 1 10 12 1 10 12 1 10 12 1 10 12 1 9 12 1 1 8 1 10 12 1 1 9 12 1 1 10 12 1 1 9 12 1 9 12 1 1 9 12 1 9 12 1 1 7 1 10 7 12 1 1 1 9 12 1 10 12 1 10 12 1 8 1 10 12 1 9 12 1 1 7 1 10 7 12 1 1 1 8 1 100 1 10 12 1 9 12 1 9 12 1 10 12 1 10 12 1 10 7 12 1 1 1 10 12 1 9 7 12 1 1 10 12 1 1 10 12 1 10 12 1 9 12 10 12 1 10 10 12 1 9 9 12 1 7 9 12 1 1 10 12 1 1 9 12 1 10 12 1 10 7 1 9 1 1 1 1 3 1 3 1 3 1 1 1 1 1 1 1 1 1 1 1 1 1 1 1 1 1 1 1 1 1 1 1 1 1 1 1 1 1 1 1 1 1 1 1 1 1 1 1 1 1 1 1 1 1 1 1 1 1 1 1 1 1 1 1 1 100 1 1 1 1 1 1 1 1 1 1 1 1 1 1 1 1 1 1 1 1 1 1 1 1 1 1 1 1 1 1 1 1 1 1 1 1 1 1 1 1 1 1 1 1 1 1 1 1 1 1 1 1 1 1 1 1 1 1 1 100 1 1 1 1 1 1 1 1 1 1 1 1 1 1 1 1 1 1 1 1 1 1 1 1 1 1 1 1 1 1 1 1 1 1 100 1 1 1 1 1 1 1 1 1 1 1 1 1 1 1 1 1 1 1 1 1 1 100 1 1 1 7 1 1 100 1 1 1 1 1 1 1 1 1 1 1
staticfield java/lang/invoke/LambdaForm COMPILE_THRESHOLD I 0
staticfield java/lang/invoke/LambdaForm INTERNED_ARGUMENTS [[Ljava/lang/invoke/LambdaForm$Name; 5 [[Ljava/lang/invoke/LambdaForm$Name;
staticfield java/lang/invoke/LambdaForm IMPL_NAMES Ljava/lang/invoke/MemberName$Factory; java/lang/invoke/MemberName$Factory
staticfield java/lang/invoke/LambdaForm LF_identity [Ljava/lang/invoke/LambdaForm; 6 [Ljava/lang/invoke/LambdaForm;
staticfield java/lang/invoke/LambdaForm LF_zero [Ljava/lang/invoke/LambdaForm; 6 [Ljava/lang/invoke/LambdaForm;
staticfield java/lang/invoke/LambdaForm NF_identity [Ljava/lang/invoke/LambdaForm$NamedFunction; 6 [Ljava/lang/invoke/LambdaForm$NamedFunction;
staticfield java/lang/invoke/LambdaForm NF_zero [Ljava/lang/invoke/LambdaForm$NamedFunction; 6 [Ljava/lang/invoke/LambdaForm$NamedFunction;
staticfield java/lang/invoke/LambdaForm createFormsLock Ljava/lang/Object; java/lang/Object
staticfield java/lang/invoke/LambdaForm DEBUG_NAME_COUNTERS Ljava/util/HashMap; null
staticfield java/lang/invoke/LambdaForm DEBUG_NAMES Ljava/util/HashMap; null
staticfield java/lang/invoke/LambdaForm TRACE_INTERPRETER Z 0
staticfield java/lang/invoke/LambdaForm $assertionsDisabled Z 1
ciInstanceKlass java/lang/invoke/MethodHandleNatives 1 1 684 100 1 10 7 12 1 1 1 9 7 12 1 1 1 10 12 1 1 100 1 10 10 12 1 1 10 12 1 10 12 1 8 1 8 1 8 1 8 1 8 1 8 1 8 1 8 1 8 1 8 1 10 12 1 1 7 1 10 7 12 1 1 1 10 100 12 1 1 1 7 1 10 10 12 1 1 8 1 10 12 1 8 1 10 12 1 1 8 1 10 12 1 1 9 100 12 1 1 1 8 1 10 100 12 1 1 1 100 1 10 12 100 1 100 1 8 1 7 1 10 10 12 1 7 1 9 7 12 1 1 10 12 1 1 10 12 1 10 7 12 1 1 1 7 1 10 12 1 1 10 7 12 1 1 1 10 12 1 10 12 1 1 10 12 1 1 9 12 1 8 1 10 12 1 8 1 10 12 1 8 1 8 1 8 1 100 1 10 12 1 8 1 10 12 1 1 10 12 1 10 100 12 1 1 1 100 1 8 1 10 100 12 1 1 1 7 1 8 1 10 12 1 8 1 8 1 8 1 8 1 8 1 10 12 1 1 10 12 1 1 10 12 1 10 12 1 1 10 12 1 1 7 1 10 12 1 100 1 100 1 10 12 1 10 12 1 8 1 8 1 10 10 12 1 1 10 12 1 1 8 1 10 100 12 1 1 1 8 1 8 1 10 12 1 1 10 7 12 1 1 1 100 1 10 12 1 1 7 1 9 12 1 1 10 7 12 1 1 1 10 10 12 1 9 12 1 10 12 1 1 9 12 1 9 12 1 10 12 1 1 10 12 1 10 12 1 1 7 1 7 1 10 12 1 1 10 12 1 10 12 1 1 10 7 12 1 1 1 10 12 1 8 1 10 12 1 10 12 1 10 12 1 1 10 12 1 10 7 12 1 1 1 10 12 1 1 100 1 8 1 10 9 7 12 1 1 1 10 12 1 1 10 12 1 1 100 1 10 12 1 1 10 12 1 1 100 1 100 1 10 10 100 1 100 1 10 100 1 10 10 12 1 1 10 100 1 10 12 1 10 12 1 10 12 1 1 10 12 1 1 10 12 1 1 10 12 1 10 12 1 1 10 8 1 100 1 10 12 1 10 12 1 10 12 1 10 12 1 10 12 1 1 10 12 1 9 12 1 1 10 7 12 1 1 1 9 12 1 1 11 7 12 1 1 1 10 12 1 10 12 1 10 10 12 1 10 7 12 1 1 1 1 1 1 1 1 1 1 1 1 1 1 1 100 1 1 1 1 1 1 1 1 1 1 1 1 1 1 1 1 1 1 1 1 1 1 1 1 1 1 1 1 1 1 1 1 1 1 1 1 1 1 1 1 1 1 1 1 1 1 1 1 1 1 1 1 1 1 1 1 1 1 1 1 1 1 1 1 1 1 1 1 1 1 1 1 1 1 1 1 1 1 1 1 1 1 1 1 1 1 1 1 1 1 1 1 1 1 1 1 1 1 100 1 1 1 1 1 1 1 1 1 1 1 1 1 1 1 1 1 1 1 1 1 1 1 1 1 1 1 1 100 1 1 1 1 1 1 1 100 1 1 1
staticfield java/lang/invoke/MethodHandleNatives JLA Ljdk/internal/access/JavaLangAccess; java/lang/System$2
staticfield java/lang/invoke/MethodHandleNatives $assertionsDisabled Z 1
ciInstanceKlass jdk/internal/reflect/ConstantPool 1 1 142 10 100 12 1 1 1 9 7 12 1 1 1 10 12 1 1 10 12 1 1 10 12 1 10 12 1 1 10 12 1 1 10 12 1 10 12 1 1 10 12 1 10 12 1 1 10 12 1 10 12 1 10 12 1 10 12 1 1 10 12 1 1 10 12 1 1 10 12 1 1 10 12 1 10 12 1 1 10 100 12 1 1 1 8 11 7 12 1 1 1 10 7 12 1 1 1 1 1 1 1 1 1 1 1 1 1 1 1 1 1 1 1 1 1 1 1 1 1 1 1 1 1 1 1 1 1 1 1 1 1 1 1 1 1 1 1 1 1 1 1 1
instanceKlass jdk/internal/reflect/UnsafeQualifiedStaticFieldAccessorImpl
ciInstanceKlass jdk/internal/reflect/UnsafeStaticFieldAccessorImpl 1 1 47 10 7 12 1 1 1 9 7 12 1 1 1 10 7 12 1 1 1 9 12 1 1 8 11 7 12 1 1 1 10 7 12 1 1 1 1 1 1 1 1 1 1 1 1 1 1
instanceKlass jdk/internal/reflect/UnsafeFieldAccessorImpl
ciInstanceKlass jdk/internal/reflect/FieldAccessorImpl 1 1 59 10 7 12 1 1 1 100 1 100 1 1 1 1 1 1 1 1 1 100 1 1 1 1 1 1 1 1 1 1 1 1 1 1 1 1 1 1 1 100 1 1 1 1 1 1 1 1 1 1 1 1 1 1 1 1 1 1 1
instanceKlass jdk/internal/reflect/UnsafeQualifiedFieldAccessorImpl
instanceKlass jdk/internal/reflect/UnsafeIntegerFieldAccessorImpl
instanceKlass jdk/internal/reflect/UnsafeBooleanFieldAccessorImpl
instanceKlass jdk/internal/reflect/UnsafeObjectFieldAccessorImpl
instanceKlass jdk/internal/reflect/UnsafeStaticFieldAccessorImpl
ciInstanceKlass jdk/internal/reflect/UnsafeFieldAccessorImpl 1 1 254 10 7 12 1 1 1 9 7 12 1 1 1 10 7 12 1 1 1 10 7 12 1 1 1 9 12 1 1 10 7 12 1 1 1 9 12 1 1 10 12 1 10 12 1 9 12 1 10 12 1 1 10 7 12 1 1 10 7 12 1 1 1 10 12 1 1 100 1 10 10 12 1 1 10 12 1 1 8 1 10 10 12 1 100 1 8 1 10 12 1 8 1 10 12 1 8 1 10 12 1 100 1 10 12 1 1 10 8 1 10 12 1 1 8 1 10 100 12 1 1 8 1 10 100 12 1 1 8 1 10 100 12 1 1 8 1 10 100 12 1 1 8 1 10 100 12 1 1 8 1 10 100 12 1 1 8 1 10 100 12 1 1 8 1 10 100 12 1 1 10 12 1 1 8 1 8 1 8 1 8 1 8 1 8 1 10 100 12 1 1 1 8 1 8 1 8 1 10 12 10 12 1 1 1 1 1 1 1 1 1 1 1 1 1 1 1 1 1 1 1 1 1 1 1 1 1 1 1 1 1 1 1 1 1 1 1 1 1 1 1 1 1 1 1 1 1 1 1 1 1 1 1 1
staticfield jdk/internal/reflect/UnsafeFieldAccessorImpl unsafe Ljdk/internal/misc/Unsafe; jdk/internal/misc/Unsafe
ciInstanceKlass java/lang/invoke/ConstantCallSite 1 1 65 10 7 12 1 1 1 9 7 12 1 1 1 9 12 1 1 10 7 12 1 1 1 10 12 1 100 1 10 12 9 12 1 1 100 1 10 10 12 1 1 10 12 1 1 1 1 1 1 1 1 1 1 1 1 1 100 1 1 1 1 1 1 1 1
staticfield java/lang/invoke/ConstantCallSite UNSAFE Ljdk/internal/misc/Unsafe; jdk/internal/misc/Unsafe
ciInstanceKlass java/lang/invoke/MutableCallSite 1 1 63 10 7 12 1 1 1 10 12 1 9 7 12 1 1 1 10 12 1 10 12 1 1 9 12 1 1 10 7 12 1 1 1 10 100 12 1 1 1 10 12 1 1 1 1 1 1 1 1 1 1 1 1 1 1 1 1 1 1 100 1 1 1
staticfield java/lang/invoke/MutableCallSite STORE_BARRIER Ljava/util/concurrent/atomic/AtomicInteger; java/util/concurrent/atomic/AtomicInteger
instanceKlass java/lang/invoke/VarHandleReferences$FieldStaticReadOnly
instanceKlass java/lang/invoke/VarHandleInts$FieldStaticReadOnly
instanceKlass java/lang/invoke/VarHandleBooleans$FieldInstanceReadOnly
instanceKlass java/lang/invoke/VarHandleByteArrayAsLongs$ByteArrayViewVarHandle
instanceKlass java/lang/invoke/VarHandleByteArrayAsInts$ByteArrayViewVarHandle
instanceKlass java/lang/invoke/VarHandleInts$FieldInstanceReadOnly
instanceKlass java/lang/invoke/VarHandleLongs$FieldInstanceReadOnly
instanceKlass java/lang/invoke/VarHandleReferences$Array
instanceKlass java/lang/invoke/VarHandleLongs$Array
instanceKlass java/lang/invoke/VarHandleReferences$FieldInstanceReadOnly
ciInstanceKlass java/lang/invoke/VarHandle 1 1 390 10 7 12 1 1 1 10 7 12 1 1 9 12 1 1 9 12 1 1 100 1 10 8 1 10 12 1 1 10 7 12 1 1 1 10 12 1 1 10 100 12 1 1 1 9 7 12 1 1 1 10 12 1 1 10 100 12 1 1 1 10 12 1 1 9 12 1 10 12 1 9 12 1 1 10 7 12 1 1 10 12 1 9 7 12 1 1 1 9 12 1 1 10 12 1 1 100 1 100 1 10 8 1 10 12 1 1 10 12 1 8 1 10 12 1 10 12 1 10 12 1 1 9 7 12 1 1 1 10 12 1 10 12 1 1 10 12 1 10 10 100 12 1 1 1 10 12 1 1 10 12 1 1 10 100 12 1 1 1 10 100 12 1 1 1 10 100 12 1 1 1 9 12 1 1 10 9 12 1 1 10 12 1 10 12 1 10 12 1 1 10 12 1 10 100 12 1 1 1 9 12 1 1 10 12 1 1 9 12 1 10 12 1 10 12 1 10 100 12 1 1 100 1 10 9 7 12 1 1 1 9 12 1 1 10 7 12 1 1 1 10 12 1 10 12 1 10 12 1 10 12 1 10 12 1 10 12 1 1 7 1 10 10 7 12 1 1 1 9 12 1 1 8 10 12 1 1 7 1 10 12 1 1 100 1 1 1 1 1 1 1 1 1 1 1 1 1 1 1 1 1 1 1 1 1 1 1 1 1 1 1 1 1 1 1 1 1 1 1 1 1 1 1 1 1 1 1 1 1 1 1 1 1 1 1 1 1 1 1 1 1 1 1 1 1 1 1 1 1 1 1 1 1 1 1 1 1 1 1 1 1 1 1 1 1 1 1 1 1 1 1 1 1 100 1 7 1 100 1 1 1 1 1 1 1 100 1 1 1
staticfield java/lang/invoke/VarHandle AIOOBE_SUPPLIER Ljava/util/function/BiFunction; jdk/internal/util/Preconditions$1
staticfield java/lang/invoke/VarHandle VFORM_OFFSET J 16
staticfield java/lang/invoke/VarHandle $assertionsDisabled Z 1
ciInstanceKlass java/lang/invoke/MemberName 1 1 757 7 1 7 1 100 1 9 12 1 1 10 7 12 1 1 1 9 12 1 1 10 12 1 1 10 12 1 1 10 12 1 1 10 12 1 10 12 1 1 10 7 12 1 1 1 10 12 1 9 7 12 1 1 10 12 1 100 1 7 1 10 12 1 8 1 10 12 1 1 10 12 1 10 12 1 1 10 12 1 9 12 1 1 8 1 10 100 12 1 1 1 7 1 10 10 12 1 1 7 1 7 1 10 12 1 1 9 12 1 1 100 1 8 1 10 12 1 10 12 1 10 12 1 10 12 1 10 12 1 1 10 12 1 10 12 1 10 12 1 1 10 12 1 1 10 12 1 8 1 8 1 8 1 10 100 12 1 1 1 10 12 1 9 12 1 1 3 10 12 1 10 12 1 10 12 1 10 10 7 12 1 1 1 10 12 1 10 12 1 10 12 1 10 12 1 7 1 8 10 12 1 1 10 12 1 1 8 1 9 100 1 8 9 100 1 10 12 1 1 10 12 1 10 12 1 8 1 10 12 1 1 10 12 1 10 12 1 10 12 1 10 12 1 1 100 1 10 12 1 1 10 12 1 8 1 10 12 1 10 12 1 8 1 10 12 1 1 10 12 1 1 7 1 10 12 1 1 10 12 8 1 8 1 100 1 10 12 1 10 100 12 1 1 1 100 1 10 12 10 12 1 10 12 1 10 12 1 10 12 1 10 10 12 1 10 12 1 10 12 1 3 10 12 1 3 10 12 1 3 3 3 3 3 3 3 7 1 10 12 1 10 7 12 1 1 1 10 12 1 3 9 12 1 10 12 1 1 3 10 12 1 10 10 7 12 1 1 1 10 12 1 1 10 7 1 10 10 12 1 10 12 1 10 12 1 10 10 12 1 1 10 12 1 10 12 1 10 12 1 100 1 10 10 10 12 100 1 10 10 10 12 1 1 10 12 1 1 10 10 12 1 8 10 7 1 10 12 1 10 100 1 10 12 1 10 12 1 10 12 1 10 10 12 1 10 12 1 1 10 12 1 1 10 12 1 10 12 1 10 12 1 7 1 10 12 1 1 100 1 8 1 10 7 1 10 12 1 10 12 10 12 1 1 10 12 1 10 12 1 8 1 8 1 8 1 8 1 10 12 1 10 12 1 10 12 1 1 8 1 8 1 10 12 1 8 1 10 10 12 1 10 12 1 8 1 8 1 10 10 12 1 8 1 10 7 12 1 1 1 8 1 10 12 1 10 12 1 1 10 12 1 8 1 8 1 8 1 8 1 7 1 10 8 1 8 1 8 1 8 1 10 12 1 7 1 100 1 7 1 10 100 1 10 7 1 10 7 12 1 1 1 9 7 12 1 1 1 100 1 100 1 1 1 1 1 1 1 3 1 3 1 3 1 3 1 3 1 3 1 1 1 1 1 1 1 1 3 1 3 1 1 1 1 3 1 1 1 1 1 1 1 1 1 1 1 1 1 1 1 1 1 1 1 1 1 1 1 1 1 1 1 1 1 1 1 1 1 1 1 1 1 1 1 1 1 1 1 1 1 1 1 1 1 1 1 1 1 1 1 1 1 1 1 1 1 1 1 1 1 1 1 1 1 1 1 1 1 1 1 1 1 1 1 1 1 1 1 1 1 1 1 1 1 1 1 1 1 1 1 1 1 1 1 1 1 1 1 1 1 1 100 1 1 1 1 1 1 1 1 1 1 1 1 1 1 1
staticfield java/lang/invoke/MemberName $assertionsDisabled Z 1
ciInstanceKlass java/lang/invoke/ResolvedMethodName 1 1 16 10 100 12 1 1 1 100 1 1 1 1 1 1 1 1
ciInstanceKlass java/lang/StackWalker 1 1 235 9 7 12 1 1 1 10 7 12 1 1 1 7 1 10 7 12 1 1 1 10 12 1 1 11 7 12 1 1 1 10 12 1 1 10 12 1 1 10 12 1 1 100 1 8 1 10 12 1 10 12 1 10 12 1 10 7 12 1 1 9 12 1 1 9 12 1 1 9 12 1 1 9 12 1 1 10 12 1 1 9 12 1 1 10 7 12 1 1 1 11 12 1 1 100 1 8 1 10 10 100 12 1 1 9 12 1 1 10 12 1 1 10 7 12 1 1 1 10 7 12 1 1 1 18 12 1 1 100 1 8 1 10 10 12 1 1 10 100 12 1 1 1 9 7 12 1 1 11 100 12 1 1 1 10 12 1 1 1 1 1 1 1 1 1 1 1 1 1 1 1 1 1 1 1 1 1 1 1 1 1 1 1 1 1 1 1 1 1 1 1 1 1 1 1 1 1 1 1 1 1 1 1 1 1 1 1 100 1 1 15 10 100 12 1 1 1 16 15 10 12 16 1 1 1 1 1 1 1 100 1 100 1 1
staticfield java/lang/StackWalker DEFAULT_EMPTY_OPTION Ljava/util/EnumSet; java/util/RegularEnumSet
staticfield java/lang/StackWalker DEFAULT_WALKER Ljava/lang/StackWalker; java/lang/StackWalker
instanceKlass java/lang/StackStreamFactory$StackFrameTraverser
ciInstanceKlass java/lang/StackStreamFactory$AbstractStackWalker 1 1 306 7 1 100 1 3 10 7 12 1 1 1 10 7 12 1 1 10 7 12 1 1 1 9 12 1 1 10 12 1 1 9 12 1 1 9 12 1 1 9 12 1 1 9 12 1 9 7 12 1 1 1 10 7 12 1 1 1 10 12 1 1 9 12 1 1 10 7 12 1 1 1 10 12 1 1 9 12 1 1 9 100 12 1 1 1 100 1 10 8 1 10 12 1 1 10 12 1 8 1 10 12 1 1 10 100 12 1 1 1 100 1 8 1 10 12 1 8 1 10 12 9 7 12 1 1 1 10 7 12 1 1 9 12 1 8 1 5 0 8 1 8 1 9 12 1 1 10 12 1 1 10 12 1 1 10 12 1 9 12 1 10 12 1 10 12 1 10 12 1 10 12 1 1 10 12 1 10 12 1 1 8 1 10 12 1 10 12 1 10 12 1 10 12 1 1 8 1 10 12 1 1 10 12 1 1 10 12 1 1 10 12 1 10 12 1 10 7 12 1 1 1 9 12 1 8 1 10 12 1 10 12 1 10 12 1 10 12 1 10 12 1 10 12 1 10 12 1 1 10 12 1 1 10 12 1 1 10 12 1 8 1 1 1 1 1 1 1 1 1 1 1 1 1 1 1 1 1 1 100 1 1 1 1 100 1 1 1 1 1 1 1 1 1 1 1 1 1 1 1 1 1 1 1 1 1
ciInstanceKlass jdk/internal/module/Modules 1 1 504 10 100 12 1 1 1 9 7 12 1 1 1 11 7 12 1 1 1 11 12 1 1 11 12 1 1 11 12 1 1 11 12 1 11 12 1 11 12 1 11 12 1 11 12 1 1 10 100 12 1 1 1 10 100 12 1 1 1 18 12 1 1 10 100 12 1 1 1 100 1 10 100 12 1 1 1 10 100 12 1 1 1 10 100 12 1 1 10 12 1 1 11 12 1 9 12 1 1 11 7 12 1 1 1 10 12 1 1 10 10 12 1 10 9 12 1 1 10 7 12 1 1 10 12 1 1 10 100 12 1 1 100 1 11 100 12 1 1 1 10 100 12 1 1 1 11 100 12 1 1 10 12 1 1 10 100 12 1 1 10 100 12 1 1 1 10 12 1 1 10 12 1 1 11 12 1 1 18 12 1 1 11 100 12 1 1 10 100 12 1 1 1 11 100 12 1 1 1 100 1 11 12 1 1 11 100 12 1 1 1 11 12 1 1 10 12 1 1 10 100 12 1 1 18 12 1 1 11 12 1 1 18 12 1 1 11 12 1 1 10 12 1 18 18 10 12 1 1 9 12 1 1 11 100 12 1 1 1 100 1 10 11 12 1 11 12 1 1 11 12 1 1 10 100 1 10 12 1 1 10 100 12 1 1 10 12 1 1 11 12 10 12 1 1 100 1 10 18 12 1 10 12 1 1 100 1 8 1 10 12 1 10 100 12 1 1 18 12 1 11 11 12 10 12 1 10 10 100 1 18 12 1 10 10 10 7 12 1 1 10 7 12 1 1 1 10 12 1 1 1 1 1 1 1 1 1 1 1 1 1 1 1 1 1 1 1 1 1 1 1 1 1 1 1 1 1 1 1 1 1 100 1 1 1 1 1 1 1 1 1 1 1 1 1 1 1 1 1 1 1 1 1 1 1 1 1 1 1 1 1 1 1 1 1 1 1 100 1 1 1 1 1 1 1 1 1 1 1 1 1 1 1 1 1 1 1 1 1 1 1 15 10 100 12 1 1 1 16 15 10 12 1 16 16 15 10 12 1 16 1 16 1 15 10 12 1 16 1 16 1 15 10 12 16 1 15 10 16 1 15 10 12 16 1 15 10 12 16 15 10 12 16 15 10 12 1 1 1 100 1 100 1 1
staticfield jdk/internal/module/Modules JLA Ljdk/internal/access/JavaLangAccess; java/lang/System$2
staticfield jdk/internal/module/Modules JLMA Ljdk/internal/access/JavaLangModuleAccess; java/lang/module/ModuleDescriptor$1
staticfield jdk/internal/module/Modules $assertionsDisabled Z 1
ciInstanceKlass java/util/Optional 1 1 175 9 7 12 1 1 1 10 7 12 1 1 1 9 12 1 1 10 7 12 1 1 1 10 12 1 100 1 8 1 10 12 1 11 100 12 1 1 11 100 12 1 1 10 12 1 1 11 100 12 1 1 1 10 12 1 1 11 7 12 1 1 10 12 1 1 11 100 12 1 1 1 11 7 12 1 1 11 12 1 1 100 1 10 12 1 1 10 12 1 1 8 1 10 100 12 1 1 1 8 1 1 1 1 1 1 1 1 1 1 1 1 1 1 1 1 1 1 1 1 1 1 1 1 1 1 1 1 1 1 1 1 1 1 1 1 1 1 1 1 1 1 1 1 1 1 1 1 1 1 1 1 1 1 1 1 1 1 1 1 1 1 1 1 1 1 1 1 1 1 1 1 1 1 1
staticfield java/util/Optional EMPTY Ljava/util/Optional; java/util/Optional
ciMethod java/util/Optional of (Ljava/lang/Object;)Ljava/util/Optional; 122 0 44416 0 -1
ciMethod java/util/Optional empty ()Ljava/util/Optional; 528 0 13344 0 64
ciMethod java/util/Optional orElse (Ljava/lang/Object;)Ljava/lang/Object; 522 0 39236 0 96
ciInstanceKlass java/util/ArrayDeque 1 1 438 100 1 9 7 12 1 1 1 3 10 12 1 1 10 7 12 1 1 1 9 12 1 1 9 12 1 10 7 12 1 1 1 100 1 8 1 10 12 1 1 3 10 7 12 1 1 7 1 11 7 12 1 1 1 10 12 1 10 12 1 1 100 1 10 100 1 10 10 12 1 10 12 1 10 12 1 10 18 12 1 1 11 12 1 1 10 12 1 1 10 12 1 10 12 1 1 100 1 10 10 12 1 10 12 1 1 10 12 1 1 10 12 1 1 10 12 1 10 12 1 10 12 1 10 12 1 10 12 1 1 7 1 10 12 1 100 1 10 100 1 10 10 100 12 1 1 1 11 100 12 1 10 12 1 1 18 12 1 1 18 11 100 12 1 10 12 1 1 10 12 1 1 10 12 1 1 10 12 1 1 10 12 1 1 10 12 1 100 10 12 1 1 10 12 1 1 10 12 1 1 10 100 12 1 1 10 12 1 100 1 100 1 10 10 100 12 1 1 10 12 1 10 12 1 10 100 12 1 1 10 12 1 10 100 12 1 1 1 11 100 12 1 1 1 10 12 1 100 1 9 12 1 1 8 1 10 12 1 1 10 100 12 1 1 1 8 1 10 12 1 1 10 12 1 11 12 1 100 1 100 1 100 1 1 1 1 1 5 0 1 1 1 1 1 1 1 1 1 1 1 1 1 1 1 1 1 1 1 1 1 1 1 1 1 1 1 1 1 1 1 1 1 1 1 1 1 1 1 1 1 1 1 1 1 1 1 1 1 1 1 1 1 1 1 1 1 1 1 1 1 1 1 1 1 1 1 1 1 1 1 1 1 1 1 1 1 1 1 1 1 1 1 1 1 1 100 1 1 1 1 1 1 1 1 100 1 1 1 1 1 1 1 1 1 1 1 100 1 1 1 100 1 1 1 1 1 1 1 1 1 1 1 15 10 7 12 1 1 1 16 15 16 15 10 12 15 10 12 1 1 1 1 100 1 100 1 1
ciMethod java/util/ArrayDeque poll ()Ljava/lang/Object; 512 0 7492 0 256
ciMethod java/util/ArrayDeque pollFirst ()Ljava/lang/Object; 512 0 7424 0 256
ciInstanceKlass java/util/Queue 1 0 70 100 1 100 1 100 1 1 1 1 1 1 1 1 1 1 1 1 1 1 1 1 100 1 8 1 1 12 10 1 1 1 8 1 1 1 8 1 1 1 8 1 1 1 8 1 1 1 8 1 1 8 1 1 1 8 1 1 8 1 1 1 8 1 1 8 1 1 8 1
ciInstanceKlass java/util/function/BiFunction 1 1 65 10 100 12 1 1 1 18 12 1 1 11 100 12 1 1 11 100 12 1 100 1 1 1 1 1 1 1 1 1 1 1 1 1 1 1 1 1 1 1 1 1 1 1 1 1 1 1 15 10 100 12 1 1 1 16 15 11 12 1 100 1 100 1 1
instanceKlass java/nio/HeapByteBufferR
ciInstanceKlass java/nio/HeapByteBuffer 1 1 362 10 7 12 1 1 1 9 7 12 1 1 1 9 12 1 9 12 1 10 12 1 1 10 12 1 9 12 1 1 9 12 1 1 9 12 1 1 10 12 1 10 7 12 1 1 1 10 12 1 10 12 1 7 1 10 10 12 1 10 12 1 1 10 12 1 10 12 1 1 100 1 10 12 10 7 12 1 1 1 10 12 1 10 12 1 100 1 10 10 12 1 1 10 12 1 9 12 1 1 100 1 10 10 12 10 12 1 9 12 1 1 10 12 1 1 10 12 10 12 1 1 9 12 1 10 7 12 1 1 1 10 12 1 10 12 10 12 1 1 7 1 10 12 1 100 1 10 10 12 1 1 10 12 1 1 100 1 10 100 1 10 10 12 1 1 10 12 1 1 7 1 10 100 1 10 10 12 1 1 10 12 1 1 100 1 10 100 1 10 10 100 12 1 1 1 10 12 1 1 100 1 10 100 1 10 10 100 12 1 1 1 10 12 1 1 100 1 10 100 1 10 10 12 1 1 10 12 1 1 10 12 10 7 12 1 1 1 9 12 1 1 7 10 7 12 1 1 1 10 12 1 1 1 1 1 1 1 1 1 1 1 1 1 1 1 1 1 1 1 1 1 1 1 1 1 1 1 1 1 1 1 1 1 1 1 1 1 1 1 1 1 1 1 1 1 1 1 1 1 1 1 100 1 1 1 1 1 1 1 1 1 1 100 1 1 1 1 1 100 1 1 1 1 1 1 1 1 1 100 1 1 1 1 1 1 1 1 1 1 100 1 1 1 1 1 1 1 1 1 1 100 1 1 1 1 1 1 1 100 1 1
staticfield java/nio/HeapByteBuffer ARRAY_BASE_OFFSET J 16
staticfield java/nio/HeapByteBuffer ARRAY_INDEX_SCALE J 1
staticfield java/nio/HeapByteBuffer $assertionsDisabled Z 1
ciMethod java/nio/ByteBuffer isDirect ()Z 0 0 1 0 -1
ciMethod java/nio/ByteBuffer get ()B 0 0 1 0 -1
instanceKlass org/apache/hadoop/io/DataInputBuffer
instanceKlass org/apache/hadoop/fs/FSDataInputStream
ciInstanceKlass java/io/DataInputStream 1 1 187 10 7 12 1 1 1 9 7 12 1 1 1 9 12 1 1 9 12 1 9 12 1 1 10 7 12 1 1 1 10 12 1 1 10 7 12 1 1 1 7 1 10 12 1 10 12 1 1 10 12 1 10 12 1 10 100 12 1 1 1 10 12 1 1 10 7 12 1 1 1 9 12 1 100 1 10 10 12 1 1 10 100 12 1 1 1 10 7 12 1 1 1 10 12 1 1 11 7 12 1 1 11 100 1 8 1 10 12 1 100 1 10 8 1 10 12 1 1 10 12 1 10 12 1 1 10 12 1 1 1 1 1 1 1 1 1 100 1 1 1 1 1 1 1 1 1 1 1 1 1 1 1 1 1 1 1 1 1 1 1 1 1 1 1 1 1 1 1 1 1 1 1 1 100 1 1 1 1 1 1 1 1 1 100 1 1
ciMethod java/io/DataInputStream <init> (Ljava/io/InputStream;)V 512 0 19466 0 0
ciMethod java/io/DataInputStream readFully ([BII)V 1024 1022 8698 0 320
ciMethod java/io/DataInputStream readFully ([B)V 602 0 17472 0 0
ciInstanceKlass java/util/OptionalInt 1 1 130 10 7 12 1 1 1 9 7 12 1 1 1 9 12 1 1 9 12 1 1 10 12 1 100 1 8 1 10 12 1 11 100 12 1 1 11 100 12 1 1 11 100 12 1 1 1 11 12 1 1 11 100 12 1 1 1 11 100 12 1 1 1 100 1 10 100 12 1 1 1 8 1 10 12 1 1 10 100 12 1 1 1 8 1 10 1 1 1 1 1 1 1 1 1 1 1 1 1 1 1 1 1 1 1 1 1 1 1 1 1 1 1 1 1 1 1 1 1 1 1 1 1 1 1 1 1 1 1 1
staticfield java/util/OptionalInt EMPTY Ljava/util/OptionalInt; java/util/OptionalInt
ciMethod java/util/OptionalInt isPresent ()Z 258 0 129 0 -1
ciMethod java/util/OptionalInt getAsInt ()I 0 0 1 0 -1
ciMethod java/nio/HeapByteBuffer <init> ([BIIIIILjdk/internal/access/foreign/MemorySegmentProxy;)V 514 0 5378 0 960
ciMethod java/nio/HeapByteBuffer <init> ([BIILjdk/internal/access/foreign/MemorySegmentProxy;)V 584 0 5281 0 0
ciMethod java/nio/HeapByteBuffer get ()B 794 0 7695 0 160
ciMethod java/nio/HeapByteBuffer duplicate ()Ljava/nio/ByteBuffer; 512 0 5379 0 1056
ciMethod java/nio/HeapByteBuffer ix (I)I 512 0 76691 0 64
ciMethod java/nio/ByteBuffer flip ()Ljava/nio/ByteBuffer; 518 0 31165 0 -1
ciMethod java/nio/ByteBuffer limit (I)Ljava/nio/ByteBuffer; 514 0 21875 0 192
ciMethod java/nio/ByteBuffer position (I)Ljava/nio/ByteBuffer; 770 0 40660 0 160
ciMethod java/nio/ByteBuffer limit (I)Ljava/nio/Buffer; 514 0 7976 0 352
ciMethod java/nio/ByteBuffer position (I)Ljava/nio/Buffer; 520 0 7364 0 192
ciMethod java/util/Queue poll ()Ljava/lang/Object; 0 0 1 0 -1
ciMethod java/util/ArrayDeque inc (II)I 768 0 21216 0 0
ciMethod java/util/ArrayDeque elementAt ([Ljava/lang/Object;I)Ljava/lang/Object; 512 0 23895 0 128
ciMethod java/nio/ByteBuffer <init> (IIII[BILjdk/internal/access/foreign/MemorySegmentProxy;)V 524 0 7802 0 704
ciMethod java/nio/ByteBuffer wrap ([B)Ljava/nio/ByteBuffer; 318 0 42852 0 416
ciMethod java/nio/ByteBuffer wrap ([BII)Ljava/nio/ByteBuffer; 318 0 5281 0 608
ciMethod java/nio/ByteBuffer duplicate ()Ljava/nio/ByteBuffer; 0 0 1 0 -1
ciMethod jdk/internal/util/Preconditions outOfBoundsCheckFromIndexSize (Ljava/util/function/BiFunction;III)Ljava/lang/RuntimeException; 0 0 1 0 -1
ciMethod jdk/internal/util/Preconditions checkFromIndexSize (IIILjava/util/function/BiFunction;)I 630 0 77426 0 0
ciMethod jdk/internal/util/Preconditions checkIndex (IILjava/util/function/BiFunction;)I 556 0 320716 0 -1
ciMethod java/util/AbstractList <init> ()V 478 0 254819 0 64
ciMethod java/util/List get (I)Ljava/lang/Object; 0 0 1 0 -1
ciMethod java/util/List size ()I 0 0 1 0 -1
ciMethod java/util/AbstractCollection <init> ()V 548 0 359869 0 64
ciMethod java/util/Collections singletonList (Ljava/lang/Object;)Ljava/util/List; 448 0 21516 0 160
ciMethod java/util/Collections emptyList ()Ljava/util/List; 512 0 81981 0 -1
ciMethod java/lang/Math min (DD)D 0 0 1 0 -1
ciMethod java/lang/Math min (JJ)J 512 0 274394 0 64
ciMethod java/nio/ByteOrder nativeOrder ()Ljava/nio/ByteOrder; 512 0 14798 0 64
ciMethod java/io/FilterInputStream <init> (Ljava/io/InputStream;)V 228 0 49298 0 288
ciMethod java/io/InputStream <init> ()V 456 0 121195 0 64
ciMethod java/io/InputStream read ([BII)I 0 0 1 0 -1
ciMethod java/lang/String equals (Ljava/lang/Object;)Z 624 0 7673 0 -1
ciMethod java/util/ArrayList size ()I 264 0 132 0 0
ciMethod java/util/ArrayList get (I)Ljava/lang/Object; 556 0 41989 0 192
ciMethod java/util/ArrayList elementData (I)Ljava/lang/Object; 556 0 49786 0 128
ciMethod java/lang/Enum ordinal ()I 356 0 178 0 -1
ciMethod java/lang/Object <init> ()V 1024 0 11018565 0 128
ciInstanceKlass org/apache/logging/log4j/core/Filter 1 1 104 9 100 12 1 1 1 11 7 12 1 1 1 9 12 1 1 100 1 100 1 1 1 1 8 1 1 1 1 1 1 1 1 1 1 1 1 1 1 1 1 1 1 1 1 1 1 1 1 1 1 1 1 1 1 1 1 1 1 1 1 1 1 1 1 1 1 1 1 1 1 1 1 1 100 1 1 1 100 1 8 1 1 12 10 1 1 1 8 1 1 8 1 1 8 1 1 1 8 1 1 1 8 1
staticfield org/apache/logging/log4j/core/Filter EMPTY_ARRAY [Lorg/apache/logging/log4j/core/Filter; 0 [Lorg/apache/logging/log4j/core/Filter;
ciInstanceKlass org/slf4j/Logger 1 1 130 100 1 100 1 10 12 1 1 11 100 12 1 1 1 11 12 1 1 10 100 12 1 1 1 10 100 12 1 1 1 11 12 1 1 11 12 1 11 12 1 11 12 1 11 12 1 100 1 100 1 10 12 1 8 1 10 12 1 1 10 12 1 8 1 10 12 1 1 10 12 1 9 12 1 1 9 12 1 9 12 1 9 12 1 9 12 1 100 1 1 1 1 8 1 1 1 1 1 1 1 1 1 1 1 1 1 1 1 1 1 1 1 1 1 1 1 1 1 1 1 1 1 1 1 1 1 1 1 1
instanceKlass java/io/UTFDataFormatException
instanceKlass shaded/parquet/com/fasterxml/jackson/core/JacksonException
instanceKlass org/apache/hadoop/fs/ChecksumException
instanceKlass org/apache/hadoop/mapreduce/lib/input/InvalidInputException
instanceKlass org/apache/hadoop/fs/PathIOException
instanceKlass org/apache/hadoop/mapred/InvalidInputException
instanceKlass org/apache/hadoop/ipc/RemoteException
instanceKlass org/apache/hadoop/fs/UnresolvedLinkException
instanceKlass org/apache/hadoop/security/AccessControlException
instanceKlass org/apache/hadoop/fs/UnsupportedFileSystemException
instanceKlass org/apache/hadoop/fs/ParentNotDirectoryException
instanceKlass org/apache/hadoop/fs/FileAlreadyExistsException
instanceKlass java/util/zip/ZipException
instanceKlass io/netty/channel/socket/ChannelOutputShutdownException
instanceKlass java/nio/channels/ClosedChannelException
instanceKlass org/apache/hadoop/security/ShellBasedUnixGroupsMapping$PartialGroupNameException
instanceKlass org/apache/hadoop/security/authentication/util/KerberosName$BadFormatString
instanceKlass org/apache/hadoop/security/authentication/util/KerberosName$NoMatchingRule
instanceKlass org/apache/hadoop/mapred/FileAlreadyExistsException
instanceKlass org/apache/hadoop/mapred/InvalidJobConfException
instanceKlass org/apache/hadoop/security/KerberosAuthException
instanceKlass java/nio/charset/CharacterCodingException
instanceKlass java/io/InterruptedIOException
instanceKlass org/apache/hadoop/util/Shell$ExitCodeException
instanceKlass java/io/CharConversionException
instanceKlass java/net/ProtocolException
instanceKlass java/nio/file/FileSystemException
instanceKlass java/net/UnknownHostException
instanceKlass java/io/ObjectStreamException
instanceKlass com/fasterxml/jackson/core/JacksonException
instanceKlass java/io/UnsupportedEncodingException
instanceKlass java/io/EOFException
instanceKlass java/net/SocketException
instanceKlass java/net/MalformedURLException
instanceKlass java/io/FileNotFoundException
ciInstanceKlass java/io/IOException 1 1 34 10 7 12 1 1 1 10 12 1 10 12 1 10 12 1 100 1 1 1 1 5 0 1 1 1 1 1 1 1 1 1 1 1
instanceKlass java/lang/ArrayIndexOutOfBoundsException
ciInstanceKlass java/lang/IndexOutOfBoundsException 1 0 49 10 100 12 1 1 1 10 12 1 100 1 10 8 1 10 12 1 1 10 12 1 10 12 1 1 10 12 1 100 1 1 1 1 5 0 1 1 1 1 1 1 1 1 1 1 1 1 1
ciInstanceKlass java/io/EOFException 1 1 26 10 7 12 1 1 1 10 12 1 100 1 1 1 1 5 0 1 1 1 1 1 1 1 1 1
ciInstanceKlass java/util/Collections$SingletonList 1 1 131 10 7 12 1 1 1 9 7 12 1 1 1 10 7 12 1 1 1 10 12 1 1 100 1 100 1 10 8 1 10 12 1 1 10 12 1 8 1 10 12 1 1 10 12 1 11 7 12 1 1 1 100 1 10 10 12 1 1 10 100 12 1 1 1 100 1 100 1 1 1 1 5 0 1 1 1 1 1 1 1 1 1 1 1 1 1 1 1 1 1 1 1 1 1 1 1 1 1 1 1 1 1 1 1 1 1 1 1 1 1 1 1 1 1 1 1 1 1 1 1 1 1 1 1 1 1 1 1 1 1
instanceKlass org/apache/spark/internal/config/ConfigEntryWithDefault
instanceKlass org/apache/spark/internal/config/ConfigEntryWithDefaultFunction
instanceKlass org/apache/spark/internal/config/ConfigEntryWithDefaultString
instanceKlass org/apache/spark/internal/config/FallbackConfigEntry
instanceKlass org/apache/spark/internal/config/OptionalConfigEntry
ciInstanceKlass org/apache/spark/internal/config/ConfigEntry 1 1 285 1 7 1 1 7 1 1 1 1 1 100 1 100 1 1 100 1 100 1 1 1 1 1 1 1 1 1 1 1 1 1 1 1 1 1 1 1 1 1 1 1 1 1 7 1 1 12 9 12 10 1 1 1 12 10 1 1 1 12 10 1 1 1 1 12 10 1 1 1 12 10 12 9 1 1 12 9 12 9 1 1 12 9 1 1 12 9 1 12 9 12 9 1 12 9 12 9 1 12 9 1 1 1 1 1 12 10 1 16 1 1 12 10 15 1 16 3 3 1 7 1 1 12 10 15 1 1 12 18 1 7 1 1 12 10 12 10 12 10 1 7 1 12 10 1 16 1 1 12 10 15 1 16 1 12 18 1 7 1 1 12 10 1 7 1 1 12 10 1 1 12 10 1 12 10 1 7 1 12 10 1 100 12 10 1 8 1 7 1 1 12 10 15 1 12 18 1 12 10 16 1 1 12 10 15 16 1 12 18 1 1 12 10 1 1 1 1 1 1 1 1 1 1 100 1 12 9 1 12 10 12 10 12 10 12 10 12 10 1 8 1 12 18 1 1 1 1 1 12 10 15 1 12 18 1 1 1 1 12 10 1 1 1 100 1 1 12 10 15 1 12 18 1 1 1 1 1 1 1 1 1 1 1 1
ciInstanceKlass org/apache/spark/network/util/JavaUtils 1 1 1168 10 100 12 1 1 1 11 100 12 1 1 100 1 9 7 12 1 1 1 8 1 10 100 12 1 1 1 10 7 12 1 1 1 10 12 1 1 100 1 10 7 12 1 1 1 11 100 12 1 1 1 11 7 12 1 1 1 18 12 1 1 11 12 1 1 18 12 1 1 11 12 1 1 11 7 1 10 12 1 1 100 1 10 12 1 10 12 1 100 1 10 10 12 1 1 100 1 10 7 12 1 1 1 18 12 1 1 10 12 1 10 12 1 1 100 1 10 12 1 1 11 100 12 1 1 11 12 1 11 12 1 1 8 1 10 12 1 1 7 1 10 12 1 1 10 12 1 1 11 100 12 1 1 1 11 100 12 1 1 11 12 1 1 11 12 1 11 12 1 1 100 1 10 12 1 9 100 12 1 1 1 11 10 12 1 1 18 8 1 100 1 10 12 10 12 1 1 100 1 3 10 100 12 1 1 1 9 100 12 1 1 1 10 12 1 1 10 7 12 1 1 1 10 12 1 1 10 100 12 1 1 1 10 100 12 1 1 1 10 12 1 18 12 1 10 12 1 1 100 1 10 12 1 100 1 10 12 1 10 12 1 1 18 10 12 1 100 1 10 12 10 12 1 1 9 12 1 1 9 12 1 10 12 1 10 12 1 1 8 1 100 1 9 100 12 1 1 1 10 12 1 1 10 12 1 1 10 12 1 10 12 1 1 11 100 12 1 1 11 10 12 1 1 11 12 1 10 12 18 10 9 12 1 1 10 12 1 1 100 1 8 1 8 1 10 12 1 10 12 1 1 8 1 10 10 12 1 1 10 12 1 1 10 100 12 1 1 10 12 1 100 1 10 12 10 12 1 1 18 8 1 11 100 12 1 1 9 12 1 1 18 12 1 1 11 12 1 1 18 12 1 10 100 12 1 1 1 11 12 1 1 18 9 7 12 1 1 1 10 12 1 1 10 12 1 9 12 1 1 10 7 12 1 1 1 10 7 12 1 1 100 1 18 10 10 12 1 1 10 7 12 1 1 1 9 12 1 1 11 7 12 1 1 1 18 11 12 1 7 1 10 12 1 1 8 1 10 12 1 18 9 12 1 1 10 12 1 1 9 12 1 9 12 1 9 12 1 9 12 1 7 1 10 12 1 1 18 18 8 1 9 12 1 1 10 12 1 1 9 12 1 9 12 1 9 12 1 10 12 1 10 12 1 10 12 1 1 10 12 1 10 12 8 1 10 12 1 1 18 12 1 10 7 12 1 1 1 18 10 12 1 100 1 8 1 10 12 10 12 1 1 10 12 1 11 100 12 1 1 1 100 1 8 1 10 12 1 10 12 1 1 10 8 1 10 7 12 1 1 1 18 12 10 12 1 10 100 12 1 1 1 10 12 1 1 10 8 1 100 1 10 12 1 11 100 1 10 10 12 1 1 10 100 1 10 100 1 10 12 1 10 12 1 1 10 12 1 10 10 12 1 5 0 5 0 8 1 8 1 10 12 1 1 10 12 1 10 12 1 1 10 12 1 1 5 0 10 12 1 10 12 1 8 1 10 7 12 1 1 8 1 10 12 1 100 1 10 9 12 1 1 10 100 12 1 1 1 10 12 1 1 10 7 12 1 1 1 100 1 100 1 10 12 10 12 1 1 8 1 10 12 8 1 9 12 1 1 10 12 10 12 1 1 10 12 10 7 12 1 1 1 8 1 9 12 1 8 1 8 1 8 1 9 12 1 8 1 8 1 9 12 1 8 1 9 12 1 11 12 1 7 1 8 1 11 12 1 1 8 1 8 1 8 1 8 1 8 1 8 1 8 1 8 1 8 1 8 1 8 1 8 1 9 12 1 8 1 8 1 8 1 8 1 9 12 1 8 1 8 1 8 1 11 12 1 1 8 1 10 12 1 1 8 1 8 1 8 1 8 1 9 12 1 10 7 12 1 1 1 10 7 1 9 12 1 8 1 9 12 1 8 1 9 12 1 8 1 8 1 10 12 1 9 12 1 8 1 9 12 1 8 1 8 1 8 1 8 1 8 1 8 1 8 1 8 1 11 12 1 18 11 12 1 1 10 12 1 1 1 1 5 0 1 1 1 1 1 1 1 1 1 1 1 1 1 1 1 1 1 1 1 1 1 1 1 1 1 1 1 1 1 1 1 1 1 1 1 1 1 1 1 1 1 1 1 1 1 1 1 1 1 1 1 1 1 1 1 1 1 1 100 1 100 1 1 1 1 1 1 1 1 1 1 1 1 1 1 1 1 1 1 1 1 1 1 1 1 1 1 1 1 1 1 1 1 1 1 1 1 1 1 1 1 1 1 1 1 1 1 1 1 1 1 1 1 1 1 1 1 1 1 1 1 1 1 100 1 1 1 1 1 1 1 1 1 1 1 1 1 1 1 1 1 1 1 1 1 1 1 1 1 1 1 1 1 1 1 1 1 1 1 1 1 1 1 1 1 1 15 10 7 12 1 1 1 16 15 11 12 1 16 1 16 1 15 16 15 10 7 12 1 1 8 1 8 1 8 1 8 1 8 1 8 1 16 15 10 12 16 16 15 10 100 1 16 1 15 10 12 8 1 8 1 8 1 8 1 8 1 8 1 8 1 8 1 15 10 12 16 1 1 1 100 1 100 1 1
staticfield org/apache/spark/network/util/JavaUtils logger Lorg/apache/spark/internal/SparkLogger; org/apache/spark/internal/SparkLogger
staticfield org/apache/spark/network/util/JavaUtils timeSuffixes Ljava/util/Map; java/util/ImmutableCollections$MapN
staticfield org/apache/spark/network/util/JavaUtils byteSuffixes Ljava/util/Map; java/util/ImmutableCollections$MapN
staticfield org/apache/spark/network/util/JavaUtils TIME_STRING_PATTERN Ljava/util/regex/Pattern; java/util/regex/Pattern
staticfield org/apache/spark/network/util/JavaUtils BYTE_STRING_PATTERN Ljava/util/regex/Pattern; java/util/regex/Pattern
staticfield org/apache/spark/network/util/JavaUtils BYTE_STRING_FRACTION_PATTERN Ljava/util/regex/Pattern; java/util/regex/Pattern
staticfield org/apache/spark/network/util/JavaUtils LOWERCASE_HEX Ljava/util/HexFormat; java/util/HexFormat
ciInstanceKlass org/apache/logging/log4j/message/MessageFactory2 1 0 34 100 1 100 1 100 1 1 1 1 1 1 1 1 1 1 1 1 1 1 1 1 1 1 1 1 1 1 1 1 1 1 1 1
ciInstanceKlass org/apache/logging/log4j/message/ParameterizedMessageFactory 1 1 67 10 7 12 1 1 1 7 1 10 12 1 10 12 1 10 12 1 100 1 7 1 10 9 12 1 1 1 1 1 5 0 1 1 1 1 1 1 1 1 1 1 1 1 1 1 1 1 1 1 1 1 1 1 1 1 1 1 1 1 1 1 1 1 1 1 1
staticfield org/apache/logging/log4j/message/ParameterizedMessageFactory INSTANCE Lorg/apache/logging/log4j/message/ParameterizedMessageFactory; org/apache/logging/log4j/message/ParameterizedMessageFactory
ciInstanceKlass org/apache/logging/log4j/message/Message 1 1 24 100 1 100 1 100 1 1 1 1 1 1 1 1 1 1 1 1 1 1 1 1 1 1
ciInstanceKlass org/apache/logging/log4j/spi/ExtendedLogger 1 0 969 100 1 100 1 100 1 1 1 1 1 1 1 1 1 1 1 1 1 1 1 1 1 1 1 1 1 1 1 1 1 1 1 1 1 1 1 1 1 1 1 1 1 1 1 1 1 1 1 1 1 1 1 1 1 1 1 1 1 1 1 1 1 1 1 1 1 1 1 1 100 1 8 1 1 12 10 1 1 1 8 1 1 1 8 1 1 8 1 1 1 8 1 1 8 1 1 8 1 1 8 1 1 8 1 1 8 1 1 8 1 1 8 1 1 8 1 1 8 1 1 8 1 1 8 1 1 8 1 1 8 1 1 8 1 1 8 1 1 8 1 1 8 1 1 8 1 1 8 1 1 8 1 1 8 1 1 8 1 1 8 1 1 8 1 1 8 1 1 8 1 1 8 1 1 8 1 1 8 1 1 8 1 1 8 1 1 8 1 1 8 1 1 8 1 1 8 1 1 8 1 1 8 1 1 8 1 1 8 1 1 8 1 1 8 1 1 8 1 1 8 1 1 8 1 1 8 1 1 8 1 1 8 1 1 1 8 1 1 8 1 1 8 1 1 8 1 1 8 1 1 8 1 1 8 1 1 8 1 1 8 1 1 8 1 1 8 1 1 8 1 1 8 1 1 8 1 1 8 1 1 8 1 1 8 1 1 8 1 1 8 1 1 8 1 1 8 1 1 8 1 1 8 1 1 8 1 1 8 1 1 8 1 1 8 1 1 8 1 1 8 1 1 8 1 1 8 1 1 8 1 1 8 1 1 8 1 1 8 1 1 8 1 1 8 1 1 8 1 1 8 1 1 8 1 8 1 1 8 1 1 8 1 1 8 1 1 8 1 1 8 1 1 8 1 1 8 1 1 8 1 8 1 1 8 1 1 8 1 1 8 1 8 1 8 1 8 1 8 1 8 1 8 1 8 1 8 1 8 1 8 1 8 1 8 1 8 1 8 1 8 1 8 1 8 1 8 1 8 1 8 1 8 1 8 1 8 1 8 1 8 1 8 1 8 1 8 1 8 1 8 1 8 1 8 1 8 1 8 1 8 1 8 1 8 1 8 1 8 1 8 1 8 1 8 1 8 1 8 1 8 1 8 1 8 1 1 8 1 8 1 8 1 8 1 8 1 8 1 8 1 8 1 8 1 8 1 8 1 8 1 8 1 8 1 8 1 8 1 8 1 8 1 8 1 8 1 8 1 8 1 8 1 8 1 8 1 8 1 8 1 8 1 8 1 8 1 8 1 8 1 8 1 8 1 8 1 8 1 8 1 8 1 8 1 8 1 8 1 8 1 8 1 8 1 8 1 8 1 8 1 8 1 1 8 1 8 1 8 1 8 1 8 1 8 1 8 1 8 1 8 1 8 1 8 1 8 1 8 1 8 1 8 1 8 1 8 1 8 1 8 1 8 1 8 1 8 1 8 1 8 1 8 1 8 1 8 1 8 1 8 1 8 1 8 1 8 1 8 1 8 1 8 1 8 1 8 1 8 1 8 1 8 1 8 1 8 1 8 1 8 1 8 1 8 1 8 1 8 1 1 8 1 8 1 8 1 8 1 8 1 8 1 8 1 8 1 8 1 8 1 8 1 8 1 8 1 8 1 8 1 8 1 8 1 8 1 8 1 8 1 8 1 8 1 8 1 8 1 8 1 8 1 8 1 8 1 8 1 8 1 8 1 8 1 8 1 8 1 8 1 8 1 8 1 8 1 8 1 8 1 8 1 8 1 8 1 8 1 8 1 8 1 8 1 8 1 1 1 8 1 1 1 8 1 1 8 1 1 1 8 1 1 8 1 1 1 8 1 1 8 1 1 8 1 8 1 1 8 1 8 1 1 8 1 8 1 1 8 1 8 1 1 1 8 1 1 1 8 1 1 8 1 1 8 1 8 1 8 1 8 1 8 1 8 1 8 1 8 1 8 1 8 1 8 1 8 1 8 1 8 1 8 1 8 1 8 1 8 1 8 1 8 1 8 1 8 1 8 1 8 1 8 1 8 1 8 1 8 1 8 1 8 1 8 1 8 1 8 1 8 1 8 1 8 1 8 1 8 1 8 1 8 1 8 1 8 1 8 1 8 1 8 1 8 1 8 1 8 1 1 1 8 1 1 8 1 8 1 1 1 8 1 1 8 1 1 8 1 1 8 1 1 8 1 1 1 8 1 1 8 1 1 8 1 8 1 8 1
instanceKlass org/apache/logging/log4j/core/Logger
instanceKlass org/apache/logging/log4j/status/StatusLogger
ciInstanceKlass org/apache/logging/log4j/spi/AbstractLogger 1 1 928 10 7 12 1 1 1 10 7 12 1 1 9 12 1 1 10 12 1 1 10 7 12 1 1 1 10 12 1 10 12 1 1 9 7 12 1 1 1 9 12 1 1 9 7 12 1 1 9 12 1 7 1 100 1 10 12 1 11 100 1 11 12 1 1 10 12 1 1 10 100 12 1 1 1 8 1 10 12 1 1 9 12 1 1 8 1 9 12 1 10 12 1 1 9 12 1 1 10 12 1 1 10 12 1 1 10 12 1 1 9 7 12 1 1 1 8 1 11 12 1 1 9 12 1 10 12 1 1 11 7 12 1 1 1 10 12 10 12 1 7 1 10 12 1 10 12 1 10 12 1 10 12 1 10 12 1 10 12 1 10 12 1 10 12 1 10 12 1 10 12 1 10 12 1 10 12 1 10 12 1 10 12 1 10 12 1 9 12 1 9 12 1 10 100 12 1 1 1 11 100 12 1 1 1 10 12 1 1 11 100 12 1 1 1 11 12 1 100 1 10 12 1 1 100 1 10 12 1 10 12 10 12 1 1 9 12 1 100 1 10 12 1 11 12 1 1 9 12 1 9 12 1 10 12 1 9 12 1 10 12 1 10 12 10 12 1 10 12 10 12 10 12 1 10 12 10 12 1 10 12 10 12 1 10 12 10 12 1 10 12 10 12 1 10 12 10 12 1 10 12 10 12 1 10 12 10 12 1 10 12 10 12 1 10 12 10 12 1 10 12 10 12 1 10 12 10 12 1 10 12 10 12 1 10 12 11 12 1 11 12 1 10 12 1 10 12 1 1 11 12 1 11 12 1 11 12 1 11 12 1 11 12 1 11 12 1 11 12 1 11 12 1 11 12 1 11 12 1 11 12 1 10 12 1 10 12 1 1 10 12 1 10 7 12 1 1 1 10 12 1 1 10 12 100 1 10 12 10 12 1 10 12 1 1 10 12 1 1 9 12 1 1 10 7 12 1 1 7 1 10 12 1 1 10 12 1 1 100 1 100 1 10 8 1 10 12 1 1 10 12 1 10 12 1 10 12 1 10 12 1 1 10 100 12 1 1 100 1 8 1 10 12 1 11 12 1 10 12 1 10 12 1 1 9 12 1 10 12 1 8 1 10 12 1 1 10 12 1 10 12 1 10 12 1 11 12 1 11 12 1 11 12 1 10 12 1 1 9 12 1 10 12 1 10 12 1 9 100 12 1 1 1 9 100 12 1 1 1 9 12 1 7 1 10 12 1 10 12 1 1 10 12 1 8 1 10 7 12 1 1 1 9 12 1 8 1 7 1 11 12 1 1 8 1 8 1 9 12 1 8 1 8 1 9 12 1 10 18 12 1 10 12 1 1 100 1 100 1 1 1 1 1 1 1 5 0 1 1 1 1 1 1 1 1 1 1 1 1 1 1 1 100 1 100 1 1 1 1 1 1 1 1 1 1 1 1 1 1 1 1 1 1 1 1 1 1 1 1 1 1 1 1 1 1 1 1 1 1 1 1 1 1 1 1 1 1 1 1 1 1 1 1 1 1 1 1 1 1 1 1 1 1 1 1 1 1 1 1 1 1 1 1 1 1 1 1 1 1 1 1 1 1 1 1 1 1 1 1 1 1 1 1 1 100 1 1 1 1 1 1 1 1 1 1 1 1 1 1 1 1 1 1 1 1 1 1 1 1 1 1 1 1 1 1 1 1 1 1 1 1 1 1 1 1 1 1 1 1 1 1 1 1 1 1 1 1 1 1 1 1 1 1 1 1 1 1 1 1 1 1 1 1 1 1 1 1 1 1 1 1 1 1 1 1 1 1 1 1 1 1 1 1 1 1 1 1 1 1 1 1 1 1 1 100 1 1 1 1 1 1 1 1 1 1 1 1 1 1 1 1 1 1 1 1 1 1 1 1 1 1 1 1 1 1 1 1 15 10 7 12 1 1 1 16 15 10 16 1 1 100 1 100 1 1 1 100 1 8 1 1 12 10 1 1 1 8 1 1 8 1 1 8 1 1 8 1 1 8 1 1 8 1 1 8 1 1 8 1 1 8 1 1 8 1 1 8 1 1 8 1 1 8 1 1 8 1 1 8 1 1 8 1 1 1 8 1 1
staticfield org/apache/logging/log4j/spi/AbstractLogger FLOW_MARKER Lorg/apache/logging/log4j/Marker; org/apache/logging/log4j/MarkerManager$Log4jMarker
staticfield org/apache/logging/log4j/spi/AbstractLogger ENTRY_MARKER Lorg/apache/logging/log4j/Marker; org/apache/logging/log4j/MarkerManager$Log4jMarker
staticfield org/apache/logging/log4j/spi/AbstractLogger EXIT_MARKER Lorg/apache/logging/log4j/Marker; org/apache/logging/log4j/MarkerManager$Log4jMarker
staticfield org/apache/logging/log4j/spi/AbstractLogger EXCEPTION_MARKER Lorg/apache/logging/log4j/Marker; org/apache/logging/log4j/MarkerManager$Log4jMarker
staticfield org/apache/logging/log4j/spi/AbstractLogger THROWING_MARKER Lorg/apache/logging/log4j/Marker; org/apache/logging/log4j/MarkerManager$Log4jMarker
staticfield org/apache/logging/log4j/spi/AbstractLogger CATCHING_MARKER Lorg/apache/logging/log4j/Marker; org/apache/logging/log4j/MarkerManager$Log4jMarker
staticfield org/apache/logging/log4j/spi/AbstractLogger DEFAULT_MESSAGE_FACTORY_CLASS Ljava/lang/Class; java/lang/Class
staticfield org/apache/logging/log4j/spi/AbstractLogger DEFAULT_FLOW_MESSAGE_FACTORY_CLASS Ljava/lang/Class; java/lang/Class
staticfield org/apache/logging/log4j/spi/AbstractLogger FQCN Ljava/lang/String; "org.apache.logging.log4j.spi.AbstractLogger"staticfield org/apache/logging/log4j/spi/AbstractLogger recursionDepthHolder Ljava/lang/ThreadLocal; java/lang/ThreadLocal
staticfield org/apache/logging/log4j/spi/AbstractLogger logBuilder Ljava/lang/ThreadLocal; java/lang/ThreadLocal$SuppliedThreadLocal
ciInstanceKlass org/apache/logging/log4j/status/StatusLogger 1 1 492 7 1 10 7 12 1 1 1 9 7 12 1 1 1 10 7 12 1 1 1 7 1 9 12 1 1 10 7 12 1 1 1 7 1 9 7 12 1 1 1 10 12 1 1 10 12 1 8 1 10 12 1 7 1 8 1 7 1 10 7 12 1 1 7 1 10 12 1 9 12 1 1 11 7 12 1 1 1 9 12 1 1 11 12 1 9 12 1 7 1 10 9 12 1 1 8 1 9 12 1 8 1 9 12 1 7 1 10 9 12 1 1 10 7 12 1 1 1 8 1 10 12 1 1 8 1 10 12 1 1 8 1 11 100 12 1 1 11 7 12 1 1 1 11 12 1 11 12 1 10 12 1 1 10 100 12 1 1 1 11 12 1 1 11 100 12 1 1 1 11 12 1 1 100 1 11 12 10 12 1 11 100 12 1 1 11 100 1 8 1 100 1 10 12 1 1 100 1 10 12 1 10 12 1 1 10 12 1 10 12 1 1 10 12 1 1 11 12 1 1 11 12 1 1 11 10 12 1 1 10 12 1 1 10 12 1 10 12 1 100 1 10 9 12 1 1 11 11 11 12 11 12 1 18 12 1 1 11 12 1 1 10 12 1 1 10 100 12 1 1 10 12 1 1 11 12 1 10 12 1 1 10 100 12 1 1 1 9 12 1 1 10 12 1 10 100 12 1 1 1 10 12 1 1 10 100 12 1 1 10 12 1 8 1 10 12 1 1 8 1 10 9 12 1 1 9 12 1 9 12 1 1 1 1 5 0 1 1 8 1 1 8 1 1 3 1 8 1 1 8 1 1 8 1 1 8 1 1 1 1 1 1 1 1 1 1 1 1 1 1 1 1 1 1 1 1 1 1 100 1 1 1 1 1 1 1 1 1 1 1 1 1 1 1 1 1 1 1 1 1 1 1 1 1 1 1 1 1 1 1 1 1 1 1 1 1 1 1 1 1 1 1 1 1 1 1 1 1 100 1 1 1 1 1 1 1 1 1 1 1 1 1 1 1 1 1 1 1 1 1 1 1 1 1 1 1 1 1 1 1 1 1 1 1 1 1 1 15 10 100 12 1 1 1 16 1 15 10 12 16 1 1 1 100 1 1 100 1 100 1 1
staticfield org/apache/logging/log4j/status/StatusLogger DEFAULT_FALLBACK_LISTENER_LEVEL Lorg/apache/logging/log4j/Level; org/apache/logging/log4j/Level
ciInstanceKlass org/apache/logging/log4j/Marker 1 0 32 100 1 100 1 100 1 1 1 1 1 1 1 1 1 1 1 1 1 1 1 1 1 1 1 1 1 1 1 1 1 1
ciInstanceKlass org/apache/logging/log4j/Level 1 1 254 10 7 12 1 1 1 10 7 12 1 1 1 100 1 8 1 10 12 1 8 1 9 7 12 1 1 1 9 12 1 1 10 7 12 1 1 1 9 12 1 1 9 12 1 1 10 7 12 1 1 1 10 12 1 1 11 7 12 1 1 1 100 1 100 1 10 8 1 10 12 1 1 8 1 10 12 1 10 100 1 10 10 12 1 1 11 12 1 1 10 12 1 9 12 1 1 10 12 1 1 11 12 1 1 9 12 1 1 11 100 12 1 1 1 100 8 1 10 7 12 1 1 1 8 1 8 1 10 100 12 1 1 1 10 12 1 10 12 1 1 10 12 1 1 7 1 10 8 1 9 12 10 12 9 12 8 1 9 12 9 12 8 1 9 12 9 12 8 1 9 12 9 12 8 1 9 12 9 12 8 9 12 8 1 9 12 9 12 8 1 9 12 9 12 100 1 100 1 1 1 1 1 8 1 1 1 5 0 1 1 1 1 1 1 1 1 1 1 1 1 1 1 1 1 1 1 1 1 1 1 1 1 1 1 1 1 1 1 1 1 1 1 1 1 1 1 1 1 1 1 1 1 1
staticfield org/apache/logging/log4j/Level EMPTY_ARRAY [Lorg/apache/logging/log4j/Level; 0 [Lorg/apache/logging/log4j/Level;
staticfield org/apache/logging/log4j/Level LEVELS Ljava/util/concurrent/ConcurrentMap; java/util/concurrent/ConcurrentHashMap
staticfield org/apache/logging/log4j/Level OFF Lorg/apache/logging/log4j/Level; org/apache/logging/log4j/Level
staticfield org/apache/logging/log4j/Level FATAL Lorg/apache/logging/log4j/Level; org/apache/logging/log4j/Level
staticfield org/apache/logging/log4j/Level ERROR Lorg/apache/logging/log4j/Level; org/apache/logging/log4j/Level
staticfield org/apache/logging/log4j/Level WARN Lorg/apache/logging/log4j/Level; org/apache/logging/log4j/Level
staticfield org/apache/logging/log4j/Level INFO Lorg/apache/logging/log4j/Level; org/apache/logging/log4j/Level
staticfield org/apache/logging/log4j/Level DEBUG Lorg/apache/logging/log4j/Level; org/apache/logging/log4j/Level
staticfield org/apache/logging/log4j/Level TRACE Lorg/apache/logging/log4j/Level; org/apache/logging/log4j/Level
staticfield org/apache/logging/log4j/Level ALL Lorg/apache/logging/log4j/Level; org/apache/logging/log4j/Level
ciInstanceKlass org/apache/logging/log4j/core/config/Configuration 1 1 168 11 100 12 1 1 1 100 1 10 12 1 1 10 12 1 100 1 100 1 1 1 1 8 1 1 1 1 1 1 1 1 1 1 1 1 1 1 1 1 1 1 1 1 1 1 1 1 1 1 1 1 1 1 1 1 1 1 1 1 1 1 1 1 1 1 1 1 1 1 1 1 1 1 1 1 1 100 1 1 1 1 1 1 1 1 1 1 1 1 1 1 1 1 1 1 1 1 1 1 1 1 1 1 1 1 1 1 1 1 1 1 1 1 1 1 1 1 1 1 1 1 1 1 100 1 8 1 1 12 10 1 1 1 8 1 1 1 8 1 1 8 1 1 1 8 1 1 1 8 1 1 1 8 1 1 8 1 1 8 1 1 1 8 1 1 8 1
instanceKlass org/apache/logging/log4j/core/util/WatchManager
instanceKlass org/apache/logging/log4j/core/config/ConfigurationScheduler
instanceKlass org/apache/logging/log4j/core/appender/routing/IdlePurgePolicy
instanceKlass org/apache/logging/log4j/core/filter/CompositeFilter
instanceKlass org/apache/logging/log4j/core/appender/rolling/AbstractTriggeringPolicy
instanceKlass org/apache/logging/log4j/core/appender/db/jdbc/AbstractConnectionSource
instanceKlass org/apache/logging/log4j/core/filter/AbstractFilter
instanceKlass org/apache/logging/log4j/core/filter/AbstractFilterable
instanceKlass org/apache/logging/log4j/core/LoggerContext
ciInstanceKlass org/apache/logging/log4j/core/AbstractLifeCycle 1 1 139 10 7 12 1 1 1 9 7 12 1 1 1 9 7 12 1 1 9 12 1 1 10 12 1 1 100 1 11 12 1 1 10 12 1 1 9 12 1 9 12 1 9 12 1 9 12 1 10 12 1 1 10 12 1 9 12 1 1 10 12 1 1 11 100 12 1 1 1 11 12 1 11 12 1 1 9 7 12 1 1 10 7 12 1 1 1 100 1 1 1 1 3 1 1 1 1 1 1 1 1 1 1 1 1 1 1 1 1 1 1 1 1 1 1 1 1 1 1 1 1 1 1 1 1 1 1 1 1 1 1 1 1 1 1 1 1 1 1
staticfield org/apache/logging/log4j/core/AbstractLifeCycle DEFAULT_STOP_TIMEUNIT Ljava/util/concurrent/TimeUnit; java/util/concurrent/TimeUnit
staticfield org/apache/logging/log4j/core/AbstractLifeCycle LOGGER Lorg/apache/logging/log4j/Logger; org/apache/logging/log4j/status/StatusLogger
instanceKlass org/apache/logging/log4j/core/config/AppenderControl
instanceKlass org/apache/logging/log4j/core/config/LoggerConfig
instanceKlass org/apache/logging/log4j/core/appender/AbstractAppender
instanceKlass org/apache/logging/log4j/core/config/AbstractConfiguration
ciInstanceKlass org/apache/logging/log4j/core/filter/AbstractFilterable 1 1 142 9 7 12 1 1 1 10 7 12 1 1 1 10 7 12 1 1 9 12 1 1 9 12 1 100 1 10 12 1 1 7 1 10 12 1 1 11 12 1 9 7 12 1 1 1 10 100 12 1 1 1 10 12 1 10 12 1 1 10 12 1 1 11 100 12 1 1 1 10 12 1 11 12 1 10 12 1 10 12 1 1 10 12 1 7 1 11 12 1 11 12 10 12 1 100 1 1 1 1 1 1 1 1 1 1 1 1 1 100 1 1 1 1 1 1 1 1 1 1 1 1 1 1 1 1 1 1 1 1 1 1 1 1 1 1 1 1 1 100 1 1
instanceKlass org/apache/logging/log4j/core/config/builder/impl/BuiltConfiguration
instanceKlass org/apache/logging/log4j/core/config/DefaultConfiguration
instanceKlass org/apache/logging/log4j/core/config/NullConfiguration
ciInstanceKlass org/apache/logging/log4j/core/config/AbstractConfiguration 1 1 1377 10 7 12 1 1 1 7 1 10 9 7 12 1 1 1 7 1 10 9 12 1 9 12 1 1 7 1 10 9 12 1 1 7 1 10 9 12 1 1 9 12 1 10 7 12 1 1 1 9 12 1 10 12 1 1 9 12 1 1 9 12 1 7 1 10 12 1 9 12 1 1 7 1 10 12 1 9 12 1 1 7 1 10 12 1 9 12 1 7 1 10 9 12 1 1 9 12 1 7 1 10 9 12 1 1 7 1 10 12 1 9 12 1 1 7 1 10 9 12 1 1 7 1 10 12 1 9 12 1 1 10 12 1 1 8 1 10 7 12 1 1 1 7 1 9 12 1 1 100 1 8 1 11 7 12 1 1 1 7 1 7 1 8 1 10 12 1 9 12 1 1 10 9 12 1 1 9 7 12 1 1 1 10 12 1 1 9 12 1 1 9 12 1 1 100 1 9 12 1 1 10 12 1 9 12 1 1 7 1 10 10 7 12 1 1 1 10 12 1 1 8 1 10 12 1 11 7 12 1 1 1 10 7 12 1 1 1 10 7 12 1 1 1 100 1 8 1 10 12 1 1 100 1 10 12 1 100 1 100 1 8 1 11 12 1 1 11 7 12 1 1 1 8 1 11 12 1 10 12 1 1 7 1 8 1 10 12 1 1 11 7 12 1 1 1 11 7 12 1 1 1 11 7 12 1 1 11 12 1 1 7 1 10 12 1 1 10 7 12 1 1 10 12 1 1 10 100 12 1 1 1 8 1 10 7 12 1 1 10 12 1 11 12 1 1 10 12 1 10 12 1 10 12 1 10 12 1 9 12 1 8 1 10 12 1 1 10 12 1 1 10 12 1 1 100 1 10 12 1 10 100 12 1 1 1 100 1 10 12 1 10 12 1 1 10 12 1 1 10 12 1 10 12 1 1 10 12 1 10 12 1 10 100 12 1 1 1 10 12 1 1 8 1 11 12 10 12 1 1 10 12 1 8 1 10 12 1 10 12 1 8 1 10 12 1 11 12 1 10 12 1 1 10 7 12 1 1 1 11 12 1 10 12 1 10 12 1 10 7 1 10 11 10 11 7 12 1 1 1 7 1 11 11 12 1 10 8 1 7 1 18 12 1 1 11 12 1 1 7 1 8 1 10 12 1 10 12 1 1 10 12 1 1 11 7 12 1 1 8 1 11 12 1 11 12 1 11 8 1 10 12 1 8 1 11 12 10 12 1 8 1 10 8 1 11 12 1 9 12 1 1 11 12 1 1 7 10 12 1 1 8 1 11 11 7 1 11 11 12 8 1 11 12 1 8 1 8 1 10 12 1 10 10 10 9 12 1 1 11 100 12 1 1 10 12 1 8 1 7 1 11 9 12 1 1 100 1 8 1 8 1 9 12 1 1 10 12 1 10 12 1 10 12 1 1 10 12 1 10 12 1 8 1 7 1 10 12 1 11 8 1 8 8 1 10 12 1 8 1 9 12 1 10 10 12 1 1 10 12 1 1 10 100 12 1 1 1 11 12 1 1 100 1 8 1 11 12 1 1 11 12 1 10 12 1 10 12 1 1 8 1 11 12 7 1 10 12 1 1 10 12 1 10 12 1 1 8 1 11 12 100 1 8 1 10 12 1 10 12 1 100 1 10 12 1 10 12 1 1 11 12 1 1 10 12 1 1 11 12 1 10 12 1 8 1 11 12 8 1 11 12 1 10 12 1 10 12 1 8 1 8 1 10 12 1 1 10 12 1 10 8 1 10 12 1 1 10 12 1 1 100 1 10 12 1 10 12 1 1 7 1 10 10 12 1 10 10 12 7 1 8 1 100 1 10 12 100 1 8 1 10 100 1 10 12 1 1 8 1 7 1 10 12 1 10 12 1 1 7 1 10 12 1 1 10 12 1 1 100 1 10 12 1 100 1 10 12 1 100 1 10 12 1 1 100 1 10 12 1 8 1 8 1 8 1 8 1 8 1 8 1 10 100 12 1 1 1 8 1 8 1 10 12 1 8 1 11 12 1 11 7 1 11 12 1 10 12 1 7 1 10 12 1 10 12 1 1 10 12 1 1 10 12 1 1 8 1 11 12 10 12 1 100 1 8 1 10 12 10 10 7 12 1 1 8 1 10 12 1 10 12 1 1 10 12 1 9 7 12 1 1 1 10 7 12 1 1 1 10 12 1 10 12 1 10 12 1 10 12 1 1 9 12 1 11 12 1 11 10 7 12 1 1 10 100 1 10 12 1 1 10 10 10 12 1 10 12 1 10 12 1 10 12 1 1 10 12 1 10 10 12 1 1 10 12 1 11 12 10 12 1 1 10 7 12 1 1 10 12 1 1 10 12 1 10 12 1 1 8 1 8 1 10 12 1 1 8 1 11 12 10 12 1 1 8 1 7 1 10 12 1 10 12 1 1 10 12 1 1 10 12 1 1 10 12 1 100 1 10 10 12 11 11 12 1 10 10 12 1 1 10 12 1 1 100 1 10 10 100 12 1 1 1 10 12 1 1 10 12 1 1 8 100 1 10 100 12 1 1 10 1 1 1 3 1 1 1 1 1 1 1 1 1 1 1 1 1 1 1 1 1 1 1 1 1 1 1 1 1 1 1 1 1 1 1 1 1 1 1 1 1 1 1 1 1 1 1 1 1 1 1 1 1 1 1 1 100 1 1 1 1 1 1 1 1 1 1 1 1 1 1 1 1 100 1 1 1 1 1 1 1 1 1 1 1 1 1 1 1 1 1 1 1 1 1 1 1 1 1 1 1 1 1 1 1 1 1 1 1 1 1 1 1 1 1 1 1 1 1 1 1 1 1 1 1 1 1 1 1 1 1 1 1 1 1 1 1 1 1 1 1 1 1 1 1 1 1 1 1 1 1 1 1 1 1 1 1 1 1 1 1 1 1 1 1 1 1 1 1 1 1 1 1 1 1 1 1 1 1 1 1 1 1 1 1 1 1 1 1 1 1 1 1 1 1 1 1 1 1 1 100 1 1 1 1 1 1 1 1 1 1 1 1 1 1 1 1 1 100 1 100 1 1 1 1 1 1 1 1 1 1 1 1 1 15 10 100 12 1 1 1 16 15 10 12 16 1 100 1 1 1 100 1 100 1 1
ciInstanceKlass org/apache/logging/log4j/core/Logger 1 1 384 9 7 12 1 1 1 10 7 12 1 1 1 10 7 12 1 1 8 1 10 7 12 1 1 1 9 12 1 7 1 10 12 1 1 10 12 1 9 12 1 1 100 1 10 12 1 1 10 12 1 1 10 12 1 9 12 1 1 10 7 1 10 7 12 1 1 1 10 12 1 1 10 12 1 1 10 12 1 1 10 12 1 10 12 1 1 10 12 1 10 12 1 1 10 12 1 10 12 1 1 100 1 100 1 8 1 10 12 1 10 12 1 1 11 100 12 1 1 1 7 1 11 12 1 10 12 1 1 10 12 1 10 12 1 10 12 1 10 12 1 10 12 1 10 12 1 10 12 1 10 12 1 10 12 1 10 12 1 10 12 1 10 12 1 10 12 1 10 12 1 10 12 1 9 12 1 1 11 100 12 1 1 1 11 100 1 10 12 1 10 12 1 1 10 12 1 1 10 100 12 1 1 1 100 1 10 12 1 100 1 10 12 1 11 100 12 1 1 11 10 12 1 1 11 12 1 1 10 12 1 1 11 12 1 1 10 12 1 10 12 1 1 10 12 1 100 1 10 10 12 1 1 10 12 1 10 12 1 10 12 1 10 8 1 10 100 12 1 1 1 10 12 1 10 12 1 100 1 1 1 1 5 0 1 1 1 1 1 1 1 1 1 1 1 1 1 1 100 1 1 1 1 100 1 1 1 1 1 1 1 1 1 100 1 1 1 1 1 1 1 1 1 1 1 1 1 1 100 1 1 1 1 1 1 1 1 1 1 1 1 1 1 1 1 1 1 1 1 1 1 1 1 1 1 1 1 1 1 1 1 100 1 1 1 1 1 1 1 1 1 1 1 1 1 1 1 1 1 1 1 1 1 1
ciInstanceKlass org/apache/logging/slf4j/Log4jLogger 1 1 243 10 7 12 1 1 1 9 7 12 1 1 1 9 12 1 1 9 12 1 1 9 12 1 9 7 12 1 1 1 11 7 12 1 1 1 11 12 1 11 12 1 11 12 1 11 12 1 11 12 1 1 10 100 12 1 1 1 9 12 1 9 12 1 9 12 1 9 12 1 10 12 1 1 11 12 1 100 1 10 12 1 100 1 10 12 1 11 100 12 1 1 1 11 12 1 1 10 100 12 1 1 10 100 12 1 1 1 11 100 12 1 1 1 10 100 12 1 1 1 100 1 10 12 1 1 10 100 12 1 1 10 100 12 1 1 1 100 1 10 12 1 11 12 1 10 7 12 1 1 1 100 1 100 1 1 1 1 5 0 1 1 1 1 1 1 1 1 1 1 1 1 1 1 1 1 1 1 1 1 1 1 1 1 1 1 1 1 1 1 1 1 1 1 1 1 1 1 1 1 1 1 1 1 1 1 1 1 1 1 1 1 1 1 1 1 1 100 1 100 1 1 1 1 1 1 100 1 100 1 1 1 1 1 1 1 1 1 1 1 1 1 1
staticfield org/apache/logging/slf4j/Log4jLogger FQCN Ljava/lang/String; "org.apache.logging.slf4j.Log4jLogger"ciInstanceKlass org/apache/logging/log4j/core/Logger$PrivateConfig 1 1 219 9 7 12 1 1 1 9 12 1 1 9 12 1 1 10 7 12 1 1 1 9 12 1 1 10 7 12 1 1 1 11 7 12 1 1 1 9 12 1 1 10 7 12 1 1 1 10 7 12 1 1 1 9 12 1 9 12 1 10 12 1 10 12 1 1 11 12 1 1 11 100 12 1 1 1 9 100 12 1 1 1 9 12 1 11 12 1 11 12 1 11 12 1 11 12 1 11 12 1 11 12 1 11 12 1 11 12 1 11 12 1 11 12 1 11 12 1 11 12 1 11 12 1 100 1 10 8 1 10 12 1 1 10 12 1 8 1 8 1 8 1 10 12 1 8 1 8 1 10 12 1 1 1 1 1 1 1 1 1 1 1 1 1 1 1 1 1 1 1 1 1 1 1 1 1 1 1 1 1 1 1 1 1 1 1 1 1 1 1 1 1 1 1 1 1 1 1 1 1 1 1 1 1 1 1 1 1 1 1 1 1 1 1 1 1 1 1 1
instanceKlass org/apache/logging/log4j/core/config/properties/PropertiesConfiguration
ciInstanceKlass org/apache/logging/log4j/core/config/builder/impl/BuiltConfiguration 1 1 306 10 7 12 1 1 1 8 1 9 7 12 1 1 1 7 1 10 12 1 10 12 1 1 10 12 1 1 9 12 1 1 10 7 12 1 1 1 11 7 12 1 1 1 11 7 12 1 1 1 11 12 1 1 10 12 1 1 10 7 12 1 1 1 8 1 10 12 1 1 8 1 8 1 8 1 8 1 8 1 8 1 8 1 9 12 1 1 9 12 1 9 12 1 9 12 1 9 12 1 9 12 1 9 12 1 9 12 1 9 12 1 9 12 1 1 10 7 12 1 1 11 12 1 10 12 1 1 11 12 1 11 12 1 1 10 100 12 1 1 1 10 12 1 1 100 1 9 12 1 1 100 1 10 8 1 10 12 1 1 10 12 1 10 11 100 12 1 1 1 10 12 1 1 9 12 1 1 9 100 12 1 1 10 12 1 1 10 100 12 1 1 1 11 12 1 1 8 1 10 12 1 1 9 12 1 1 9 12 1 1 7 1 10 12 1 1 10 12 1 1 9 12 1 1 10 7 12 1 1 10 12 1 10 12 1 1 10 11 7 12 1 1 1 10 12 1 10 12 1 1 1 1 1 1 1 1 1 1 1 1 1 100 1 1 1 1 1 1 1 1 1 1 1 1 1 1 1 1 1 100 1 1 1 1 1 1 1 1 1 1 1 1 1 1 1 1 1 1 1 1 1 100 1 1 1
ciInstanceKlass org/apache/logging/log4j/core/config/properties/PropertiesConfiguration 1 1 85 10 7 12 1 1 1 10 100 12 1 1 1 10 100 12 1 1 100 1 10 12 1 10 12 1 1 10 12 1 1 10 12 1 1 9 100 12 1 1 1 100 1 9 12 1 1 8 1 11 100 12 1 1 1 100 1 1 1 1 1 1 1 1 1 1 1 1 1 1 1 1 1 1 1 1 1 100 1 1 1 1 100 1 1
ciInstanceKlass org/apache/logging/log4j/core/Filter$Result 1 1 71 7 1 9 12 1 1 9 12 1 9 12 1 9 12 1 1 10 100 12 1 1 10 7 12 1 1 1 10 12 1 1 10 12 1 1 10 100 12 1 1 8 10 8 8 10 12 1 1 1 1 1 1 1 1 1 1 1 1 1 1 1 1 1 1 1 1 1 100 1 1
staticfield org/apache/logging/log4j/core/Filter$Result ACCEPT Lorg/apache/logging/log4j/core/Filter$Result; org/apache/logging/log4j/core/Filter$Result
staticfield org/apache/logging/log4j/core/Filter$Result NEUTRAL Lorg/apache/logging/log4j/core/Filter$Result; org/apache/logging/log4j/core/Filter$Result
staticfield org/apache/logging/log4j/core/Filter$Result DENY Lorg/apache/logging/log4j/core/Filter$Result; org/apache/logging/log4j/core/Filter$Result
staticfield org/apache/logging/log4j/core/Filter$Result $VALUES [Lorg/apache/logging/log4j/core/Filter$Result; 3 [Lorg/apache/logging/log4j/core/Filter$Result;
ciInstanceKlass org/apache/logging/log4j/message/ParameterizedMessage 1 1 349 7 1 10 100 12 1 1 1 18 12 1 1 11 100 12 1 1 1 10 7 12 1 1 1 10 7 12 1 1 9 12 1 1 9 12 1 1 10 12 1 1 9 12 1 1 10 12 1 1 9 12 1 1 9 7 12 1 1 1 100 1 10 12 1 9 12 1 9 12 1 1 10 100 12 1 1 1 100 1 10 12 1 1 7 1 9 7 12 1 1 10 12 1 10 12 1 1 10 12 1 1 10 12 1 1 10 12 1 1 10 100 12 1 1 1 10 12 1 10 12 1 1 10 12 1 1 10 12 1 1 10 100 12 1 1 1 10 12 1 10 100 12 1 1 1 10 12 1 10 12 1 1 10 12 1 10 8 1 8 1 10 12 1 8 1 10 12 1 10 12 1 10 100 12 1 1 10 12 1 100 1 10 12 1 10 100 12 1 1 1 10 12 1 1 10 100 12 1 1 10 12 1 10 12 1 1 10 12 1 9 12 1 1 18 12 1 10 12 1 1 100 1 100 1 1 1 8 1 1 8 1 1 8 1 1 8 1 1 8 1 1 8 1 1 1 5 0 1 1 1 1 1 1 1 1 1 1 1 1 1 1 1 1 1 1 1 1 100 1 1 1 1 1 1 1 1 1 1 1 1 1 1 1 1 1 1 1 1 1 1 1 1 1 1 1 1 1 1 1 1 1 1 1 100 1 1 1 1 1 100 1 1 1 1 1 1 1 1 1 1 15 10 100 12 1 1 1 16 1 15 10 12 16 16 15 10 12 16 1 1 1 100 1 100 1 100 1 1
staticfield org/apache/logging/log4j/message/ParameterizedMessage FORMAT_BUFFER_HOLDER_REF Ljava/lang/ThreadLocal; null
ciInstanceKlass jdk/internal/access/foreign/MemorySegmentProxy 0 0 98 10 100 12 1 1 1 10 100 12 1 1 1 100 1 5 0 5 0 10 12 1 1 10 100 12 1 1 1 100 1 10 12 1 100 1 5 0 5 0 10 12 1 10 12 100 1 8 1 10 12 1 1 10 100 12 1 1 1 10 12 1 1 1 1 1 1 1 1 1 1 1 1 1 1 1 1 1 1 1 1 1 1 1 1 1 1 1 1 1 1 1 1 100 1 100 1 1
ciInstanceKlass java/nio/HeapByteBufferR 1 1 219 10 7 12 1 1 1 9 7 12 1 1 1 10 12 1 10 12 1 10 12 1 1 10 12 1 9 12 1 1 9 12 1 1 9 12 1 1 10 10 100 12 1 1 1 10 12 1 10 12 1 10 12 1 1 100 1 10 12 1 9 12 1 1 9 12 1 100 1 10 12 1 100 1 10 100 1 10 100 1 10 100 1 10 100 1 10 100 1 10 100 1 10 100 1 10 100 1 10 100 1 10 100 1 10 10 12 1 1 10 12 9 12 1 1 7 10 7 12 1 1 1 9 12 1 10 12 1 9 12 1 1 1 1 1 1 1 1 1 1 1 1 1 1 1 1 1 1 1 1 1 1 1 1 1 1 1 1 1 1 1 1 1 1 1 1 1 1 1 1 1 1 1 1 1 100 1 1 1 1 1 1 1 100 1 1 1 1 1 100 1 1 1 1 1 1 100 1 1 1 1 1 1 1 100 1 1 1 1 1 1 1 100 1 1 1 1 1 1
staticfield java/nio/HeapByteBufferR ARRAY_BASE_OFFSET J 16
staticfield java/nio/HeapByteBufferR ARRAY_INDEX_SCALE J 1
instanceKlass org/apache/spark/sql/catalyst/analysis/StringTypeWithContext
instanceKlass org/apache/spark/sql/types/UserDefinedType
instanceKlass org/apache/spark/sql/types/CalendarIntervalType
instanceKlass org/apache/spark/sql/types/ObjectType
instanceKlass org/apache/spark/sql/types/MapType
instanceKlass org/apache/spark/sql/types/NullType
instanceKlass org/apache/spark/sql/types/ArrayType
instanceKlass org/apache/spark/sql/types/AtomicType
instanceKlass org/apache/spark/sql/types/StructType
ciInstanceKlass org/apache/spark/sql/types/DataType 1 1 247 1 7 1 7 1 1 1 1 1 1 1 1 1 1 1 100 1 100 1 1 100 1 1 100 1 1 1 1 1 1 7 1 1 12 9 12 10 1 1 1 1 12 10 1 1 1 1 12 10 1 1 1 12 10 1 1 1 12 10 1 1 1 1 12 10 1 1 1 1 1 1 1 12 10 1 1 1 12 10 1 1 12 10 1 1 1 1 7 1 12 9 1 7 1 12 9 1 1 12 10 1 7 1 12 10 1 1 12 10 1 8 1 1 12 10 1 8 1 8 1 7 1 1 12 9 1 7 1 1 12 10 1 1 1 1 7 1 12 9 12 10 1 1 12 10 1 7 1 12 9 12 10 1 12 10 1 1 12 10 1 1 12 10 1 1 12 10 1 1 12 10 1 1 12 10 1 1 1 1 1 12 10 1 1 1 1 7 1 12 9 1 1 12 10 1 7 1 12 11 1 1 1 1 1 1 1 7 1 1 12 11 1 7 1 1 12 10 1 1 1 1 7 1 12 11 11 1 1 1 12 10 1 1 12 10 1 1 1 1 1 1 1 1 1 1 1
ciInstanceKlass org/apache/spark/sql/types/StructType 1 1 2505 1 7 1 1 7 1 7 1 7 1 100 1 1 1 1 1 1 100 1 100 1 1 7 1 100 1 1 100 1 100 1 1 100 1 100 1 1 100 1 1 100 1 100 1 1 100 1 1 100 1 100 1 1 100 1 100 1 1 1 1 1 1 1 1 1 1 1 1 1 1 1 1 1 1 1 1 1 1 1 1 1 1 1 1 1 1 100 1 1 12 9 12 10 1 1 1 1 1 12 10 1 1 1 1 1 1 12 11 1 1 1 1 1 1 12 11 1 1 1 1 1 12 11 1 1 1 1 7 1 1 12 11 1 1 1 1 1 12 11 1 1 1 1 7 1 1 12 11 1 1 1 1 1 1 12 11 1 1 12 11 1 1 1 1 1 7 1 1 12 11 1 1 1 1 1 12 11 1 1 12 11 1 1 12 11 1 1 12 11 1 1 1 1 12 11 1 1 12 11 1 1 12 11 1 1 12 11 1 12 11 1 1 1 1 12 11 1 1 1 1 1 12 11 1 1 1 1 12 11 1 1 1 1 1 12 11 1 1 1 12 11 1 1 1 1 12 11 1 1 1 1 1 1 12 11 1 1 1 12 11 1 1 1 1 1 12 11 1 1 1 1 1 12 11 1 1 1 1 1 12 11 1 1 1 1 1 1 12 11 1 1 1 1 12 11 1 1 12 11 1 1 12 11 12 11 1 1 1 1 1 12 11 1 1 1 12 11 1 1 1 12 11 1 1 12 11 1 1 12 11 12 11 1 1 1 1 1 12 11 1 1 1 12 11 1 1 12 11 12 11 1 1 1 1 1 12 11 1 1 1 1 1 12 11 1 1 1 1 12 11 1 1 12 11 1 1 1 12 11 1 1 1 1 1 1 12 11 1 1 1 1 1 12 11 1 1 1 1 1 1 12 11 1 1 1 1 12 11 1 1 1 1 12 11 1 1 12 11 1 1 12 11 1 1 12 11 12 11 1 1 1 1 12 11 1 1 1 1 12 11 1 1 1 1 1 12 11 1 1 1 1 1 12 11 1 1 12 11 1 1 12 11 1 1 1 1 1 1 12 11 1 1 1 12 11 1 1 1 1 1 1 12 11 1 1 1 1 1 12 11 1 1 1 1 12 11 1 1 1 1 7 1 1 12 11 1 1 1 1 1 12 11 1 1 1 1 12 11 1 1 1 1 1 1 1 12 11 1 12 11 1 1 1 12 11 1 1 1 1 1 12 11 1 1 1 1 1 1 12 11 1 1 1 1 1 1 12 11 1 1 1 1 7 1 1 12 11 1 1 1 1 1 12 11 1 1 1 1 12 11 1 1 1 1 12 11 1 1 1 1 12 11 1 1 1 1 12 11 1 1 1 1 12 11 1 1 1 1 1 12 11 1 1 1 1 12 11 1 1 1 1 12 11 1 1 1 1 12 11 1 1 1 1 12 11 1 1 1 12 11 1 1 1 1 12 11 1 1 1 1 12 11 1 1 12 11 1 1 1 1 12 11 1 1 1 1 12 11 1 1 1 1 12 11 1 1 1 1 1 12 11 1 1 1 1 12 11 1 1 1 1 12 11 1 1 1 1 12 11 1 1 1 1 12 11 1 1 1 12 11 1 1 1 1 7 1 1 12 11 1 1 12 11 1 1 12 11 1 1 1 12 11 1 1 12 11 1 1 1 1 1 12 11 1 1 1 7 1 1 12 11 1 1 1 1 1 12 11 1 1 1 12 11 1 1 1 12 11 1 1 1 12 11 1 1 1 12 11 1 1 1 1 1 12 11 1 1 12 11 1 1 1 1 1 12 11 1 1 12 11 1 1 12 11 1 1 1 12 11 1 1 1 1 12 11 1 1 1 1 12 11 1 1 1 12 11 1 1 12 11 1 1 1 1 1 12 11 1 1 1 1 1 12 11 1 1 1 1 1 12 11 1 1 1 1 12 11 1 1 12 11 1 1 12 11 1 1 12 11 1 1 12 11 1 1 12 11 1 1 12 11 1 1 1 12 11 1 1 12 11 1 1 1 1 12 11 1 1 12 11 1 1 12 11 1 1 1 1 12 11 1 1 1 1 1 12 11 1 1 1 1 1 1 12 11 1 1 1 1 1 1 12 11 1 1 1 1 1 1 12 11 1 1 12 11 1 1 12 11 1 1 12 11 1 1 12 11 1 1 12 11 1 1 1 1 1 12 11 1 1 1 12 11 1 1 12 11 1 1 12 11 1 1 12 11 1 1 1 1 1 1 12 11 1 1 1 1 12 11 1 1 1 1 1 1 12 11 1 1 1 12 11 1 1 12 11 1 1 12 11 1 1 7 1 1 12 11 1 1 1 1 1 12 11 1 1 1 1 1 12 11 1 1 12 11 1 1 1 12 11 1 1 1 12 11 1 1 1 1 12 11 1 1 1 12 11 1 1 12 11 1 1 12 11 1 1 1 12 11 1 1 1 12 11 1 1 1 1 1 12 11 1 1 1 12 11 1 1 1 12 11 1 1 1 12 11 1 1 1 12 11 1 1 12 11 1 1 1 1 1 1 12 11 1 1 1 1 1 12 11 1 1 1 12 11 1 1 1 12 11 1 1 1 1 1 1 12 11 1 1 1 12 11 1 1 1 12 11 1 1 1 1 1 12 11 1 1 12 11 1 1 12 11 1 1 1 12 11 1 1 1 1 1 12 11 1 1 12 11 1 1 12 11 1 1 1 1 1 12 11 1 1 1 1 1 1 1 12 11 1 1 1 1 12 11 1 1 1 1 1 12 11 1 1 12 11 1 12 11 1 1 1 1 1 12 11 1 1 1 12 11 1 1 12 11 1 1 1 1 1 12 11 1 1 1 1 12 11 1 1 1 1 1 12 11 1 1 1 1 1 12 11 1 1 1 1 1 1 12 11 1 1 1 1 1 1 12 11 1 1 1 1 1 12 11 1 1 1 1 1 12 11 1 1 1 1 1 12 11 1 1 1 1 1 1 12 11 1 1 1 1 12 11 1 1 1 1 1 7 1 1 12 11 1 1 1 1 12 11 1 12 9 1 1 1 7 1 12 9 1 7 1 12 9 12 10 1 7 1 1 12 10 16 1 1 12 10 15 16 3 3 1 7 1 1 12 10 15 1 12 18 1 7 1 12 9 1 7 1 12 10 1 1 12 10 1 7 1 12 10 1 1 12 9 1 1 12 10 12 10 12 9 1 100 12 10 1 1 1 1 1 12 10 15 16 18 1 100 1 100 1 12 9 1 1 12 10 12 10 12 9 12 10 1 1 1 100 1 12 9 1 1 12 10 12 9 12 10 1 1 1 1 100 1 12 9 12 10 1 100 11 1 12 10 12 9 12 10 1 1 1 1 12 10 15 18 12 9 12 10 1 1 12 10 12 9 12 10 1 1 7 1 12 10 1 1 100 1 1 1 12 10 1 100 1 12 10 1 12 10 15 18 1 8 1 8 1 8 12 10 1 8 1 7 1 1 12 10 15 1 12 18 1 1 1 12 10 12 9 12 10 12 10 1 1 1 1 7 1 1 12 10 7 1 1 12 10 1 1 1 1 1 100 1 12 9 1 12 10 1 12 10 1 1 1 1 1 1 1 1 1 1 100 1 12 9 1 12 10 1 1 12 10 1 1 100 1 12 9 1 1 12 10 12 10 1 1 1 12 10 12 10 16 1 1 12 10 15 1 16 1 12 18 1 1 12 11 1 1 12 10 1 100 1 1 12 11 12 11 1 100 1 8 1 100 1 12 9 1 100 1 12 9 1 12 9 1 8 1 12 10 1 12 10 15 16 18 12 11 1 8 12 11 1 1 12 10 8 1 12 10 15 18 10 1 12 10 1 12 10 1 100 1 12 10 1 1 12 10 15 1 16 1 12 18 1 12 10 1 1 1 12 10 15 18 1 7 1 12 10 1 1 1 1 12 11 1 12 10 1 100 12 10 1 1 1 1 1 1 100 1 12 9 1 1 12 10 1 1 1 1 1 1 1 16 1 1 12 10 15 16 12 18 1 1 1 100 1 100 1 12 9 1 12 10 1 12 10 1 12 10 12 10 1 12 10 1 12 10 1 12 10 1 12 10 1 12 10 1 12 10 1 12 10 1 3 1 12 10 1 1 7 1 7 1 12 9 1 12 10 12 10 1 8 1 1 12 10 1 8 1 1 12 10 15 1 12 18 1 1 12 10 12 10 1 1 1 1 1 12 10 1 1 12 10 1 1 1 12 10 15 18 1 1 1 7 1 12 9 1 7 1 12 9 1 8 1 12 10 1 1 12 10 15 16 18 1 1 12 10 8 1 1 12 10 15 16 18 10 1 12 10 15 18 1 1 12 10 15 16 18 1 1 12 10 1 1 1 1 1 12 10 1 1 12 10 15 18 1 1 12 10 1 100 1 1 12 10 1 12 9 12 10 1 1 100 1 12 9 1 100 1 12 9 1 1 12 10 1 1 12 10 12 10 1 100 1 12 10 15 18 1 12 10 1 100 1 12 9 1 8 1 8 1 100 1 12 9 1 12 10 1 100 1 12 11 1 1 12 10 1 1 12 10 1 1 1 12 10 1 12 10 12 10 1 8 18 1 1 1 12 10 15 18 1 8 12 18 1 1 12 10 15 18 1 1 100 12 10 1 1 12 10 1 1 12 10 15 1 12 18 1 12 10 1 8 1 8 12 18 1 7 1 1 12 9 10 1 1 1 1 1 12 10 1 1 1 1 1 12 10 15 16 18 1 1 12 10 1 1 12 11 1 12 10 1 1 12 10 15 12 18 1 1 12 10 1 1 1 12 11 11 1 1 12 10 15 12 18 1 1 1 1 1 8 1 1 1 1 100 1 12 10 1 1 1 12 10 1 12 10 12 10 12 10 12 10 12 10 1 12 10 12 10 12 10 1 12 10 1 10 1 1 1 100 1 12 9 1 12 10 1 1 1 8 1 8 12 10 15 18 1 1 1 12 11 1 1 12 10 15 18 1 1 1 1 1 100 12 11 1 1 1 1 1 1 11 1 1 12 10 12 11 1 1 12 10 15 1 12 18 1 1 12 10 1 12 10 1 100 1 12 9 1 12 10 12 11 1 1 12 10 1 1 1 12 11 1 100 12 10 12 11 1 12 10 1 12 10 1 1 12 10 1 12 10 1 1 12 10 1 100 1 1 12 10 1 12 9 12 10 1 12 10 1 12 10 1 12 10 1 1 12 10 1 1 12 10 8 12 10 1 100 1 12 10 1 8 1 12 10 1 12 10 1 8 1 100 1 12 10 1 12 10 1 1 1 1 1 1 1 1 1 1 1 1 1 12 10 1 1 1 1 1 12 10 1 12 10 1 12 10 1 1 12 10 1 1 1 12 10 12 10 1 12 10 1 12 10 1 12 10 1 8 18 1 12 10 12 10 1 100 10 1 1 1 12 10 1 12 10 12 10 1 12 10 1 12 10 1 12 10 10 1 1 12 11 1 12 11 1 12 11 1 12 11 1 12 11 1 7 1 12 11 12 11 1 12 11 12 11 1 12 11 1 12 11 1 12 11 1 7 1 12 9 12 10 12 10 1 1 12 10 12 10 12 10 12 10 12 10 1 1 12 10 12 10 12 10 1 1 1 100 1 1 12 10 15 1 12 18 1 1 1 1 1 1 1 1 1 1 1 1 1
instanceKlass org/apache/spark/sql/internal/ReadOnlySQLConf
ciInstanceKlass org/apache/spark/sql/internal/SQLConf 1 1 3948 1 7 1 7 1 100 1 7 1 100 1 1 1 1 1 1 100 1 100 1 1 100 1 1 100 1 1 100 1 1 100 1 1 100 1 1 100 1 1 100 1 1 100 1 1 100 1 1 100 1 1 100 1 1 100 1 1 100 1 1 100 1 1 7 1 100 1 1 100 1 100 1 1 7 1 1 100 1 1 100 1 100 1 1 100 1 100 1 1 100 1 100 1 1 1 1 1 1 1 1 1 1 1 1 1 1 7 1 1 12 9 12 10 1 1 12 10 1 1 1 12 10 1 12 10 1 12 10 1 12 10 1 12 10 1 12 10 1 12 10 1 12 10 1 12 10 1 12 10 1 12 10 1 12 10 1 12 10 1 12 10 1 12 10 1 12 10 1 12 10 1 12 10 1 12 10 1 12 10 1 12 10 1 12 10 1 12 10 1 12 10 1 12 10 1 12 10 1 12 10 1 12 10 1 12 10 1 12 10 1 12 10 1 12 10 1 12 10 1 12 10 1 1 1 12 10 1 12 10 1 12 10 1 12 10 1 12 10 1 12 10 1 12 10 1 12 10 1 12 10 1 12 10 1 12 10 1 1 12 10 1 12 10 1 12 10 1 12 10 1 12 10 1 12 10 1 12 10 1 12 10 1 12 10 1 12 10 1 12 10 1 12 10 1 12 10 1 12 10 1 1 12 10 1 12 10 1 12 10 1 12 10 1 12 10 1 12 10 1 12 10 1 12 10 1 12 10 1 12 10 1 12 10 1 12 10 1 12 10 1 12 10 1 12 10 1 12 10 1 12 10 1 12 10 1 12 10 1 12 10 1 12 10 1 12 10 1 12 10 1 12 10 1 12 10 1 12 10 1 12 10 1 12 10 1 12 10 1 12 10 1 12 10 1 12 10 1 12 10 1 12 10 1 12 10 1 12 10 1 12 10 1 12 10 1 12 10 1 12 10 1 12 10 1 12 10 1 12 10 1 12 10 1 12 10 1 12 10 1 12 10 1 12 10 1 12 10 1 12 10 1 12 10 1 12 10 1 12 10 1 12 10 1 12 10 1 12 10 1 12 10 1 12 10 1 12 10 1 12 10 1 12 10 1 12 10 1 12 10 1 12 10 1 12 10 1 12 10 1 12 10 1 12 10 1 12 10 1 12 10 1 12 10 1 12 10 1 12 10 1 12 10 1 12 10 1 12 10 1 12 10 1 12 10 1 12 10 1 12 10 1 12 10 1 12 10 1 12 10 1 12 10 1 12 10 1 12 10 1 12 10 1 12 10 1 12 10 1 12 10 1 12 10 1 12 10 1 12 10 1 12 10 1 12 10 1 12 10 1 12 10 1 12 10 1 12 10 1 12 10 1 12 10 1 12 10 1 12 10 1 12 10 1 12 10 1 12 10 1 12 10 1 12 10 1 12 10 1 12 10 1 12 10 1 12 10 1 12 10 1 12 10 1 12 10 1 12 10 1 12 10 1 12 10 1 12 10 1 12 10 1 12 10 1 12 10 1 12 10 1 12 10 1 12 10 1 12 10 1 12 10 1 12 10 1 12 10 1 12 10 1 12 10 1 12 10 1 12 10 1 12 10 1 12 10 1 12 10 1 12 10 1 12 10 1 12 10 1 12 10 1 12 10 1 12 10 1 12 10 1 12 10 1 12 10 1 12 10 1 12 10 1 12 10 1 12 10 1 12 10 1 12 10 1 12 10 1 12 10 1 12 10 1 12 10 1 12 10 1 12 10 1 12 10 1 12 10 1 12 10 1 12 10 1 12 10 1 12 10 1 12 10 1 12 10 1 12 10 1 12 10 1 12 10 1 12 10 1 12 10 1 12 10 1 12 10 1 12 10 1 12 10 1 12 10 1 12 10 1 12 10 1 12 10 1 12 10 1 12 10 1 12 10 1 12 10 1 12 10 1 12 10 1 12 10 1 12 10 1 12 10 1 12 10 1 1 12 10 1 1 12 10 1 12 10 1 12 10 1 12 10 1 1 12 10 1 12 10 1 12 10 1 12 10 1 12 10 1 12 10 1 12 10 1 12 10 1 12 10 1 12 10 1 12 10 1 12 10 1 12 10 1 12 10 1 12 10 1 12 10 1 12 10 1 12 10 1 12 10 1 12 10 1 12 10 1 12 10 1 12 10 1 12 10 1 12 10 1 12 10 1 12 10 1 12 10 1 12 10 1 12 10 1 12 10 1 12 10 1 12 10 1 12 10 1 12 10 1 12 10 1 12 10 1 12 10 1 12 10 1 12 10 1 12 10 1 12 10 1 12 10 1 12 10 1 12 10 1 12 10 1 12 10 1 12 10 1 12 10 1 12 10 1 12 10 1 12 10 1 12 10 1 12 10 1 12 10 1 12 10 1 12 10 1 12 10 1 12 10 1 12 10 1 12 10 1 12 10 1 12 10 1 12 10 1 12 10 1 12 10 1 12 10 1 12 10 1 12 10 1 12 10 1 12 10 1 12 10 1 12 10 1 12 10 1 12 10 1 12 10 1 12 10 1 12 10 1 12 10 1 12 10 1 12 10 1 12 10 1 12 10 1 12 10 1 12 10 1 12 10 1 12 10 1 12 10 1 12 10 1 12 10 1 12 10 1 12 10 1 12 10 1 12 10 1 12 10 1 1 1 12 10 1 12 10 1 12 10 1 12 10 1 12 10 1 12 10 1 12 10 1 12 10 1 12 10 1 12 10 1 12 10 1 12 10 1 12 10 1 12 10 1 12 10 1 12 10 1 12 10 1 12 10 1 12 10 1 12 10 1 12 10 1 12 10 1 12 10 1 12 10 1 12 10 1 12 10 1 12 10 1 12 10 1 12 10 1 12 10 1 12 10 1 12 10 1 12 10 1 12 10 1 12 10 1 12 10 1 12 10 1 12 10 1 12 10 1 12 10 1 12 10 1 12 10 1 12 10 1 12 10 1 12 10 1 12 10 1 12 10 1 12 10 1 12 10 1 12 10 1 12 10 1 12 10 1 12 10 1 12 10 1 12 10 1 12 10 1 12 10 1 12 10 1 12 10 1 12 10 1 12 10 1 12 10 1 12 10 1 12 10 1 12 10 1 12 10 1 12 10 1 12 10 1 12 10 1 12 10 1 12 10 1 12 10 1 12 10 1 12 10 1 12 10 1 12 10 1 12 10 1 12 10 1 12 10 1 12 10 1 12 10 1 12 10 1 12 10 1 12 10 1 12 10 1 12 10 1 12 10 1 12 10 1 12 10 1 12 10 1 12 10 1 12 10 1 12 10 1 12 10 1 12 10 1 12 10 1 12 10 1 12 10 1 12 10 1 12 10 1 12 10 1 12 10 1 12 10 1 12 10 1 12 10 1 12 10 1 12 10 1 12 10 1 12 10 1 12 10 1 12 10 1 12 10 1 12 10 1 12 10 1 12 10 1 12 10 1 12 10 1 12 10 1 12 10 1 12 10 1 12 10 1 12 10 1 12 10 1 12 10 1 12 10 1 12 10 1 12 10 1 12 10 1 12 10 1 12 10 1 12 10 1 12 10 1 12 10 1 1 12 10 1 12 10 1 12 10 1 12 10 1 12 10 1 12 10 1 12 10 1 12 10 1 12 10 1 12 10 1 12 10 1 12 10 1 12 10 1 12 10 1 12 10 1 12 10 1 12 10 1 12 10 1 12 10 1 12 10 1 12 10 1 12 10 1 12 10 1 12 10 1 12 10 1 12 10 1 12 10 1 12 10 1 12 10 1 12 10 1 12 10 1 12 10 1 12 10 1 1 12 10 1 12 10 1 12 10 1 12 10 1 12 10 1 12 10 1 12 10 1 12 10 1 12 10 1 12 10 1 12 10 1 12 10 1 12 10 1 12 10 1 12 10 1 12 10 1 12 10 1 1 12 10 1 12 10 1 12 10 1 12 10 1 12 10 1 12 10 1 12 10 1 12 10 1 12 10 1 12 10 1 12 10 1 12 10 1 12 10 1 12 10 1 12 10 1 12 10 1 12 10 1 12 10 1 12 10 1 12 10 1 12 10 1 12 10 1 12 10 1 12 10 1 12 10 1 12 10 1 12 10 1 12 10 1 12 10 1 12 10 1 12 10 1 12 10 1 12 10 1 12 10 1 12 10 1 12 10 1 12 10 1 12 10 1 12 10 1 12 10 1 12 10 1 12 10 1 12 10 1 12 10 1 12 10 1 12 10 1 12 10 1 12 10 1 12 10 1 12 10 1 12 10 1 12 10 1 12 10 1 12 10 1 12 10 1 12 10 1 12 10 1 12 10 1 12 10 1 12 10 1 12 10 1 12 10 1 12 10 1 12 10 1 12 10 1 12 10 1 12 10 1 12 10 1 12 10 1 12 10 1 12 10 1 12 10 1 12 10 1 12 10 1 12 10 1 12 10 1 12 10 1 12 10 1 12 10 1 12 10 1 12 10 1 12 10 1 12 10 1 12 10 1 12 10 1 12 10 1 12 10 1 12 10 1 12 10 1 12 10 1 12 10 1 12 10 1 12 10 1 12 10 1 12 10 1 12 10 1 12 10 1 12 10 1 12 10 1 12 10 1 12 10 1 12 10 1 12 10 1 12 10 1 12 10 1 12 10 1 12 10 1 12 10 1 12 10 1 12 10 1 12 10 1 12 10 1 12 10 1 12 10 1 12 10 1 12 10 1 12 10 1 12 10 1 12 10 1 12 10 1 12 10 1 12 10 1 12 10 1 12 10 1 12 10 1 12 10 1 12 10 1 12 10 1 12 10 1 12 10 1 12 10 1 12 10 1 12 10 1 12 10 1 12 10 1 12 10 1 12 10 1 12 10 1 12 10 1 12 10 1 12 10 1 12 10 1 12 10 1 12 10 1 12 10 1 12 10 1 12 10 1 12 10 1 1 12 10 1 12 10 1 12 10 1 12 10 1 12 10 1 12 10 1 12 10 1 12 10 1 12 10 1 12 10 1 12 10 1 12 10 1 12 10 1 12 10 1 12 10 1 12 10 1 12 10 1 12 10 1 12 10 1 12 10 1 12 10 1 12 10 1 12 10 1 12 10 1 12 10 1 12 10 1 12 10 1 12 10 1 12 10 1 12 10 1 12 10 1 12 10 1 12 10 1 12 10 1 12 10 1 12 10 1 12 10 1 12 10 1 12 10 1 12 10 1 1 12 10 1 12 10 1 1 12 10 1 1 1 1 12 10 1 1 1 1 1 1 12 10 1 1 1 1 12 10 1 12 10 1 1 1 12 10 1 1 12 10 1 1 12 10 1 1 12 10 1 1 1 1 12 11 1 1 1 1 1 12 11 1 1 1 1 12 11 1 1 1 1 1 1 1 1 12 11 1 1 1 1 1 12 11 1 1 1 1 1 1 1 12 11 1 1 1 12 11 1 1 1 1 12 11 1 1 1 12 11 12 11 12 11 1 1 12 11 12 11 12 11 1 1 12 11 12 11 12 11 1 1 12 11 12 11 12 11 1 1 1 12 11 12 11 12 11 12 11 12 11 1 1 1 1 12 11 1 1 1 1 1 1 12 11 1 1 1 1 1 1 12 11 1 1 1 12 11 1 1 12 11 1 1 1 1 12 11 12 9 1 1 1 1 1 12 9 1 12 9 1 1 1 1 12 10 1 7 1 1 12 10 1 1 1 12 10 1 1 1 1 1 1 7 1 1 1 1 1 1 1 12 10 1 1 1 1 1 1 1 1 12 10 1 1 1 1 1 1 12 10 1 1 1 7 1 1 1 1 1 1 1 1 1 1 1 1 1 1 1 1 1 1 1 1 12 10 1 100 1 8 1 12 10 1 1 1 1 1 1 1 1 1 1 1 1 1 1 1 1 1 1 1 1 1 1 1 1 1 1 1 1 1 1 1 1 1 1 1 1 1 1 1 1 1 1 1 1 1 1 1 1 12 10 1 12 10 16 1 1 12 10 15 3 1 7 1 1 12 10 15 1 1 12 18 1 7 1 1 12 10 12 10 1 1 1 12 10 1 1 12 10 1 1 1 1 1 1 1 1 1 1 1 1 1 1 1 1 1 1 1 1 1 1 1 1 1 1 1 1 1 1 1 1 1 1 1 1 1 1 1 1 1 1 1 1 1 1 1 1 1 1 1 1 7 1 12 9 1 12 10 1 1 1 1 1 1 1 1 12 10 1 1 12 10 1 1 1 1 1 1 1 1 1 1 1 1 1 1 1 1 1 1 1 1 1 1 1 1 1 1 1 1 1 1 1 12 10 1 7 1 12 9 1 12 10 1 12 10 1 1 1 1 12 10 1 1 1 7 1 12 9 1 1 1 1 1 1 1 1 1 1 1 1 1 1 1 1 1 1 1 1 1 1 1 1 5 0 1 1 1 1 1 1 1 1 1 1 1 1 1 1 1 1 1 1 1 1 1 1 1 1 1 1 1 1 1 1 1 1 1 1 100 1 12 10 10 1 12 10 1 1 12 10 1 1 1 1 1 1 1 1 100 1 12 9 1 100 1 12 10 1 1 12 10 1 1 1 1 1 1 1 1 1 1 1 1 1 1 1 1 1 1 1 1 1 1 1 1 1 1 1 1 1 1 1 1 1 1 1 1 1 1 1 1 1 1 1 1 1 1 1 1 1 1 1 1 1 1 1 1 1 1 1 1 1 1 1 1 1 1 1 1 1 1 1 1 1 1 1 1 1 1 1 1 1 1 1 1 1 1 1 1 1 1 1 1 1 1 1 1 1 1 1 1 1 1 1 1 1 1 1 1 1 1 1 1 1 1 12 10 1 1 1 1 1 1 12 9 1 12 10 1 12 10 1 100 1 12 9 1 12 10 1 100 1 12 9 1 100 1 12 10 1 1 1 1 1 1 16 1 1 12 10 15 1 1 12 18 1 1 1 1 1 1 1 1 1 1 1 1 1 1 1 1 1 1 1 1 1 1 1 1 1 1 1 1 1 1 12 10 1 1 1 1 1 1 1 1 12 10 1 1 1 1 1 1 1 1 1 1 1 1 1 1 1 1 1 1 1 1 1 1 1 1 1 1 1 12 10 1 1 12 10 1 1 1 1 1 1 1 1 1 1 1 1 1 1 1 1 1 7 1 1 1 1 1 1 1 1 12 11 1 100 1 12 9 1 1 12 10 1 100 1 1 12 10 1 7 1 7 1 12 9 1 12 10 1 12 10 1 1 1 12 10 1 8 1 8 1 8 1 12 10 1 8 10 1 1 12 10 1 100 11 1 8 1 1 1 1 1 1 1 1 12 10 1 8 1 1 1 1 1 1 1 1 1 1 1 1 1 12 10 1 7 1 12 9 1 12 10 1 1 12 10 1 16 1 1 12 10 15 1 16 3 1 1 12 18 1 7 1 1 12 11 1 1 100 1 7 1 7 1 1 1 7 1 12 9 1 16 1 12 10 15 16 1 12 18 1 1 12 10 1 12 10 15 1 12 18 1 1 12 10 1 7 1 1 12 10 1 7 12 11 1 7 1 1 12 9 1 12 10 1 1 1 1 12 10 15 18 1 1 12 10 15 1 12 18 1 1 12 10 1 12 10 15 18 12 10 1 12 10 1 1 7 1 7 1 12 9 12 11 1 12 10 1 1 12 10 15 16 1 12 18 1 1 12 10 1 1 12 10 15 1 16 18 1 1 1 1 12 10 15 18 1 1 12 10 1 12 10 15 1 12 18 1 1 12 10 15 18 12 10 1 1 12 10 1 1 1 12 10 15 1 12 18 1 7 1 12 10 1 1 1 1 12 10 15 1 12 18 12 9 1 1 1 12 10 12 10 1 100 1 12 9 1 1 12 10 1 100 1 8 1 1 12 10 1 1 12 11 1 12 11 1 100 1 12 9 1 12 10 1 12 10 15 18 12 10 1 1 1 1 1 1 1 7 1 12 9 1 7 1 12 11 1 1 12 10 15 1 16 1 12 18 1 7 1 12 9 1 12 10 1 1 12 10 1 7 1 1 1 1 12 10 10 1 7 1 12 9 1 1 12 10 1 1 12 11 1 7 1 1 12 10 1 1 12 10 1 12 10 1 12 10 1 12 10 15 16 12 18 1 100 1 1 12 11 1 1 12 10 15 1 16 18 12 11 1 100 1 12 11 1 1 1 1 11 1 12 10 1 7 11 1 1 1 7 1 7 1 12 9 1 12 10 1 16 1 1 12 10 15 16 12 18 1 1 12 11 1 1 1 1 12 11 1 12 11 1 1 12 10 15 1 16 18 10 1 1 1 12 10 15 1 16 1 12 18 12 10 12 10 1 12 11 1 1 12 11 1 1 12 10 1 12 11 1 12 10 12 10 1 12 10 15 18 11 1 1 1 1 1 12 10 1 12 10 15 18 11 1 1 1 12 10 1 1 1 1 1 7 1 12 10 1 12 10 12 10 1 1 1 1 8 1 1 8 1 100 1 1 12 10 15 12 18 1 8 1 1 8 12 18 1 1 1 1 12 10 15 16 18 1 100 1 12 9 1 1 12 10 1 1 1 1 12 18 1 1 1 100 1 12 10 12 10 1 100 1 12 9 1 12 10 1 8 1 1 1 1 1 12 11 12 10 1 1 1 1 12 10 1 1 1 12 10 12 10 15 18 1 100 1 12 10 1 12 10 1 12 10 1 1 1 12 10 1 7 1 12 9 1 7 10 1 1 12 10 1 1 1 1 1 1 1 12 10 1 1 1 1 12 10 15 1 12 18 12 10 1 1 1 10 10 12 10 1 12 10 1 100 1 12 9 1 1 12 10 1 1 1 1 1 1 10 10 1 1 12 11 1 7 10 1 7 1 1 12 10 1 7 1 12 10 12 10 12 10 12 10 1 1 12 10 12 10 12 10 12 10 12 10 1 1 1 100 1 1 12 10 15 1 12 18 1 1 1 1 1 1 1 1 1 1 1 1 1
ciInstanceKlass org/apache/spark/sql/types/StructField 1 1 814 1 7 1 7 1 7 1 100 1 1 1 1 1 1 100 1 100 1 1 100 1 100 1 1 100 1 1 7 1 100 1 1 1 1 1 1 1 1 1 1 1 1 1 1 1 1 1 1 100 1 1 12 9 12 10 1 1 12 10 1 1 1 1 12 10 1 1 12 10 1 12 10 1 1 12 10 1 1 1 12 10 1 1 12 10 1 1 1 1 1 12 11 1 1 12 9 1 12 9 12 9 12 9 1 1 1 1 1 1 7 1 12 9 12 10 1 1 12 10 12 10 1 7 1 12 10 12 10 1 8 1 7 1 1 12 10 15 1 12 18 1 7 1 1 12 10 1 7 1 12 9 1 8 12 18 1 12 10 1 1 1 1 8 1 12 18 1 1 1 7 1 12 9 1 7 1 12 9 1 7 1 12 9 1 12 9 1 7 1 12 9 8 1 1 12 10 1 1 12 10 16 1 1 12 10 15 16 3 3 1 7 1 1 12 10 15 12 18 1 1 12 10 1 8 1 12 10 1 12 10 15 18 1 12 10 1 1 12 10 1 1 12 10 8 1 7 1 1 12 10 1 1 12 10 15 16 18 1 1 12 10 1 12 10 8 1 12 10 1 12 10 1 12 10 1 7 1 12 11 12 10 1 1 12 10 12 10 1 7 10 1 7 1 1 12 10 1 12 11 1 1 12 10 15 16 18 1 1 12 11 1 100 1 12 11 1 12 10 1 1 12 10 1 100 1 12 10 1 1 1 1 1 1 100 1 1 12 9 1 7 1 12 9 1 7 1 12 9 1 12 10 1 7 1 1 12 10 1 7 1 12 9 1 1 12 10 1 1 12 11 12 9 1 1 1 100 12 10 1 1 1 1 7 1 12 10 1 1 1 100 1 12 9 1 1 12 10 1 1 12 10 1 1 12 10 1 1 12 10 1 12 10 1 100 1 12 9 1 8 12 18 1 1 12 10 1 1 1 1 1 1 100 1 12 10 1 1 12 10 8 1 1 12 10 1 12 10 1 12 10 1 12 10 1 12 10 1 12 10 1 1 1 1 1 1 1 1 1 1 12 10 1 100 1 12 9 1 12 10 1 12 10 1 100 1 12 9 1 1 100 1 12 9 1 12 10 1 1 1 7 1 12 9 1 12 10 1 1 1 1 12 10 1 1 1 12 10 1 1 1 1 1 100 1 12 9 1 12 10 1 100 1 12 10 1 1 12 10 1 16 1 12 10 15 16 1 12 18 1 100 1 1 12 10 1 12 10 15 16 18 1 12 10 1 12 10 15 16 1 12 18 1 1 12 10 1 100 1 12 10 1 12 10 15 18 1 12 10 15 18 1 12 10 15 18 1 1 8 1 8 12 9 12 10 1 1 100 1 12 9 1 12 10 12 10 12 10 12 10 1 8 1 12 18 1 12 10 1 8 1 12 18 1 12 10 1 1 1 8 1 1 1 1 7 1 12 10 1 1 1 100 1 12 9 1 12 10 1 1 1 1 8 1 3 3 1 1 12 10 1 1 12 10 1 12 10 12 10 1 1 12 10 1 1 1 12 10 1 7 1 12 10 1 12 10 1 12 10 1 7 1 12 10 1 12 10 1 12 10 1 12 10 1 100 1 12 9 1 1 12 10 1 1 1 1 1 100 1 12 10 1 100 1 12 10 12 10 1 1 1 1 8 18 1 12 10 1 7 1 1 12 9 1 8 18 1 8 18 12 10 12 10 1 1 12 11 1 12 10 1 8 18 1 1 12 10 1 8 18 10 1 1 12 11 1 12 10 12 10 1 1 1 100 1 1 12 10 15 1 12 18 1 1 1 1 1 1 1 1 1 1 1 1
ciInstanceKlass org/apache/spark/sql/internal/ReadOnlySQLConf 1 1 89 1 7 1 7 1 1 1 1 1 1 1 1 1 1 1 12 9 1 1 1 12 9 1 1 1 1 1 100 1 1 12 9 1 1 12 10 1 1 1 1 1 1 1 1 1 1 1 1 12 10 1 1 1 1 1 1 12 10 1 1 1 12 10 1 7 1 1 12 10 1 7 1 7 12 10 1 12 10 1 1 1 1 1 1 1 1 1 1
ciInstanceKlass org/apache/spark/SparkUnsupportedOperationException 1 1 231 1 7 1 7 1 100 1 1 1 1 1 100 1 100 1 1 100 1 100 1 1 100 1 100 1 1 1 1 1 1 1 1 1 1 1 7 1 1 12 9 12 10 1 1 1 12 11 1 1 1 1 12 11 1 1 12 11 1 12 11 1 1 12 11 1 1 12 11 1 1 1 1 100 1 12 9 12 9 1 12 10 1 12 10 1 12 9 1 100 1 12 9 1 1 12 10 1 100 1 1 12 10 1 100 12 9 1 16 1 1 12 10 15 16 3 3 1 100 1 1 12 10 15 1 12 18 1 1 12 10 1 12 10 1 1 1 1 1 12 10 1 1 1 1 7 1 12 9 1 1 12 10 1 7 1 12 9 1 12 10 1 1 12 10 12 10 1 1 1 1 1 12 10 1 1 12 10 1 100 1 1 12 11 12 10 1 1 100 1 12 9 1 1 12 10 1 100 1 1 12 10 1 100 1 12 9 1 1 1 100 1 1 12 10 15 1 12 18 1 1 1 1 1 1 1 1 1 1 1 1
ciInstanceKlass org/apache/spark/sql/types/Decimal 0 0 855 1 100 1 1 100 1 100 1 100 1 1 1 1 1 1 100 1 100 1 1 100 1 1 100 1 1 100 1 1 100 1 100 1 1 100 1 100 1 1 1 1 1 1 1 1 1 1 1 100 1 1 12 9 12 10 1 1 1 12 10 1 1 1 1 1 12 10 1 1 12 10 1 1 12 10 1 1 1 1 1 12 10 1 1 1 1 1 12 10 1 1 1 12 10 1 1 1 12 10 1 12 10 1 12 10 1 1 12 10 1 12 10 1 1 12 10 1 1 12 10 1 12 10 1 12 10 1 12 10 1 12 10 1 1 1 12 10 1 1 12 10 1 12 10 1 1 12 10 1 12 10 1 12 10 1 12 10 1 1 1 1 1 12 11 1 1 1 1 12 11 1 1 12 11 1 1 12 11 1 1 1 1 12 11 1 12 9 1 1 1 1 1 12 9 1 1 1 12 9 1 1 1 12 9 1 12 10 12 10 1 1 100 1 12 9 1 1 12 10 1 100 1 12 10 12 10 12 10 12 10 12 10 1 1 12 10 1 100 1 12 9 1 12 10 1 1 12 10 1 100 1 12 9 1 12 10 1 12 10 1 100 1 12 9 1 1 12 10 1 1 1 100 1 1 12 10 12 10 12 10 1 100 1 8 1 100 1 12 9 1 1 12 10 1 100 1 12 9 1 100 1 12 9 1 8 1 1 12 10 1 1 12 10 1 1 12 10 1 8 8 1 100 1 12 10 8 1 100 1 1 12 10 1 100 1 12 10 1 100 1 100 1 12 9 1 100 1 12 9 1 100 1 12 10 1 1 12 10 1 100 1 1 12 10 12 10 1 100 1 12 9 1 1 12 10 1 100 1 1 12 11 1 12 10 1 1 100 1 100 1 12 10 1 12 10 1 100 1 12 9 1 1 12 10 1 12 10 12 10 1 12 10 1 1 1 1 12 10 1 100 1 1 12 10 1 1 1 12 10 1 1 12 10 1 12 10 1 12 10 1 1 1 12 10 1 12 10 1 1 12 10 12 10 1 12 10 12 10 1 10 10 1 8 1 100 1 1 12 10 15 1 12 18 1 8 1 12 18 1 1 1 12 10 1 1 1 12 10 1 1 12 10 1 12 10 1 1 1 1 1 1 100 1 12 9 16 1 12 10 15 3 1 100 1 1 12 10 15 1 12 18 1 12 10 15 18 1 1 12 10 1 100 1 1 12 10 1 1 100 1 12 9 1 12 10 15 18 1 12 10 15 18 1 1 12 10 1 1 100 1 12 9 3 3 1 16 1 12 10 15 1 1 12 18 1 16 1 12 10 15 1 1 12 18 1 12 10 1 10 1 8 1 12 18 1 1 1 1 1 1 1 1 12 10 1 100 12 11 1 1 12 10 12 10 1 100 1 12 10 1 1 12 10 12 10 1 100 1 1 12 10 1 12 10 1 1 12 10 1 1 1 1 1 1 12 10 1 100 1 12 9 1 1 1 12 10 1 1 1 1 1 1 12 10 1 12 10 1 1 1 1 1 1 12 10 5 0 1 1 12 10 1 100 1 1 12 9 1 1 12 10 5 0 1 12 10 1 1 1 1 1 1 1 12 10 12 10 1 1 1 1 12 10 12 10 1 12 10 1 1 12 10 1 10 1 1 12 10 1 1 12 10 1 1 1 12 10 1 1 12 10 1 12 10 1 12 10 1 100 1 1 12 10 1 1 12 10 1 1 12 10 1 1 12 10 12 10 1 12 10 1 12 10 12 10 12 10 1 1 12 10 10 12 10 12 10 1 1 1 1 1 1 1 1 1 1 1 1 1 1 1 10 1 1 12 11 1 1 12 10 12 10 1 1 12 10 1 1 12 10 12 10 12 10 1 1 12 10 12 10 1 1 1 100 1 1 12 10 15 1 12 18 1 1 1 1 1 1 1 1 1 1 1 1
instanceKlass org/apache/spark/sql/types/DoubleType$
ciInstanceKlass org/apache/spark/sql/types/DoubleType 1 1 92 1 7 1 7 1 1 1 1 1 1 100 1 1 100 1 1 100 1 1 1 1 1 100 1 1 12 9 12 10 1 1 1 1 12 10 1 1 12 10 1 1 1 12 10 1 1 12 10 1 1 12 10 1 1 1 12 10 1 1 1 1 1 1 1 7 1 12 10 1 7 12 10 1 1 1 12 10 1 1 12 10 1 1 1 1 1 1 1 1 1 1
ciInstanceKlass org/apache/spark/sql/types/DoubleType$ 1 1 85 1 7 1 7 1 7 1 100 1 1 1 1 1 1 1 12 10 12 9 1 1 12 11 1 1 1 1 1 12 11 1 1 1 1 1 1 1 12 11 1 1 1 8 1 1 1 1 1 1 100 1 12 10 1 1 1 100 1 12 9 1 12 10 1 1 1 1 1 1 1 7 1 12 10 10 1 1 1 1 1 1 1 1 1
staticfield org/apache/spark/sql/types/DoubleType$ MODULE$ Lorg/apache/spark/sql/types/DoubleType$; org/apache/spark/sql/types/DoubleType$
ciInstanceKlass org/apache/spark/sql/types/ArrayType 1 1 367 1 7 1 7 1 7 1 100 1 1 1 1 1 1 100 1 100 1 1 100 1 100 1 1 1 1 1 1 1 1 1 1 100 1 1 12 9 12 10 1 1 1 12 10 1 12 10 1 1 1 1 1 12 11 1 1 12 9 1 12 9 1 1 1 1 1 12 10 1 1 12 10 12 10 1 8 1 100 1 1 12 10 15 1 12 18 1 100 1 1 12 10 1 100 1 12 9 1 8 1 12 18 1 12 10 1 1 1 1 1 1 100 1 12 9 1 100 1 12 9 1 100 1 12 9 1 12 9 1 100 1 12 9 1 8 1 1 12 10 10 1 1 12 10 16 1 1 12 10 15 16 3 3 1 100 1 1 12 10 15 1 12 18 1 1 12 10 8 1 12 10 1 12 10 15 18 1 12 10 1 1 12 10 1 1 12 10 8 1 100 1 1 12 10 1 1 12 10 15 16 18 1 1 12 10 1 12 10 1 1 12 10 1 12 10 1 8 18 1 12 10 1 12 10 1 8 18 1 1 12 10 1 1 12 10 1 12 10 1 1 1 1 1 100 12 11 1 1 12 10 12 10 1 1 1 1 1 100 1 12 11 11 12 10 1 1 1 1 1 1 8 1 1 1 1 1 100 1 12 10 1 1 1 100 1 12 9 1 12 10 1 1 1 1 1 100 1 3 3 1 1 12 10 1 1 12 10 1 12 10 1 1 1 12 10 1 1 100 12 10 12 10 12 10 1 1 12 10 1 1 1 12 10 1 12 10 1 1 12 11 12 10 1 1 1 100 1 1 12 10 15 1 12 18 1 1 1 1 1 1 1 1 1 1 1 1
instanceKlass org/apache/spark/sql/types/IndeterminateStringType$
instanceKlass org/apache/spark/sql/types/CharType
instanceKlass org/apache/spark/sql/types/VarcharType
instanceKlass org/apache/spark/sql/types/StringType$
ciInstanceKlass org/apache/spark/sql/types/StringType 1 1 174 1 7 1 7 1 100 1 1 1 1 1 1 100 1 100 1 1 7 1 7 1 1 1 1 1 1 1 1 1 100 1 1 12 9 12 10 1 1 1 1 12 10 1 1 12 10 1 1 12 10 1 1 12 10 1 1 1 12 10 1 1 1 12 10 1 1 1 12 10 12 9 1 1 1 12 9 1 1 12 10 1 12 9 1 1 12 10 1 12 9 1 12 9 1 1 12 10 1 12 10 1 1 12 9 1 1 1 12 9 1 12 9 1 1 12 10 1 8 1 100 1 1 12 10 15 1 12 18 1 1 8 18 12 9 1 1 12 10 1 7 12 10 1 100 1 1 7 1 12 10 1 1 1 1 12 10 1 1 1 12 10 1 1 1 1 1 1 1 1 1 1 1 1
ciInstanceKlass org/apache/spark/sql/types/StringType$ 1 1 112 1 7 1 7 1 7 1 1 1 1 1 1 1 12 10 12 9 1 1 12 11 1 1 1 1 1 12 11 1 1 1 1 1 1 1 12 11 1 1 1 7 1 12 9 1 1 1 12 10 1 12 10 1 1 1 7 1 1 12 10 1 1 1 1 8 1 1 8 1 1 1 1 1 1 1 100 1 12 10 1 1 1 100 1 12 9 1 12 10 1 1 1 1 1 1 7 1 12 10 1 12 9 1 1 1 1 1 1 1 1 1
staticfield org/apache/spark/sql/types/StringType$ MODULE$ Lorg/apache/spark/sql/types/StringType$; org/apache/spark/sql/types/StringType$
ciInstanceKlass org/apache/spark/sql/types/DecimalType 1 1 259 1 7 1 7 1 7 1 100 1 1 1 1 1 1 100 1 100 1 1 100 1 1 1 1 1 1 1 1 1 7 1 1 12 9 12 10 1 1 1 12 10 1 1 12 10 1 1 1 12 10 1 12 10 1 12 10 1 1 12 10 1 1 12 10 1 12 10 1 12 10 1 12 10 1 12 10 1 1 1 1 1 12 11 1 12 9 12 9 1 1 12 10 12 10 1 8 1 100 1 1 12 10 15 1 12 18 1 1 8 18 1 12 10 1 100 1 1 12 9 1 100 1 1 12 10 1 1 1 12 10 1 100 1 1 12 10 1 100 1 1 100 1 12 9 1 1 12 10 1 1 1 100 1 12 9 1 12 10 1 1 1 1 1 12 10 1 1 1 1 8 1 1 1 1 1 100 1 1 12 10 1 100 1 12 10 1 1 1 100 1 12 9 1 12 10 1 1 1 1 1 8 8 1 3 3 1 1 12 10 1 12 10 1 12 10 1 100 1 12 10 1 12 10 1 1 12 11 1 1 12 10 1 100 1 12 9 1 1 12 10 1 1 12 10 12 10 1 1 1 1 1 1 1 1 1 1 1 1
instanceKlass org/apache/spark/sql/types/IntegerType$
ciInstanceKlass org/apache/spark/sql/types/IntegerType 1 1 85 1 7 1 7 1 1 1 1 1 1 1 1 1 100 1 1 12 9 12 10 1 1 1 1 12 10 1 1 12 10 1 1 1 12 10 1 1 12 10 1 1 12 10 1 1 1 12 10 1 1 1 1 1 8 1 1 1 1 7 1 12 10 1 7 12 10 1 1 1 12 10 1 1 12 10 1 1 1 1 1 1 1 1 1
ciInstanceKlass org/apache/spark/sql/types/IntegerType$ 1 1 85 1 7 1 7 1 7 1 100 1 1 1 1 1 1 1 12 10 12 9 1 1 12 11 1 1 1 1 1 12 11 1 1 1 1 1 1 1 12 11 1 1 1 8 1 1 1 1 1 1 100 1 12 10 1 1 1 100 1 12 9 1 12 10 1 1 1 1 1 1 1 7 1 12 10 10 1 1 1 1 1 1 1 1 1
staticfield org/apache/spark/sql/types/IntegerType$ MODULE$ Lorg/apache/spark/sql/types/IntegerType$; org/apache/spark/sql/types/IntegerType$
instanceKlass org/apache/spark/sql/types/LongType$
ciInstanceKlass org/apache/spark/sql/types/LongType 1 1 85 1 7 1 7 1 1 1 1 1 1 1 1 1 100 1 1 12 9 12 10 1 1 1 1 12 10 1 1 12 10 1 1 1 12 10 1 1 12 10 1 1 12 10 1 1 1 12 10 1 1 1 1 1 8 1 1 1 1 7 1 12 10 1 7 12 10 1 1 1 12 10 1 1 12 10 1 1 1 1 1 1 1 1 1
ciInstanceKlass org/apache/spark/sql/types/LongType$ 1 1 85 1 7 1 7 1 7 1 100 1 1 1 1 1 1 1 12 10 12 9 1 1 12 11 1 1 1 1 1 12 11 1 1 1 1 1 1 1 12 11 1 1 1 8 1 1 1 1 1 1 100 1 12 10 1 1 1 100 1 12 9 1 12 10 1 1 1 1 1 1 1 7 1 12 10 10 1 1 1 1 1 1 1 1 1
staticfield org/apache/spark/sql/types/LongType$ MODULE$ Lorg/apache/spark/sql/types/LongType$; org/apache/spark/sql/types/LongType$
instanceKlass org/apache/spark/sql/types/FloatType$
ciInstanceKlass org/apache/spark/sql/types/FloatType 1 1 92 1 7 1 7 1 1 1 1 1 1 100 1 1 100 1 1 100 1 1 1 1 1 100 1 1 12 9 12 10 1 1 1 1 12 10 1 1 12 10 1 1 1 12 10 1 1 12 10 1 1 12 10 1 1 1 12 10 1 1 1 1 1 1 1 7 1 12 10 1 7 12 10 1 1 1 12 10 1 1 12 10 1 1 1 1 1 1 1 1 1 1
instanceKlass org/apache/spark/sql/types/BooleanType$
ciInstanceKlass org/apache/spark/sql/types/BooleanType 1 1 82 1 7 1 7 1 1 1 1 1 1 1 1 1 100 1 1 12 9 12 10 1 1 1 1 12 10 1 1 12 10 1 1 1 12 10 1 1 12 10 1 1 12 10 1 1 1 12 10 1 1 1 1 1 1 1 7 1 12 10 1 7 12 10 1 1 1 12 10 1 1 12 10 1 1 1 1 1 1 1 1 1
instanceKlass org/apache/spark/sql/types/ByteType$
ciInstanceKlass org/apache/spark/sql/types/ByteType 1 1 85 1 7 1 7 1 1 1 1 1 1 1 1 1 100 1 1 12 9 12 10 1 1 1 1 12 10 1 1 12 10 1 1 1 12 10 1 1 12 10 1 1 12 10 1 1 1 12 10 1 1 1 1 1 8 1 1 1 1 7 1 12 10 1 7 12 10 1 1 1 12 10 1 1 12 10 1 1 1 1 1 1 1 1 1
ciInstanceKlass org/apache/spark/sql/types/ByteType$ 1 1 85 1 7 1 7 1 7 1 100 1 1 1 1 1 1 1 12 10 12 9 1 1 12 11 1 1 1 1 1 12 11 1 1 1 1 1 1 1 12 11 1 1 1 8 1 1 1 1 1 1 100 1 12 10 1 1 1 100 1 12 9 1 12 10 1 1 1 1 1 1 1 100 1 12 10 10 1 1 1 1 1 1 1 1 1
staticfield org/apache/spark/sql/types/ByteType$ MODULE$ Lorg/apache/spark/sql/types/ByteType$; org/apache/spark/sql/types/ByteType$
instanceKlass org/apache/spark/sql/types/ShortType$
ciInstanceKlass org/apache/spark/sql/types/ShortType 1 1 85 1 7 1 7 1 1 1 1 1 1 1 1 1 100 1 1 12 9 12 10 1 1 1 1 12 10 1 1 12 10 1 1 1 12 10 1 1 12 10 1 1 12 10 1 1 1 12 10 1 1 1 1 1 8 1 1 1 1 7 1 12 10 1 7 12 10 1 1 1 12 10 1 1 12 10 1 1 1 1 1 1 1 1 1
instanceKlass org/apache/spark/sql/types/DateType$
ciInstanceKlass org/apache/spark/sql/types/DateType 1 1 82 1 7 1 7 1 1 1 1 1 1 1 1 1 100 1 1 12 9 12 10 1 1 1 1 12 10 1 1 12 10 1 1 1 12 10 1 1 12 10 1 1 12 10 1 1 1 12 10 1 1 1 1 1 1 1 7 1 12 10 1 7 12 10 1 1 1 12 10 1 1 12 10 1 1 1 1 1 1 1 1 1
instanceKlass org/apache/spark/sql/types/TimestampType$
ciInstanceKlass org/apache/spark/sql/types/TimestampType 1 1 82 1 7 1 7 1 1 1 1 1 1 1 1 1 100 1 1 12 9 12 10 1 1 1 1 12 10 1 1 12 10 1 1 1 12 10 1 1 12 10 1 1 12 10 1 1 1 12 10 1 1 1 1 1 1 1 7 1 12 10 1 7 12 10 1 1 1 12 10 1 1 12 10 1 1 1 1 1 1 1 1 1
ciInstanceKlass org/apache/spark/sql/types/TimeType 1 1 177 1 7 1 7 1 7 1 100 1 1 1 1 1 1 100 1 100 1 1 1 1 1 1 1 1 7 1 1 12 9 12 10 1 1 1 12 10 1 12 10 1 1 12 10 1 12 10 1 12 10 1 12 10 1 12 10 1 1 1 1 1 12 11 1 12 9 1 1 1 12 10 1 8 1 7 1 1 12 10 15 1 12 18 1 1 1 1 12 10 1 1 1 8 1 1 1 1 1 100 1 1 12 10 1 100 1 12 10 1 1 1 100 1 12 9 1 12 10 1 1 1 1 8 1 100 1 3 3 1 1 12 10 1 12 10 1 1 1 12 10 1 12 10 1 100 1 12 10 1 12 10 1 1 12 11 1 100 1 12 9 1 1 12 10 1 1 1 1 1 1 1 1 1 1 1 1
instanceKlass org/apache/spark/sql/types/NullType$
ciInstanceKlass org/apache/spark/sql/types/NullType 1 1 85 1 7 1 7 1 1 1 1 1 1 1 1 1 100 1 1 12 9 12 10 1 1 1 1 12 10 1 1 12 10 1 1 1 12 10 1 1 12 10 1 1 12 10 1 1 1 12 10 1 1 1 1 1 1 1 100 1 12 10 1 100 12 10 1 1 1 1 8 1 12 10 1 1 12 10 1 1 1 1 1 1 1 1 1
ciInstanceKlass org/apache/spark/sql/types/MapType 0 0 381 1 100 1 100 1 100 1 100 1 1 1 1 1 1 100 1 100 1 1 100 1 100 1 1 1 1 1 1 1 1 1 1 1 100 1 1 12 9 12 10 1 1 1 12 10 1 12 10 1 1 1 1 1 12 11 1 1 12 9 12 9 1 12 9 1 1 1 1 1 12 10 1 1 12 10 1 8 1 100 1 1 12 10 15 1 12 18 1 100 1 1 12 10 1 100 1 12 9 1 8 1 12 18 1 12 10 12 10 12 10 1 8 1 12 18 1 1 1 1 1 3 1 1 1 100 1 12 9 1 100 1 12 9 1 100 1 12 9 1 12 9 1 100 1 12 9 1 8 1 1 12 10 10 1 1 12 10 16 1 1 12 10 15 16 3 3 1 100 1 1 12 10 15 1 12 18 1 1 12 10 8 12 10 1 12 10 15 18 1 12 10 1 1 12 10 1 1 12 10 8 1 12 10 8 1 100 1 1 12 10 1 1 12 10 15 16 18 1 1 12 10 1 12 10 1 12 10 1 12 10 1 8 18 1 12 10 1 12 10 1 8 18 1 1 12 10 1 1 12 10 1 12 10 1 1 1 1 1 100 12 11 1 1 12 10 12 10 1 1 1 1 1 100 1 12 11 11 12 10 1 1 1 1 1 1 1 8 1 1 1 1 1 100 1 12 10 1 1 1 100 1 12 9 1 12 10 1 1 1 1 1 100 1 3 3 1 1 12 10 1 1 12 10 1 12 10 1 1 1 12 10 1 1 100 12 10 12 10 1 1 12 10 1 1 1 12 10 1 12 10 1 1 12 11 12 10 1 1 1 100 1 1 12 10 15 1 12 18 1 1 1 1 1 1 1 1 1 1 1 1
ciInstanceKlass org/apache/spark/sql/types/YearMonthIntervalType 1 1 211 1 7 1 7 1 7 1 100 1 1 1 1 1 1 100 1 100 1 1 1 1 1 1 1 1 1 1 1 7 1 1 12 9 12 10 1 1 1 12 10 1 1 12 10 1 12 10 1 12 10 1 1 1 12 10 1 1 12 10 1 1 1 12 10 1 1 12 10 1 12 10 1 1 1 1 1 12 11 1 12 9 12 9 1 1 1 1 12 9 1 1 1 12 10 1 12 10 1 12 10 1 1 8 1 1 1 1 1 100 1 1 12 10 1 100 1 12 10 1 1 1 1 100 1 12 9 1 12 10 1 1 1 1 1 8 8 1 100 1 3 3 1 1 12 10 1 12 10 1 1 1 12 10 1 12 10 1 7 1 12 10 1 12 10 1 1 12 11 12 10 1 8 1 7 1 1 12 10 15 1 12 18 1 8 1 12 18 1 100 1 12 9 1 1 12 10 1 1 1 1 1 1 1 1 1 1 1 1 1 1
ciInstanceKlass org/apache/spark/sql/types/DayTimeIntervalType 1 1 217 1 7 1 7 1 7 1 100 1 1 1 1 1 1 100 1 100 1 1 1 1 1 1 1 1 1 1 1 7 1 1 12 9 12 10 1 1 1 12 10 1 1 12 10 1 12 10 1 12 10 1 1 1 12 10 1 1 12 10 1 1 1 12 10 1 1 12 10 1 12 10 1 12 10 1 12 10 1 1 1 1 1 12 11 1 12 9 12 9 1 1 1 1 12 9 1 1 1 12 10 1 12 10 1 12 10 1 1 8 1 1 1 1 1 100 1 1 12 10 1 100 1 12 10 1 1 1 1 100 1 12 9 1 12 10 1 1 1 1 1 8 8 1 100 1 3 3 1 1 12 10 1 12 10 1 1 1 12 10 1 12 10 1 7 1 12 10 1 12 10 1 1 12 11 12 10 1 8 1 7 1 1 12 10 15 1 12 18 1 8 1 12 18 1 100 1 12 9 1 1 12 10 1 1 1 1 1 1 1 1 1 1 1 1 1 1
instanceKlass org/apache/spark/sql/types/TimestampNTZType$
ciInstanceKlass org/apache/spark/sql/types/TimestampNTZType 1 1 85 1 7 1 7 1 1 1 1 1 1 1 1 1 100 1 1 12 9 12 10 1 1 1 1 12 10 1 1 12 10 1 1 1 12 10 1 1 12 10 1 1 12 10 1 1 1 12 10 1 1 1 1 1 8 1 1 1 1 7 1 12 10 1 7 12 10 1 1 1 12 10 1 1 12 10 1 1 1 1 1 1 1 1 1
instanceKlass org/apache/spark/sql/types/CalendarIntervalType$
ciInstanceKlass org/apache/spark/sql/types/CalendarIntervalType 1 1 85 1 7 1 7 1 1 1 1 1 1 1 1 1 100 1 1 12 9 12 10 1 1 1 1 12 10 1 1 12 10 1 1 1 12 10 1 1 12 10 1 1 12 10 1 1 1 12 10 1 1 1 1 1 8 1 1 1 1 7 1 12 10 1 7 12 10 1 1 1 12 10 1 1 12 10 1 1 1 1 1 1 1 1 1
instanceKlass org/apache/spark/sql/types/VariantType$
ciInstanceKlass org/apache/spark/sql/types/VariantType 1 1 82 1 7 1 7 1 1 1 1 1 1 1 1 1 100 1 1 12 9 12 10 1 1 1 1 12 10 1 1 12 10 1 1 1 12 10 1 1 12 10 1 1 12 10 1 1 1 12 10 1 1 1 1 1 1 1 7 1 12 10 1 7 12 10 1 1 1 12 10 1 1 12 10 1 1 1 1 1 1 1 1 1
ciInstanceKlass org/apache/spark/sql/types/GeographyType 0 0 264 1 100 1 100 1 100 1 1 1 1 1 1 100 1 100 1 1 100 1 100 1 1 100 1 100 1 1 1 1 1 1 1 1 1 1 100 1 1 12 9 12 10 1 12 10 1 12 10 1 12 10 1 1 12 10 1 1 12 10 1 1 12 10 1 12 10 1 1 12 10 1 12 10 1 12 10 12 9 1 1 1 12 9 12 9 1 1 1 12 10 1 12 10 1 8 1 8 1 100 1 1 12 10 15 1 12 18 1 1 8 1 8 18 1 1 1 100 12 10 12 10 1 8 1 12 18 1 1 12 10 1 1 1 1 1 1 100 12 10 1 1 1 100 1 12 10 1 1 1 1 1 12 10 1 1 100 1 1 1 1 1 100 1 8 1 100 1 12 9 1 1 12 10 1 100 1 12 9 1 100 1 12 9 1 8 1 1 12 10 1 8 1 1 12 10 1 8 12 10 1 8 1 100 1 1 12 10 1 100 1 12 10 1 100 1 100 1 12 9 1 1 12 10 1 1 12 10 1 12 10 1 12 10 1 100 1 8 8 1 12 10 1 12 10 1 1 12 10 1 1 12 10 1 1 1 1 1 1 1 1 1 1 1
ciInstanceKlass org/apache/spark/sql/types/GeometryType 0 0 234 1 100 1 100 1 100 1 1 1 1 1 1 100 1 100 1 1 100 1 100 1 1 1 1 1 1 1 1 100 1 1 12 9 12 10 1 12 10 1 1 12 10 1 1 12 10 1 1 12 10 1 12 10 1 12 10 12 9 1 1 12 9 1 1 1 12 10 1 12 10 1 8 1 8 1 100 1 1 12 10 15 1 12 18 1 1 8 1 8 18 1 1 1 100 12 10 1 12 18 1 1 12 10 1 1 1 1 1 1 1 100 1 1 100 1 12 10 1 1 1 1 1 12 10 1 1 100 1 1 1 1 1 100 1 8 1 100 1 12 9 1 1 12 10 1 100 1 12 9 1 100 1 12 9 1 8 1 1 12 10 1 8 1 1 12 10 1 8 12 10 1 8 1 100 1 1 12 10 1 100 1 12 10 1 100 1 100 1 12 9 1 1 12 10 1 1 12 10 1 12 10 1 12 10 1 100 1 8 8 1 12 10 1 12 10 1 12 10 1 1 12 10 1 1 1 1 1 1 1 1 1 1 1
instanceKlass org/apache/parquet/schema/GroupType
instanceKlass org/apache/parquet/schema/PrimitiveType
ciInstanceKlass org/apache/parquet/schema/Type 1 1 219 7 10 10 10 10 8 10 7 9 8 7 9 10 9 9 10 10 100 10 18 10 7 18 7 10 10 10 10 10 10 7 10 10 100 10 8 10 10 100 18 10 7 1 1 100 1 1 1 1 1 1 1 1 1 1 1 1 1 1 1 1 1 1 1 1 1 1 1 1 1 1 1 100 100 1 1 1 1 1 1 1 1 1 1 1 1 1 1 1 1 1 1 1 1 1 1 1 1 1 1 1 1 1 1 1 1 1 1 1 1 1 1 1 1 1 1 1 1 1 1 1 1 1 1 1 1 1 1 1 1 1 1 1 1 1 1 1 1 1 1 1 1 100 100 100 1 12 12 12 12 1 7 12 1 12 1 1 12 12 12 12 12 12 1 12 1 15 8 12 12 1 8 1 12 12 12 1 12 1 1 12 12 1 8 12 1 1 1 1 1 1 1 1 1 1 1 1 1 1 1 1 10 1 1 1 1 1 1 1 100 12 1 100 1 1 100 1 1
ciInstanceKlass org/apache/parquet/schema/PrimitiveType 1 1 480 7 10 10 10 10 9 9 9 9 9 10 10 10 9 10 100 100 10 10 10 100 10 9 8 10 10 10 8 10 7 10 10 100 10 10 10 11 10 10 9 10 8 10 10 9 18 8 10 8 8 10 10 10 10 10 10 10 10 10 10 10 10 10 100 8 10 9 10 9 10 18 7 10 10 10 18 11 10 100 18 10 10 18 10 10 10 10 10 10 7 10 10 10 10 10 100 10 7 10 9 10 10 7 1 1 100 1 1 1 1 1 1 1 1 1 1 1 1 1 1 1 1 1 1 1 1 1 1 1 1 1 1 1 1 1 1 1 1 1 1 1 7 7 1 1 1 1 1 1 1 1 1 1 1 1 1 1 1 1 1 1 1 1 1 1 1 1 1 1 1 1 1 1 1 1 1 1 1 1 1 1 1 1 1 1 1 1 1 1 1 1 1 1 1 1 1 1 1 1 1 1 1 1 1 1 1 1 1 1 1 1 1 1 1 1 1 1 1 1 1 1 1 1 1 1 1 1 1 1 1 1 7 1 1 1 1 100 100 100 100 100 100 100 100 100 100 100 100 1 12 12 12 12 12 12 12 12 12 12 12 12 12 12 1 1 12 12 12 1 1 12 100 12 1 7 12 12 12 1 12 1 12 12 1 12 12 12 7 12 100 12 12 100 12 12 1 12 12 1 15 8 12 1 12 1 1 12 12 12 12 12 12 12 12 1 1 12 12 12 12 100 12 8 12 1 7 12 12 12 8 12 100 12 12 1 8 12 8 12 12 100 12 12 12 1 12 100 12 12 12 1 12 1 12 12 12 12 1 1 1 1 1 1 1 1 1 1 1 1 1 1 1 1 1 1 1 1 1 1 1 1 1 1 1 1 1 1 1 1 1 1 1 1 1 1 1 1 1 1 1 1 1 1 1 1 1 1 1 1 1 1 1 1 1 1 1 10 1 1 1 1 1 1 1 1 1 1 1 1 1 1 1 1 1 1 1 1 1 1 1 1 1 1 1 1 1 1 1 1 1 1 1 1 1 100 1 1 1 100 1 1 1 1 1 1 1 1 1 100 12 1 1 1 100 1 1 100 1 1
ciInstanceKlass org/apache/parquet/schema/LogicalTypeAnnotation$IntLogicalTypeAnnotation 1 1 184 10 9 10 11 100 18 10 9 9 9 9 9 9 9 9 9 9 11 9 18 7 7 10 10 9 9 7 7 10 10 10 7 1 1 1 1 1 1 1 1 1 1 1 1 1 1 1 1 1 1 1 1 7 1 1 1 1 7 1 1 1 1 1 1 1 1 100 1 1 1 1 1 1 1 1 1 1 1 1 1 1 1 1 1 7 1 1 1 1 1 12 12 12 7 12 1 1 15 8 12 12 12 12 12 12 12 12 12 12 12 12 12 12 8 12 1 1 7 12 7 12 12 12 1 1 7 12 12 7 12 1 1 1 1 1 1 1 1 1 10 1 1 1 1 1 1 1 1 1 1 1 1 1 1 1 1 1 1 1 1 1 1 1 1 1 1 1 1 1 1 1 1 1 1 100 12 1 100 1 1 100 1 1
staticfield org/apache/parquet/schema/LogicalTypeAnnotation$IntLogicalTypeAnnotation VALID_BIT_WIDTH Ljava/util/Set; java/util/Collections$UnmodifiableSet
ciInstanceKlass org/apache/parquet/io/ParquetDecodingException 0 0 34 10 10 10 10 100 100 1 1 1 5 0 1 1 1 1 1 1 1 1 1 1 1 1 1 1 1 1 12 12 12 12 1 1
instanceKlass org/apache/parquet/schema/LogicalTypeAnnotation$IntervalLogicalTypeAnnotation
instanceKlass org/apache/parquet/schema/LogicalTypeAnnotation$VariantLogicalTypeAnnotation
instanceKlass org/apache/parquet/schema/LogicalTypeAnnotation$GeographyLogicalTypeAnnotation
instanceKlass org/apache/parquet/schema/LogicalTypeAnnotation$GeometryLogicalTypeAnnotation
instanceKlass org/apache/parquet/schema/LogicalTypeAnnotation$Float16LogicalTypeAnnotation
instanceKlass org/apache/parquet/schema/LogicalTypeAnnotation$UUIDLogicalTypeAnnotation
instanceKlass org/apache/parquet/schema/LogicalTypeAnnotation$BsonLogicalTypeAnnotation
instanceKlass org/apache/parquet/schema/LogicalTypeAnnotation$JsonLogicalTypeAnnotation
instanceKlass org/apache/parquet/schema/LogicalTypeAnnotation$IntLogicalTypeAnnotation
instanceKlass org/apache/parquet/schema/LogicalTypeAnnotation$TimestampLogicalTypeAnnotation
instanceKlass org/apache/parquet/schema/LogicalTypeAnnotation$TimeLogicalTypeAnnotation
instanceKlass org/apache/parquet/schema/LogicalTypeAnnotation$DateLogicalTypeAnnotation
instanceKlass org/apache/parquet/schema/LogicalTypeAnnotation$DecimalLogicalTypeAnnotation
instanceKlass org/apache/parquet/schema/LogicalTypeAnnotation$EnumLogicalTypeAnnotation
instanceKlass org/apache/parquet/schema/LogicalTypeAnnotation$ListLogicalTypeAnnotation
instanceKlass org/apache/parquet/schema/LogicalTypeAnnotation$MapKeyValueTypeAnnotation
instanceKlass org/apache/parquet/schema/LogicalTypeAnnotation$MapLogicalTypeAnnotation
instanceKlass org/apache/parquet/schema/LogicalTypeAnnotation$StringLogicalTypeAnnotation
instanceKlass org/apache/parquet/schema/LogicalTypeAnnotation$UnknownLogicalTypeAnnotation
ciInstanceKlass org/apache/parquet/schema/LogicalTypeAnnotation 1 1 396 10 8 10 9 9 10 10 10 18 100 18 10 9 10 10 10 10 10 10 10 10 10 9 10 9 10 10 10 10 10 10 100 18 10 9 9 9 100 10 9 100 10 9 7 10 7 10 7 10 8 10 10 100 10 9 9 9 9 100 10 100 10 9 9 9 7 7 7 1 100 1 1 1 1 100 1 1 100 1 100 1 100 1 100 1 100 1 1 1 1 100 1 7 1 1 100 1 100 1 100 1 7 1 100 1 1 1 1 8 1 1 1 1 1 1 1 1 1 1 1 1 1 1 1 1 1 1 1 1 1 1 1 1 1 1 1 1 1 1 1 1 1 1 1 1 1 1 1 1 1 1 1 1 1 1 1 1 1 1 1 1 1 1 1 1 1 1 1 1 1 1 1 1 1 1 1 1 1 1 1 1 1 1 1 1 1 1 1 1 1 1 1 1 1 1 1 1 1 1 1 1 1 100 100 100 100 100 100 100 100 100 100 100 100 100 100 100 100 100 100 100 12 1 7 12 7 12 12 12 100 12 12 1 15 8 12 1 8 12 12 12 7 12 12 12 100 12 12 12 12 12 12 12 12 12 12 12 12 12 12 12 1 8 12 12 12 1 12 12 1 12 12 1 12 1 1 12 1 7 12 7 12 1 12 12 12 12 1 1 12 12 7 12 12 1 1 1 1 1 1 1 1 1 1 1 1 1 1 1 1 1 1 1 1 1 1 1 1 1 1 1 1 1 1 1 1 1 1 1 1 1 1 1 1 1 1 1 1 1 1 1 1 10 1 1 1 1 1 1 1 1 1 1 1 1 1 1 1 1 1 1 1 1 1 1 1 1 1 1 1 1 1 1 1 1 1 1 1 1 1 1 1 1 1 1 1 100 12 1 100 1 1 100 1 1
staticfield org/apache/parquet/schema/LogicalTypeAnnotation DEFAULT_ALGO Lorg/apache/parquet/column/schema/EdgeInterpolationAlgorithm; org/apache/parquet/column/schema/EdgeInterpolationAlgorithm
ciInstanceKlass org/apache/parquet/schema/LogicalTypeAnnotation$UnknownLogicalTypeAnnotation 0 0 60 10 11 9 9 100 10 9 100 1 1 1 1 1 1 1 1 1 1 1 1 1 100 1 1 1 1 1 1 1 1 1 100 1 1 1 1 1 1 1 1 1 1 12 12 12 100 12 1 12 1 1 1 1 1 1 1 1 1 1
ciInstanceKlass org/apache/parquet/schema/LogicalTypeAnnotation$StringLogicalTypeAnnotation 1 1 83 10 9 11 9 7 10 10 9 10 9 7 1 1 1 1 1 1 1 1 1 1 1 1 1 1 1 1 7 1 1 1 1 1 1 1 1 1 100 1 1 1 1 1 1 1 1 1 1 1 1 1 1 1 1 12 7 12 12 12 1 7 12 12 7 12 12 1 1 1 1 1 1 1 1 1 1 1 1 1 1 1 1
staticfield org/apache/parquet/schema/LogicalTypeAnnotation$StringLogicalTypeAnnotation INSTANCE Lorg/apache/parquet/schema/LogicalTypeAnnotation$StringLogicalTypeAnnotation; org/apache/parquet/schema/LogicalTypeAnnotation$StringLogicalTypeAnnotation
ciInstanceKlass org/apache/parquet/schema/LogicalTypeAnnotation$DecimalLogicalTypeAnnotation 0 0 119 10 9 9 10 9 9 11 9 18 100 100 10 10 100 1 1 1 1 1 1 1 1 1 1 1 1 1 1 1 1 1 1 1 1 1 1 1 100 1 1 1 1 1 1 1 1 1 100 1 1 1 1 1 1 1 1 1 1 1 1 1 1 1 1 1 1 12 12 12 100 12 12 100 12 12 12 1 15 8 12 1 1 100 12 100 12 1 1 1 1 1 1 1 1 1 1 1 1 1 10 1 1 1 1 1 1 1 1 1 100 12 1 100 1 1 100 1 1
ciInstanceKlass org/apache/parquet/schema/LogicalTypeAnnotation$DateLogicalTypeAnnotation 1 1 82 10 9 11 9 7 10 10 9 10 9 7 1 1 1 1 1 1 1 1 1 1 1 1 1 1 1 1 100 1 1 1 1 1 1 1 1 1 100 1 1 1 1 1 1 1 1 1 1 1 1 1 1 1 1 12 100 12 12 12 1 100 12 12 100 12 12 1 1 1 1 1 1 1 1 1 1 1 1 1 1 1
staticfield org/apache/parquet/schema/LogicalTypeAnnotation$DateLogicalTypeAnnotation INSTANCE Lorg/apache/parquet/schema/LogicalTypeAnnotation$DateLogicalTypeAnnotation; org/apache/parquet/schema/LogicalTypeAnnotation$DateLogicalTypeAnnotation
instanceKlass org/apache/parquet/HadoopReadOptions
ciInstanceKlass org/apache/parquet/ParquetReadOptions 1 1 223 100 10 10 10 9 9 9 9 9 9 9 9 9 9 9 9 9 9 10 9 9 9 9 11 11 100 10 18 10 10 10 100 10 100 10 10 7 7 1 1 1 1 1 8 1 1 3 1 1 1 1 1 3 1 3 1 1 1 1 1 1 1 1 1 1 1 1 100 1 1 1 100 1 1 1 1 1 1 1 1 1 1 1 1 1 1 1 1 1 1 1 1 1 1 1 1 1 1 1 1 1 1 1 1 1 1 1 1 1 1 1 1 1 1 1 1 1 1 1 1 1 1 1 1 1 1 1 1 1 1 1 1 1 1 1 1 12 12 12 12 12 12 12 12 12 12 12 12 12 12 12 12 7 12 12 12 12 12 100 12 12 1 100 12 1 15 16 15 16 12 12 12 12 1 12 1 12 1 1 1 100 1 100 1 1 1 1 1 1 1 1 1 1 1 1 10 10 1 1 1 1 1 1 1 1 1 1 1 1 100 12 12 1 1 100 1 1 1 1 100 1 1
ciInstanceKlass org/apache/parquet/HadoopReadOptions 1 1 113 7 10 10 9 10 10 7 10 10 11 11 7 7 1 1 1 1 1 100 1 100 1 1 1 1 1 1 1 1 1 1 1 1 1 1 1 1 1 1 1 1 1 1 1 1 1 1 1 1 1 1 1 1 1 1 1 1 1 1 1 1 1 1 1 100 1 1 1 1 1 1 1 1 1 1 1 1 1 7 1 1 1 1 12 12 12 12 100 12 1 12 12 12 1 1 100 1 100 1 1 1 1 1 1 1 1 1 1 1 1 1 1
ciInstanceKlass org/apache/parquet/bytes/ByteBufferAllocator 1 0 13 100 100 1 1 1 1 1 1 1 1 1 1
ciInstanceKlass org/apache/parquet/bytes/HeapByteBufferAllocator 1 1 35 100 10 10 10 7 100 1 1 1 1 1 1 1 1 1 1 1 1 1 1 1 1 1 1 1 1 1 1 12 7 12 1 1 1
ciInstanceKlass org/apache/parquet/compression/CompressionCodecFactory$BytesInputDecompressor 1 0 20 100 100 1 1 1 100 1 1 1 1 1 1 100 1 1 1 1 1 1
ciInstanceKlass org/apache/parquet/hadoop/CodecFactory$HeapBytesDecompressor 1 1 142 9 10 10 7 9 10 9 11 10 11 7 10 10 10 10 8 10 10 10 10 100 10 10 10 10 10 10 7 7 1 1 1 1 1 1 1 1 1 1 1 1 1 1 1 1 1 1 1 1 1 1 1 1 1 100 7 1 100 1 1 1 1 1 1 1 1 1 1 1 1 100 12 12 7 12 1 12 7 12 12 7 12 12 12 1 12 12 12 12 1 100 12 12 12 12 1 12 12 12 12 12 12 1 1 1 1 1 1 1 1 1 1 1 1 1 1 1 1 1 1 1 1 1 1 1 1 1 1 1 1 1 1 1 1 1 1 1 1 1 1 1
ciInstanceKlass org/apache/parquet/bytes/SingleBufferInputStream 1 1 132 10 9 10 9 10 9 10 100 10 10 10 10 10 5 0 10 10 10 10 10 10 10 10 10 100 8 10 7 7 1 1 1 1 1 1 1 1 1 1 1 1 1 1 1 1 1 1 1 1 1 1 1 1 1 1 1 1 1 1 1 1 1 1 7 1 1 1 1 1 1 1 1 1 1 1 1 1 1 1 1 1 1 1 12 12 12 12 12 12 12 1 12 12 7 12 12 12 12 12 12 12 7 12 12 12 12 1 1 12 1 1 1 1 1 1 1 1 1 1 1 1 1 1 1 1 1 1 1 1 1 1
ciInstanceKlass org/apache/parquet/bytes/MultiBufferInputStream 0 0 240 10 9 9 9 5 0 9 9 100 10 9 9 11 11 11 100 10 9 9 10 10 10 10 10 10 10 100 10 10 10 10 10 11 10 100 18 10 100 18 10 10 10 10 10 100 5 0 3 10 10 100 8 10 100 10 100 100 1 1 1 1 1 1 1 1 1 1 1 1 1 1 1 1 1 1 1 1 1 1 1 1 1 1 1 1 1 100 100 1 1 1 1 1 1 1 1 1 1 1 1 1 1 1 1 1 1 1 1 1 1 1 1 1 1 1 1 1 1 1 1 1 1 1 1 1 1 1 1 1 1 1 1 1 1 1 1 1 1 1 1 1 1 1 1 12 12 12 12 12 12 1 12 12 12 12 12 1 12 12 12 12 100 12 12 12 12 12 12 1 12 12 12 100 12 12 12 1 1 15 8 12 12 1 8 12 12 12 12 12 1 12 12 1 1 1 12 1 1 1 1 1 1 1 1 1 1 1 1 1 1 1 1 1 1 1 1 1 1 10 1 1 1 1 1 1 1 1 1 1 1 100 12 1 100 1 1 100 1 1
instanceKlass org/apache/parquet/bytes/MultiBufferInputStream
instanceKlass org/apache/parquet/bytes/SingleBufferInputStream
ciInstanceKlass org/apache/parquet/bytes/ByteBufferInputStream 1 1 180 7 10 100 10 10 11 11 7 10 9 10 10 10 10 10 10 10 100 100 10 10 10 18 10 10 10 10 10 10 10 10 10 10 7 7 1 1 1 1 1 1 1 1 1 1 1 1 1 1 1 1 1 1 1 1 1 1 1 1 1 1 1 1 1 1 1 1 1 1 1 1 1 1 1 1 1 1 1 100 1 1 1 1 1 1 1 1 1 1 1 1 1 1 1 1 1 1 1 1 1 1 1 1 1 1 1 1 1 1 1 1 1 1 12 1 100 12 12 7 12 12 1 12 12 12 12 12 12 12 12 12 1 1 12 12 12 1 15 8 12 12 12 12 12 12 12 12 12 12 12 1 1 1 1 1 1 1 1 1 1 1 1 1 1 10 1 1 1 1 100 12 1 100 1 1 1 100 1 1
ciInstanceKlass org/apache/parquet/bytes/BytesUtils 1 1 230 10 10 10 10 100 10 10 10 10 10 10 100 8 100 10 10 10 10 9 11 18 11 10 10 10 10 8 10 3 10 10 10 5 0 5 0 5 0 5 0 10 7 10 8 10 9 1 1 1 1 1 1 1 1 1 1 1 1 1 1 1 1 1 1 1 1 1 1 1 1 1 1 1 1 1 1 1 1 1 7 1 1 1 1 1 1 1 1 1 1 1 1 1 1 1 1 1 1 1 1 1 1 1 1 1 1 1 1 1 1 1 1 1 1 1 1 1 1 1 1 1 1 1 1 1 1 1 1 1 1 1 1 1 1 100 1 1 1 1 1 12 7 12 7 12 12 1 12 12 12 12 12 1 1 1 12 100 12 12 100 12 12 100 12 1 15 8 12 12 12 12 12 12 1 12 12 12 12 12 1 7 12 1 7 12 12 1 1 1 1 1 1 1 1 1 1 1 1 1 1 1 1 1 1 1 1 10 1 1 1 1 1 1 1 1 1 1 1 1 100 12 1 100 1 1 1 100 1 1
staticfield org/apache/parquet/bytes/BytesUtils LOG Lorg/slf4j/Logger; org/apache/logging/slf4j/Log4jLogger
staticfield org/apache/parquet/bytes/BytesUtils UTF8 Ljava/nio/charset/Charset; sun/nio/cs/UTF_8
instanceKlass org/apache/parquet/schema/PrimitiveType$PrimitiveTypeName$8
instanceKlass org/apache/parquet/schema/PrimitiveType$PrimitiveTypeName$7
instanceKlass org/apache/parquet/schema/PrimitiveType$PrimitiveTypeName$6
instanceKlass org/apache/parquet/schema/PrimitiveType$PrimitiveTypeName$5
instanceKlass org/apache/parquet/schema/PrimitiveType$PrimitiveTypeName$4
instanceKlass org/apache/parquet/schema/PrimitiveType$PrimitiveTypeName$3
instanceKlass org/apache/parquet/schema/PrimitiveType$PrimitiveTypeName$2
instanceKlass org/apache/parquet/schema/PrimitiveType$PrimitiveTypeName$1
ciInstanceKlass org/apache/parquet/schema/PrimitiveType$PrimitiveTypeName 1 1 161 9 10 7 7 10 10 9 9 7 8 8 9 10 9 7 8 8 9 10 9 7 8 8 9 10 9 7 8 8 7 10 9 7 8 8 9 10 9 7 8 8 9 10 9 7 8 10 9 7 8 10 9 7 1 1 1 1 1 1 1 1 1 1 1 1 1 1 1 1 1 1 1 1 1 1 1 1 1 1 1 1 1 1 1 1 1 1 1 1 1 1 1 100 1 1 1 100 1 1 1 1 1 1 1 1 1 1 7 12 7 12 1 12 12 12 12 1 1 7 12 12 12 1 1 7 12 1 1 7 12 1 1 1 12 1 1 7 12 1 1 7 12 1 12 1 12 1 1 1 1 1 1 1 1 1 1 1 1 1 1
staticfield org/apache/parquet/schema/PrimitiveType$PrimitiveTypeName INT64 Lorg/apache/parquet/schema/PrimitiveType$PrimitiveTypeName; org/apache/parquet/schema/PrimitiveType$PrimitiveTypeName$1
staticfield org/apache/parquet/schema/PrimitiveType$PrimitiveTypeName INT32 Lorg/apache/parquet/schema/PrimitiveType$PrimitiveTypeName; org/apache/parquet/schema/PrimitiveType$PrimitiveTypeName$2
staticfield org/apache/parquet/schema/PrimitiveType$PrimitiveTypeName BOOLEAN Lorg/apache/parquet/schema/PrimitiveType$PrimitiveTypeName; org/apache/parquet/schema/PrimitiveType$PrimitiveTypeName$3
staticfield org/apache/parquet/schema/PrimitiveType$PrimitiveTypeName BINARY Lorg/apache/parquet/schema/PrimitiveType$PrimitiveTypeName; org/apache/parquet/schema/PrimitiveType$PrimitiveTypeName$4
staticfield org/apache/parquet/schema/PrimitiveType$PrimitiveTypeName FLOAT Lorg/apache/parquet/schema/PrimitiveType$PrimitiveTypeName; org/apache/parquet/schema/PrimitiveType$PrimitiveTypeName$5
staticfield org/apache/parquet/schema/PrimitiveType$PrimitiveTypeName DOUBLE Lorg/apache/parquet/schema/PrimitiveType$PrimitiveTypeName; org/apache/parquet/schema/PrimitiveType$PrimitiveTypeName$6
staticfield org/apache/parquet/schema/PrimitiveType$PrimitiveTypeName INT96 Lorg/apache/parquet/schema/PrimitiveType$PrimitiveTypeName; org/apache/parquet/schema/PrimitiveType$PrimitiveTypeName$7
staticfield org/apache/parquet/schema/PrimitiveType$PrimitiveTypeName FIXED_LEN_BYTE_ARRAY Lorg/apache/parquet/schema/PrimitiveType$PrimitiveTypeName; org/apache/parquet/schema/PrimitiveType$PrimitiveTypeName$8
staticfield org/apache/parquet/schema/PrimitiveType$PrimitiveTypeName $VALUES [Lorg/apache/parquet/schema/PrimitiveType$PrimitiveTypeName; 8 [Lorg/apache/parquet/schema/PrimitiveType$PrimitiveTypeName;
ciInstanceKlass org/apache/parquet/schema/LogicalTypeAnnotation$TimeUnit 1 1 57 9 10 7 7 10 10 8 10 9 8 9 8 9 7 1 1 1 1 1 1 1 1 1 1 1 1 1 1 1 1 1 1 1 1 1 1 1 1 1 1 1 100 12 7 12 1 12 12 12 12 12 1 1 1 1 1
staticfield org/apache/parquet/schema/LogicalTypeAnnotation$TimeUnit MILLIS Lorg/apache/parquet/schema/LogicalTypeAnnotation$TimeUnit; org/apache/parquet/schema/LogicalTypeAnnotation$TimeUnit
staticfield org/apache/parquet/schema/LogicalTypeAnnotation$TimeUnit MICROS Lorg/apache/parquet/schema/LogicalTypeAnnotation$TimeUnit; org/apache/parquet/schema/LogicalTypeAnnotation$TimeUnit
staticfield org/apache/parquet/schema/LogicalTypeAnnotation$TimeUnit NANOS Lorg/apache/parquet/schema/LogicalTypeAnnotation$TimeUnit; org/apache/parquet/schema/LogicalTypeAnnotation$TimeUnit
staticfield org/apache/parquet/schema/LogicalTypeAnnotation$TimeUnit $VALUES [Lorg/apache/parquet/schema/LogicalTypeAnnotation$TimeUnit; 3 [Lorg/apache/parquet/schema/LogicalTypeAnnotation$TimeUnit;
ciInstanceKlass org/apache/parquet/column/ColumnDescriptor 1 1 137 10 7 9 8 10 10 10 9 9 9 9 10 10 10 7 10 10 10 10 18 10 7 100 1 1 1 1 1 1 1 1 100 1 1 1 1 1 1 1 1 1 1 1 1 1 1 1 1 1 1 1 1 1 1 1 1 1 1 1 1 1 1 1 1 1 1 1 1 1 1 1 1 1 1 1 1 12 1 100 12 1 12 12 12 12 12 12 12 12 12 7 12 1 12 100 12 12 12 1 15 8 12 12 1 1 1 100 1 1 1 1 1 1 1 1 1 1 1 1 1 1 1 10 1 1 1 1 100 12 1 100 1 1 100 1 1
instanceKlass org/apache/spark/sql/vectorized/ArrowColumnVector
instanceKlass org/apache/spark/sql/execution/vectorized/WritableColumnVector
ciInstanceKlass org/apache/spark/sql/vectorized/ColumnVector 1 1 163 9 7 12 1 1 1 10 12 1 1 10 12 1 1 10 12 1 1 10 12 1 1 10 12 1 1 10 12 1 1 10 12 1 1 10 12 1 1 10 12 1 100 1 10 12 1 1 10 12 1 1 10 100 12 1 1 1 10 12 1 1 100 1 10 12 1 100 1 10 12 1 10 7 12 1 7 1 10 12 1 10 7 12 1 1 1 100 1 1 1 1 1 1 1 1 1 1 1 1 1 1 1 1 1 1 1 1 1 1 100 1 1 1 100 1 1 1 100 1 1 1 100 1 1 1 100 1 1 1 100 1 1 1 100 1 1 1 1 1 1 1 1 1 1 1 1 1 1 1 1 1 1 1 1 1 1 1 1 1 1 1 1
instanceKlass org/apache/spark/sql/execution/datasources/parquet/VectorizedRleValuesReader
instanceKlass org/apache/spark/sql/execution/datasources/parquet/VectorizedReaderBase
instanceKlass org/apache/spark/sql/execution/datasources/parquet/VectorizedPlainValuesReader
instanceKlass org/apache/parquet/column/values/dictionary/DictionaryValuesReader
instanceKlass org/apache/parquet/column/values/deltastrings/DeltaByteArrayReader
instanceKlass org/apache/parquet/column/values/deltalengthbytearray/DeltaLengthByteArrayValuesReader
instanceKlass org/apache/parquet/column/values/delta/DeltaBinaryPackingValuesReader
instanceKlass org/apache/parquet/column/values/bitpacking/ByteBitPackingValuesReader
instanceKlass org/apache/parquet/column/values/bytestreamsplit/ByteStreamSplitValuesReader
instanceKlass org/apache/parquet/column/values/rle/RunLengthBitPackingHybridValuesReader
instanceKlass org/apache/parquet/column/values/rle/ZeroIntegerValuesReader
instanceKlass org/apache/parquet/column/values/plain/FixedLenByteArrayPlainValuesReader
instanceKlass org/apache/parquet/column/values/plain/PlainValuesReader
instanceKlass org/apache/parquet/column/values/plain/BinaryPlainValuesReader
instanceKlass org/apache/parquet/column/values/plain/BooleanPlainValuesReader
ciInstanceKlass org/apache/parquet/column/values/ValuesReader 1 1 138 10 9 100 18 10 10 10 100 10 10 10 10 100 10 10 18 10 10 9 100 8 10 10 10 7 7 1 1 1 1 1 1 1 1 1 1 1 1 1 1 1 1 1 1 1 100 1 1 1 1 1 1 1 1 1 1 1 1 1 1 1 1 1 1 1 1 1 1 1 1 1 1 1 1 1 1 12 12 1 1 15 8 12 12 12 12 1 100 12 12 12 12 1 12 100 12 8 12 12 12 1 1 12 1 1 1 10 1 1 1 1 1 1 1 1 1 1 1 1 1 1 1 1 1 1 1 1 100 12 1 100 1 1 1 100 1 1
instanceKlass org/apache/parquet/column/Encoding$9
instanceKlass org/apache/parquet/column/Encoding$8
instanceKlass org/apache/parquet/column/Encoding$7
instanceKlass org/apache/parquet/column/Encoding$6
instanceKlass org/apache/parquet/column/Encoding$5
instanceKlass org/apache/parquet/column/Encoding$4
instanceKlass org/apache/parquet/column/Encoding$3
instanceKlass org/apache/parquet/column/Encoding$2
instanceKlass org/apache/parquet/column/Encoding$1
ciInstanceKlass org/apache/parquet/column/Encoding 1 1 209 9 10 7 7 10 10 9 10 10 10 10 9 100 10 18 10 100 10 18 10 18 18 7 8 10 9 7 8 10 9 7 8 10 9 7 8 10 9 7 8 10 9 7 8 10 9 7 8 10 9 7 8 10 9 7 8 10 9 7 100 1 1 1 1 1 1 1 1 1 1 1 1 1 1 1 1 1 1 1 1 1 1 1 1 1 1 1 1 1 1 1 1 1 1 1 1 1 1 1 1 1 1 1 1 1 1 7 1 1 1 1 1 1 1 1 1 1 1 12 7 12 1 12 12 12 100 12 100 12 12 12 100 12 1 100 12 1 15 8 12 12 1 12 8 8 12 8 1 12 1 12 1 12 1 12 1 12 1 12 1 12 1 12 1 12 1 1 1 1 1 1 1 1 1 1 1 1 1 1 1 1 1 100 1 1 1 1 1 10 1 1 1 1 1 1 1 1 1 1 100 12 1 100 1 1 100 1 1
staticfield org/apache/parquet/column/Encoding PLAIN Lorg/apache/parquet/column/Encoding; org/apache/parquet/column/Encoding$1
staticfield org/apache/parquet/column/Encoding RLE Lorg/apache/parquet/column/Encoding; org/apache/parquet/column/Encoding$2
staticfield org/apache/parquet/column/Encoding BYTE_STREAM_SPLIT Lorg/apache/parquet/column/Encoding; org/apache/parquet/column/Encoding$3
staticfield org/apache/parquet/column/Encoding BIT_PACKED Lorg/apache/parquet/column/Encoding; org/apache/parquet/column/Encoding$4
staticfield org/apache/parquet/column/Encoding PLAIN_DICTIONARY Lorg/apache/parquet/column/Encoding; org/apache/parquet/column/Encoding$5
staticfield org/apache/parquet/column/Encoding DELTA_BINARY_PACKED Lorg/apache/parquet/column/Encoding; org/apache/parquet/column/Encoding$6
staticfield org/apache/parquet/column/Encoding DELTA_LENGTH_BYTE_ARRAY Lorg/apache/parquet/column/Encoding; org/apache/parquet/column/Encoding$7
staticfield org/apache/parquet/column/Encoding DELTA_BYTE_ARRAY Lorg/apache/parquet/column/Encoding; org/apache/parquet/column/Encoding$8
staticfield org/apache/parquet/column/Encoding RLE_DICTIONARY Lorg/apache/parquet/column/Encoding; org/apache/parquet/column/Encoding$9
staticfield org/apache/parquet/column/Encoding $VALUES [Lorg/apache/parquet/column/Encoding; 9 [Lorg/apache/parquet/column/Encoding;
ciInstanceKlass org/apache/parquet/column/Encoding$1 1 1 156 10 9 10 10 100 10 100 10 100 10 100 10 100 10 100 10 100 10 10 100 10 18 10 7 10 10 10 100 10 7 10 7 10 100 10 100 10 18 100 7 1 1 1 1 1 1 1 1 1 1 1 1 1 1 1 1 1 1 1 1 100 1 1 1 1 12 7 12 7 12 7 12 1 12 1 100 1 1 1 1 1 1 1 1 1 12 12 1 100 12 1 15 8 12 12 100 1 1 12 100 12 12 1 1 1 1 1 1 1 1 1 1 8 1 1 1 1 1 1 1 1 1 1 100 1 1 1 1 1 1 1 1 1 1 10 1 1 1 1 1 1 1 1 1 1 1 100 12 1 100 1 1 100 1 1
ciInstanceKlass org/apache/parquet/column/Encoding$2 1 1 48 10 10 10 100 10 100 10 100 7 1 1 1 1 1 1 1 1 1 1 1 1 1 1 1 1 1 1 1 1 1 12 12 100 12 1 12 1 12 1 1 1 1 1 1 1 1 1
ciInstanceKlass org/apache/parquet/column/Encoding$5 1 1 47 10 9 10 9 10 100 7 1 1 1 1 1 1 1 1 1 1 1 1 1 1 1 1 1 1 1 1 1 100 1 1 1 1 1 1 12 12 12 12 12 1 1 1 1 1 1
instanceKlass org/apache/parquet/column/values/dictionary/PlainValuesDictionary
ciInstanceKlass org/apache/parquet/column/Dictionary 1 1 54 10 9 100 10 10 10 7 7 1 1 1 1 1 1 1 1 1 1 1 1 1 1 1 1 1 1 1 1 1 1 1 1 1 1 1 1 1 12 12 1 12 100 12 12 1 1 1 1 1 1 1 1 1
ciInstanceKlass org/apache/parquet/column/values/RequiresPreviousReader 0 0 9 100 100 1 1 1 1 1 1
instanceKlass org/apache/parquet/column/page/DataPage
instanceKlass org/apache/parquet/column/page/DictionaryPage
ciInstanceKlass org/apache/parquet/column/page/Page 1 1 44 10 10 9 9 9 10 7 7 1 1 1 1 1 1 1 1 1 1 1 1 1 1 1 1 1 1 1 1 1 12 7 12 12 12 12 12 1 1 1 1 1 1 1
instanceKlass org/apache/parquet/column/statistics/BinaryStatistics
instanceKlass org/apache/parquet/column/statistics/BooleanStatistics
instanceKlass org/apache/parquet/column/statistics/DoubleStatistics
instanceKlass org/apache/parquet/column/statistics/FloatStatistics
instanceKlass org/apache/parquet/column/statistics/LongStatistics
instanceKlass org/apache/parquet/column/statistics/IntStatistics
instanceKlass org/apache/parquet/column/statistics/NoopStatistics
ciInstanceKlass org/apache/parquet/column/statistics/Statistics 1 1 285 10 9 10 9 10 9 9 9 9 10 7 10 7 10 100 10 7 10 100 10 7 10 100 10 10 10 10 10 10 10 10 10 100 10 100 10 7 10 10 100 100 10 7 10 100 10 7 10 10 10 10 10 10 10 10 10 10 10 10 10 10 10 10 10 10 10 10 8 7 10 10 10 8 8 8 7 1 1 1 1 1 1 1 1 1 1 1 1 1 1 1 1 1 1 1 1 1 1 1 1 1 1 1 7 1 1 1 1 1 1 1 1 1 1 1 7 1 1 1 1 1 1 1 1 1 1 1 1 1 1 1 1 1 1 1 1 1 1 1 1 1 1 1 1 1 1 1 1 1 1 1 1 1 1 1 1 1 1 1 1 1 1 1 1 1 1 1 1 1 1 1 1 1 1 1 1 1 1 1 1 1 1 1 1 1 1 1 1 1 12 12 12 12 12 12 12 12 12 12 1 1 1 1 1 1 1 12 7 12 12 12 1 1 1 12 100 1 1 1 1 1 1 12 12 100 12 12 12 12 12 100 12 12 12 12 12 12 100 12 12 100 12 12 12 12 1 1 12 12 100 12 1 1 1 1 1 1 1 1 1 1 1 1 1 1 1 1 1 1 1 1 1 1 1 1 1 1 1 1 1 1 1 1 1
ciInstanceKlass org/apache/parquet/VersionParser$ParsedVersion 1 1 113 10 10 8 10 9 9 9 10 7 7 9 9 10 7 10 10 18 7 1 1 1 1 1 1 1 1 1 1 1 1 1 1 1 1 1 1 1 1 1 100 100 7 1 1 1 1 1 1 1 1 1 1 1 1 1 1 1 1 1 100 12 7 12 1 7 12 12 12 12 12 1 1 1 12 12 12 1 12 12 1 15 8 12 1 1 1 1 1 1 1 1 1 1 1 1 1 1 1 1 10 1 1 1 100 12 1 100 1 1 100 1 1
instanceKlass org/apache/spark/sql/execution/vectorized/OnHeapColumnVector
ciInstanceKlass org/apache/spark/sql/execution/vectorized/WritableColumnVector 1 1 771 1 7 1 7 1 1 100 1 100 1 1 1 1 1 1 1 1 1 1 1 1 1 1 1 1 1 1 1 1 1 1 3 1 1 1 1 1 1 1 12 9 1 1 12 10 12 9 100 12 10 12 9 12 9 12 9 1 1 12 10 12 9 12 9 12 10 1 1 12 10 1 1 1 12 10 12 9 12 9 1 1 1 1 12 10 1 1 100 1 1 12 10 12 9 5 0 1 100 1 1 12 10 12 9 1 12 10 1 1 1 1 1 8 1 100 1 1 12 10 15 1 12 18 1 8 1 100 1 7 1 1 12 10 1 100 1 1 12 10 1 12 10 1 12 10 1 12 10 1 12 10 1 12 10 1 8 1 12 18 1 100 1 1 12 10 1 1 1 1 1 1 1 1 1 1 1 1 1 1 1 1 7 1 1 12 9 1 1 12 10 1 1 1 1 1 1 1 1 12 9 1 100 12 10 12 9 1 1 12 10 1 1 1 1 1 1 1 1 1 1 1 1 1 1 1 1 1 1 1 1 1 1 1 1 1 1 1 1 1 1 1 1 1 1 1 1 1 1 1 1 1 1 12 10 1 1 1 12 10 1 1 12 10 12 10 1 1 1 1 12 10 1 1 1 1 12 10 1 100 1 12 10 1 12 10 1 1 12 10 1 12 10 1 1 12 10 1 1 12 10 1 100 1 12 10 1 100 1 12 10 1 1 12 10 1 1 1 1 1 1 1 1 1 1 1 12 10 12 10 12 10 1 1 12 10 1 1 12 10 1 1 12 10 12 10 1 1 1 1 12 10 1 100 1 12 9 1 12 9 1 1 12 9 1 1 1 1 12 10 1 12 10 1 1 12 10 12 10 1 7 1 12 11 1 7 1 1 12 10 1 1 12 10 1 1 1 1 12 10 1 100 1 12 10 1 1 1 1 1 12 10 1 7 12 10 1 12 10 1 12 10 1 1 1 12 10 1 1 1 12 10 1 12 10 1 1 1 12 10 1 12 10 1 1 1 12 10 1 1 1 12 10 1 12 10 1 1 1 1 12 10 1 12 10 1 1 1 1 1 12 10 1 12 10 1 1 12 10 1 1 1 12 10 1 12 10 1 1 1 12 10 1 1 12 10 1 12 10 1 1 1 12 10 1 1 1 1 1 12 9 1 7 12 10 12 10 12 10 1 1 1 1 1 100 1 12 10 12 10 1 100 1 1 12 10 1 100 1 1 12 10 1 100 1 1 12 10 12 10 12 10 12 10 12 10 1 100 100 12 10 1 100 1 1 12 10 12 10 1 100 1 1 12 10 12 10 1 12 10 1 100 1 12 10 1 100 1 1 12 10 12 10 12 10 1 100 1 12 10 12 10 1 1 12 10 1 100 12 10 1 12 10 1 1 12 10 1 100 1 12 10 1 100 1 1 12 10 1 100 10 1 12 10 10 1 1 1 1 1 1 1 1 1 1 1 1 1 1 1 1 1 100 1 12 10 1 1 1 100 1 12 10 1 1 1 1 1 1 12 10 1 12 9 1 7 1 1 7 1 7 1 7 1 7 1 7 1 7 1 1 12 10 1 1 12 9 1 1 1 12 10 3 1 1 12 10 1 12 10 1 12 10 12 10 1 12 10 1 100 1 12 9 1 1 12 10 1 100 10 1 7 1 12 10 1 12 10 1 7 1 12 9 1 12 9 1 1 1 1 1 1 1 1 1 7 1 12 10 1 1 1 1 1 1 1 1 1 1 1 1
staticfield org/apache/spark/sql/execution/vectorized/WritableColumnVector BOOL_BYTE_TO_LONG_TABLE [J 256
staticfield org/apache/spark/sql/execution/vectorized/WritableColumnVector $assertionsDisabled Z 1
ciInstanceKlass org/apache/spark/sql/execution/vectorized/OnHeapColumnVector 1 1 488 10 100 12 1 1 1 10 7 12 1 1 1 10 100 12 1 1 1 10 12 1 1 10 7 1 10 12 1 1 10 12 1 1 9 12 1 1 9 12 1 9 12 1 1 9 12 1 1 9 12 1 1 9 12 1 1 9 12 1 1 9 12 1 9 12 1 10 12 1 10 12 1 1 9 12 1 1 10 12 1 9 12 1 1 9 12 1 100 1 18 12 1 1 10 12 1 10 12 1 1 9 12 1 10 100 12 1 1 1 9 7 12 1 1 10 12 1 1 9 12 1 1 10 12 10 7 12 1 1 1 10 100 12 1 1 1 9 12 1 1 10 12 1 1 11 7 12 1 1 10 12 1 1 10 7 12 1 1 1 10 100 12 1 1 10 12 1 1 9 12 1 5 0 10 12 1 1 10 12 1 1 10 100 12 1 10 12 1 1 9 12 1 5 0 8 1 9 12 1 5 0 10 12 1 1 11 12 1 1 10 100 12 1 1 1 9 12 1 10 12 1 1 10 12 1 9 7 12 1 1 1 10 12 1 1 10 12 1 1 11 12 1 10 12 1 9 12 1 10 12 1 10 12 1 1 11 12 1 10 12 1 1 10 12 1 1 10 12 1 9 12 1 1 7 1 7 1 7 1 7 1 7 1 7 1 10 7 12 1 1 1 7 1 7 1 7 1 7 1 10 12 1 7 1 7 1 7 1 7 1 9 12 1 1 100 1 10 100 12 1 1 1 18 12 1 10 12 1 10 12 1 1 10 7 12 1 1 10 12 1 1 9 12 1 10 7 12 1 1 1 1 1 1 1 1 1 1 1 1 1 1 100 1 1 1 1 1 1 1 1 1 1 1 1 1 100 1 1 1 1 1 1 1 1 1 1 1 1 1 100 1 1 1 1 1 1 1 1 1 1 1 1 1 1 1 1 1 1 1 1 1 1 1 1 1 1 1 100 1 1 1 1 1 1 1 100 1 1 1 1 1 1 1 100 1 1 1 1 1 1 1 1 1 100 1 1 1 1 1 1 1 1 100 1 1 1 1 1 1 1 1 1 1 1 1 1 1 1 1 1 1 15 10 100 12 1 1 8 1 8 1 1 100 1 100 1 1
staticfield org/apache/spark/sql/execution/vectorized/OnHeapColumnVector bigEndianPlatform Z 0
staticfield org/apache/spark/sql/execution/vectorized/OnHeapColumnVector $assertionsDisabled Z 1
ciInstanceKlass org/apache/spark/sql/types/DataTypes 1 1 348 10 100 12 1 1 1 9 100 12 1 1 1 10 12 1 1 10 12 1 9 100 12 1 1 10 12 1 10 12 1 100 1 8 1 10 12 1 100 1 10 12 1 9 100 12 1 1 10 12 1 10 12 1 1 9 100 12 1 1 10 12 1 10 12 1 1 9 100 12 1 1 10 12 1 10 12 1 8 1 8 1 100 1 10 12 1 8 1 8 1 8 1 100 1 10 12 1 100 1 10 10 12 1 1 10 7 12 1 1 1 11 100 12 1 1 1 11 12 1 1 100 1 10 12 1 1 8 1 100 1 10 8 1 10 12 1 1 11 100 12 1 1 1 11 8 1 9 100 12 1 1 10 12 9 100 12 1 1 10 12 1 9 100 12 1 1 10 12 1 9 7 12 1 1 9 12 1 1 9 7 12 1 1 9 12 1 9 7 12 1 1 9 12 1 9 7 12 1 1 9 12 1 9 7 12 1 1 9 12 1 9 7 12 1 1 9 12 1 9 7 12 1 1 9 12 1 9 7 12 1 1 9 12 1 9 7 12 1 1 9 12 1 9 7 12 1 1 9 12 1 9 7 12 1 1 9 12 1 9 7 12 1 1 9 12 1 9 7 12 1 1 9 12 1 9 7 12 1 1 9 12 1 9 7 12 1 1 9 12 1 1 1 1 1 1 1 1 1 1 1 1 1 1 1 1 1 1 1 1 1 1 1 1 1 1 1 1 1 1 1 1 1 1 1 1 1 1 1 1 1 1 1 1 1 1 1 1 1 1 1 1 1 1 1 1 1 1
staticfield org/apache/spark/sql/types/DataTypes StringType Lorg/apache/spark/sql/types/DataType; org/apache/spark/sql/types/StringType$
staticfield org/apache/spark/sql/types/DataTypes BinaryType Lorg/apache/spark/sql/types/DataType; org/apache/spark/sql/types/BinaryType$
staticfield org/apache/spark/sql/types/DataTypes BooleanType Lorg/apache/spark/sql/types/DataType; org/apache/spark/sql/types/BooleanType$
staticfield org/apache/spark/sql/types/DataTypes DateType Lorg/apache/spark/sql/types/DataType; org/apache/spark/sql/types/DateType$
staticfield org/apache/spark/sql/types/DataTypes TimestampType Lorg/apache/spark/sql/types/DataType; org/apache/spark/sql/types/TimestampType$
staticfield org/apache/spark/sql/types/DataTypes TimestampNTZType Lorg/apache/spark/sql/types/DataType; org/apache/spark/sql/types/TimestampNTZType$
staticfield org/apache/spark/sql/types/DataTypes CalendarIntervalType Lorg/apache/spark/sql/types/DataType; org/apache/spark/sql/types/CalendarIntervalType$
staticfield org/apache/spark/sql/types/DataTypes DoubleType Lorg/apache/spark/sql/types/DataType; org/apache/spark/sql/types/DoubleType$
staticfield org/apache/spark/sql/types/DataTypes FloatType Lorg/apache/spark/sql/types/DataType; org/apache/spark/sql/types/FloatType$
staticfield org/apache/spark/sql/types/DataTypes ByteType Lorg/apache/spark/sql/types/DataType; org/apache/spark/sql/types/ByteType$
staticfield org/apache/spark/sql/types/DataTypes IntegerType Lorg/apache/spark/sql/types/DataType; org/apache/spark/sql/types/IntegerType$
staticfield org/apache/spark/sql/types/DataTypes LongType Lorg/apache/spark/sql/types/DataType; org/apache/spark/sql/types/LongType$
staticfield org/apache/spark/sql/types/DataTypes ShortType Lorg/apache/spark/sql/types/DataType; org/apache/spark/sql/types/ShortType$
staticfield org/apache/spark/sql/types/DataTypes NullType Lorg/apache/spark/sql/types/DataType; org/apache/spark/sql/types/NullType$
staticfield org/apache/spark/sql/types/DataTypes VariantType Lorg/apache/spark/sql/types/DataType; org/apache/spark/sql/types/VariantType$
ciInstanceKlass org/apache/parquet/bytes/ByteBufferReleaser 1 1 69 10 7 10 9 9 11 11 11 11 100 11 11 7 7 100 1 1 1 1 1 1 1 1 1 1 1 1 1 1 1 1 1 1 1 1 1 100 1 1 12 1 12 12 100 12 12 12 12 1 100 12 12 1 1 1 1 1 1 1 1 1 1 1 1 1 1 1 1
instanceKlass org/apache/parquet/bytes/BytesInput$UnsignedVarIntBytesInput
instanceKlass org/apache/parquet/bytes/BytesInput$UnsignedVarLongBytesInput
instanceKlass org/apache/parquet/bytes/BytesInput$IntBytesInput
instanceKlass org/apache/parquet/bytes/BytesInput$EmptyBytesInput
instanceKlass org/apache/parquet/bytes/BytesInput$StreamBytesInput
instanceKlass org/apache/parquet/bytes/BytesInput$BufferListBytesInput
instanceKlass org/apache/parquet/bytes/BytesInput$ByteBufferBytesInput
instanceKlass org/apache/parquet/bytes/BytesInput$BAOSBytesInput
instanceKlass org/apache/parquet/bytes/BytesInput$CapacityBAOSBytesInput
instanceKlass org/apache/parquet/bytes/BytesInput$ByteArrayBytesInput
instanceKlass org/apache/parquet/bytes/BytesInput$SequenceBytesIn
ciInstanceKlass org/apache/parquet/bytes/BytesInput 1 1 346 10 100 10 10 7 10 10 10 10 10 7 10 100 10 11 11 7 9 8 10 11 100 10 100 10 100 10 100 10 100 10 100 10 9 10 10 10 100 5 0 100 5 0 18 10 100 10 10 8 10 10 11 10 10 10 11 11 10 10 10 9 10 18 10 10 10 11 10 10 10 7 10 7 10 7 1 1 1 1 1 1 1 1 1 1 1 1 1 1 1 1 1 1 1 1 1 1 1 1 1 1 1 1 1 1 1 1 1 1 1 1 1 1 1 1 1 1 1 1 1 1 1 1 1 1 1 1 1 1 1 1 1 1 1 1 1 1 1 1 1 1 1 1 1 1 1 1 1 1 1 1 1 1 1 1 1 1 1 1 1 1 1 1 1 1 1 1 1 1 1 1 1 1 1 1 1 1 1 1 1 1 1 1 1 1 1 1 1 1 12 1 100 12 12 1 12 12 12 12 12 1 12 1 7 12 12 1 12 1 12 100 12 1 12 1 12 1 1 12 1 12 1 12 12 12 12 12 1 1 1 15 8 12 12 1 12 1 100 12 12 12 12 100 12 100 12 100 12 12 12 12 100 12 100 12 15 16 15 16 12 12 12 12 12 12 7 12 1 7 12 1 1 1 1 1 1 1 1 1 1 1 1 1 1 1 1 1 1 1 1 1 1 1 1 1 10 1 1 1 1 1 1 1 1 1 1 1 1 1 1 1 1 1 1 1 1 1 1 1 10 10 1 1 1 1 1 1 1 1 100 12 100 12 12 1 100 1 1 1 1 1 1 100 1 1
staticfield org/apache/parquet/bytes/BytesInput LOG Lorg/slf4j/Logger; org/apache/logging/slf4j/Log4jLogger
staticfield org/apache/parquet/bytes/BytesInput EMPTY_BYTES_INPUT Lorg/apache/parquet/bytes/BytesInput$EmptyBytesInput; org/apache/parquet/bytes/BytesInput$EmptyBytesInput
ciInstanceKlass org/apache/parquet/bytes/BytesInput$StreamBytesInput 1 1 155 10 9 9 9 8 10 11 10 10 10 10 10 10 11 100 18 10 10 100 100 8 10 8 7 10 10 7 10 7 1 1 1 1 1 1 1 1 1 1 1 1 1 1 1 1 1 1 1 1 1 1 1 1 1 1 1 1 1 1 1 1 1 100 100 1 1 1 1 1 1 1 1 1 1 1 12 12 12 12 1 7 12 7 12 12 100 12 12 12 12 100 12 12 1 1 15 8 12 12 12 1 1 1 12 1 1 12 12 1 7 12 1 1 1 1 1 1 1 1 1 1 1 1 1 1 1 1 1 1 1 1 1 1 1 10 1 1 1 1 1 1 1 1 1 1 100 12 1 100 1 1 100 1 1
staticfield org/apache/parquet/bytes/BytesInput$StreamBytesInput LOG Lorg/slf4j/Logger; org/apache/logging/slf4j/Log4jLogger
instanceKlass org/apache/parquet/column/page/DataPageV2
instanceKlass org/apache/parquet/column/page/DataPageV1
ciInstanceKlass org/apache/parquet/column/page/DataPage 1 1 64 5 0 10 10 9 9 10 10 10 7 7 100 1 1 1 1 1 1 1 1 1 1 1 1 1 1 1 1 1 1 1 1 1 7 1 1 1 1 1 1 1 1 1 1 12 12 12 12 12 100 12 12 1 1 1 1 1 1 1 1 1 1 1
ciInstanceKlass org/apache/parquet/column/page/DataPageV1 1 1 134 10 10 10 9 9 9 9 9 9 10 10 10 18 11 10 10 10 7 7 1 1 1 1 1 1 1 1 1 1 1 1 1 1 1 1 1 1 1 1 1 1 1 1 1 1 1 1 1 1 1 1 1 1 1 1 1 1 1 1 7 1 1 1 1 1 1 1 1 1 1 100 1 1 1 7 12 7 12 12 12 12 12 12 12 12 12 12 12 1 15 8 12 12 12 100 12 12 1 1 1 1 1 1 1 1 1 1 1 1 1 1 1 10 1 1 1 1 1 1 1 1 1 1 1 100 12 1 100 1 1 100 1 1
ciInstanceKlass org/apache/parquet/column/page/PageReader 1 0 13 100 100 1 1 1 1 1 1 1 1 1 1
ciInstanceKlass org/apache/parquet/hadoop/ColumnChunkPageReadStore$ColumnChunkPageReader 1 1 346 10 9 9 7 10 9 9 11 11 11 7 10 9 9 9 9 7 10 10 9 9 9 10 9 9 9 11 11 10 10 7 10 10 10 10 10 10 6 0 6 0 9 8 7 5 0 10 5 0 10 11 9 10 11 9 11 9 11 10 10 11 10 10 7 10 11 10 10 10 10 10 10 10 100 100 8 10 10 7 100 1 1 1 7 1 1 1 1 1 1 1 1 1 1 1 1 1 1 1 1 1 1 100 1 1 1 1 1 1 1 1 1 1 1 1 1 1 1 1 1 1 1 1 1 1 1 1 7 100 100 7 7 1 1 1 1 1 1 1 1 1 1 1 1 1 1 1 1 1 1 1 1 100 1 1 1 1 1 100 1 1 1 1 1 7 12 12 12 1 12 12 12 12 12 12 1 12 12 12 12 12 1 12 12 12 12 100 12 100 12 12 12 12 12 7 12 12 1 12 12 12 7 12 100 12 12 12 1 1 100 12 100 12 100 12 100 12 12 12 12 12 12 12 12 12 12 12 12 1 12 12 12 12 12 12 7 12 12 12 1 1 1 12 12 1 1 100 1 100 1 1 1 1 1 1 1 1 1 1 1 1 1 1 1 1 1 1 1 1 100 1 1 1 1 1 1 1 1 1 1 1 1 1 1 100 1 1 1 1 1 1 1 1 1 1 1 1 1 1 1 1 1 1 1 1 1 1 1 1 1 1 1 1 1 1 1 1 1 1 1 1 1 1 1 1 1 1 1 1 1 1 1 1 1 1 1 1 1 1 1 1 1 1 1 1
ciInstanceKlass org/apache/parquet/column/page/DataPage$Visitor 1 0 19 100 100 1 1 1 1 1 1 1 1 1 1 100 1 1 1 1 1
ciInstanceKlass org/apache/spark/sql/execution/datasources/parquet/VectorizedColumnReader 1 1 624 10 7 12 1 1 1 9 7 12 1 1 1 11 7 12 1 1 1 9 12 1 1 7 1 11 12 1 1 10 7 12 1 1 1 100 1 10 12 1 9 12 1 1 10 7 12 1 1 1 10 7 12 1 1 1 9 12 1 1 7 1 10 12 1 9 12 1 1 11 7 12 1 1 1 10 7 12 1 1 1 10 7 12 1 1 1 9 12 1 1 9 12 1 1 100 1 10 100 12 1 1 1 18 12 1 1 10 12 1 11 12 1 1 8 1 10 12 1 9 12 1 8 1 10 12 1 1 8 1 8 1 100 1 10 9 12 1 1 9 12 1 1 9 7 12 1 1 1 10 7 12 1 1 1 7 1 9 7 12 1 1 1 9 12 1 9 12 1 10 12 1 1 7 1 10 12 1 10 12 1 9 100 12 1 1 1 10 12 1 1 9 12 1 10 12 1 9 12 1 7 1 7 1 7 1 10 12 1 10 12 1 10 7 12 1 1 1 10 12 1 1 10 12 1 1 10 12 1 1 9 12 1 1 9 12 1 9 12 1 10 12 1 9 12 1 1 10 12 1 1 10 12 1 1 9 12 1 9 12 1 9 12 1 9 12 1 1 9 12 1 1 7 1 10 7 12 1 1 1 9 12 1 10 12 1 1 10 12 1 1 10 12 1 1 10 12 1 10 100 12 1 1 9 12 1 1 10 12 1 1 7 1 10 12 1 10 12 1 1 11 100 12 1 1 1 10 12 1 1 10 12 1 1 11 12 1 10 7 12 1 1 10 7 12 1 1 10 12 1 7 1 10 12 1 10 12 1 1 7 1 10 12 1 10 12 1 18 12 1 9 12 1 1 9 12 1 100 1 8 1 8 1 10 12 1 1 11 100 12 1 1 1 10 12 1 10 10 12 1 1 10 7 12 1 1 1 18 10 7 12 1 1 1 100 1 11 12 1 1 9 12 1 10 7 1 10 100 1 10 100 1 10 100 1 10 9 12 1 10 12 8 1 8 1 10 10 7 12 1 1 9 12 1 10 12 1 10 12 1 10 12 1 10 7 12 1 1 1 10 12 1 1 10 7 12 1 1 1 10 10 12 1 10 12 1 1 18 10 100 1 10 12 1 10 12 1 10 12 1 10 12 1 10 12 1 10 7 12 1 1 1 1 1 1 1 1 1 1 1 1 1 1 1 1 1 1 1 1 1 100 1 100 1 1 1 1 1 1 1 1 1 1 1 1 1 100 1 1 1 1 1 1 1 1 1 1 1 1 1 1 1 1 1 1 1 1 1 1 1 1 1 1 1 1 1 1 1 1 1 1 1 1 1 1 1 1 1 1 1 1 15 10 100 12 1 1 8 1 8 1 8 1 8 1 1 100 1 1 100 1 1 1 1 1 1 100 1 1 100 1 100 1 1
staticfield org/apache/spark/sql/execution/datasources/parquet/VectorizedColumnReader $assertionsDisabled Z 1
ciInstanceKlass org/apache/spark/sql/execution/vectorized/Dictionary 1 0 17 100 1 100 1 1 1 1 1 1 1 1 1 1 1 1 1
ciInstanceKlass org/apache/spark/sql/execution/datasources/parquet/VectorizedValuesReader 1 0 58 100 1 100 1 1 1 1 1 1 1 1 1 1 1 1 1 1 1 1 1 1 1 1 1 1 1 1 1 1 1 1 1 1 1 1 1 1 1 1 1 1 1 1 1 1 1 1 1 1 1 100 1 100 1 1 1 1
ciInstanceKlass org/apache/spark/sql/execution/datasources/parquet/VectorizedPlainValuesReader 1 1 426 10 7 12 1 1 1 9 7 12 1 1 1 9 12 1 1 10 100 12 1 1 1 10 7 12 1 1 1 100 1 100 1 8 1 10 12 1 9 12 1 1 10 100 12 1 1 1 10 7 12 1 1 1 10 12 1 1 10 7 12 1 1 1 10 12 1 1 10 12 1 10 12 1 10 12 1 10 12 1 1 10 12 1 10 12 1 1 8 1 10 12 1 9 7 12 1 1 1 10 12 1 1 18 12 1 1 10 12 1 1 10 12 1 10 12 1 1 5 0 10 12 1 1 10 100 12 1 1 1 10 12 1 1 10 12 1 10 100 12 1 1 8 1 10 100 12 1 1 1 10 12 1 10 12 1 10 12 1 1 5 0 10 12 1 1 10 12 1 10 12 1 1 10 12 10 12 1 10 12 1 1 10 12 1 10 12 1 1 10 12 1 1 10 12 1 10 12 1 1 10 12 1 1 10 12 1 10 12 10 12 1 10 12 1 1 10 12 1 10 12 1 10 100 12 1 1 1 10 12 1 9 12 1 1 10 12 1 1 100 1 100 1 10 10 12 1 9 100 12 1 1 1 10 12 1 1 8 1 100 1 10 9 100 12 1 1 8 1 10 12 1 1 10 12 1 10 12 1 100 1 10 10 12 1 1 11 100 12 1 1 1 10 12 1 1 10 12 1 10 12 1 1 10 12 1 10 12 1 10 12 1 1 10 7 12 1 1 100 1 1 1 1 1 1 1 1 1 1 1 1 1 1 1 1 1 1 1 1 1 1 1 1 1 1 100 1 1 1 1 1 1 1 1 1 1 1 1 1 1 1 1 1 1 1 1 1 1 1 1 1 1 1 100 1 1 1 1 1 1 1 1 1 1 1 1 1 1 1 1 1 1 1 1 1 1 1 1 1 1 1 1 1 1 1 1 1 1 1 1 1 1 15 10 100 12 1 1 8 1 1 100 1 100 1 1
staticfield org/apache/spark/sql/execution/datasources/parquet/VectorizedPlainValuesReader $assertionsDisabled Z 1
ciInstanceKlass org/apache/spark/sql/execution/datasources/parquet/VectorizedRleValuesReader 1 1 434 10 7 12 1 1 1 9 7 12 1 1 1 9 12 1 1 9 12 1 1 9 12 1 10 12 1 1 9 12 1 1 10 12 1 1 10 7 12 1 1 1 10 12 1 10 12 1 9 12 1 9 7 12 1 1 1 9 12 1 9 12 1 9 12 1 8 1 7 1 10 7 12 1 1 1 10 7 12 1 1 1 9 12 1 9 7 12 1 1 1 10 12 1 1 9 12 1 1 10 12 1 10 12 1 1 9 7 12 1 1 10 12 1 100 1 10 10 12 1 1 10 12 1 1 7 1 10 9 7 12 1 1 1 9 12 1 9 12 1 10 7 12 1 1 1 10 12 1 1 10 12 1 10 12 1 1 10 12 1 10 12 1 1 10 12 9 12 1 9 12 1 11 7 12 1 1 1 10 7 12 1 1 1 10 12 1 1 9 12 1 11 12 1 1 10 12 1 10 12 1 1 10 12 1 10 12 1 1 100 1 10 12 1 9 12 1 10 12 10 12 1 10 12 9 12 1 9 12 1 10 12 1 10 12 1 10 12 1 10 12 1 1 10 12 1 10 12 1 11 12 1 10 12 1 100 1 8 1 10 12 1 10 12 1 1 10 12 1 1 10 8 1 100 1 8 1 10 10 12 1 9 12 1 10 12 1 10 12 1 1 10 7 12 1 1 10 7 12 1 1 1 100 1 100 1 8 1 10 12 1 100 1 1 1 1 1 1 1 1 1 1 1 1 1 1 1 1 1 1 1 1 1 1 1 1 1 1 1 1 1 1 1 1 1 1 1 1 1 1 1 1 1 1 1 1 1 1 1 1 1 1 1 1 1 1 1 1 1 1 1 1 1 1 1 1 1 1 1 1 1 1 1 1 1 1 1 1 1 1 1 1 1 1 1 1 1 1 1 1 1 1 1 1 1 1 1 1 1 1 1 1 1 1 1 1 1 1 1 1 1 1 1 1 1 1 1 1 1 1 100 1 1 1
ciInstanceKlass org/apache/spark/sql/execution/datasources/parquet/ParquetReadState 1 1 161 10 7 12 1 1 1 10 7 12 1 1 1 9 7 12 1 1 1 10 12 1 9 12 1 9 12 1 1 10 12 1 1 9 12 1 1 10 12 1 100 1 10 100 1 5 0 11 100 12 1 1 1 11 12 1 1 7 1 10 12 1 11 100 12 1 1 1 11 12 1 1 9 12 1 9 12 1 9 12 1 9 12 1 9 12 1 9 12 1 9 12 1 9 12 1 1 9 12 1 1 9 12 1 9 12 1 9 12 1 11 100 1 9 12 1 11 12 1 1 5 0 1 1 1 1 1 1 1 1 1 1 1 1 1 1 1 1 1 1 1 1 1 1 1 1 1 1 1 1 1 1 1 1 1 1 1 100 1 1 1
staticfield org/apache/spark/sql/execution/datasources/parquet/ParquetReadState MAX_ROW_RANGE Lorg/apache/spark/sql/execution/datasources/parquet/ParquetReadState$RowRange; org/apache/spark/sql/execution/datasources/parquet/ParquetReadState$RowRange
staticfield org/apache/spark/sql/execution/datasources/parquet/ParquetReadState END_ROW_RANGE Lorg/apache/spark/sql/execution/datasources/parquet/ParquetReadState$RowRange; org/apache/spark/sql/execution/datasources/parquet/ParquetReadState$RowRange
ciInstanceKlass org/apache/spark/sql/execution/datasources/parquet/ParquetVectorUpdaterFactory 1 1 529 10 7 12 1 1 1 9 7 12 1 1 1 9 12 1 1 9 12 1 1 9 12 1 9 12 1 9 12 1 10 7 12 1 1 1 10 7 12 1 1 1 10 12 1 1 7 1 100 1 100 1 10 9 7 12 1 1 1 10 7 12 1 1 1 9 100 12 1 1 1 100 1 10 9 12 1 10 12 1 1 7 1 10 9 12 1 10 12 1 1 100 1 10 10 12 1 100 1 10 10 12 1 100 1 10 9 12 1 100 1 10 9 12 1 100 1 10 9 12 1 100 1 10 9 12 1 8 1 10 100 12 1 1 1 8 1 100 1 10 12 1 9 12 1 10 12 1 1 100 1 10 100 1 10 100 1 10 12 1 100 1 100 1 10 12 1 10 12 1 1 100 1 10 7 1 10 100 1 10 10 12 1 100 1 10 9 12 1 9 100 12 1 1 1 10 12 1 1 100 1 10 12 1 9 12 1 100 1 10 100 1 10 100 1 100 1 10 100 1 100 1 10 9 12 1 100 1 10 100 1 10 7 1 10 100 1 10 10 12 1 1 100 1 10 100 1 10 12 1 100 1 10 12 1 7 1 9 12 1 7 1 10 100 1 100 1 10 100 1 100 1 10 100 1 10 10 12 1 100 1 10 12 1 100 1 10 100 1 10 100 1 10 10 12 1 1 100 1 10 12 1 1 100 1 10 7 1 10 12 1 10 12 1 10 100 12 1 1 8 1 10 100 12 1 1 1 10 12 1 1 10 12 1 1 10 12 1 1 10 12 1 1 8 1 9 12 1 10 100 1 100 1 10 12 1 1 10 100 12 1 1 1 10 12 1 10 100 12 1 1 10 12 1 10 12 1 10 12 1 10 12 1 10 12 1 10 12 1 10 12 1 100 1 100 1 10 12 1 10 12 1 10 12 1 1 9 100 12 1 1 1 10 12 1 1 10 12 1 9 7 12 1 1 1 1 1 1 1 1 1 1 1 1 1 1 1 1 1 1 1 1 1 1 1 1 1 1 1 1 1 1 1 1 1 1 1 1 1 1 1 1 1 1 1 1 1 1 1 1 1 1 1 100 1 1 1 1 1 1 100 1 1 1 1 1 1 1 1 1 1 1 1 1 1 1 1 1 1 1 1 1 1 1 1 1 1 1 1 1 1 1 1 1 1 1 1 1 1 1 1 1 1 1 1 1 1 1 1
staticfield org/apache/spark/sql/execution/datasources/parquet/ParquetVectorUpdaterFactory UTC Ljava/time/ZoneId; java/time/ZoneOffset
ciInstanceKlass org/apache/spark/sql/execution/datasources/parquet/ParquetVectorUpdater 1 1 40 10 100 12 1 1 1 11 100 12 1 1 1 100 1 1 1 1 1 1 1 1 1 1 1 1 1 1 1 1 1 1 1 1 1 1 1 1 1 1
ciInstanceKlass org/apache/spark/sql/execution/datasources/SchemaColumnConvertNotSupportedException 0 0 52 9 100 12 1 1 1 9 12 1 9 12 1 18 12 1 1 10 100 12 1 1 1 1 1 1 1 1 1 1 1 1 1 1 1 1 1 1 15 10 100 12 1 1 8 1 1 100 1 100 1 1
ciInstanceKlass org/apache/spark/sql/execution/datasources/parquet/ParquetVectorUpdaterFactory$1 1 1 62 10 7 12 1 1 1 9 7 12 1 1 1 9 12 1 1 10 12 1 1 100 1 9 12 1 9 12 1 9 12 1 9 12 1 9 12 1 9 12 1 9 12 1 100 1 1 1 1 1 1 1 1 1 1 100 1 1 1 100 1 1
staticfield org/apache/spark/sql/execution/datasources/parquet/ParquetVectorUpdaterFactory$1 $SwitchMap$org$apache$parquet$schema$PrimitiveType$PrimitiveTypeName [I 8
ciInstanceKlass org/apache/spark/sql/execution/datasources/parquet/ParquetVectorUpdaterFactory$BinaryUpdater 1 1 75 10 7 12 1 1 1 11 7 12 1 1 1 11 12 1 1 10 100 12 1 1 1 10 100 12 1 1 1 10 100 12 1 1 1 10 12 1 1 100 1 100 1 1 1 1 1 1 1 1 1 1 1 1 1 1 1 1 1 1 1 1 1 1 1 1 1 1 1 1 1 7 1 1 1
ciInstanceKlass org/apache/parquet/hadoop/ColumnChunkPageReadStore$ColumnChunkPageReader$1 1 1 302 9 9 10 10 9 10 11 10 9 10 10 100 8 10 9 9 11 10 10 11 10 10 9 11 10 10 100 10 10 11 10 11 9 7 10 10 10 10 10 10 11 9 11 10 10 10 10 10 10 100 8 10 10 10 10 10 10 10 10 10 10 10 10 10 10 10 10 10 10 7 7 100 1 1 1 7 1 1 1 1 1 1 1 1 1 1 1 1 1 1 1 1 1 1 1 1 1 1 1 1 1 1 1 1 100 1 1 1 1 1 100 1 1 1 1 1 1 1 1 12 1 7 12 12 12 12 12 7 12 7 12 12 12 12 1 1 12 12 12 100 12 12 12 12 100 12 7 12 12 7 12 12 12 1 12 12 12 12 12 12 1 12 12 12 12 12 12 100 12 12 12 100 12 12 12 7 12 12 12 1 1 12 12 12 12 12 12 12 12 12 12 12 12 12 1 1 100 1 1 1 1 1 1 1 1 1 1 1 1 1 1 1 1 1 1 1 1 1 1 1 1 1 1 1 1 1 100 1 1 1 1 1 1 1 1 1 1 1 1 1 1 1 1 1 100 1 1 1 1 1 1 1 1 1 1 1 1 1 1 1 1 1 1 1 1 1 1 1 1 1 1 1 1 1 1 1 1 1 1 1 1 1 1 1 1 1 1 1 1 1 1 1 1 1 1 1 1 1 1 1 1
ciInstanceKlass org/apache/spark/sql/execution/datasources/parquet/VectorizedColumnReader$1 1 1 73 9 7 12 1 1 1 10 7 12 1 1 1 10 7 12 1 1 1 10 7 12 1 1 1 100 1 100 1 10 12 1 10 12 1 1 10 12 1 1 10 12 1 100 1 1 1 1 1 1 1 1 1 1 1 1 1 1 1 1 1 1 1 1 1 12 1 1 1 1 100 1 1
instanceKlass org/apache/parquet/column/values/bitpacking/Packer$2
instanceKlass org/apache/parquet/column/values/bitpacking/Packer$1
ciInstanceKlass org/apache/parquet/column/values/bitpacking/Packer 1 1 185 9 10 100 7 10 10 18 8 10 7 7 7 10 10 10 100 100 100 100 100 100 10 8 10 7 8 10 9 7 8 10 9 8 10 9 8 9 8 10 9 8 9 9 8 10 9 8 9 7 1 1 1 1 1 1 1 1 1 1 1 1 1 1 1 1 1 1 1 1 1 1 1 1 1 1 1 1 1 1 1 1 1 1 1 1 1 1 1 1 1 1 1 100 1 1 1 1 1 1 1 1 1 1 1 1 1 1 12 100 12 1 12 12 1 15 8 12 1 12 1 1 1 7 12 12 7 12 1 1 1 1 1 1 12 1 12 1 12 1 12 1 12 12 1 12 1 12 12 1 12 12 1 12 12 1 12 1 1 1 1 1 10 1 1 1 1 1 1 1 1 1 1 1 1 1 7 12 1 100 1 1 100 1 1
staticfield org/apache/parquet/column/values/bitpacking/Packer BIG_ENDIAN Lorg/apache/parquet/column/values/bitpacking/Packer; org/apache/parquet/column/values/bitpacking/Packer$1
staticfield org/apache/parquet/column/values/bitpacking/Packer LITTLE_ENDIAN Lorg/apache/parquet/column/values/bitpacking/Packer; org/apache/parquet/column/values/bitpacking/Packer$2
staticfield org/apache/parquet/column/values/bitpacking/Packer $VALUES [Lorg/apache/parquet/column/values/bitpacking/Packer; 2 [Lorg/apache/parquet/column/values/bitpacking/Packer;
ciInstanceKlass org/apache/parquet/column/values/bitpacking/Packer$2 1 1 73 10 9 11 9 11 9 7 8 10 100 8 10 9 11 7 1 1 1 1 1 1 1 1 1 1 1 1 1 1 1 1 100 100 1 1 1 1 1 1 12 12 100 12 12 7 12 12 1 1 12 1 1 12 12 100 12 1 1 1 1 1 1 1 1 1 1 1 1 1 1 1 1
ciInstanceKlass org/apache/parquet/column/values/bitpacking/BytePackerFactory 1 0 9 100 100 1 1 1 1 1 1
instanceKlass org/apache/parquet/column/values/bitpacking/ByteBitPackingLE$Packer32
instanceKlass org/apache/parquet/column/values/bitpacking/ByteBitPackingLE$Packer31
instanceKlass org/apache/parquet/column/values/bitpacking/ByteBitPackingLE$Packer30
instanceKlass org/apache/parquet/column/values/bitpacking/ByteBitPackingLE$Packer29
instanceKlass org/apache/parquet/column/values/bitpacking/ByteBitPackingLE$Packer28
instanceKlass org/apache/parquet/column/values/bitpacking/ByteBitPackingLE$Packer27
instanceKlass org/apache/parquet/column/values/bitpacking/ByteBitPackingLE$Packer26
instanceKlass org/apache/parquet/column/values/bitpacking/ByteBitPackingLE$Packer25
instanceKlass org/apache/parquet/column/values/bitpacking/ByteBitPackingLE$Packer24
instanceKlass org/apache/parquet/column/values/bitpacking/ByteBitPackingLE$Packer23
instanceKlass org/apache/parquet/column/values/bitpacking/ByteBitPackingLE$Packer22
instanceKlass org/apache/parquet/column/values/bitpacking/ByteBitPackingLE$Packer21
instanceKlass org/apache/parquet/column/values/bitpacking/ByteBitPackingLE$Packer20
instanceKlass org/apache/parquet/column/values/bitpacking/ByteBitPackingLE$Packer19
instanceKlass org/apache/parquet/column/values/bitpacking/ByteBitPackingLE$Packer18
instanceKlass org/apache/parquet/column/values/bitpacking/ByteBitPackingLE$Packer17
instanceKlass org/apache/parquet/column/values/bitpacking/ByteBitPackingLE$Packer16
instanceKlass org/apache/parquet/column/values/bitpacking/ByteBitPackingLE$Packer15
instanceKlass org/apache/parquet/column/values/bitpacking/ByteBitPackingLE$Packer14
instanceKlass org/apache/parquet/column/values/bitpacking/ByteBitPackingLE$Packer13
instanceKlass org/apache/parquet/column/values/bitpacking/ByteBitPackingLE$Packer12
instanceKlass org/apache/parquet/column/values/bitpacking/ByteBitPackingLE$Packer11
instanceKlass org/apache/parquet/column/values/bitpacking/ByteBitPackingLE$Packer10
instanceKlass org/apache/parquet/column/values/bitpacking/ByteBitPackingLE$Packer9
instanceKlass org/apache/parquet/column/values/bitpacking/ByteBitPackingLE$Packer8
instanceKlass org/apache/parquet/column/values/bitpacking/ByteBitPackingLE$Packer7
instanceKlass org/apache/parquet/column/values/bitpacking/ByteBitPackingLE$Packer6
instanceKlass org/apache/parquet/column/values/bitpacking/ByteBitPackingLE$Packer5
instanceKlass org/apache/parquet/column/values/bitpacking/ByteBitPackingLE$Packer4
instanceKlass org/apache/parquet/column/values/bitpacking/ByteBitPackingLE$Packer3
instanceKlass org/apache/parquet/column/values/bitpacking/ByteBitPackingLE$Packer2
instanceKlass org/apache/parquet/column/values/bitpacking/ByteBitPackingLE$Packer1
instanceKlass org/apache/parquet/column/values/bitpacking/ByteBitPackingLE$Packer0
instanceKlass org/apache/parquet/column/values/bitpacking/ByteBitPackingBE$Packer32
instanceKlass org/apache/parquet/column/values/bitpacking/ByteBitPackingBE$Packer31
instanceKlass org/apache/parquet/column/values/bitpacking/ByteBitPackingBE$Packer30
instanceKlass org/apache/parquet/column/values/bitpacking/ByteBitPackingBE$Packer29
instanceKlass org/apache/parquet/column/values/bitpacking/ByteBitPackingBE$Packer28
instanceKlass org/apache/parquet/column/values/bitpacking/ByteBitPackingBE$Packer27
instanceKlass org/apache/parquet/column/values/bitpacking/ByteBitPackingBE$Packer26
instanceKlass org/apache/parquet/column/values/bitpacking/ByteBitPackingBE$Packer25
instanceKlass org/apache/parquet/column/values/bitpacking/ByteBitPackingBE$Packer24
instanceKlass org/apache/parquet/column/values/bitpacking/ByteBitPackingBE$Packer23
instanceKlass org/apache/parquet/column/values/bitpacking/ByteBitPackingBE$Packer22
instanceKlass org/apache/parquet/column/values/bitpacking/ByteBitPackingBE$Packer21
instanceKlass org/apache/parquet/column/values/bitpacking/ByteBitPackingBE$Packer20
instanceKlass org/apache/parquet/column/values/bitpacking/ByteBitPackingBE$Packer19
instanceKlass org/apache/parquet/column/values/bitpacking/ByteBitPackingBE$Packer18
instanceKlass org/apache/parquet/column/values/bitpacking/ByteBitPackingBE$Packer17
instanceKlass org/apache/parquet/column/values/bitpacking/ByteBitPackingBE$Packer16
instanceKlass org/apache/parquet/column/values/bitpacking/ByteBitPackingBE$Packer15
instanceKlass org/apache/parquet/column/values/bitpacking/ByteBitPackingBE$Packer14
instanceKlass org/apache/parquet/column/values/bitpacking/ByteBitPackingBE$Packer13
instanceKlass org/apache/parquet/column/values/bitpacking/ByteBitPackingBE$Packer12
instanceKlass org/apache/parquet/column/values/bitpacking/ByteBitPackingBE$Packer11
instanceKlass org/apache/parquet/column/values/bitpacking/ByteBitPackingBE$Packer10
instanceKlass org/apache/parquet/column/values/bitpacking/ByteBitPackingBE$Packer9
instanceKlass org/apache/parquet/column/values/bitpacking/ByteBitPackingBE$Packer8
instanceKlass org/apache/parquet/column/values/bitpacking/ByteBitPackingBE$Packer7
instanceKlass org/apache/parquet/column/values/bitpacking/ByteBitPackingBE$Packer6
instanceKlass org/apache/parquet/column/values/bitpacking/ByteBitPackingBE$Packer5
instanceKlass org/apache/parquet/column/values/bitpacking/ByteBitPackingBE$Packer4
instanceKlass org/apache/parquet/column/values/bitpacking/ByteBitPackingBE$Packer3
instanceKlass org/apache/parquet/column/values/bitpacking/ByteBitPackingBE$Packer2
instanceKlass org/apache/parquet/column/values/bitpacking/ByteBitPackingBE$Packer1
instanceKlass org/apache/parquet/column/values/bitpacking/ByteBitPackingBE$Packer0
ciInstanceKlass org/apache/parquet/column/values/bitpacking/BytePacker 1 1 62 10 9 100 8 10 10 10 10 8 7 7 1 1 1 1 1 1 1 1 1 1 1 1 1 1 1 1 1 1 1 1 1 1 1 1 1 1 1 1 1 1 1 1 1 12 12 1 1 12 100 12 12 12 1 1 1 1 1 1 1 1
ciInstanceKlass org/apache/parquet/column/values/bitpacking/ByteBitPackingLE 1 1 164 10 7 9 7 10 7 10 7 10 7 10 7 10 7 10 7 10 7 10 7 10 7 10 7 10 7 10 7 10 7 10 7 10 7 10 7 10 7 10 7 10 7 10 7 10 7 10 7 10 7 10 7 10 7 10 7 10 7 10 7 10 7 10 7 10 7 10 7 10 7 10 9 7 100 1 1 1 1 1 1 1 1 1 1 1 1 1 1 1 1 1 1 1 1 1 1 1 1 1 1 1 1 1 1 1 1 1 1 1 1 1 1 1 1 1 1 1 1 1 1 1 1 1 12 1 12 1 1 1 1 1 1 1 1 1 1 1 1 1 1 1 1 1 1 1 1 1 1 1 1 1 1 1 1 1 1 1 1 1 1 12 1 1
staticfield org/apache/parquet/column/values/bitpacking/ByteBitPackingLE packers [Lorg/apache/parquet/column/values/bitpacking/BytePacker; 33 [Lorg/apache/parquet/column/values/bitpacking/BytePacker;
staticfield org/apache/parquet/column/values/bitpacking/ByteBitPackingLE factory Lorg/apache/parquet/column/values/bitpacking/BytePackerFactory; org/apache/parquet/column/values/bitpacking/ByteBitPackingLE$1
ciInstanceKlass org/apache/parquet/column/values/bitpacking/ByteBitPackingLE$1 1 1 31 10 9 100 7 100 1 1 1 1 1 1 1 1 1 1 1 1 1 1 1 7 1 12 12 1 1 1 1 1 1
ciInstanceKlass org/apache/spark/sql/execution/datasources/parquet/VectorizedRleValuesReader$MODE 1 1 55 7 1 9 12 1 1 9 12 1 9 12 1 1 10 7 12 1 1 10 7 12 1 1 1 10 12 1 1 8 10 8 10 12 1 1 1 1 1 1 1 1 1 1 1 1 1 1 1 1 1 100 1 1 1
staticfield org/apache/spark/sql/execution/datasources/parquet/VectorizedRleValuesReader$MODE RLE Lorg/apache/spark/sql/execution/datasources/parquet/VectorizedRleValuesReader$MODE; org/apache/spark/sql/execution/datasources/parquet/VectorizedRleValuesReader$MODE
staticfield org/apache/spark/sql/execution/datasources/parquet/VectorizedRleValuesReader$MODE PACKED Lorg/apache/spark/sql/execution/datasources/parquet/VectorizedRleValuesReader$MODE; org/apache/spark/sql/execution/datasources/parquet/VectorizedRleValuesReader$MODE
staticfield org/apache/spark/sql/execution/datasources/parquet/VectorizedRleValuesReader$MODE $VALUES [Lorg/apache/spark/sql/execution/datasources/parquet/VectorizedRleValuesReader$MODE; 2 [Lorg/apache/spark/sql/execution/datasources/parquet/VectorizedRleValuesReader$MODE;
ciInstanceKlass org/apache/parquet/CorruptDeltaByteArrays 1 1 152 10 9 8 9 10 10 9 8 9 11 10 10 9 10 8 11 10 8 11 10 10 100 100 10 18 11 7 10 7 10 7 100 1 1 1 1 1 1 1 1 1 1 1 1 100 1 1 1 1 1 1 1 1 1 1 1 1 1 1 1 100 1 1 1 1 1 1 12 7 12 1 12 100 12 12 12 1 12 100 12 12 12 12 12 1 12 100 12 1 12 100 12 12 1 1 1 12 1 15 8 12 12 1 7 12 1 12 1 1 1 1 1 1 1 1 1 1 1 1 1 1 1 1 1 1 1 1 1 1 1 1 1 1 1 10 1 1 1 1 1 1 1 100 12 1 100 1 1 100 1 1
staticfield org/apache/parquet/CorruptDeltaByteArrays LOG Lorg/slf4j/Logger; org/apache/logging/slf4j/Log4jLogger
staticfield org/apache/parquet/CorruptDeltaByteArrays PARQUET_246_FIXED_VERSION Lorg/apache/parquet/SemanticVersion; org/apache/parquet/SemanticVersion
ciInstanceKlass org/apache/spark/sql/execution/datasources/parquet/ParquetVectorUpdaterFactory$IntegerUpdater 1 1 70 10 7 12 1 1 1 11 7 12 1 1 1 11 12 1 1 11 12 1 1 10 7 12 1 1 1 10 12 1 1 10 100 12 1 1 100 1 100 1 1 1 1 1 1 1 1 1 1 1 1 1 1 1 1 1 1 1 1 1 1 1 1 1 1 1 100 1 1 1
ciInstanceKlass org/apache/spark/sql/execution/datasources/parquet/VectorizedColumnReader$2 1 1 78 10 7 12 1 1 1 9 7 12 1 1 1 9 12 1 1 10 12 1 1 100 1 9 12 1 9 12 1 9 12 1 9 12 1 10 7 12 1 1 9 12 1 9 12 1 1 10 9 12 1 9 12 1 9 12 1 9 12 1 100 1 1 1 1 1 1 1 1 1 1 100 1 1 1 100 1 1
staticfield org/apache/spark/sql/execution/datasources/parquet/VectorizedColumnReader$2 $SwitchMap$org$apache$parquet$schema$PrimitiveType$PrimitiveTypeName [I 8
staticfield org/apache/spark/sql/execution/datasources/parquet/VectorizedColumnReader$2 $SwitchMap$org$apache$parquet$column$Encoding [I 9
ciInstanceKlass org/apache/spark/sql/execution/datasources/parquet/ParquetDictionary 1 1 80 10 7 12 1 1 1 9 7 12 1 1 1 9 12 1 1 10 7 12 1 1 1 10 12 1 1 10 100 12 1 1 10 12 1 1 10 12 1 1 100 1 10 100 12 1 1 1 10 12 1 10 12 1 1 10 12 1 1 10 7 12 1 1 100 1 1 1 1 1 1 1 1 1 1 1 1 1 1 1
ciInstanceKlass org/apache/spark/sql/execution/datasources/parquet/ParquetVectorUpdaterFactory$LongUpdater 1 1 71 10 7 12 1 1 1 11 7 12 1 1 1 11 12 1 1 11 12 1 1 10 100 12 1 1 1 10 12 1 1 10 100 12 1 1 1 100 1 100 1 1 1 1 1 1 1 1 1 1 1 1 1 1 1 1 1 1 1 1 1 1 1 1 1 1 1 7 1 1 1
ciInstanceKlass org/apache/spark/sql/execution/datasources/parquet/ParquetVectorUpdaterFactory$DoubleUpdater 1 1 71 10 7 12 1 1 1 11 7 12 1 1 1 11 12 1 1 11 12 1 1 10 100 12 1 1 1 10 12 1 1 10 100 12 1 1 1 100 1 100 1 1 1 1 1 1 1 1 1 1 1 1 1 1 1 1 1 1 1 1 1 1 1 1 1 1 1 7 1 1 1
ciInstanceKlass org/apache/parquet/format/BlockCipher$Decryptor 0 0 19 100 100 1 1 1 1 1 100 1 1 1 100 1 1 1 1 1 1
ciMethodData java/lang/Object <init> ()V 2 11018565 orig 80 1 0 0 0 0 0 0 0 0 0 0 0 250 127 0 0 0 0 0 0 0 0 0 0 0 0 0 0 0 0 0 0 0 0 0 0 0 0 0 0 0 0 0 0 0 0 0 0 0 0 0 0 0 0 0 0 0 0 0 0 0 0 0 0 0 0 0 0 0 0 0 0 0 0 0 0 0 0 0 0 data 4 0x0 0x9 0x1 0x0 oops 0 methods 0
ciMethodData java/util/AbstractCollection <init> ()V 2 359869 orig 80 0 0 0 0 0 0 0 0 0 0 0 0 250 127 0 0 0 0 0 0 0 0 0 0 0 0 0 0 0 0 0 0 0 0 0 0 0 0 0 0 0 0 0 0 0 0 0 0 0 0 0 0 0 0 0 0 0 0 0 0 0 0 0 0 0 0 0 0 0 0 0 0 0 0 0 0 0 0 0 0 data 7 0x10002 0x57cb1 0x0 0x0 0x9 0x1 0x0 oops 0 methods 0
ciMethodData java/util/ArrayList get (I)Ljava/lang/Object; 2 41989 orig 80 0 0 0 0 0 0 0 0 0 0 0 0 250 127 0 0 0 0 0 0 0 0 0 0 0 0 0 0 0 0 0 0 0 0 0 0 0 0 0 0 0 0 0 0 0 0 0 0 0 0 0 0 0 0 0 0 0 0 0 0 0 0 0 0 0 0 0 0 0 0 0 0 0 0 0 0 0 0 0 0 data 19 0x50002 0xa2f5 0xb0005 0x0 0x0 0x1efff8ebba0 0xa2f5 0x0 0x0 0x0 0x0 0x0 0x0 0x0 0x0 0x9 0x2 0x0 0x0 oops 1 5 java/util/ArrayList methods 0
ciMethodData java/util/Objects checkIndex (II)I 2 53125 orig 80 0 0 0 0 0 0 0 0 0 0 0 0 250 127 0 0 0 0 0 0 0 0 0 0 0 0 0 0 0 0 0 0 0 0 0 0 0 0 0 0 0 0 0 0 0 0 0 0 0 0 0 0 0 0 0 0 0 0 0 0 0 0 0 0 0 0 0 0 0 0 0 0 0 0 0 0 0 0 0 0 data 12 0x30002 0xce71 0x0 0x0 0x0 0x0 0x0 0x0 0x9 0x2 0x0 0x0 oops 0 methods 0
ciMethodData java/util/ArrayList elementData (I)Ljava/lang/Object; 2 49786 orig 80 0 0 0 0 0 0 0 0 0 0 0 0 250 127 0 0 0 0 0 0 0 0 0 0 0 0 0 0 0 0 0 0 0 0 0 0 0 0 0 0 0 0 0 0 0 0 0 0 0 0 0 0 0 0 0 0 0 0 0 0 0 0 0 0 0 0 0 0 0 0 0 0 0 0 0 0 0 0 0 0 data 8 0x0 0x0 0x0 0x0 0x9 0x2 0x0 0x0 oops 0 methods 0
ciMethodData java/util/Optional orElse (Ljava/lang/Object;)Ljava/lang/Object; 2 39236 orig 80 0 0 0 0 0 0 0 0 0 0 0 0 250 127 0 0 0 0 0 0 0 0 0 0 0 0 0 0 0 0 0 0 0 0 0 0 0 0 0 0 0 0 0 0 0 0 0 0 0 0 0 0 0 0 0 0 0 0 0 0 0 0 0 0 0 0 0 0 0 0 0 0 0 0 0 0 0 0 0 0 data 17 0x40007 0x3913 0x38 0x5f2a 0xb0003 0x5f2b 0x18 0x0 0x0 0x0 0x0 0x0 0x0 0x9 0x2 0x0 0x0 oops 0 methods 0
ciMethodData java/util/ArrayDeque inc (II)I 2 21216 orig 80 0 0 0 0 0 0 0 0 0 0 0 0 250 127 0 0 0 0 0 0 0 0 0 0 0 0 0 0 0 0 0 0 0 0 0 0 0 0 0 0 0 0 0 0 0 0 0 0 0 0 0 0 0 0 0 0 0 0 0 0 0 0 0 0 0 0 0 0 0 0 0 0 0 0 0 0 0 0 0 0 data 9 0x50007 0x4ea9 0x20 0x2b7 0x0 0x9 0x2 0x0 0x0 oops 0 methods 0
ciMethodData java/util/Objects checkFromIndexSize (III)I 2 77427 orig 80 0 0 0 0 0 0 0 0 0 0 0 0 250 127 0 0 0 0 0 0 0 0 0 0 0 0 0 0 0 0 0 0 0 0 0 0 0 0 0 0 0 0 0 0 0 0 0 0 0 0 0 0 0 0 0 0 0 0 0 0 0 0 0 0 0 0 0 0 0 0 0 0 0 0 0 0 0 0 0 0 data 13 0x40002 0x12d37 0x0 0x0 0x0 0x0 0x0 0x0 0x9 0x3 0x0 0x0 0x0 oops 0 methods 0
ciMethodData jdk/internal/util/Preconditions checkFromIndexSize (IIILjava/util/function/BiFunction;)I 2 77426 orig 80 0 0 0 0 0 0 0 0 0 0 0 0 250 127 0 0 0 0 0 0 0 0 0 0 0 0 0 0 0 0 0 0 0 0 0 0 0 0 0 0 0 0 0 0 0 0 0 0 0 0 0 0 0 0 0 0 0 0 0 0 0 0 0 0 0 0 0 0 0 0 0 0 0 0 0 0 0 0 0 0 data 22 0x50007 0x0 0x40 0x12d36 0xc0007 0x12d38 0x30 0x0 0x130002 0x0 0x0 0x0 0x0 0x0 0x0 0x0 0x9 0x4 0x0 0x0 0x0 0x0 oops 0 methods 0
ciMethodData java/nio/Buffer position (I)Ljava/nio/Buffer; 2 10511 orig 80 1 0 0 0 0 0 0 0 0 0 0 0 250 127 0 0 0 0 0 0 0 0 0 0 0 0 0 0 0 0 0 0 0 0 0 0 0 0 0 1 0 0 0 0 0 0 0 0 0 0 0 0 0 0 0 0 0 0 0 0 0 0 0 0 0 0 0 0 0 0 0 0 0 0 0 0 0 0 0 0 data 39 0x50007 0x280f 0x38 0x0 0x90003 0x0 0x18 0xe0007 0x280f 0x38 0x0 0x120003 0x0 0x18 0x170007 0x280f 0x58 0x0 0x1c0005 0x0 0x0 0x0 0x0 0x0 0x0 0x8000000600250007 0x280e 0x20 0x2 0x0 0x0 0x0 0x0 0x0 0x0 0x9 0x2 0xe 0x0 oops 0 methods 0
ciMethodData java/lang/Integer valueOf (I)Ljava/lang/Integer; 2 278219 orig 80 0 0 0 0 0 0 0 0 0 0 0 0 250 127 0 0 0 0 0 0 0 0 0 0 0 0 0 0 0 0 0 0 0 0 0 0 0 0 0 0 0 0 0 0 0 0 0 0 0 0 0 0 0 0 0 0 0 0 0 0 0 0 0 0 0 0 0 0 0 0 0 0 0 0 0 0 0 0 0 0 data 17 0x30007 0x9d3 0x40 0x434bc 0xa0007 0x1555e 0x20 0x2df6e 0x1c0002 0x15f31 0x0 0x0 0x0 0x0 0x9 0x1 0x0 oops 0 methods 0
ciMethodData java/lang/Integer <init> (I)V 2 90169 orig 80 0 0 0 0 0 0 0 0 0 0 0 0 250 127 0 0 0 0 0 0 0 0 0 0 0 0 0 0 0 0 0 0 0 0 0 0 0 0 0 0 0 0 0 0 0 0 0 0 0 0 0 0 0 0 0 0 0 0 0 0 0 0 0 0 0 0 0 0 0 0 0 0 0 0 0 0 0 0 0 0 data 10 0x10002 0x15f31 0x0 0x0 0x0 0x0 0x9 0x2 0x6 0x0 oops 0 methods 0
ciMethodData java/lang/Number <init> ()V 2 150413 orig 80 0 0 0 0 0 0 0 0 0 0 0 0 250 127 0 0 0 0 0 0 0 0 0 0 0 0 0 0 0 0 0 0 0 0 0 0 0 0 0 0 0 0 0 0 0 0 0 0 0 0 0 0 0 0 0 0 0 0 0 0 0 0 0 0 0 0 0 0 0 0 0 0 0 0 0 0 0 0 0 0 data 7 0x10002 0x24a6b 0x0 0x0 0x9 0x1 0x0 oops 0 methods 0
ciMethodData java/util/ArrayDeque elementAt ([Ljava/lang/Object;I)Ljava/lang/Object; 2 23895 orig 80 0 0 0 0 0 0 0 0 0 0 0 0 250 127 0 0 0 0 0 0 0 0 0 0 0 0 0 0 0 0 0 0 0 0 0 0 0 0 0 0 0 0 0 0 0 0 0 0 0 0 0 0 0 0 0 0 0 0 0 0 0 0 0 0 0 0 0 0 0 0 0 0 0 0 0 0 0 0 0 0 data 7 0x0 0x0 0x0 0x9 0x2 0x0 0x0 oops 0 methods 0
ciMethodData java/util/ArrayDeque pollFirst ()Ljava/lang/Object; 2 7424 orig 80 0 0 0 0 0 0 0 0 0 0 0 0 250 127 0 0 0 0 0 0 0 0 0 0 0 0 0 0 0 0 0 0 0 0 0 0 0 0 0 0 0 0 0 0 0 0 0 0 0 0 0 0 0 0 0 0 0 0 0 0 0 0 0 0 0 0 0 0 0 0 0 0 0 0 0 0 0 0 0 0 data 24 0xc0002 0x1c00 0x110007 0x7f2 0x68 0x140e 0x170104 0x0 0x0 0x0 0x0 0x0 0x0 0x1c0002 0x140e 0x0 0x0 0x0 0x0 0x0 0x0 0x9 0x1 0x6 oops 0 methods 0
ciMethodData java/nio/Buffer <init> (IIIILjdk/internal/access/foreign/MemorySegmentProxy;)V 2 7717 orig 80 0 0 0 0 0 0 0 0 0 0 0 0 250 127 0 0 0 0 0 0 0 0 0 0 0 0 0 0 0 0 0 0 0 0 0 0 0 0 0 0 0 0 0 0 0 0 0 0 0 0 0 0 0 0 0 0 0 0 0 0 0 0 0 0 0 0 0 0 0 0 0 0 0 0 0 0 0 0 0 0 data 90 0x10002 0x1d25 0x100007 0x1d25 0x30 0x0 0x150002 0x0 0x270005 0x60 0x0 0x1f01bb54090 0xebc 0x1f0215708b0 0xe09 0x2d0005 0x60 0x0 0x1f01bb54090 0xebc 0x1f0215708b0 0xe09 0x320007 0x1d25 0x1b0 0x0 0x370007 0x0 0x190 0x0 0x420002 0x0 0x470005 0x0 0x0 0x0 0x0 0x0 0x0 0x4b0005 0x0 0x0 0x0 0x0 0x0 0x0 0x500005 0x0 0x0 0x0 0x0 0x0 0x0 0x540005 0x0 0x0 0x0 0x0 0x0 0x0 0x590005 0x0 0x0 0x0 0x0 0x0 0x0 0x5c0005 0x0 0x0 0x0 0x0 0x0 0x0 0x5f0002 0x0 0x0 0x0 0x0 0x0 0x0 0x0 0x9 0x6 0xffffffffffffffff 0x0 0x0 0x0 0x0 0x0 oops 4 11 java/nio/HeapByteBuffer 13 java/nio/HeapCharBuffer 18 java/nio/HeapByteBuffer 20 java/nio/HeapCharBuffer methods 0
ciMethodData java/nio/Buffer limit (I)Ljava/nio/Buffer; 2 8901 orig 80 0 0 0 0 0 0 0 0 0 0 0 0 250 127 0 0 0 0 0 0 0 0 0 0 0 0 0 0 0 0 0 0 0 0 0 0 0 0 0 0 0 0 0 0 0 0 0 0 0 0 0 0 0 0 0 0 0 0 0 0 0 0 0 0 0 0 0 0 0 0 0 0 0 0 0 0 0 0 0 0 data 43 0x50007 0x21c5 0x38 0x0 0x90003 0x0 0x18 0xe0007 0x21c5 0x38 0x0 0x120003 0x0 0x18 0x170007 0x21c5 0x58 0x0 0x1c0005 0x0 0x0 0x0 0x0 0x0 0x0 0x2a0007 0x21a4 0x20 0x21 0x370007 0x21c5 0x20 0x0 0x0 0x0 0x0 0x0 0x0 0x0 0x9 0x2 0x1e 0x0 oops 0 methods 0
ciMethodData java/io/InputStream <init> ()V 2 121195 orig 80 0 0 0 0 0 0 0 0 0 0 0 0 250 127 0 0 0 0 0 0 0 0 0 0 0 0 0 0 0 0 0 0 0 0 0 0 0 0 0 0 0 0 0 0 0 0 0 0 0 0 0 0 0 0 0 0 0 0 0 0 0 0 0 0 0 0 0 0 0 0 0 0 0 0 0 0 0 0 0 0 data 7 0x10002 0x1d886 0x0 0x0 0x9 0x1 0x0 oops 0 methods 0
ciMethodData java/io/FilterInputStream <init> (Ljava/io/InputStream;)V 2 49298 orig 80 0 0 0 0 0 0 0 0 0 0 0 0 250 127 0 0 0 0 0 0 0 0 0 0 0 0 0 0 0 0 0 0 0 0 0 0 0 0 0 0 0 0 0 0 0 0 0 0 0 0 0 0 0 0 0 0 0 0 0 0 0 0 0 0 0 0 0 0 0 0 0 0 0 0 0 0 0 0 0 0 data 10 0x10002 0xc022 0x0 0x0 0x0 0x0 0x9 0x2 0x6 0x0 oops 0 methods 0
ciMethodData java/nio/ByteBuffer position (I)Ljava/nio/Buffer; 2 7364 orig 80 0 0 0 0 0 0 0 0 0 0 0 0 250 127 0 0 0 0 0 0 1 0 0 0 0 0 0 0 0 0 0 0 0 0 0 0 0 0 0 0 0 0 0 0 0 0 0 0 0 0 0 0 0 0 0 0 0 0 0 0 0 0 0 0 0 0 0 0 0 0 0 0 0 0 0 0 0 0 0 0 data 17 0x400020005 0x0 0x0 0x1f01bb54090 0x1bc0 0x1f0215724f0 0x1 0x0 0x0 0x0 0x0 0x0 0x0 0x9 0x2 0x0 0x0 oops 2 3 java/nio/HeapByteBuffer 5 java/nio/HeapByteBufferR methods 0
ciMethodData java/nio/ByteBuffer position (I)Ljava/nio/ByteBuffer; 2 40660 orig 80 0 0 0 0 0 0 0 0 0 0 0 0 250 127 0 0 0 0 0 0 0 0 0 0 0 0 0 0 0 0 0 0 0 0 0 0 0 0 0 0 0 0 0 0 0 0 0 0 0 0 0 0 0 0 0 0 0 0 0 0 0 0 0 0 0 0 0 0 0 0 0 0 0 0 0 0 0 0 0 0 data 9 0x20002 0x9d54 0x0 0x0 0x0 0x9 0x2 0x0 0x0 oops 0 methods 0
ciMethodData java/nio/Buffer hasRemaining ()Z 2 97677 orig 80 0 0 0 0 0 0 0 0 0 0 0 0 250 127 0 0 0 0 0 0 0 0 0 0 0 0 0 0 0 0 0 0 0 0 0 0 0 0 0 0 0 0 0 0 0 0 0 0 0 0 0 0 0 0 0 0 0 0 0 0 0 0 0 0 0 0 0 0 0 0 0 0 0 0 0 0 0 0 0 0 data 14 0x80007 0x71c4 0x38 0x10b05 0xc0003 0x10b14 0x18 0x0 0x0 0x0 0x0 0x9 0x1 0x0 oops 0 methods 0
ciMethodData java/util/AbstractList <init> ()V 2 254819 orig 80 0 0 0 0 0 0 0 0 0 0 0 0 250 127 0 0 0 0 0 0 0 0 0 0 0 0 0 0 0 0 0 0 0 0 0 0 0 0 0 0 0 0 0 0 0 0 0 0 0 0 0 0 0 0 0 0 0 0 0 0 0 0 0 0 0 0 0 0 0 0 0 0 0 0 0 0 0 0 0 0 data 9 0x10002 0x3e272 0x0 0x0 0x0 0x0 0x9 0x1 0x6 oops 0 methods 0
ciMethodData java/util/ArrayDeque poll ()Ljava/lang/Object; 2 7492 orig 80 0 0 0 0 0 0 0 0 0 0 0 0 250 127 0 0 0 0 0 0 0 0 0 0 0 0 0 0 0 0 0 0 0 0 0 0 0 0 0 0 0 0 0 0 0 0 0 0 0 0 0 0 0 0 0 0 0 0 0 0 0 0 0 0 0 0 0 0 0 0 0 0 0 0 0 0 0 0 0 0 data 16 0x10005 0x0 0x0 0x1f012ed9160 0x1c44 0x0 0x0 0x0 0x0 0x0 0x0 0x0 0x0 0x9 0x1 0x0 oops 1 3 java/util/ArrayDeque methods 0
ciMethodData java/nio/HeapByteBuffer ix (I)I 2 76691 orig 80 0 0 0 0 0 0 0 0 0 0 0 0 250 127 0 0 0 0 0 0 0 0 0 0 0 0 0 0 0 0 0 0 0 0 0 0 0 0 0 0 0 0 0 0 0 0 0 0 0 0 0 0 0 0 0 0 0 0 0 0 0 0 0 0 0 0 0 0 0 0 0 0 0 0 0 0 0 0 0 0 data 7 0x0 0x0 0x0 0x9 0x2 0x0 0x0 oops 0 methods 0
ciMethodData java/nio/ByteBuffer limit (I)Ljava/nio/ByteBuffer; 2 21875 orig 80 0 0 0 0 0 0 0 0 0 0 0 0 250 127 0 0 0 0 0 0 0 0 0 0 0 0 0 0 0 0 0 0 0 0 0 0 0 0 0 0 0 0 0 0 0 0 0 0 0 0 0 0 0 0 0 0 0 0 0 0 0 0 0 0 0 0 0 0 0 0 0 0 0 0 0 0 0 0 0 0 data 9 0x20002 0x5472 0x0 0x0 0x0 0x9 0x2 0x0 0x0 oops 0 methods 0
ciMethodData java/nio/ByteOrder nativeOrder ()Ljava/nio/ByteOrder; 2 14798 orig 80 0 0 0 0 0 0 0 0 0 0 0 0 250 127 0 0 0 0 0 0 0 0 0 0 0 0 0 0 0 0 0 0 0 0 0 0 0 0 0 0 0 0 0 0 0 0 0 0 0 0 0 0 0 0 0 0 0 0 0 0 0 0 0 0 0 0 0 0 0 0 0 0 0 0 0 0 0 0 0 0 data 4 0x0 0x0 0x9 0x0 oops 0 methods 0
ciMethodData java/nio/ByteBuffer <init> (IIII[BILjdk/internal/access/foreign/MemorySegmentProxy;)V 2 7802 orig 80 0 0 0 0 0 0 0 0 0 0 0 0 250 127 0 0 0 0 0 0 0 0 0 0 0 0 0 0 0 0 0 0 0 0 0 0 0 0 0 0 0 0 0 0 0 0 0 0 0 0 0 0 0 0 0 0 0 0 0 0 0 0 0 0 0 0 0 0 0 0 0 0 0 0 0 0 0 0 0 0 data 27 0x80002 0x1d74 0x110002 0x1d74 0x170007 0x1d74 0x38 0x0 0x1b0003 0x0 0x18 0x0 0x0 0x0 0x0 0x0 0x0 0x9 0x8 0xffffffffffffffff 0x0 0x0 0x0 0x0 0x0 0x0 0x0 oops 0 methods 0
ciMethodData java/nio/ByteBuffer limit (I)Ljava/nio/Buffer; 2 7976 orig 80 0 0 0 0 0 0 0 0 0 0 0 0 250 127 0 0 0 0 0 0 0 0 0 0 0 0 0 0 0 0 0 0 0 0 0 0 0 0 0 0 0 0 0 0 0 0 0 0 0 0 0 0 0 0 0 0 0 0 0 0 0 0 0 0 0 0 0 0 0 0 0 0 0 0 0 0 0 0 0 0 data 17 0x20005 0x0 0x0 0x1f01bb54090 0x1e26 0x1f0215724f0 0x1 0x0 0x0 0x0 0x0 0x0 0x0 0x9 0x2 0x0 0x0 oops 2 3 java/nio/HeapByteBuffer 5 java/nio/HeapByteBufferR methods 0
ciMethod java/io/EOFException <init> ()V 98 0 49 0 -1
ciMethodData java/nio/Buffer remaining ()I 2 421985 orig 80 0 0 0 0 0 0 0 0 0 0 0 0 250 127 0 0 0 0 0 0 0 0 0 0 0 0 0 0 0 0 0 0 0 0 0 0 0 0 0 0 0 0 0 0 0 0 0 0 0 0 0 0 0 0 0 0 0 0 0 0 0 0 0 0 0 0 0 0 0 0 0 0 0 0 0 0 0 0 0 0 data 14 0xb0007 0x66cc 0x38 0x60b3c 0xf0003 0x616cd 0x18 0x0 0x0 0x0 0x0 0x9 0x1 0x0 oops 0 methods 0
ciMethodData java/util/Optional empty ()Ljava/util/Optional; 2 13344 orig 80 0 0 0 0 0 0 0 0 0 0 0 0 250 127 0 0 0 0 0 0 0 0 0 0 0 0 0 0 0 0 0 0 0 0 0 0 0 0 0 0 0 0 0 0 0 0 0 0 0 0 0 0 0 0 0 0 0 0 0 0 0 0 0 0 0 0 0 0 0 0 0 0 0 0 0 0 0 0 0 0 data 5 0x0 0x0 0x0 0x9 0x0 oops 0 methods 0
ciMethodData java/io/DataInputStream readFully ([BII)V 2 8703 orig 80 0 0 0 0 0 0 0 0 0 0 0 0 250 127 0 0 0 0 0 0 0 0 0 0 0 0 0 0 0 0 0 0 0 0 0 0 0 0 0 0 0 0 0 0 0 0 0 0 0 0 0 0 0 0 0 0 0 0 0 0 0 0 0 0 0 0 0 0 0 0 0 0 0 0 0 0 0 0 0 0 data 34 0x40002 0x1ffb 0xe0007 0x2000 0xa0 0x1ffb 0x1e0005 0x43c 0x0 0x1efe0e97f30 0x679 0x1efff8eb530 0x1548 0x250007 0x1fff 0x30 0x0 0x2c0002 0x0 0x370003 0x2000 0xffffffffffffff78 0x0 0x0 0x0 0x0 0x0 0x0 0x9 0x4 0x0 0xffffffffffffffff 0x0 0x0 oops 2 9 java/io/BufferedInputStream 11 java/io/ByteArrayInputStream methods 0
ciMethod java/util/Collections$SingletonList <init> (Ljava/lang/Object;)V 448 0 21516 0 0
ciMethod java/util/Collections$SingletonList size ()I 268 0 134 0 0
ciMethod java/util/Collections$SingletonList get (I)Ljava/lang/Object; 512 0 5457 0 96
ciMethodData java/io/DataInputStream readFully ([B)V 2 17472 orig 80 0 0 0 0 0 0 0 0 0 0 0 0 250 127 0 0 0 0 0 0 0 0 0 0 0 0 0 0 0 0 0 0 0 0 0 0 0 0 0 0 0 0 0 0 0 0 0 0 0 0 0 0 0 0 0 0 0 0 0 0 0 0 0 0 0 0 0 0 0 0 0 0 0 0 0 0 0 0 0 0 data 17 0x50005 0x4313 0x0 0x0 0x0 0x0 0x0 0x0 0x0 0x0 0x0 0x0 0x0 0x9 0x2 0x0 0x0 oops 0 methods 0
ciMethodData java/nio/HeapByteBuffer get ()B 2 7695 orig 80 0 0 0 0 0 0 0 0 0 0 0 0 250 127 0 0 0 0 0 0 0 0 0 0 0 0 0 0 0 0 0 0 0 0 0 0 0 0 0 0 0 0 0 0 0 0 0 0 0 0 0 0 0 0 0 0 0 0 0 0 0 0 0 0 0 0 0 0 0 0 0 0 0 0 0 0 0 0 0 0 data 23 0x60005 0x1c82 0x0 0x0 0x0 0x0 0x0 0x90005 0x0 0x0 0x1f01bb54090 0x1c82 0x0 0x0 0x0 0x0 0x0 0x0 0x0 0x0 0x9 0x1 0x0 oops 1 10 java/nio/HeapByteBuffer methods 0
ciMethodData java/nio/Buffer nextGetIndex ()I 2 7695 orig 80 0 0 0 0 0 0 0 0 0 0 0 0 250 127 0 0 0 0 0 0 0 0 0 0 0 0 0 0 0 0 0 0 0 0 0 0 0 0 0 0 0 0 0 0 0 0 0 0 0 0 0 0 0 0 0 0 0 0 0 0 0 0 0 0 0 0 0 0 0 0 0 0 0 0 0 0 0 0 0 0 data 13 0xa0007 0x1c82 0x30 0x0 0x110002 0x0 0x0 0x0 0x0 0x0 0x9 0x1 0x8 oops 0 methods 0
ciMethodData java/nio/ByteBuffer wrap ([B)Ljava/nio/ByteBuffer; 2 42852 orig 80 0 0 0 0 0 0 0 0 0 0 0 0 250 127 0 0 0 0 0 0 0 0 0 0 0 0 0 0 0 0 0 0 0 0 0 0 0 0 0 0 0 0 0 0 0 0 0 0 0 0 0 0 0 0 0 0 0 0 0 0 0 0 0 0 0 0 0 0 0 0 0 0 0 0 0 0 0 0 0 0 data 11 0x40002 0xa6c7 0x0 0x0 0x0 0x0 0x0 0x0 0x9 0x1 0x0 oops 0 methods 0
ciMethodData java/nio/ByteBuffer wrap ([BII)Ljava/nio/ByteBuffer; 2 5281 orig 80 0 0 0 0 0 0 0 0 0 0 0 0 250 127 0 0 0 0 0 0 0 0 0 0 0 0 0 0 0 0 0 0 0 0 0 0 0 0 0 0 0 0 0 0 0 0 0 0 0 0 0 0 0 0 0 0 0 0 0 0 0 0 0 0 0 0 0 0 0 0 0 0 0 0 0 0 0 0 0 0 data 13 0x80002 0x1402 0x110002 0x0 0x0 0x0 0x0 0x0 0x9 0x3 0x0 0x0 0x0 oops 0 methods 0
ciMethod org/apache/logging/log4j/core/Filter filter (Lorg/apache/logging/log4j/core/Logger;Lorg/apache/logging/log4j/Level;Lorg/apache/logging/log4j/Marker;Ljava/lang/String;Ljava/lang/Object;)Lorg/apache/logging/log4j/core/Filter$Result; 0 0 1 0 -1
ciMethod org/slf4j/Logger debug (Ljava/lang/String;Ljava/lang/Object;)V 0 0 1 0 -1
ciMethod org/apache/spark/internal/config/ConfigEntry key ()Ljava/lang/String; 290 0 145 0 -1
ciMethod org/apache/spark/internal/config/ConfigEntry defaultValueString ()Ljava/lang/String; 0 0 1 0 -1
ciMethod org/apache/spark/network/util/JavaUtils checkArgument (ZLjava/lang/String;[Ljava/lang/Object;)V 538 0 11084 0 0
ciMethod org/apache/logging/log4j/message/MessageFactory2 newMessage (Ljava/lang/String;Ljava/lang/Object;)Lorg/apache/logging/log4j/message/Message; 0 0 1 0 -1
ciMethod org/apache/logging/log4j/message/Message getThrowable ()Ljava/lang/Throwable; 0 0 1 0 -1
ciMethod org/apache/logging/log4j/spi/ExtendedLogger logIfEnabled (Ljava/lang/String;Lorg/apache/logging/log4j/Level;Lorg/apache/logging/log4j/Marker;Ljava/lang/String;Ljava/lang/Object;)V 0 0 1 0 -1
ciMethod org/apache/logging/log4j/spi/AbstractLogger logIfEnabled (Ljava/lang/String;Lorg/apache/logging/log4j/Level;Lorg/apache/logging/log4j/Marker;Ljava/lang/String;Ljava/lang/Object;)V 752 0 10920 0 0
ciMethod org/apache/logging/log4j/spi/AbstractLogger logMessage (Ljava/lang/String;Lorg/apache/logging/log4j/Level;Lorg/apache/logging/log4j/Marker;Ljava/lang/String;Ljava/lang/Object;)V 0 0 1 0 0
ciMethod org/apache/logging/log4j/spi/AbstractLogger logMessageSafely (Ljava/lang/String;Lorg/apache/logging/log4j/Level;Lorg/apache/logging/log4j/Marker;Lorg/apache/logging/log4j/message/Message;Ljava/lang/Throwable;)V 724 0 4521 0 -1
ciMethod org/apache/logging/log4j/spi/AbstractLogger isEnabled (Lorg/apache/logging/log4j/Level;Lorg/apache/logging/log4j/Marker;Ljava/lang/String;Ljava/lang/Object;)Z 0 0 1 0 -1
ciMethod org/apache/logging/log4j/Level intLevel ()I 258 0 129 0 0
ciMethod org/apache/logging/log4j/core/config/Configuration getFilter ()Lorg/apache/logging/log4j/core/Filter; 0 0 1 0 -1
ciMethod org/apache/logging/log4j/core/filter/AbstractFilterable getFilter ()Lorg/apache/logging/log4j/core/Filter; 256 0 128 0 0
ciMethod org/apache/logging/log4j/core/Logger isEnabled (Lorg/apache/logging/log4j/Level;Lorg/apache/logging/log4j/Marker;Ljava/lang/String;Ljava/lang/Object;)Z 768 0 6132 0 0
ciMethod org/apache/logging/slf4j/Log4jLogger debug (Ljava/lang/String;Ljava/lang/Object;)V 6 0 6226 0 352
ciMethod org/apache/logging/log4j/core/Logger$PrivateConfig filter (Lorg/apache/logging/log4j/Level;Lorg/apache/logging/log4j/Marker;Ljava/lang/String;Ljava/lang/Object;)Z 768 0 6135 0 0
ciMethodData java/lang/Long valueOf (J)Ljava/lang/Long; 2 6395 orig 80 0 0 0 0 0 0 0 0 0 0 0 0 250 127 0 0 0 0 0 0 0 0 0 0 0 0 0 0 0 0 0 0 0 0 0 0 0 0 0 0 0 0 0 0 0 0 0 0 0 0 0 0 0 0 0 0 0 0 0 0 0 0 0 0 0 0 0 0 0 0 0 0 0 0 0 0 0 0 0 0 data 18 0x90007 0xa6 0x40 0x17ae 0x110007 0x85e 0x20 0xf50 0x240002 0x904 0x0 0x0 0x0 0x0 0x9 0x2 0x0 0x0 oops 0 methods 0
ciMethodData java/nio/HeapByteBuffer <init> ([BIILjdk/internal/access/foreign/MemorySegmentProxy;)V 2 5281 orig 80 0 0 0 0 0 0 0 0 0 0 0 0 250 127 0 0 0 0 0 0 0 0 0 0 0 0 0 0 0 0 0 0 0 0 0 0 0 0 0 0 0 0 0 0 0 0 0 0 0 0 0 0 0 0 0 0 0 0 0 0 0 0 0 0 0 0 0 0 0 0 0 0 0 0 0 0 0 0 0 0 data 13 0xc0002 0x137d 0x0 0x0 0x0 0x0 0x9 0x5 0xffffffffffffffff 0x0 0x0 0x0 0x0 oops 0 methods 0
ciMethodData java/util/Collections singletonList (Ljava/lang/Object;)Ljava/util/List; 2 21516 orig 80 0 0 0 0 0 0 0 0 0 0 0 0 250 127 0 0 0 0 0 0 0 0 0 0 0 0 0 0 0 0 0 0 0 0 0 0 0 0 0 0 0 0 0 0 0 0 0 0 0 0 0 0 0 0 0 0 0 0 0 0 0 0 0 0 0 0 0 0 0 0 0 0 0 0 0 0 0 0 0 0 data 8 0x50002 0x532e 0x0 0x0 0x0 0x9 0x1 0x0 oops 0 methods 0
ciMethodData java/util/Collections$SingletonList <init> (Ljava/lang/Object;)V 2 21516 orig 80 0 0 0 0 0 0 0 0 0 0 0 0 250 127 0 0 0 0 0 0 0 0 0 0 0 0 0 0 0 0 0 0 0 0 0 0 0 0 0 0 0 0 0 0 0 0 0 0 0 0 0 0 0 0 0 0 0 0 0 0 0 0 0 0 0 0 0 0 0 0 0 0 0 0 0 0 0 0 0 0 data 10 0x10002 0x532c 0x0 0x0 0x0 0x0 0x9 0x2 0x6 0x0 oops 0 methods 0
ciMethodData org/apache/logging/slf4j/Log4jLogger debug (Ljava/lang/String;Ljava/lang/Object;)V 2 6226 orig 80 0 0 0 0 0 0 0 0 0 0 0 0 250 127 0 0 0 0 0 0 0 0 0 0 0 0 0 0 0 0 0 0 0 0 0 0 0 0 0 0 0 0 0 0 0 0 0 0 0 0 0 0 0 0 0 0 0 0 0 0 0 0 0 0 0 0 0 0 0 0 0 0 0 0 0 0 0 0 0 0 data 18 0xd0005 0x0 0x0 0x1f0100e07a0 0x1854 0x0 0x0 0x0 0x0 0x0 0x0 0x0 0x0 0x9 0x3 0x0 0x0 0x0 oops 1 3 org/apache/logging/log4j/core/Logger methods 0
ciMethodData java/lang/Math min (JJ)J 2 274394 orig 80 0 0 0 0 0 0 0 0 0 0 0 0 250 127 0 0 0 0 0 0 0 0 0 0 0 0 0 0 0 0 0 0 0 0 0 0 0 0 0 0 0 0 0 0 0 0 0 0 0 0 0 0 0 0 0 0 0 0 0 0 0 0 0 0 0 0 0 0 0 0 0 0 0 0 0 0 0 0 0 0 data 14 0x30007 0x1a21d 0x38 0x28af6 0x70003 0x28f47 0x18 0x0 0x9 0x4 0x0 0x0 0x0 0x0 oops 0 methods 0
ciMethod org/apache/spark/sql/types/StructType fields ()[Lorg/apache/spark/sql/types/StructField; 256 0 128 0 -1
ciMethod org/apache/spark/sql/internal/SQLConf BUCKETING_ENABLED ()Lorg/apache/spark/internal/config/ConfigEntry; 0 0 1 0 -1
ciMethod org/apache/spark/sql/internal/SQLConf ORC_VECTORIZED_READER_BATCH_SIZE ()Lorg/apache/spark/internal/config/ConfigEntry; 0 0 1 0 -1
ciMethod org/apache/spark/sql/internal/SQLConf ORC_VECTORIZED_READER_ENABLED ()Lorg/apache/spark/internal/config/ConfigEntry; 0 0 1 0 -1
ciMethod org/apache/spark/sql/internal/SQLConf PARQUET_VECTORIZED_READER_BATCH_SIZE ()Lorg/apache/spark/internal/config/ConfigEntry; 0 0 1 0 -1
ciMethod org/apache/spark/sql/internal/SQLConf PARQUET_VECTORIZED_READER_ENABLED ()Lorg/apache/spark/internal/config/ConfigEntry; 0 0 1 0 -1
ciMethod org/apache/spark/sql/internal/SQLConf get ()Lorg/apache/spark/sql/internal/SQLConf; 5114 0 22100 0 -1
ciMethod org/apache/spark/sql/internal/SQLConf vectorizedHugeVectorThreshold ()I 1122 0 11056 0 -1
ciMethod org/apache/spark/sql/internal/SQLConf vectorizedHugeVectorReserveRatio ()D 1914 0 11058 0 -1
ciMethod org/apache/spark/sql/types/StructField dataType ()Lorg/apache/spark/sql/types/DataType; 348 0 174 0 -1
ciMethod org/apache/spark/sql/types/ArrayType elementType ()Lorg/apache/spark/sql/types/DataType; 0 0 1 0 -1
ciMethod org/apache/spark/sql/types/DecimalType is64BitDecimalType (Lorg/apache/spark/sql/types/DataType;)Z 0 0 700 0 -1
ciMethod org/apache/spark/sql/types/DecimalType is32BitDecimalType (Lorg/apache/spark/sql/types/DataType;)Z 0 0 1068 0 -1
ciMethod org/apache/spark/sql/types/MapType keyType ()Lorg/apache/spark/sql/types/DataType; 0 0 1 0 -1
ciMethod org/apache/spark/sql/types/MapType valueType ()Lorg/apache/spark/sql/types/DataType; 0 0 1 0 -1
ciMethodData org/apache/logging/log4j/spi/AbstractLogger logIfEnabled (Ljava/lang/String;Lorg/apache/logging/log4j/Level;Lorg/apache/logging/log4j/Marker;Ljava/lang/String;Ljava/lang/Object;)V 2 10920 orig 80 1 0 0 0 0 0 0 0 0 0 0 0 250 127 0 0 0 0 0 0 0 0 0 0 0 0 0 0 0 0 0 0 0 0 0 0 0 0 0 0 0 0 0 0 0 0 0 0 0 0 0 0 0 0 0 0 0 0 0 0 0 0 0 0 0 0 0 0 0 0 0 0 0 0 0 0 0 0 0 0 data 32 0x70005 0x0 0x0 0x1f0100e22a0 0x117e 0x1f0100e07a0 0x17ad 0xa0007 0x2930 0x58 0x1 0x150005 0x0 0x0 0x1f0100e07a0 0x1 0x0 0x0 0x0 0x0 0x0 0x0 0x0 0x0 0x9 0x6 0xffffffffffffffff 0xffffffffffffffff 0xffffffffffffffff 0xffffffffffffffff 0xffffffffffffffff 0xffffffffffffffff oops 3 3 org/apache/logging/log4j/status/StatusLogger 5 org/apache/logging/log4j/core/Logger 14 org/apache/logging/log4j/core/Logger methods 0
ciMethod org/apache/parquet/schema/Type getLogicalTypeAnnotation ()Lorg/apache/parquet/schema/LogicalTypeAnnotation; 400 0 200 0 0
ciMethod org/apache/parquet/schema/PrimitiveType getPrimitiveTypeName ()Lorg/apache/parquet/schema/PrimitiveType$PrimitiveTypeName; 348 0 174 0 0
ciMethod org/apache/parquet/schema/PrimitiveType getTypeLength ()I 2420 0 1210 0 -1
ciMethodData java/io/DataInputStream <init> (Ljava/io/InputStream;)V 2 19466 orig 80 0 0 0 0 0 0 0 0 0 0 0 0 250 127 0 0 0 0 0 0 0 0 0 0 0 0 0 0 0 0 0 0 0 0 0 0 0 0 0 0 0 0 0 0 0 0 0 0 0 0 0 0 0 0 0 0 0 0 0 0 0 0 0 0 0 0 0 0 0 0 0 0 0 0 0 0 0 0 0 0 data 10 0x20002 0x4b0d 0x0 0x0 0x0 0x0 0x9 0x2 0x0 0x0 oops 0 methods 0
ciMethodData java/nio/HeapByteBuffer <init> ([BIIIIILjdk/internal/access/foreign/MemorySegmentProxy;)V 2 5378 orig 80 0 0 0 0 0 0 0 0 0 0 0 0 250 127 0 0 0 0 0 0 0 0 0 0 0 0 0 0 0 0 0 0 0 0 0 0 0 0 0 0 0 0 0 0 0 0 0 0 0 0 0 0 0 0 0 0 0 0 0 0 0 0 0 0 0 0 0 0 0 0 0 0 0 0 0 0 0 0 0 0 data 16 0xc0002 0x1404 0x0 0x0 0x0 0x0 0x9 0x8 0x0 0x0 0x0 0x0 0x0 0x0 0x0 0x0 oops 0 methods 0
ciMethodData java/nio/HeapByteBuffer duplicate ()Ljava/nio/ByteBuffer; 2 5379 orig 80 0 0 0 0 0 0 0 0 0 0 0 0 250 127 0 0 0 0 0 0 0 0 0 0 0 0 0 0 0 0 0 0 0 0 0 0 0 0 0 0 0 0 0 0 0 0 0 0 0 0 0 0 0 0 0 0 0 0 0 0 0 0 0 0 0 0 0 0 0 0 0 0 0 0 0 0 0 0 0 0 data 39 0x90005 0x1403 0x0 0x0 0x0 0x0 0x0 0xd0005 0x1404 0x0 0x0 0x0 0x0 0x0 0x110005 0x1404 0x0 0x0 0x0 0x0 0x0 0x150005 0x1406 0x0 0x0 0x0 0x0 0x0 0x200002 0x1406 0x0 0x0 0x0 0x0 0x0 0x0 0x9 0x1 0x0 oops 0 methods 0
ciMethodData org/apache/spark/network/util/JavaUtils checkArgument (ZLjava/lang/String;[Ljava/lang/Object;)V 2 11084 orig 80 0 0 0 0 0 0 0 0 0 0 0 0 250 127 0 0 0 0 0 0 0 0 0 0 0 0 0 0 0 0 0 0 0 0 0 0 0 0 0 0 0 0 0 0 0 0 0 0 0 0 0 0 0 0 0 0 0 0 0 0 0 0 0 0 0 0 0 0 0 0 0 0 0 0 0 0 0 0 0 0 data 19 0x10007 0x2a3f 0x40 0x0 0xa0002 0x0 0xd0002 0x0 0x0 0x0 0x0 0x0 0x0 0x0 0x9 0x3 0x0 0x0 0x0 oops 0 methods 0
ciMethod org/apache/parquet/schema/LogicalTypeAnnotation$DecimalLogicalTypeAnnotation getPrecision ()I 0 0 1 0 -1
ciMethod org/apache/parquet/schema/LogicalTypeAnnotation$IntLogicalTypeAnnotation getBitWidth ()I 274 0 137 0 -1
ciMethod org/apache/parquet/schema/LogicalTypeAnnotation$IntLogicalTypeAnnotation isSigned ()Z 288 0 144 0 -1
ciMethod org/apache/parquet/ParquetReadOptions useOffHeapDecryptBuffer ()Z 0 0 1 0 -1
ciMethod org/apache/parquet/ParquetReadOptions getAllocator ()Lorg/apache/parquet/bytes/ByteBufferAllocator; 256 0 128 0 -1
ciMethod org/apache/parquet/bytes/ByteBufferAllocator allocate (I)Ljava/nio/ByteBuffer; 0 0 1 0 -1
ciMethod org/apache/parquet/bytes/ByteBufferAllocator isDirect ()Z 0 0 1 0 -1
ciMethod org/apache/parquet/compression/CompressionCodecFactory$BytesInputDecompressor decompress (Lorg/apache/parquet/bytes/BytesInput;I)Lorg/apache/parquet/bytes/BytesInput; 0 0 1 0 -1
ciMethod org/apache/parquet/compression/CompressionCodecFactory$BytesInputDecompressor decompress (Ljava/nio/ByteBuffer;ILjava/nio/ByteBuffer;I)V 0 0 1 0 -1
ciMethod org/apache/parquet/bytes/ByteBufferInputStream wrap ([Ljava/nio/ByteBuffer;)Lorg/apache/parquet/bytes/ByteBufferInputStream; 4384 0 13858 0 0
ciMethod org/apache/parquet/bytes/ByteBufferInputStream wrap (Ljava/util/List;)Lorg/apache/parquet/bytes/ByteBufferInputStream; 4112 0 12734 0 0
ciMethod org/apache/parquet/bytes/ByteBufferInputStream <init> ()V 774 0 21899 0 0
ciMethod org/apache/parquet/bytes/ByteBufferInputStream sliceBuffers (J)Ljava/util/List; 0 0 1 0 -1
ciMethod org/apache/parquet/bytes/ByteBufferInputStream sliceStream (J)Lorg/apache/parquet/bytes/ByteBufferInputStream; 488 0 4913 0 0
ciMethod org/apache/parquet/bytes/ByteBufferInputStream read ()I 0 0 1 0 -1
ciMethod org/apache/parquet/bytes/ByteBufferInputStream available ()I 0 0 1 0 -1
ciMethod org/apache/parquet/bytes/BytesUtils getWidthFromMaxInt (I)I 2394 0 7483 0 0
ciMethod org/apache/parquet/bytes/BytesUtils paddedByteCountFromBits (I)I 514 0 6509 0 0
ciMethod org/apache/parquet/bytes/SingleBufferInputStream <init> (Ljava/nio/ByteBuffer;)V 3550 0 23289 0 0
ciMethod org/apache/parquet/bytes/SingleBufferInputStream read ()I 4118 0 24257 0 256
ciMethod org/apache/parquet/bytes/SingleBufferInputStream slice (I)Ljava/nio/ByteBuffer; 5568 0 56462 0 1568
ciMethod org/apache/parquet/bytes/SingleBufferInputStream sliceBuffers (J)Ljava/util/List; 4938 0 7750 0 1888
ciMethod org/apache/parquet/bytes/SingleBufferInputStream available ()I 4148 0 20871 0 96
ciMethod org/apache/parquet/column/ColumnDescriptor getMaxRepetitionLevel ()I 258 0 129 0 0
ciMethod org/apache/parquet/column/ColumnDescriptor getMaxDefinitionLevel ()I 256 0 128 0 0
ciMethod org/apache/parquet/column/ColumnDescriptor getPrimitiveType ()Lorg/apache/parquet/schema/PrimitiveType; 258 0 129 0 0
ciMethodData org/apache/logging/log4j/spi/AbstractLogger logMessage (Ljava/lang/String;Lorg/apache/logging/log4j/Level;Lorg/apache/logging/log4j/Marker;Ljava/lang/String;Ljava/lang/Object;)V 1 1 orig 80 0 0 0 0 0 0 0 0 0 0 0 0 250 127 0 0 0 0 0 0 0 0 0 0 0 0 0 0 0 0 0 0 0 0 0 0 0 0 0 0 0 0 0 0 0 0 0 0 0 0 0 0 0 0 0 0 0 0 0 0 0 0 0 0 0 0 0 0 0 0 0 0 0 0 0 0 0 0 0 0 data 30 0x80005 0x0 0x0 0x1f013547c80 0x1 0x0 0x0 0x170005 0x0 0x0 0x1f013547d30 0x1 0x0 0x0 0x1c0002 0x1 0x0 0x0 0x0 0x0 0x0 0x0 0x9 0x6 0xffffffffffffffff 0xffffffffffffffff 0xffffffffffffffff 0xffffffffffffffff 0xffffffffffffffff 0xffffffffffffffff oops 2 3 org/apache/logging/log4j/message/ParameterizedMessageFactory 10 org/apache/logging/log4j/message/ParameterizedMessage methods 0
ciMethodData org/apache/logging/log4j/core/Logger isEnabled (Lorg/apache/logging/log4j/Level;Lorg/apache/logging/log4j/Marker;Ljava/lang/String;Ljava/lang/Object;)Z 2 6132 orig 80 0 0 0 0 0 0 0 0 0 0 0 0 250 127 0 0 0 0 0 0 0 0 0 0 0 0 0 0 0 0 0 0 0 0 0 0 0 0 0 0 0 0 0 0 0 0 0 0 0 0 0 0 0 0 0 0 0 0 0 0 0 0 0 0 0 0 0 0 0 0 0 0 0 0 0 0 0 0 0 0 data 20 0x90005 0x0 0x0 0x1f0100e33d0 0x1675 0x0 0x0 0x0 0x0 0x0 0x0 0x0 0x0 0x9 0x5 0x0 0x0 0x0 0x0 0x0 oops 1 3 org/apache/logging/log4j/core/Logger$PrivateConfig methods 0
ciMethodData org/apache/logging/log4j/core/Logger$PrivateConfig filter (Lorg/apache/logging/log4j/Level;Lorg/apache/logging/log4j/Marker;Ljava/lang/String;Ljava/lang/Object;)Z 2 6135 orig 80 0 0 0 0 0 0 0 0 0 0 0 0 250 127 0 0 0 0 0 0 0 0 0 0 0 0 0 0 0 0 0 0 0 0 0 0 0 0 0 1 0 0 0 0 0 0 0 0 0 0 0 0 0 0 0 0 0 0 0 0 0 0 0 0 0 0 0 0 0 0 0 0 0 0 0 0 0 0 0 0 data 60 0x40005 0x0 0x0 0x1f0100e6e70 0x167d 0x0 0x0 0xd0007 0x1681 0xb0 0x0 0x1b0005 0x0 0x0 0x0 0x0 0x0 0x0 0x270007 0x0 0x58 0x0 0x2f0007 0x0 0x38 0x0 0x330003 0x0 0x18 0x390007 0x0 0x90 0x1681 0x410005 0x1685 0x0 0x0 0x0 0x0 0x0 0x8000000600440007 0x1680 0x38 0x1 0x480003 0x1 0x18 0x0 0x0 0x0 0x0 0x0 0x0 0x9 0x5 0x0 0x0 0x0 0x0 0x0 oops 1 3 org/apache/logging/log4j/core/config/properties/PropertiesConfiguration methods 0
ciMethod org/apache/spark/sql/vectorized/ColumnVector dataType ()Lorg/apache/spark/sql/types/DataType; 256 0 128 0 0
ciMethod org/apache/spark/sql/vectorized/ColumnVector <init> (Lorg/apache/spark/sql/types/DataType;)V 514 0 5393 0 -1
ciMethodData java/util/Collections$SingletonList get (I)Ljava/lang/Object; 2 5457 orig 80 0 0 0 0 0 0 0 0 0 0 0 0 250 127 0 0 0 0 0 0 0 0 0 0 0 0 0 0 0 0 0 0 0 0 0 0 0 0 0 0 0 0 0 0 0 0 0 0 0 0 0 0 0 0 0 0 0 0 0 0 0 0 0 0 0 0 0 0 0 0 0 0 0 0 0 0 0 0 0 0 data 46 0x10007 0x1459 0x120 0x0 0xc0002 0x0 0x110005 0x0 0x0 0x0 0x0 0x0 0x0 0x150005 0x0 0x0 0x0 0x0 0x0 0x0 0x1a0005 0x0 0x0 0x0 0x0 0x0 0x0 0x1d0005 0x0 0x0 0x0 0x0 0x0 0x0 0x200002 0x0 0x0 0x0 0x0 0x0 0x0 0x0 0x9 0x2 0x0 0x0 oops 0 methods 0
ciMethod org/apache/parquet/column/Encoding usesDictionary ()Z 258 0 129 0 -1
ciMethod org/apache/parquet/column/values/ValuesReader <init> ()V 516 0 14582 0 0
ciMethod org/apache/parquet/column/values/ValuesReader initFromPage (ILorg/apache/parquet/bytes/ByteBufferInputStream;)V 0 0 1 0 -1
ciMethod org/apache/parquet/column/values/RequiresPreviousReader setPreviousReader (Lorg/apache/parquet/column/values/ValuesReader;)V 0 0 1 0 -1
ciMethod org/apache/parquet/column/page/Page getUncompressedSize ()I 258 0 129 0 -1
ciMethod org/apache/parquet/column/page/Page setCrc (I)V 0 0 1 0 -1
ciMethod org/apache/parquet/column/page/Page getCrc ()Ljava/util/OptionalInt; 256 0 128 0 -1
ciMethod org/apache/spark/sql/execution/vectorized/OnHeapColumnVector <init> (ILorg/apache/spark/sql/types/DataType;)V 4292 0 13097 0 0
ciMethod org/apache/spark/sql/execution/vectorized/OnHeapColumnVector releaseMemory ()V 6688 0 12440 0 -1
ciMethod org/apache/spark/sql/execution/vectorized/OnHeapColumnVector putNotNulls (II)V 0 0 169 0 672
ciMethod org/apache/spark/sql/execution/vectorized/OnHeapColumnVector reserveInternal (I)V 5650 0 13919 0 0
ciMethod org/apache/spark/sql/execution/vectorized/OnHeapColumnVector reserveNewColumn (ILorg/apache/spark/sql/types/DataType;)Lorg/apache/spark/sql/execution/vectorized/OnHeapColumnVector; 288 0 7612 0 0
ciMethod org/apache/spark/sql/execution/vectorized/OnHeapColumnVector reserveNewColumn (ILorg/apache/spark/sql/types/DataType;)Lorg/apache/spark/sql/execution/vectorized/WritableColumnVector; 288 0 7614 0 0
ciMethod org/apache/spark/sql/execution/vectorized/WritableColumnVector releaseMemory ()V 0 0 1 0 -1
ciMethod org/apache/spark/sql/execution/vectorized/WritableColumnVector reset ()V 4102 1428 7983 0 992
ciMethod org/apache/spark/sql/execution/vectorized/WritableColumnVector reserve (I)V 7242 0 37135 0 320
ciMethod org/apache/spark/sql/execution/vectorized/WritableColumnVector throwUnsupportedException (ILjava/lang/Throwable;)V 0 0 1 0 0
ciMethod org/apache/spark/sql/execution/vectorized/WritableColumnVector hasNull ()Z 4118 0 4312 0 -1
ciMethod org/apache/spark/sql/execution/vectorized/WritableColumnVector hasDictionary ()Z 668 0 28085 0 0
ciMethod org/apache/spark/sql/execution/vectorized/WritableColumnVector setDictionary (Lorg/apache/spark/sql/execution/vectorized/Dictionary;)V 256 0 128 0 0
ciMethod org/apache/spark/sql/execution/vectorized/WritableColumnVector reserveDictionaryIds (I)Lorg/apache/spark/sql/execution/vectorized/WritableColumnVector; 660 0 26735 0 0
ciMethod org/apache/spark/sql/execution/vectorized/WritableColumnVector reserveInternal (I)V 0 0 1 0 -1
ciMethod org/apache/spark/sql/execution/vectorized/WritableColumnVector putNotNulls (II)V 0 0 1 0 -1
ciMethod org/apache/spark/sql/execution/vectorized/WritableColumnVector isAllNull ()Z 9582 0 510903 0 160
ciMethod org/apache/spark/sql/execution/vectorized/WritableColumnVector reserveNewColumn (ILorg/apache/spark/sql/types/DataType;)Lorg/apache/spark/sql/execution/vectorized/WritableColumnVector; 0 0 1 0 -1
ciMethod org/apache/spark/sql/execution/vectorized/WritableColumnVector isArray ()Z 5300 0 8884 0 -1
ciMethod org/apache/spark/sql/execution/vectorized/WritableColumnVector <init> (ILorg/apache/spark/sql/types/DataType;)V 5804 0 13738 0 -1
ciMethod org/apache/parquet/bytes/ByteBufferReleaser releaseLater (Ljava/nio/ByteBuffer;)V 0 0 1 0 -1
ciMethod org/apache/parquet/bytes/BytesInput from ([Ljava/nio/ByteBuffer;)Lorg/apache/parquet/bytes/BytesInput; 0 0 1 0 -1
ciMethod org/apache/parquet/bytes/BytesInput from ([B)Lorg/apache/parquet/bytes/BytesInput; 0 0 1 0 -1
ciMethod org/apache/parquet/bytes/BytesInput toByteArray ()[B 0 0 1 0 -1
ciMethod org/apache/parquet/bytes/BytesInput toByteBuffer ()Ljava/nio/ByteBuffer; 5136 0 9574 0 0
ciMethod org/apache/parquet/bytes/BytesInput toByteBuffer (Lorg/apache/parquet/bytes/ByteBufferReleaser;)Ljava/nio/ByteBuffer; 0 0 1 0 -1
ciMethod org/apache/parquet/bytes/BytesInput toInputStream ()Lorg/apache/parquet/bytes/ByteBufferInputStream; 4370 0 6726 0 0
ciMethod org/apache/parquet/bytes/BytesInput$StreamBytesInput toByteArray ()[B 5140 0 10120 0 0
ciMethod org/apache/parquet/column/page/DataPageV1 <init> (Lorg/apache/parquet/bytes/BytesInput;IILorg/apache/parquet/column/statistics/Statistics;Lorg/apache/parquet/column/Encoding;Lorg/apache/parquet/column/Encoding;Lorg/apache/parquet/column/Encoding;)V 5548 0 10974 0 -1
ciMethod org/apache/parquet/column/page/DataPageV1 getBytes ()Lorg/apache/parquet/bytes/BytesInput; 256 0 128 0 0
ciMethod org/apache/parquet/column/page/DataPageV1 getStatistics ()Lorg/apache/parquet/column/statistics/Statistics; 392 0 196 0 -1
ciMethod org/apache/parquet/column/page/DataPageV1 getDlEncoding ()Lorg/apache/parquet/column/Encoding; 256 0 128 0 0
ciMethod org/apache/parquet/column/page/DataPageV1 getRlEncoding ()Lorg/apache/parquet/column/Encoding; 390 0 195 0 -1
ciMethod org/apache/parquet/column/page/DataPageV1 getValueEncoding ()Lorg/apache/parquet/column/Encoding; 256 0 128 0 0
ciMethod org/apache/parquet/column/page/DataPageV1 accept (Lorg/apache/parquet/column/page/DataPage$Visitor;)Ljava/lang/Object; 1900 0 7152 0 0
ciMethod org/apache/parquet/column/page/DataPage getValueCount ()I 256 0 128 0 0
ciMethod org/apache/parquet/column/page/DataPage getFirstRowIndex ()Ljava/util/Optional; 632 0 3471 0 0
ciMethod org/apache/parquet/column/page/DataPage accept (Lorg/apache/parquet/column/page/DataPage$Visitor;)Ljava/lang/Object; 0 0 1 0 -1
ciMethod org/apache/parquet/column/page/PageReader readPage ()Lorg/apache/parquet/column/page/DataPage; 0 0 1 0 -1
ciMethod org/apache/parquet/hadoop/ColumnChunkPageReadStore$ColumnChunkPageReader getPageOrdinal (I)I 0 0 1 0 -1
ciMethod org/apache/parquet/hadoop/ColumnChunkPageReadStore$ColumnChunkPageReader readPage ()Lorg/apache/parquet/column/page/DataPage; 4246 0 5486 0 0
ciMethod org/apache/parquet/hadoop/ColumnChunkPageReadStore$ColumnChunkPageReader setDecompressMetrics (Lorg/apache/parquet/bytes/BytesInput;J)V 5138 0 10242 0 -1
ciMethod org/apache/parquet/column/page/DataPage$Visitor visit (Lorg/apache/parquet/column/page/DataPageV1;)Ljava/lang/Object; 0 0 1 0 -1
ciMethod org/apache/spark/sql/execution/datasources/parquet/VectorizedColumnReader isLazyDecodingSupported (Lorg/apache/parquet/schema/PrimitiveType$PrimitiveTypeName;Lorg/apache/spark/sql/types/DataType;)Z 4614 0 4758 0 -1
ciMethod org/apache/spark/sql/execution/datasources/parquet/VectorizedColumnReader needsDecimalScaleRebase (Lorg/apache/spark/sql/types/DataType;)Z 4292 0 3963 0 -1
ciMethod org/apache/spark/sql/execution/datasources/parquet/VectorizedColumnReader readBatch (ILorg/apache/spark/sql/execution/vectorized/WritableColumnVector;Lorg/apache/spark/sql/execution/vectorized/WritableColumnVector;Lorg/apache/spark/sql/execution/vectorized/WritableColumnVector;)V 4856 4858 30312 0 -1
ciMethod org/apache/spark/sql/execution/datasources/parquet/VectorizedColumnReader readPage ()I 4148 0 5487 0 0
ciMethod org/apache/spark/sql/execution/datasources/parquet/VectorizedColumnReader initDataReader (ILorg/apache/parquet/column/Encoding;Lorg/apache/parquet/bytes/ByteBufferInputStream;)V 4096 0 5489 0 0
ciMethod org/apache/spark/sql/execution/datasources/parquet/VectorizedColumnReader getValuesReader (Lorg/apache/parquet/column/Encoding;)Lorg/apache/parquet/column/values/ValuesReader; 84 0 731 0 -1
ciMethod org/apache/spark/sql/execution/datasources/parquet/VectorizedColumnReader readPageV1 (Lorg/apache/parquet/column/page/DataPageV1;)I 4140 0 5489 0 0
ciMethod org/apache/spark/sql/execution/datasources/parquet/VectorizedRleValuesReader <init> ()V 798 0 3338 0 -1
ciMethod org/apache/spark/sql/execution/datasources/parquet/VectorizedRleValuesReader <init> (I)V 4138 0 10973 0 0
ciMethod org/apache/spark/sql/execution/datasources/parquet/VectorizedRleValuesReader initFromPage (ILorg/apache/parquet/bytes/ByteBufferInputStream;)V 4356 0 15732 0 0
ciMethod org/apache/spark/sql/execution/datasources/parquet/VectorizedRleValuesReader init (I)V 516 0 6512 0 416
ciMethod org/apache/spark/sql/execution/datasources/parquet/VectorizedRleValuesReader readBatch (Lorg/apache/spark/sql/execution/datasources/parquet/ParquetReadState;Lorg/apache/spark/sql/execution/vectorized/WritableColumnVector;Lorg/apache/spark/sql/execution/vectorized/WritableColumnVector;Lorg/apache/spark/sql/execution/datasources/parquet/VectorizedValuesReader;Lorg/apache/spark/sql/execution/datasources/parquet/ParquetVectorUpdater;)V 3214 0 3572 0 0
ciMethod org/apache/spark/sql/execution/datasources/parquet/VectorizedRleValuesReader readIntegers (Lorg/apache/spark/sql/execution/datasources/parquet/ParquetReadState;Lorg/apache/spark/sql/execution/vectorized/WritableColumnVector;Lorg/apache/spark/sql/execution/vectorized/WritableColumnVector;Lorg/apache/spark/sql/execution/vectorized/WritableColumnVector;Lorg/apache/spark/sql/execution/datasources/parquet/VectorizedValuesReader;)V 662 0 26738 0 0
ciMethod org/apache/spark/sql/execution/datasources/parquet/VectorizedRleValuesReader readBatchInternal (Lorg/apache/spark/sql/execution/datasources/parquet/ParquetReadState;Lorg/apache/spark/sql/execution/vectorized/WritableColumnVector;Lorg/apache/spark/sql/execution/vectorized/WritableColumnVector;Lorg/apache/spark/sql/execution/datasources/parquet/VectorizedValuesReader;Lorg/apache/spark/sql/execution/datasources/parquet/ParquetVectorUpdater;)V 5114 9046 30309 0 -1
ciMethod org/apache/spark/sql/execution/datasources/parquet/VectorizedRleValuesReader readBatchInternalWithDefLevels (Lorg/apache/spark/sql/execution/datasources/parquet/ParquetReadState;Lorg/apache/spark/sql/execution/vectorized/WritableColumnVector;Lorg/apache/spark/sql/execution/vectorized/WritableColumnVector;Lorg/apache/spark/sql/execution/vectorized/WritableColumnVector;Lorg/apache/spark/sql/execution/datasources/parquet/VectorizedValuesReader;Lorg/apache/spark/sql/execution/datasources/parquet/ParquetVectorUpdater;)V 0 0 1 0 -1
ciMethod org/apache/spark/sql/execution/datasources/parquet/VectorizedRleValuesReader readBatchRepeated (Lorg/apache/spark/sql/execution/datasources/parquet/ParquetReadState;Lorg/apache/spark/sql/execution/vectorized/WritableColumnVector;Lorg/apache/spark/sql/execution/datasources/parquet/VectorizedRleValuesReader;Lorg/apache/spark/sql/execution/vectorized/WritableColumnVector;Lorg/apache/spark/sql/execution/vectorized/WritableColumnVector;Lorg/apache/spark/sql/execution/datasources/parquet/VectorizedValuesReader;Lorg/apache/spark/sql/execution/datasources/parquet/ParquetVectorUpdater;)V 0 0 1 0 -1
ciMethod org/apache/spark/sql/execution/datasources/parquet/VectorizedRleValuesReader readIntegersRepeated (Lorg/apache/spark/sql/execution/datasources/parquet/ParquetReadState;Lorg/apache/spark/sql/execution/vectorized/WritableColumnVector;Lorg/apache/spark/sql/execution/datasources/parquet/VectorizedRleValuesReader;Lorg/apache/spark/sql/execution/vectorized/WritableColumnVector;Lorg/apache/spark/sql/execution/vectorized/WritableColumnVector;Lorg/apache/spark/sql/execution/vectorized/WritableColumnVector;Lorg/apache/spark/sql/execution/datasources/parquet/VectorizedValuesReader;)V 0 0 1 0 -1
ciMethod org/apache/spark/sql/execution/datasources/parquet/VectorizedRleValuesReader readIntLittleEndian ()I 10256 0 5401 0 256
ciMethod org/apache/spark/sql/execution/datasources/parquet/ParquetReadState resetForNewBatch (I)V 662 0 29006 0 128
ciMethod org/apache/spark/sql/execution/datasources/parquet/ParquetReadState resetForNewPage (IJ)V 118 0 4236 0 0
ciMethod org/apache/spark/sql/execution/datasources/parquet/ParquetVectorUpdaterFactory getUpdater (Lorg/apache/parquet/column/ColumnDescriptor;Lorg/apache/spark/sql/types/DataType;)Lorg/apache/spark/sql/execution/datasources/parquet/ParquetVectorUpdater; 5110 0 30312 0 -1
ciMethod org/apache/spark/sql/execution/datasources/parquet/ParquetVectorUpdaterFactory isTimestampTypeMatched (Lorg/apache/parquet/schema/LogicalTypeAnnotation$TimeUnit;)Z 0 0 1 0 -1
ciMethod org/apache/spark/sql/execution/datasources/parquet/ParquetVectorUpdaterFactory isTimeTypeMatched (Lorg/apache/parquet/schema/LogicalTypeAnnotation$TimeUnit;)Z 0 0 1 0 -1
ciMethod org/apache/spark/sql/execution/datasources/parquet/ParquetVectorUpdaterFactory isUnsignedIntTypeMatched (I)Z 4256 0 12503 0 128
ciMethod org/apache/spark/sql/execution/datasources/parquet/ParquetVectorUpdaterFactory shouldConvertTimestamps ()Z 0 0 1 0 -1
ciMethod org/apache/spark/sql/execution/datasources/parquet/ParquetVectorUpdaterFactory constructConvertNotSupportedException (Lorg/apache/parquet/column/ColumnDescriptor;Lorg/apache/spark/sql/types/DataType;)Lorg/apache/spark/sql/execution/datasources/SchemaColumnConvertNotSupportedException; 0 0 1 0 -1
ciMethod org/apache/spark/sql/execution/datasources/parquet/ParquetVectorUpdaterFactory canReadAsIntDecimal (Lorg/apache/parquet/column/ColumnDescriptor;Lorg/apache/spark/sql/types/DataType;)Z 0 0 1 0 -1
ciMethod org/apache/spark/sql/execution/datasources/parquet/ParquetVectorUpdaterFactory canReadAsLongDecimal (Lorg/apache/parquet/column/ColumnDescriptor;Lorg/apache/spark/sql/types/DataType;)Z 0 0 1 0 -1
ciMethod org/apache/spark/sql/execution/datasources/parquet/ParquetVectorUpdaterFactory canReadAsBinaryDecimal (Lorg/apache/parquet/column/ColumnDescriptor;Lorg/apache/spark/sql/types/DataType;)Z 0 0 1 0 -1
ciMethod org/apache/spark/sql/execution/datasources/parquet/ParquetVectorUpdaterFactory canReadAsDecimal (Lorg/apache/parquet/column/ColumnDescriptor;Lorg/apache/spark/sql/types/DataType;)Z 0 0 1 0 -1
ciMethod org/apache/spark/sql/execution/datasources/parquet/ParquetVectorUpdaterFactory isLongDecimal (Lorg/apache/spark/sql/types/DataType;)Z 0 0 1 0 -1
ciMethod org/apache/spark/sql/execution/datasources/parquet/ParquetVectorUpdaterFactory isDateTypeMatched (Lorg/apache/parquet/column/ColumnDescriptor;)Z 0 0 1 0 -1
ciMethod org/apache/spark/sql/execution/datasources/parquet/ParquetVectorUpdater decodeDictionaryIds (IILorg/apache/spark/sql/execution/vectorized/WritableColumnVector;Lorg/apache/spark/sql/execution/vectorized/WritableColumnVector;Lorg/apache/parquet/column/Dictionary;)V 0 0 1 0 -1
ciMethod org/apache/spark/sql/execution/datasources/parquet/ParquetVectorUpdaterFactory$BinaryUpdater <init> ()V 516 0 17803 0 -1
ciMethod org/apache/parquet/hadoop/ColumnChunkPageReadStore$ColumnChunkPageReader$1 <init> (Lorg/apache/parquet/hadoop/ColumnChunkPageReadStore$ColumnChunkPageReader;I)V 1268 0 3682 0 0
ciMethod org/apache/parquet/hadoop/ColumnChunkPageReadStore$ColumnChunkPageReader$1 visit (Lorg/apache/parquet/column/page/DataPageV1;)Lorg/apache/parquet/column/page/DataPage; 4354 0 5485 0 -1
ciMethod org/apache/parquet/hadoop/ColumnChunkPageReadStore$ColumnChunkPageReader$1 visit (Lorg/apache/parquet/column/page/DataPageV1;)Ljava/lang/Object; 1256 0 3680 0 0
ciMethod org/apache/spark/sql/execution/datasources/parquet/VectorizedColumnReader$1 <init> (Lorg/apache/spark/sql/execution/datasources/parquet/VectorizedColumnReader;)V 638 0 3467 0 0
ciMethod org/apache/spark/sql/execution/datasources/parquet/VectorizedColumnReader$1 visit (Lorg/apache/parquet/column/page/DataPageV1;)Ljava/lang/Integer; 646 0 3470 0 0
ciMethod org/apache/spark/sql/execution/datasources/parquet/VectorizedColumnReader$1 visit (Lorg/apache/parquet/column/page/DataPageV1;)Ljava/lang/Object; 648 0 3471 0 0
ciMethod org/apache/parquet/column/values/bitpacking/Packer newBytePacker (I)Lorg/apache/parquet/column/values/bitpacking/BytePacker; 0 0 1 0 -1
ciMethod org/apache/parquet/column/values/bitpacking/Packer$2 newBytePacker (I)Lorg/apache/parquet/column/values/bitpacking/BytePacker; 516 0 6510 0 0
ciMethod org/apache/parquet/column/values/bitpacking/BytePackerFactory newBytePacker (I)Lorg/apache/parquet/column/values/bitpacking/BytePacker; 0 0 1 0 -1
ciMethod org/apache/parquet/column/values/bitpacking/ByteBitPackingLE$1 newBytePacker (I)Lorg/apache/parquet/column/values/bitpacking/BytePacker; 7128 0 3752 0 96
ciMethod org/apache/parquet/CorruptDeltaByteArrays requiresSequentialReads (Lorg/apache/parquet/VersionParser$ParsedVersion;Lorg/apache/parquet/column/Encoding;)Z 4232 0 5487 0 -1
ciMethod org/apache/spark/sql/execution/datasources/parquet/ParquetVectorUpdaterFactory$IntegerUpdater <init> ()V 514 0 32161 0 -1
ciMethod org/apache/spark/sql/execution/datasources/parquet/ParquetDictionary <init> (Lorg/apache/parquet/column/Dictionary;Z)V 668 0 24802 0 0
ciMethodData org/apache/spark/sql/execution/vectorized/WritableColumnVector isAllNull ()Z 2 510903 orig 80 0 0 0 0 0 0 0 0 0 0 0 0 250 127 0 0 0 0 0 0 0 0 0 0 0 0 0 0 0 0 0 0 0 0 0 0 0 0 0 0 0 0 0 0 0 0 0 0 0 0 0 0 0 0 0 0 0 0 0 0 0 0 0 0 0 0 0 0 0 0 0 0 0 0 0 0 0 0 0 0 data 27 0x40007 0x0 0x78 0x7b5e2 0xb0004 0xfffffffffff84a48 0x0 0x1f012338cd0 0x1092c 0x1f012339d80 0x7 0xe0007 0x7b5ef 0x38 0x0 0x120003 0x0 0x18 0x0 0x0 0x0 0x0 0x0 0x0 0x9 0x1 0x0 oops 2 7 org/apache/spark/sql/types/StringType$ 9 org/apache/spark/sql/types/ByteType$ methods 0
ciMethodData org/apache/parquet/bytes/SingleBufferInputStream read ()I 2 24257 orig 80 0 0 0 0 0 0 0 0 0 0 0 0 250 127 0 0 0 0 0 0 0 0 0 0 0 0 0 0 0 0 0 0 0 0 0 0 0 0 0 0 0 0 0 0 0 0 0 0 0 0 0 0 0 0 0 0 0 0 0 0 0 0 0 0 0 0 0 0 0 0 0 0 0 0 0 0 0 0 0 0 data 29 0x40005 0x56b6 0x0 0x0 0x0 0x0 0x0 0x70007 0x569b 0x30 0x0 0xe0002 0x0 0x160005 0x0 0x0 0x1f01bb54090 0x5695 0x0 0x0 0x0 0x0 0x0 0x0 0x0 0x0 0x9 0x1 0x0 oops 1 16 java/nio/HeapByteBuffer methods 0
ciMethodData org/apache/spark/sql/execution/vectorized/WritableColumnVector hasNull ()Z 2 4312 orig 80 0 0 0 0 0 0 0 0 0 0 0 0 250 127 0 0 0 0 0 0 0 0 0 0 0 0 0 0 0 0 0 0 0 0 0 0 0 0 0 0 0 0 0 0 0 0 0 0 0 0 0 0 0 0 0 0 0 0 0 0 0 0 0 0 0 0 0 0 0 0 0 0 0 0 0 0 0 0 0 0 data 27 0x10005 0x90e 0x0 0x0 0x0 0x0 0x0 0x40007 0x0 0x40 0x90e 0xb0007 0x0 0x38 0x90e 0xf0003 0x90e 0x18 0x0 0x0 0x0 0x0 0x0 0x0 0x9 0x1 0x0 oops 0 methods 0
ciMethodData org/apache/spark/sql/execution/vectorized/OnHeapColumnVector releaseMemory ()V 2 12440 orig 80 0 0 0 0 0 0 0 0 0 0 0 0 250 127 0 0 0 0 0 0 0 0 0 0 0 0 0 0 0 0 0 0 0 0 0 0 0 0 0 0 0 0 0 0 0 0 0 0 0 0 0 0 0 0 0 0 0 0 0 0 0 0 0 0 0 0 0 0 0 0 0 0 0 0 0 0 0 0 0 0 data 8 0x0 0x0 0x0 0x0 0x0 0x9 0x1 0x3f00 oops 0 methods 0
ciMethodData org/apache/spark/sql/execution/vectorized/WritableColumnVector reset ()V 2 7983 orig 80 0 0 0 0 0 0 0 0 0 0 0 0 250 127 0 0 0 0 0 0 0 0 0 0 0 0 0 0 0 0 0 0 0 0 0 0 0 0 0 0 0 0 0 0 0 0 0 0 0 0 0 0 0 0 0 0 0 0 0 0 0 0 0 0 0 0 0 0 0 0 0 0 0 0 0 0 0 0 0 0 data 79 0x40007 0x0 0x78 0x172a 0x80005 0x1729 0x0 0x0 0x0 0x0 0x0 0xb0007 0x172e 0x20 0x0 0x130007 0x10f7 0x90 0x64b 0x220007 0x64b 0x70 0x64d 0x2c0005 0x0 0x0 0x1f014ddc930 0x64d 0x0 0x0 0x320003 0x64a 0xffffffffffffffa8 0x3e0007 0x1721 0x58 0xc 0x470005 0xc 0x0 0x0 0x0 0x0 0x0 0x540007 0x172e 0xb0 0x0 0x5f0007 0x0 0x90 0x0 0x6b0005 0x0 0x0 0x0 0x0 0x0 0x0 0x730005 0x0 0x0 0x0 0x0 0x0 0x0 0x0 0x0 0x0 0x0 0x0 0x0 0x0 0x0 0x0 0x0 0x9 0x1 0x0 oops 1 26 org/apache/spark/sql/execution/vectorized/OnHeapColumnVector methods 0
ciMethodData org/apache/spark/sql/execution/vectorized/OnHeapColumnVector putNotNulls (II)V 2 394240 orig 80 0 0 0 0 0 0 0 0 0 0 0 0 250 127 0 0 0 0 0 0 0 0 0 0 0 0 0 0 0 0 0 0 0 0 0 0 0 0 0 0 0 0 0 0 0 0 0 0 0 0 0 0 0 0 0 0 0 0 0 0 0 0 0 0 0 0 0 0 0 0 0 0 0 0 0 0 0 0 0 0 data 29 0x10005 0x0 0x0 0x1f014ddc930 0xa9 0x0 0x0 0x40007 0xa9 0x20 0x0 0xc0007 0x48 0x38 0x60400 0x1b0003 0x60400 0xffffffffffffffe0 0x0 0x0 0x0 0x0 0x0 0x0 0x9 0x3 0x0 0x0 0x0 oops 1 3 org/apache/spark/sql/execution/vectorized/OnHeapColumnVector methods 0
ciMethodData org/apache/parquet/bytes/SingleBufferInputStream available ()I 2 20871 orig 80 0 0 0 0 0 0 0 0 0 0 0 0 250 127 0 0 0 0 0 0 0 0 0 0 0 0 0 0 0 0 0 0 0 0 0 0 0 0 0 0 0 0 0 0 0 0 0 0 0 0 0 0 0 0 0 0 0 0 0 0 0 0 0 0 0 0 0 0 0 0 0 0 0 0 0 0 0 0 0 0 data 16 0x40005 0x49f6 0x0 0x0 0x0 0x0 0x0 0x0 0x0 0x0 0x0 0x0 0x0 0x9 0x1 0x0 oops 0 methods 0
ciMethodData org/apache/spark/sql/execution/datasources/parquet/VectorizedRleValuesReader readIntLittleEndian ()I 1 5401 orig 80 0 0 0 0 0 0 0 0 0 0 0 0 250 127 0 0 0 0 0 0 0 0 0 0 0 0 0 0 0 0 0 0 0 0 0 0 0 0 0 0 0 0 0 0 0 0 0 0 0 0 0 0 0 0 0 0 0 0 0 0 0 0 0 0 0 0 0 0 0 0 0 0 0 0 0 0 0 0 0 0 data 37 0x40005 0x0 0x0 0x1f0123f9e50 0x111 0x0 0x0 0xc0005 0x0 0x0 0x1f0123f9e50 0x111 0x0 0x0 0x140005 0x0 0x0 0x1f0123f9e50 0x111 0x0 0x0 0x1c0005 0x0 0x0 0x1f0123f9e50 0x111 0x0 0x0 0x0 0x0 0x0 0x0 0x0 0x0 0x9 0x1 0x0 oops 4 3 org/apache/parquet/bytes/SingleBufferInputStream 10 org/apache/parquet/bytes/SingleBufferInputStream 17 org/apache/parquet/bytes/SingleBufferInputStream 24 org/apache/parquet/bytes/SingleBufferInputStream methods 0
ciMethodData org/apache/spark/sql/execution/vectorized/OnHeapColumnVector reserveInternal (I)V 2 13919 orig 80 0 0 0 0 0 0 0 0 0 0 0 0 250 127 0 0 0 0 0 0 0 0 0 0 0 0 0 0 0 0 0 0 0 0 0 0 0 0 0 0 0 0 0 0 0 0 0 0 0 0 0 0 0 0 0 0 0 0 0 0 0 0 0 0 0 0 0 0 0 0 0 0 0 0 0 0 0 0 0 0 data 395 0x10005 0x2b57 0x0 0x0 0x0 0x0 0x0 0x40007 0x2b56 0x20 0x0 0x90005 0x0 0x0 0x1f014ddc930 0x2b57 0x0 0x0 0xc0007 0xb09 0x78 0x2052 0x130004 0xffffffffffffdfae 0x0 0x1f012339d80 0x2a8 0x1f011fc7720 0x10a 0x160007 0x2052 0x78 0x0 0x250007 0xb09 0x40 0x0 0x330002 0x0 0x410002 0x0 0x4e0003 0xb09 0x930 0x550004 0xffffffffffffdfad 0x0 0x1f012339d80 0x2a8 0x1f011fc7720 0x10a 0x580007 0x2053 0xa8 0x0 0x5f0007 0x0 0x40 0x0 0x680007 0x0 0x8a0 0x0 0x730007 0x0 0x30 0x0 0x810002 0x0 0x890003 0x0 0x850 0x900004 0xffffffffffffeb45 0x0 0x1f012339d80 0xb98 0x1f011fc7720 0x10a 0x930007 0x14bb 0xa8 0xb98 0x9a0007 0xb09 0x40 0x8f 0xa30007 0x0 0x7c0 0x8f 0xae0007 0xb07 0x30 0x8f 0xbc0002 0x8f 0xc40003 0xb96 0x770 0xcb0004 0xffffffffffffeb45 0x0 0x1f011fc7720 0x10a 0x1f01354ad90 0xc 0xce0007 0x14bb 0xa8 0x0 0xd50007 0x0 0x40 0x0 0xde0007 0x0 0x6e0 0x0 0xe90007 0x0 0x30 0x0 0xf70002 0x0 0xff0003 0x0 0x690 0x1060004 0xfffffffffffffd13 0x0 0x1f011fc7720 0x11cd 0x1f01354ad90 0xc 0x1090007 0x11cd 0x100 0x2ed 0x1100004 0xfffffffffffffd12 0x0 0x1f01354ad90 0xc 0x1f01354ae40 0x99 0x1130007 0x0 0xa8 0x2ee 0x11a0002 0x2ee 0x11d0007 0x0 0x78 0x2ef 0x1240004 0xfffffffffffffd11 0x0 0x1f01354ad90 0xc 0x1f01354ae40 0x9a 0x1270007 0x2ef 0xa8 0x0 0x12e0007 0x11cd 0x40 0x0 0x1370007 0x0 0x520 0x0 0x1420007 0x11cd 0x30 0x0 0x1500002 0x0 0x1580003 0x11cd 0x4d0 0x15f0004 0xfffffffffffffd44 0x0 0x1f01354ad90 0x33 0x1f01354ae40 0x9a 0x1620007 0x33 0x1b0 0x2bc 0x1690004 0xfffffffffffffd44 0x0 0x1f01354ae40 0x9a 0x0 0x0 0x16c0007 0x0 0x158 0x2bc 0x1730004 0xfffffffffffffd44 0x0 0x1f01354ae40 0x9a 0x0 0x0 0x1760007 0x0 0x100 0x2bc 0x17d0002 0x2bc 0x1800007 0x0 0xd0 0x2bc 0x1870004 0xfffffffffffffd44 0x0 0x1f01354ae40 0x9a 0x0 0x0 0x18a0007 0x0 0x78 0x2bc 0x1910004 0xfffffffffffffd44 0x0 0x1f01354ae40 0x9a 0x0 0x0 0x1940007 0x2bc 0xa8 0x0 0x19b0007 0x33 0x40 0x0 0x1a40007 0x0 0x2b0 0x0 0x1af0007 0x33 0x30 0x0 0x1bd0002 0x0 0x1c50003 0x33 0x260 0x1cc0004 0xfffffffffffffd44 0x0 0x1f01354ae40 0x9a 0x0 0x0 0x1cf0007 0x2bc 0xa8 0x0 0x1d60007 0x0 0x40 0x0 0x1df0007 0x0 0x1d0 0x0 0x1ea0007 0x0 0x30 0x0 0x1f80002 0x0 0x2000003 0x0 0x180 0x2070004 0x0 0x0 0x1f01354ae40 0x2bc 0x0 0x0 0x20a0007 0x0 0xa8 0x2bc 0x2110007 0x2bc 0x40 0x0 0x21a0007 0x0 0xf0 0x0 0x2250007 0x2bb 0x30 0x0 0x2330002 0x0 0x23b0003 0x2bb 0xa0 0x2420007 0x0 0x38 0x0 0x2450003 0x0 0x68 0x2500002 0x0 0x253000a 0x0 0x3 0x0 0x0 0x1efff8e8890 0x2580002 0x0 0x2640007 0x2acb 0x30 0x8f 0x2720002 0x8f 0x0 0x0 0x0 0x0 0x0 0x0 0x0 0x0 0x0 0x0 0x0 0x0 0x0 0x0 0x0 0x0 0x0 0x0 0x0 0x0 0x0 0x0 0x0 0x0 0x0 0x0 0x0 0x0 0x0 0x0 0x0 0x0 0x0 0x0 0x0 0x0 0x0 0x0 0x0 0x0 0x0 0x0 0x0 0x0 0x0 0x0 0x0 0x0 0x0 0x0 0x9 0x2 0x0 0x0 oops 24 14 org/apache/spark/sql/execution/vectorized/OnHeapColumnVector 25 org/apache/spark/sql/types/ByteType$ 27 org/apache/spark/sql/types/IntegerType$ 47 org/apache/spark/sql/types/ByteType$ 49 org/apache/spark/sql/types/IntegerType$ 75 org/apache/spark/sql/types/ByteType$ 77 org/apache/spark/sql/types/IntegerType$ 103 org/apache/spark/sql/types/IntegerType$ 105 org/apache/spark/sql/types/LongType$ 131 org/apache/spark/sql/types/IntegerType$ 133 org/apache/spark/sql/types/LongType$ 142 org/apache/spark/sql/types/LongType$ 144 org/apache/spark/sql/types/DoubleType$ 159 org/apache/spark/sql/types/LongType$ 161 org/apache/spark/sql/types/DoubleType$ 187 org/apache/spark/sql/types/LongType$ 189 org/apache/spark/sql/types/DoubleType$ 198 org/apache/spark/sql/types/DoubleType$ 209 org/apache/spark/sql/types/DoubleType$ 226 org/apache/spark/sql/types/DoubleType$ 237 org/apache/spark/sql/types/DoubleType$ 265 org/apache/spark/sql/types/DoubleType$ 293 org/apache/spark/sql/types/DoubleType$ 332 java/lang/String methods 0
ciMethodData org/apache/parquet/bytes/SingleBufferInputStream <init> (Ljava/nio/ByteBuffer;)V 2 23289 orig 80 0 0 0 0 0 0 0 0 0 0 0 0 250 127 0 0 0 0 0 0 0 0 0 0 0 0 0 0 0 0 0 0 0 0 0 0 0 0 0 0 0 0 0 0 0 0 0 0 0 0 0 0 0 0 0 0 0 0 0 0 0 0 0 0 0 0 0 0 0 0 0 0 0 0 0 0 0 0 0 0 data 26 0x10002 0x540a 0xb0005 0x0 0x0 0x1f01bb54090 0x540a 0x0 0x0 0x130005 0x540b 0x0 0x0 0x0 0x0 0x0 0x0 0x0 0x0 0x0 0x0 0x0 0x9 0x2 0x1e 0xffffffffffffffff oops 1 5 java/nio/HeapByteBuffer methods 0
ciMethodData org/apache/parquet/bytes/ByteBufferInputStream <init> ()V 2 21899 orig 80 0 0 0 0 0 0 0 0 0 0 0 0 250 127 0 0 0 0 0 0 0 0 0 0 0 0 0 0 0 0 0 0 0 0 0 0 0 0 0 0 0 0 0 0 0 0 0 0 0 0 0 0 0 0 0 0 0 0 0 0 0 0 0 0 0 0 0 0 0 0 0 0 0 0 0 0 0 0 0 0 data 9 0x10002 0x5409 0x0 0x0 0x0 0x0 0x9 0x1 0x6 oops 0 methods 0
ciMethodData org/apache/parquet/bytes/SingleBufferInputStream slice (I)Ljava/nio/ByteBuffer; 2 56462 orig 80 0 0 0 0 0 0 0 0 0 0 0 0 250 127 0 0 0 0 0 0 0 0 0 0 0 0 0 0 0 0 0 0 0 0 0 0 0 0 0 0 0 0 0 0 0 0 0 0 0 0 0 0 0 0 0 0 0 0 0 0 0 0 0 0 0 0 0 0 0 0 0 0 0 0 0 0 0 0 0 0 data 58 0x40005 0xd434 0x0 0x0 0x0 0x0 0x0 0x80007 0xcba5 0x30 0x0 0xf0002 0x0 0x170005 0x0 0x0 0x1f01bb54090 0xc4c2 0x0 0x0 0x1d0005 0xce97 0x0 0x0 0x0 0x0 0x0 0x220005 0x0 0x0 0x1f01bb54090 0xc37a 0x0 0x0 0x2e0005 0xced7 0x0 0x0 0x0 0x0 0x0 0x330005 0x0 0x0 0x1f01bb54090 0xc21d 0x0 0x0 0x0 0x0 0x0 0x0 0x0 0x0 0x9 0x2 0x0 0x0 oops 3 16 java/nio/HeapByteBuffer 30 java/nio/HeapByteBuffer 44 java/nio/HeapByteBuffer methods 0
ciMethodData org/apache/spark/sql/execution/datasources/parquet/ParquetVectorUpdaterFactory isUnsignedIntTypeMatched (I)Z 2 12503 orig 80 0 0 0 0 0 0 0 0 0 0 0 0 250 127 0 0 0 0 0 0 0 0 0 0 0 0 0 0 0 0 0 0 0 0 0 0 0 0 0 0 0 0 0 0 0 0 0 0 0 0 0 0 0 0 0 0 0 0 0 0 0 0 0 0 0 0 0 0 0 0 0 0 0 0 0 0 0 0 0 0 data 53 0x60104 0xffffffffffffe685 0x0 0x1efe737c4b0 0x830 0x0 0x0 0x90007 0x2057 0x120 0x830 0xd0004 0x0 0x0 0x1efe737c4b0 0x830 0x0 0x0 0x120005 0x0 0x0 0x1efe737c4b0 0x830 0x0 0x0 0x150007 0x830 0x90 0x0 0x190005 0x0 0x0 0x0 0x0 0x0 0x0 0x1d0007 0x0 0x38 0x0 0x210003 0x0 0x18 0x0 0x0 0x0 0x0 0x0 0x0 0x9 0x2 0x0 0x0 oops 3 3 org/apache/parquet/schema/LogicalTypeAnnotation$IntLogicalTypeAnnotation 14 org/apache/parquet/schema/LogicalTypeAnnotation$IntLogicalTypeAnnotation 21 org/apache/parquet/schema/LogicalTypeAnnotation$IntLogicalTypeAnnotation methods 0
ciMethodData org/apache/spark/sql/execution/datasources/parquet/VectorizedColumnReader readBatch (ILorg/apache/spark/sql/execution/vectorized/WritableColumnVector;Lorg/apache/spark/sql/execution/vectorized/WritableColumnVector;Lorg/apache/spark/sql/execution/vectorized/WritableColumnVector;)V 2 30313 orig 80 0 0 0 0 0 0 0 0 0 0 0 0 250 127 0 0 0 0 0 0 0 0 0 0 0 0 0 0 0 0 0 0 0 0 0 0 0 0 0 0 0 0 0 0 0 0 0 0 0 0 0 0 0 0 0 0 0 0 0 0 0 0 0 0 0 0 0 0 0 0 0 0 0 0 0 0 0 0 0 0 data 355 0xc0005 0x6cea 0x0 0x0 0x0 0x0 0x0 0xf0005 0x0 0x0 0x1f014ddc880 0x6cec 0x0 0x0 0x180007 0xcd2 0x58 0x6017 0x1d0005 0x0 0x0 0x1f014ddc930 0x6017 0x0 0x0 0x270005 0x6cec 0x0 0x0 0x0 0x0 0x0 0x310007 0x6cec 0x40 0x6ceb 0x3b0007 0x6ceb 0x8e8 0x0 0x450007 0x5c94 0xc8 0x1058 0x490005 0x1058 0x0 0x0 0x0 0x0 0x0 0x500007 0x1058 0x38 0x0 0x530003 0x0 0x850 0x600005 0x1058 0x0 0x0 0x0 0x0 0x0 0x670005 0x0 0x0 0x1f014ddc9e0 0x6cec 0x0 0x0 0x6a0005 0x6cec 0x0 0x0 0x0 0x0 0x0 0x730007 0xcd2 0x5b0 0x601a 0x8f0007 0x0 0xa8 0x601a 0xa30004 0x0 0x0 0x1f014ddca90 0x601a 0x0 0x0 0xa60005 0x6019 0x0 0x0 0x0 0x0 0x0 0xa90003 0x6018 0x88 0xc20004 0x0 0x0 0x0 0x0 0x0 0x0 0xc50005 0x0 0x0 0x0 0x0 0x0 0x0 0xc90005 0x0 0x0 0x1f014ddc930 0x6018 0x0 0x0 0xcc0007 0x51e4 0xd0 0xe34 0xd60007 0x0 0x3d0 0xe34 0xdd0005 0xe34 0x0 0x0 0x0 0x0 0x0 0xe00005 0xe34 0x0 0x0 0x0 0x0 0x0 0xe30007 0x0 0x340 0xe34 0xea0005 0x0 0x0 0x1f014ddc9e0 0x6018 0x0 0x0 0xf10005 0x0 0x0 0x1f014ddcb40 0x6018 0x0 0x0 0xf80104 0xffffffffffffb12d 0x0 0x1f014ddcbf0 0x84 0x0 0x0 0xfb0007 0x6018 0x130 0x0 0x1000004 0x0 0x0 0x0 0x0 0x0 0x0 0x1070005 0x0 0x0 0x0 0x0 0x0 0x0 0x10a0002 0x0 0x10d0007 0x0 0x90 0x0 0x1120005 0x0 0x0 0x0 0x0 0x0 0x0 0x1180007 0x0 0x38 0x0 0x11c0003 0x0 0x18 0x1280005 0x0 0x0 0x1f014ddc880 0x6018 0x0 0x0 0x1330005 0x0 0x0 0x1f014ddc880 0x6018 0x0 0x0 0x13a0007 0x0 0x60 0x6017 0x13f0007 0x0 0x40 0x6017 0x1440007 0x6017 0x38 0x0 0x1480003 0x0 0x18 0x1590002 0x6017 0x15c0005 0x0 0x0 0x1f014ddc930 0x6017 0x0 0x0 0x15f0003 0x601a 0x50 0x1770005 0x0 0x0 0x0 0x0 0x0 0x0 0x17c0003 0x601a 0x1e0 0x1800005 0x0 0x0 0x1f014ddc930 0xcd2 0x0 0x0 0x1830007 0xcd2 0x78 0x0 0x18d0007 0x0 0x58 0x0 0x1a10005 0x0 0x0 0x0 0x0 0x0 0x0 0x1a80005 0x0 0x0 0x1f014ddc930 0xcd2 0x0 0x0 0x1af0004 0x0 0x0 0x1f014ddcca0 0xcd2 0x0 0x0 0x1bb0007 0x0 0x70 0xcd2 0x1cd0005 0xcd2 0x0 0x0 0x0 0x0 0x0 0x1d00003 0xcd2 0x50 0x1e70005 0x0 0x0 0x0 0x0 0x0 0x0 0x1ea0003 0x6cec 0xfffffffffffff710 0x0 0x0 0x0 0x0 0x0 0x0 0x0 0x0 0x0 0x0 0x0 0x0 0x0 0x0 0x0 0x0 0x0 0x0 0x0 0x0 0x0 0x0 0x0 0x0 0x0 0x0 0x0 0x9 0x5 0x0 0x0 0x0 0x0 0x0 oops 14 10 org/apache/spark/sql/execution/datasources/parquet/ParquetVectorUpdaterFactory 21 org/apache/spark/sql/execution/vectorized/OnHeapColumnVector 68 org/apache/parquet/column/ColumnDescriptor 90 org/apache/spark/sql/execution/datasources/parquet/VectorizedRleValuesReader 121 org/apache/spark/sql/execution/vectorized/OnHeapColumnVector 154 org/apache/parquet/column/ColumnDescriptor 161 org/apache/parquet/schema/PrimitiveType 168 org/apache/parquet/schema/LogicalTypeAnnotation$StringLogicalTypeAnnotation 213 org/apache/spark/sql/execution/datasources/parquet/ParquetVectorUpdaterFactory 220 org/apache/spark/sql/execution/datasources/parquet/ParquetVectorUpdaterFactory 244 org/apache/spark/sql/execution/vectorized/OnHeapColumnVector 264 org/apache/spark/sql/execution/vectorized/OnHeapColumnVector 286 org/apache/spark/sql/execution/vectorized/OnHeapColumnVector 293 org/apache/spark/sql/execution/datasources/parquet/VectorizedPlainValuesReader methods 0
ciMethodData org/apache/spark/sql/execution/datasources/parquet/ParquetVectorUpdaterFactory getUpdater (Lorg/apache/parquet/column/ColumnDescriptor;Lorg/apache/spark/sql/types/DataType;)Lorg/apache/spark/sql/execution/datasources/parquet/ParquetVectorUpdater; 2 30312 orig 80 0 0 0 0 0 0 0 0 0 0 0 0 250 127 0 0 0 0 0 0 0 0 0 0 0 0 0 0 0 0 0 0 0 0 0 0 0 0 0 0 0 0 0 0 0 0 0 0 0 0 0 0 0 0 0 0 0 0 0 0 0 0 0 0 0 0 0 0 0 0 0 0 0 0 0 0 0 0 0 0 data 692 0x10005 0x0 0x0 0x1f014ddc9e0 0x6c6d 0x0 0x0 0x60005 0x6c6d 0x0 0x0 0x0 0x0 0x0 0xc0005 0x0 0x0 0x1f014ddcb40 0x6c6d 0x0 0x0 0xf0104 0xffffffffffffa504 0x0 0x1f014ddcbf0 0x6 0x0 0x0 0x160007 0x6c6d 0x88 0x0 0x1a0004 0x0 0x0 0x0 0x0 0x0 0x0 0x1d0007 0x0 0x30 0x0 0x240002 0x0 0x2d0005 0x6c6e 0x0 0x0 0x0 0x0 0x0 0x310008 0x12 0x0 0x1208 0x0 0xa0 0x152f 0xd0 0x13f 0x598 0x0 0xbb8 0x1172 0xc18 0x0 0xc48 0x448d 0xe18 0x0 0x1018 0x640007 0x0 0x1168 0x0 0x6b0002 0x0 0x730007 0x152f 0x50 0x0 0x780002 0x0 0x7b0007 0x0 0x30 0x0 0x820002 0x152f 0x8a0007 0x0 0x88 0x0 0x900005 0x0 0x0 0x0 0x0 0x0 0x0 0x930007 0x0 0x30 0x0 0x9a0002 0x0 0xa20007 0x0 0x50 0x0 0xa70002 0x0 0xaa0007 0x0 0x30 0x0 0xb10002 0x0 0xb70002 0x0 0xba0007 0x0 0x30 0x0 0xc10002 0x0 0xc90007 0x0 0x30 0x0 0xd00002 0x0 0xd80007 0x0 0x30 0x0 0xdf0002 0x0 0xe70007 0x0 0x30 0x0 0xee0002 0x0 0xf60007 0x0 0xd0 0x0 0xff0005 0x0 0x0 0x0 0x0 0x0 0x0 0x1020007 0x0 0x30 0x0 0x1090002 0x0 0x1130005 0x0 0x0 0x0 0x0 0x0 0x0 0x11e0002 0x0 0x1260007 0x0 0x100 0x0 0x12a0002 0x0 0x12d0007 0x0 0xd0 0x0 0x1360005 0x0 0x0 0x0 0x0 0x0 0x0 0x1390007 0x0 0x30 0x0 0x1400002 0x0 0x14a0005 0x0 0x0 0x0 0x0 0x0 0x0 0x1550002 0x0 0x15a0004 0x0 0x0 0x0 0x0 0x0 0x0 0x15d0007 0x0 0x30 0x0 0x1640002 0x0 0x16a0002 0x0 0x16d0007 0x0 0xcd8 0x0 0x1760004 0x0 0x0 0x0 0x0 0x0 0x0 0x1790002 0x0 0x1810007 0x13f 0x50 0x0 0x1860002 0x0 0x1890007 0x0 0x70 0x0 0x18d0002 0x13f 0x1900007 0x13f 0x30 0x0 0x1970002 0x0 0x19f0002 0x13f 0x1a50002 0x0 0x1a80007 0x0 0x30 0x0 0x1af0002 0x0 0x1b40002 0x0 0x1b70007 0x0 0x88 0x0 0x1bd0005 0x0 0x0 0x0 0x0 0x0 0x0 0x1c00007 0x0 0x30 0x0 0x1c70002 0x0 0x1cf0007 0x0 0x128 0x0 0x1d60005 0x0 0x0 0x0 0x0 0x0 0x0 0x1d90007 0x0 0xd0 0x0 0x1e20005 0x0 0x0 0x0 0x0 0x0 0x0 0x1e50007 0x0 0x30 0x0 0x1ec0002 0x0 0x1f60005 0x0 0x0 0x0 0x0 0x0 0x0 0x2050002 0x0 0x20d0007 0x0 0x128 0x0 0x2140005 0x0 0x0 0x0 0x0 0x0 0x0 0x2170007 0x0 0xd0 0x0 0x2200005 0x0 0x0 0x0 0x0 0x0 0x0 0x2230007 0x0 0x30 0x0 0x22a0002 0x0 0x2340005 0x0 0x0 0x0 0x0 0x0 0x0 0x2430002 0x0 0x24b0007 0x0 0x88 0x0 0x2520005 0x0 0x0 0x0 0x0 0x0 0x0 0x2550007 0x0 0x30 0x0 0x25c0002 0x0 0x2640007 0x0 0x88 0x0 0x26b0005 0x0 0x0 0x0 0x0 0x0 0x0 0x26e0007 0x0 0x30 0x0 0x2750002 0x0 0x27a0004 0x0 0x0 0x0 0x0 0x0 0x0 0x27d0007 0x0 0x30 0x0 0x2840002 0x0 0x28a0002 0x0 0x28d0007 0x0 0x68 0x0 0x2960004 0x0 0x0 0x0 0x0 0x0 0x0 0x2990002 0x0 0x29e0004 0x0 0x0 0x0 0x0 0x0 0x0 0x2a10007 0x0 0x680 0x0 0x2a80002 0x0 0x2b00007 0x0 0x30 0x0 0x2b70002 0x0 0x2bf0007 0x0 0x620 0x0 0x2c60002 0x0 0x2ce0007 0x0 0x5f0 0x1172 0x2d50002 0x1172 0x2dd0007 0x0 0x30 0x0 0x2e40002 0x0 0x2ec0007 0x0 0x590 0x0 0x2f50005 0x0 0x0 0x0 0x0 0x0 0x0 0x2fb0005 0x0 0x0 0x0 0x0 0x0 0x0 0x2fe0007 0x0 0x98 0x0 0x3070005 0x0 0x0 0x0 0x0 0x0 0x0 0x30a0007 0x0 0x30 0x0 0x3110002 0x0 0x31f0002 0x0 0x3290005 0x0 0x0 0x0 0x0 0x0 0x0 0x32c0007 0x0 0x30 0x0 0x3370002 0x0 0x3490002 0x0 0x34e0004 0x0 0x0 0x1f012338cd0 0x448d 0x0 0x0 0x3510007 0x448d 0x70 0x0 0x3580007 0x0 0x50 0x0 0x35d0002 0x0 0x3600007 0x0 0x30 0x0 0x3670002 0x448c 0x36c0004 0x0 0x0 0x0 0x0 0x0 0x0 0x36f0007 0x0 0x30 0x0 0x3760002 0x0 0x37b0004 0x0 0x0 0x0 0x0 0x0 0x0 0x37e0007 0x0 0x30 0x0 0x3850002 0x0 0x38b0002 0x0 0x38e0007 0x0 0x258 0x0 0x3970004 0x0 0x0 0x0 0x0 0x0 0x0 0x39a0002 0x0 0x39f0005 0x0 0x0 0x0 0x0 0x0 0x0 0x3a20005 0x0 0x0 0x0 0x0 0x0 0x0 0x3a90002 0x0 0x3ac0007 0x0 0x30 0x0 0x3b50002 0x0 0x3bb0002 0x0 0x3be0007 0x0 0x30 0x0 0x3c70002 0x0 0x3cd0002 0x0 0x3d00007 0x0 0x30 0x0 0x3d90002 0x0 0x3e10007 0x0 0x30 0x0 0x3ea0002 0x0 0x3f00002 0x0 0x3f30007 0x0 0x68 0x0 0x3fc0004 0x0 0x0 0x0 0x0 0x0 0x0 0x3ff0002 0x0 0x4030003 0x0 0x18 0x4090005 0x0 0x0 0x0 0x0 0x0 0x0 0x0 0x0 0x0 0x0 0x0 0x0 0x0 0x0 0x0 0x0 0x0 0x0 0x0 0x0 0x0 0x0 0x0 0x0 0x0 0x0 0x0 0x0 0x0 0x0 0x0 0x0 0x0 0x0 0x0 0x0 0x0 0x0 0x0 0x0 0x0 0x0 0x0 0x0 0x0 0x0 0x0 0x0 0x0 0x0 0x0 0x0 0x0 0x0 0x0 0x0 0x0 0x9 0x3 0x0 0x0 0x0 oops 4 3 org/apache/parquet/column/ColumnDescriptor 17 org/apache/parquet/schema/PrimitiveType 24 org/apache/parquet/schema/LogicalTypeAnnotation$StringLogicalTypeAnnotation 506 org/apache/spark/sql/types/StringType$ methods 0
ciMethodData org/apache/spark/sql/execution/vectorized/WritableColumnVector hasDictionary ()Z 2 28085 orig 80 0 0 0 0 0 0 0 0 0 0 0 0 250 127 0 0 0 0 0 0 0 0 0 0 0 0 0 0 0 0 0 0 0 0 0 0 0 0 0 0 0 0 0 0 0 0 0 0 0 0 0 0 0 0 0 0 0 0 0 0 0 0 0 0 0 0 0 0 0 0 0 0 0 0 0 0 0 0 0 0 data 16 0x40007 0x1afe 0x38 0x5169 0x80003 0x5169 0x18 0x0 0x0 0x0 0x0 0x0 0x0 0x9 0x1 0x0 oops 0 methods 0
ciMethodData org/apache/spark/sql/execution/vectorized/WritableColumnVector reserve (I)V 2 37135 orig 80 0 0 0 0 0 0 0 0 0 0 0 0 250 127 0 0 0 0 0 0 0 0 0 0 0 0 0 0 0 0 0 0 0 0 0 0 0 0 0 0 0 0 0 0 0 0 0 0 0 0 0 0 0 0 0 0 0 0 0 0 0 0 0 0 0 0 0 0 0 0 0 0 0 0 0 0 0 0 0 0 data 74 0x10007 0x825a 0x70 0x0 0x70005 0x0 0x0 0x0 0x0 0x0 0x0 0xa0003 0x0 0x1a8 0x120007 0x8200 0x190 0x13 0x190007 0x13 0x40 0x0 0x210007 0x0 0x48 0x0 0x2f0002 0x13 0x330003 0x13 0x28 0x420002 0x0 0x490007 0x0 0xc0 0x13 0x4e0005 0x0 0x0 0x1f014ddc930 0x13 0x0 0x0 0x510003 0x13 0xa0 0x580005 0x0 0x0 0x0 0x0 0x0 0x0 0x5b0003 0x0 0x50 0x610005 0x0 0x0 0x0 0x0 0x0 0x0 0x0 0x0 0x0 0x0 0x0 0x0 0x9 0x2 0x0 0x0 oops 1 40 org/apache/spark/sql/execution/vectorized/OnHeapColumnVector methods 0
ciMethodData org/apache/spark/sql/execution/vectorized/WritableColumnVector throwUnsupportedException (ILjava/lang/Throwable;)V 1 0 orig 80 0 0 0 0 0 0 0 0 0 0 0 0 250 127 0 0 0 0 0 0 0 0 0 0 0 0 0 0 0 0 0 0 0 0 0 0 0 0 0 0 0 0 0 0 0 0 0 0 0 0 0 0 0 0 0 0 0 0 0 0 0 0 0 0 0 0 0 0 0 0 0 0 0 0 0 0 0 0 0 0 data 95 0x10007 0x0 0x58 0x0 0x5000a 0x0 0x1 0x0 0xa0003 0x0 0x18 0xf0002 0x0 0x120005 0x0 0x0 0x0 0x0 0x0 0x0 0x150002 0x0 0x180005 0x0 0x0 0x0 0x0 0x0 0x0 0x1b0002 0x0 0x1e0005 0x0 0x0 0x0 0x0 0x0 0x0 0x210002 0x0 0x240005 0x0 0x0 0x0 0x0 0x0 0x0 0x270002 0x0 0x2a0005 0x0 0x0 0x0 0x0 0x0 0x0 0x2d0002 0x0 0x300005 0x0 0x0 0x0 0x0 0x0 0x0 0x330002 0x0 0x360005 0x0 0x0 0x0 0x0 0x0 0x0 0x39000a 0x0 0x5 0x0 0x0 0x1 0x0 0x0 0x450002 0x0 0x0 0x0 0x0 0x0 0x0 0x0 0x9 0x3 0x0 0x0 0xffffffffffffffff oops 0 methods 0
ciMethodData org/apache/parquet/bytes/ByteBufferInputStream wrap ([Ljava/nio/ByteBuffer;)Lorg/apache/parquet/bytes/ByteBufferInputStream; 2 13858 orig 80 0 0 0 0 0 0 0 0 0 0 0 0 250 127 0 0 0 0 0 0 0 0 0 0 0 0 0 0 0 0 0 0 0 0 0 0 0 0 0 0 0 0 0 0 0 0 0 0 0 0 0 0 0 0 0 0 0 0 0 0 0 0 0 0 0 0 0 0 0 0 0 0 0 0 0 0 0 0 0 0 data 19 0x30007 0x0 0x30 0x2d93 0xd0002 0x2d94 0x160002 0x0 0x190002 0x0 0x0 0x0 0x0 0x0 0x0 0x0 0x9 0x1 0x0 oops 0 methods 0
ciMethodData org/apache/spark/sql/execution/vectorized/WritableColumnVector reserveDictionaryIds (I)Lorg/apache/spark/sql/execution/vectorized/WritableColumnVector; 2 26735 orig 80 0 0 0 0 0 0 0 0 0 0 0 0 250 127 0 0 0 0 0 0 0 0 0 0 0 0 0 0 0 0 0 0 0 0 0 0 0 0 0 0 0 0 0 0 0 0 0 0 0 0 0 0 0 0 0 0 0 0 0 0 0 0 0 0 0 0 0 0 0 0 0 0 0 0 0 0 0 0 0 0 data 38 0x40007 0x54cd 0x70 0x1258 0xd0005 0x124a 0x0 0x1f014ddc930 0xe 0x0 0x0 0x130003 0x1259 0x88 0x1a0005 0x0 0x0 0x1f014ddc930 0x54cf 0x0 0x0 0x220005 0x0 0x0 0x1f014ddc930 0x54cf 0x0 0x0 0x0 0x0 0x0 0x0 0x0 0x0 0x9 0x2 0x0 0x0 oops 3 7 org/apache/spark/sql/execution/vectorized/OnHeapColumnVector 17 org/apache/spark/sql/execution/vectorized/OnHeapColumnVector 24 org/apache/spark/sql/execution/vectorized/OnHeapColumnVector methods 0
ciMethodData org/apache/spark/sql/execution/datasources/parquet/ParquetReadState resetForNewBatch (I)V 2 29006 orig 80 0 0 0 0 0 0 0 0 0 0 0 0 250 127 0 0 0 0 0 0 0 0 0 0 0 0 0 0 0 0 0 0 0 0 0 0 0 0 0 0 0 0 0 0 0 0 0 0 0 0 0 0 0 0 0 0 0 0 0 0 0 0 0 0 0 0 0 0 0 0 0 0 0 0 0 0 0 0 0 0 data 15 0x140007 0x0 0x38 0x7003 0x180003 0x7003 0x18 0x0 0x0 0x0 0x0 0x9 0x2 0x0 0x0 oops 0 methods 0
ciMethodData org/apache/spark/sql/execution/datasources/parquet/VectorizedColumnReader readPage ()I 2 5487 orig 80 0 0 0 0 0 0 0 0 0 0 0 0 250 127 0 0 0 0 0 0 0 0 0 0 0 0 0 0 0 0 0 0 0 0 0 0 0 0 0 0 0 0 0 0 0 0 0 0 0 0 0 0 0 0 0 0 0 0 0 0 0 0 0 0 0 0 0 0 0 0 0 0 0 0 0 0 0 0 0 0 data 73 0x40005 0x0 0x0 0x1f0179f69d0 0xd55 0x0 0x0 0xb0007 0xd54 0x20 0x0 0x120005 0x0 0x0 0x1f0179f6a80 0xd55 0x0 0x0 0x160002 0xd55 0x190005 0xd55 0x0 0x0 0x0 0x0 0x0 0x1c0004 0x0 0x0 0x1efff8ec600 0xd54 0x0 0x0 0x1f0005 0xd55 0x0 0x0 0x0 0x0 0x0 0x2b0002 0xd55 0x2e0005 0x0 0x0 0x1f0179f6a80 0xd55 0x0 0x0 0x310004 0x0 0x0 0x1efff8ec570 0x119 0x0 0x0 0x340005 0xd54 0x0 0x0 0x0 0x0 0x0 0x0 0x0 0x0 0x0 0x0 0x0 0x9 0x1 0x0 oops 5 3 org/apache/parquet/hadoop/ColumnChunkPageReadStore$ColumnChunkPageReader 14 org/apache/parquet/column/page/DataPageV1 30 java/lang/Long 46 org/apache/parquet/column/page/DataPageV1 53 java/lang/Integer methods 0
ciMethodData org/apache/spark/sql/execution/datasources/parquet/ParquetReadState resetForNewPage (IJ)V 2 4236 orig 80 0 0 0 0 0 0 0 0 0 0 0 0 250 127 0 0 0 0 0 0 0 0 0 0 0 0 0 0 0 0 0 0 0 0 0 0 0 0 0 0 0 0 0 0 0 0 0 0 0 0 0 0 0 0 0 0 0 0 0 0 0 0 0 0 0 0 0 0 0 0 0 0 0 0 0 0 0 0 0 0 data 10 0x0 0x0 0x0 0x0 0x9 0x4 0x3c 0x0 0x0 0x0 oops 0 methods 0
ciMethodData org/apache/spark/sql/execution/datasources/parquet/VectorizedRleValuesReader readIntegers (Lorg/apache/spark/sql/execution/datasources/parquet/ParquetReadState;Lorg/apache/spark/sql/execution/vectorized/WritableColumnVector;Lorg/apache/spark/sql/execution/vectorized/WritableColumnVector;Lorg/apache/spark/sql/execution/vectorized/WritableColumnVector;Lorg/apache/spark/sql/execution/datasources/parquet/VectorizedValuesReader;)V 2 26738 orig 80 0 0 0 0 0 0 0 0 0 0 0 0 250 127 0 0 0 0 0 0 0 0 0 0 0 0 0 0 0 0 0 0 0 0 0 0 0 0 0 0 0 0 0 0 0 0 0 0 0 0 0 0 0 0 0 0 0 0 0 0 0 0 0 0 0 0 0 0 0 0 0 0 0 0 0 0 0 0 0 0 data 39 0x20007 0x0 0x80 0x6727 0xf0002 0x6727 0x120005 0x6726 0x0 0x0 0x0 0x0 0x0 0x150003 0x6728 0x60 0x240002 0x0 0x270005 0x0 0x0 0x0 0x0 0x0 0x0 0x0 0x0 0x0 0x0 0x0 0x0 0x9 0x6 0xffffffffffffffff 0xffffffffffffffff 0xffffffffffffffff 0xffffffffffffffff 0xffffffffffffffff 0xffffffffffffffff oops 0 methods 0
ciMethodData org/apache/spark/sql/execution/datasources/parquet/VectorizedColumnReader isLazyDecodingSupported (Lorg/apache/parquet/schema/PrimitiveType$PrimitiveTypeName;Lorg/apache/spark/sql/types/DataType;)Z 2 4758 orig 80 0 0 0 0 0 0 0 0 0 0 0 0 250 127 0 0 0 0 0 0 0 0 0 0 0 0 0 0 0 0 0 0 0 0 0 0 0 0 0 0 0 0 0 0 0 0 0 0 0 0 0 0 0 0 0 0 0 0 0 0 0 0 0 0 0 0 0 0 0 0 0 0 0 0 0 0 0 0 0 0 data 271 0x60005 0x992 0x0 0x0 0x0 0x0 0x0 0xa0008 0xc 0x0 0x7d8 0x227 0x70 0x0 0x300 0x0 0x5e0 0x176 0x630 0x5f6 0x648 0x2d0004 0xfffffffffffffdd9 0x0 0x1f011fc7720 0x57 0x0 0x0 0x360007 0x0 0xb0 0x227 0x3d0007 0x0 0x90 0x227 0x440007 0x0 0x70 0x227 0x490007 0x227 0x68 0x0 0x4d0002 0x0 0x500007 0x0 0x38 0x0 0x540003 0x0 0x18 0x5e0004 0xfffffffffffffdd9 0x0 0x1efe737c4b0 0x57 0x0 0x0 0x610007 0x227 0x90 0x0 0x6a0005 0x0 0x0 0x0 0x0 0x0 0x0 0x6d0007 0x0 0x38 0x0 0x710003 0x0 0x18 0x790007 0x0 0xb0 0x227 0x7e0007 0x0 0x90 0x227 0x830005 0x227 0x0 0x0 0x0 0x0 0x0 0x860007 0x0 0x38 0x227 0x8a0003 0x227 0x18 0x8f0003 0x227 0x4f0 0x930004 0x0 0x0 0x0 0x0 0x0 0x0 0x9a0007 0x0 0x50 0x0 0x9e0002 0x0 0xa10007 0x0 0xd0 0x0 0xab0005 0x0 0x0 0x0 0x0 0x0 0x0 0xae0007 0x0 0x78 0x0 0xb80005 0x0 0x0 0x0 0x0 0x0 0x0 0xbb0007 0x0 0x38 0x0 0xbf0003 0x0 0x18 0xcc0005 0x0 0x0 0x0 0x0 0x0 0x0 0xcf0007 0x0 0x90 0x0 0xd80005 0x0 0x0 0x0 0x0 0x0 0x0 0xdb0007 0x0 0x38 0x0 0xdf0003 0x0 0x18 0xe70007 0x0 0xb0 0x0 0xec0007 0x0 0x90 0x0 0xf10005 0x0 0x0 0x0 0x0 0x0 0x0 0xf40007 0x0 0x38 0x0 0xf80003 0x0 0x18 0xfd0003 0x0 0x210 0x1040007 0x0 0x38 0x0 0x1080003 0x0 0x18 0x10d0003 0x0 0x1c0 0x1120003 0x176 0x1a8 0x1170005 0x5f6 0x0 0x0 0x0 0x0 0x0 0x11a0007 0x0 0x38 0x5f6 0x11e0003 0x5f6 0x18 0x1240004 0xfffffffffffffa0a 0x0 0x1f012338cd0 0xb5 0x0 0x0 0x1270007 0x0 0x78 0x5f6 0x12b0004 0xfffffffffffffa0a 0x0 0x1f012338cd0 0xb5 0x0 0x0 0x12e0007 0x5f6 0x38 0x0 0x1320003 0x0 0x18 0x1390007 0x0 0x58 0x5f6 0x13e0007 0x0 0x38 0x5f6 0x1420003 0x5f6 0x18 0x0 0x0 0x0 0x0 0x0 0x0 0x0 0x0 0x9 0x3 0x0 0x0 0x0 oops 4 24 org/apache/spark/sql/types/IntegerType$ 56 org/apache/parquet/schema/LogicalTypeAnnotation$IntLogicalTypeAnnotation 225 org/apache/spark/sql/types/StringType$ 236 org/apache/spark/sql/types/StringType$ methods 0
ciMethodData org/apache/spark/sql/execution/datasources/parquet/ParquetDictionary <init> (Lorg/apache/parquet/column/Dictionary;Z)V 2 24802 orig 80 0 0 0 0 0 0 0 0 0 0 0 0 250 127 0 0 0 0 0 0 0 0 0 0 0 0 0 0 0 0 0 0 0 0 0 0 0 0 0 0 0 0 0 0 0 0 0 0 0 0 0 0 0 0 0 0 0 0 0 0 0 0 0 0 0 0 0 0 0 0 0 0 0 0 0 0 0 0 0 0 data 11 0x10002 0x5f94 0x0 0x0 0x0 0x0 0x9 0x3 0x6 0x0 0x0 oops 0 methods 0
ciMethodData org/apache/spark/sql/execution/datasources/parquet/VectorizedRleValuesReader readBatch (Lorg/apache/spark/sql/execution/datasources/parquet/ParquetReadState;Lorg/apache/spark/sql/execution/vectorized/WritableColumnVector;Lorg/apache/spark/sql/execution/vectorized/WritableColumnVector;Lorg/apache/spark/sql/execution/datasources/parquet/VectorizedValuesReader;Lorg/apache/spark/sql/execution/datasources/parquet/ParquetVectorUpdater;)V 2 3572 orig 80 0 0 0 0 0 0 0 0 0 0 0 0 250 127 0 0 0 0 0 0 0 0 0 0 0 0 0 0 0 0 0 0 0 0 0 0 0 0 0 0 0 0 0 0 0 0 0 0 0 0 0 0 0 0 0 0 0 0 0 0 0 0 0 0 0 0 0 0 0 0 0 0 0 0 0 0 0 0 0 0 data 35 0x10007 0x0 0x70 0x827 0xc0005 0x828 0x0 0x0 0x0 0x0 0x0 0xf0003 0x828 0x50 0x1b0005 0x0 0x0 0x0 0x0 0x0 0x0 0x0 0x0 0x0 0x0 0x0 0x0 0x9 0x6 0xffffffffffffffff 0xffffffffffffffff 0xffffffffffffffff 0xffffffffffffffff 0xffffffffffffffff 0xffffffffffffffff oops 0 methods 0
ciMethodData org/apache/spark/sql/execution/datasources/parquet/VectorizedRleValuesReader readBatchInternalWithDefLevels (Lorg/apache/spark/sql/execution/datasources/parquet/ParquetReadState;Lorg/apache/spark/sql/execution/vectorized/WritableColumnVector;Lorg/apache/spark/sql/execution/vectorized/WritableColumnVector;Lorg/apache/spark/sql/execution/vectorized/WritableColumnVector;Lorg/apache/spark/sql/execution/datasources/parquet/VectorizedValuesReader;Lorg/apache/spark/sql/execution/datasources/parquet/ParquetVectorUpdater;)V 1 0 orig 80 0 0 0 0 0 0 0 0 0 0 0 0 250 127 0 0 0 0 0 0 0 0 0 0 0 0 0 0 0 0 0 0 0 0 0 0 0 0 0 0 0 0 0 0 0 0 0 0 0 0 0 0 0 0 0 0 0 0 0 0 0 0 0 0 0 0 0 0 0 0 0 0 0 0 0 0 0 0 0 0 data 119 0x140007 0x0 0x340 0x0 0x190007 0x0 0x320 0x0 0x200007 0x0 0x90 0x0 0x240005 0x0 0x0 0x0 0x0 0x0 0x0 0x270007 0x0 0x38 0x0 0x2a0003 0x0 0x288 0x350002 0x0 0x380002 0x0 0x3e0005 0x0 0x0 0x0 0x0 0x0 0x0 0x440005 0x0 0x0 0x0 0x0 0x0 0x0 0x520007 0x0 0x70 0x0 0x5d0005 0x0 0x0 0x0 0x0 0x0 0x0 0x6f0003 0x0 0x170 0x770007 0x0 0x70 0x0 0x7b0005 0x0 0x0 0x0 0x0 0x0 0x0 0x7e0003 0x0 0x100 0x850002 0x0 0x940002 0x0 0xa30007 0x0 0x58 0x0 0xae0005 0x0 0x0 0x0 0x0 0x0 0x0 0xd60005 0x0 0x0 0x0 0x0 0x0 0x0 0x1090005 0x0 0x0 0x0 0x0 0x0 0x0 0x10c0003 0x0 0xfffffffffffffcd8 0x0 0x0 0x0 0x0 0x0 0x0 0x9 0x7 0x0 0x0 0x0 0x0 0x0 0x0 0x0 oops 0 methods 0
ciMethodData org/apache/spark/sql/execution/vectorized/OnHeapColumnVector reserveNewColumn (ILorg/apache/spark/sql/types/DataType;)Lorg/apache/spark/sql/execution/vectorized/WritableColumnVector; 2 7614 orig 80 0 0 0 0 0 0 0 0 0 0 0 0 250 127 0 0 0 0 0 0 0 0 0 0 0 0 0 0 0 0 0 0 0 0 0 0 0 0 0 0 0 0 0 0 0 0 0 0 0 0 0 0 0 0 0 0 0 0 0 0 0 0 0 0 0 0 0 0 0 0 0 0 0 0 0 0 0 0 0 0 data 18 0x30005 0x1d2c 0x0 0x0 0x0 0x0 0x0 0x0 0x0 0x0 0x0 0x0 0x0 0x9 0x3 0x0 0x0 0x0 oops 0 methods 0
ciMethodData org/apache/spark/sql/execution/vectorized/OnHeapColumnVector reserveNewColumn (ILorg/apache/spark/sql/types/DataType;)Lorg/apache/spark/sql/execution/vectorized/OnHeapColumnVector; 2 7612 orig 80 0 0 0 0 0 0 0 0 0 0 0 0 250 127 0 0 0 0 0 0 0 0 0 0 0 0 0 0 0 0 0 0 0 0 0 0 0 0 0 0 0 0 0 0 0 0 0 0 0 0 0 0 0 0 0 0 0 0 0 0 0 0 0 0 0 0 0 0 0 0 0 0 0 0 0 0 0 0 0 0 data 9 0x60002 0x1d2c 0x0 0x0 0x9 0x3 0x0 0x0 0x0 oops 0 methods 0
ciMethodData org/apache/spark/sql/execution/vectorized/OnHeapColumnVector <init> (ILorg/apache/spark/sql/types/DataType;)V 2 13097 orig 80 0 0 0 0 0 0 0 0 0 0 0 0 250 127 0 0 0 0 0 0 0 0 0 0 0 0 0 0 0 0 0 0 0 0 0 0 0 0 0 0 0 0 0 0 0 0 0 0 0 0 0 0 0 0 0 0 0 0 0 0 0 0 0 0 0 0 0 0 0 0 0 0 0 0 0 0 0 0 0 0 data 27 0x30002 0x2ac6 0x80005 0x2ac7 0x0 0x0 0x0 0x0 0x0 0xc0005 0x0 0x0 0x1f014ddc930 0x2acd 0x0 0x0 0x0 0x0 0x0 0x0 0x0 0x0 0x9 0x3 0x0 0x0 0x0 oops 1 12 org/apache/spark/sql/execution/vectorized/OnHeapColumnVector methods 0
ciMethodData org/apache/spark/sql/execution/vectorized/WritableColumnVector <init> (ILorg/apache/spark/sql/types/DataType;)V 2 13738 orig 80 0 0 0 0 0 0 0 0 0 0 0 0 250 127 0 0 0 0 0 0 0 0 0 0 0 0 0 0 0 0 0 0 0 0 0 0 0 0 0 0 0 0 0 0 0 0 0 0 0 0 0 0 0 0 0 0 0 0 0 0 0 0 0 0 0 0 0 0 0 0 0 0 0 0 0 0 0 0 0 0 data 330 0x20002 0x2a51 0x1f0002 0x2a59 0x220005 0x0 0x0 0x1f013549e90 0x2a58 0x0 0x0 0x290002 0x2a59 0x2c0005 0x0 0x0 0x1f013549e90 0x2a5b 0x0 0x0 0x330005 0x0 0x0 0x1f014ddc930 0x2a55 0x0 0x0 0x360007 0x1f77 0x188 0xae2 0x400004 0xfffffffffffff51e 0x0 0x1f012338cd0 0x281 0x0 0x0 0x430007 0xae2 0xa8 0x0 0x4a0004 0x0 0x0 0x0 0x0 0x0 0x0 0x4d0005 0x0 0x0 0x0 0x0 0x0 0x0 0x520003 0x0 0x18 0x720005 0x861 0x0 0x1f014ddc930 0x282 0x0 0x0 0x750004 0x0 0x0 0x1f014ddc930 0xae3 0x0 0x0 0x760003 0xae3 0x718 0x810004 0xffffffffffffe089 0x0 0x1f012339d80 0x281 0x1f011fc7720 0xdf 0x840007 0x1f76 0x1c0 0x0 0x890004 0x0 0x0 0x0 0x0 0x0 0x0 0x8f0005 0x0 0x0 0x0 0x0 0x0 0x0 0xa30007 0x0 0x118 0x0 0xaf0005 0x0 0x0 0x0 0x0 0x0 0x0 0xb50005 0x0 0x0 0x0 0x0 0x0 0x0 0xb80005 0x0 0x0 0x0 0x0 0x0 0x0 0xbb0004 0x0 0x0 0x0 0x0 0x0 0x0 0xbf0003 0x0 0xffffffffffffff00 0xc20003 0x0 0x520 0xcd0004 0xffffffffffffe089 0x0 0x1f012339d80 0x281 0x1f011fc7720 0xde 0xd00007 0x1f77 0x1c0 0x0 0xd50004 0x0 0x0 0x0 0x0 0x0 0x0 0xeb0005 0x0 0x0 0x0 0x0 0x0 0x0 0xee0005 0x0 0x0 0x0 0x0 0x0 0x0 0xf10004 0x0 0x0 0x0 0x0 0x0 0x0 0xfb0005 0x0 0x0 0x0 0x0 0x0 0x0 0xfe0005 0x0 0x0 0x0 0x0 0x0 0x0 0x1010004 0x0 0x0 0x0 0x0 0x0 0x0 0x1020003 0x0 0x328 0x1090004 0xffffffffffffe08a 0x0 0x1f012339d80 0x281 0x1f011fc7720 0xdf 0x10c0007 0x1f76 0x188 0x0 0x1210005 0x0 0x0 0x0 0x0 0x0 0x0 0x1240004 0x0 0x0 0x0 0x0 0x0 0x0 0x12f0005 0x0 0x0 0x0 0x0 0x0 0x0 0x1320004 0x0 0x0 0x0 0x0 0x0 0x0 0x13d0005 0x0 0x0 0x0 0x0 0x0 0x0 0x1400004 0x0 0x0 0x0 0x0 0x0 0x0 0x1410003 0x0 0x168 0x1480004 0xffffffffffffe08a 0x0 0x1f012339d80 0x281 0x1f011fc7720 0xde 0x14b0007 0x1f76 0x118 0x0 0x1600005 0x0 0x0 0x0 0x0 0x0 0x0 0x1630004 0x0 0x0 0x0 0x0 0x0 0x0 0x16e0005 0x0 0x0 0x0 0x0 0x0 0x0 0x1710004 0x0 0x0 0x0 0x0 0x0 0x0 0x1720003 0x0 0x18 0x0 0x0 0x0 0x0 0x0 0x0 0x0 0x0 0x0 0x0 0x0 0x0 0x0 0x0 0x0 0x0 0x0 0x0 0x0 0x0 0x0 0x0 0x0 0x0 0x0 0x9 0x3 0x0 0x0 0x0 oops 14 7 org/apache/spark/sql/internal/ReadOnlySQLConf 16 org/apache/spark/sql/internal/ReadOnlySQLConf 23 org/apache/spark/sql/execution/vectorized/OnHeapColumnVector 34 org/apache/spark/sql/types/StringType$ 62 org/apache/spark/sql/execution/vectorized/OnHeapColumnVector 69 org/apache/spark/sql/execution/vectorized/OnHeapColumnVector 79 org/apache/spark/sql/types/ByteType$ 81 org/apache/spark/sql/types/IntegerType$ 142 org/apache/spark/sql/types/ByteType$ 144 org/apache/spark/sql/types/IntegerType$ 205 org/apache/spark/sql/types/ByteType$ 207 org/apache/spark/sql/types/IntegerType$ 261 org/apache/spark/sql/types/ByteType$ 263 org/apache/spark/sql/types/IntegerType$ methods 0
ciMethodData org/apache/parquet/bytes/BytesUtils paddedByteCountFromBits (I)I 2 6509 orig 80 0 0 0 0 0 0 0 0 0 0 0 0 250 127 0 0 0 0 0 0 0 0 0 0 0 0 0 0 0 0 0 0 0 0 0 0 0 0 0 0 0 0 0 0 0 0 0 0 0 0 0 0 0 0 0 0 0 0 0 0 0 0 0 0 0 0 0 0 0 0 0 0 0 0 0 0 0 0 0 0 data 5 0x0 0x0 0x9 0x1 0x0 oops 0 methods 0
ciMethodData org/apache/parquet/column/values/ValuesReader <init> ()V 2 14582 orig 80 0 0 0 0 0 0 0 0 0 0 0 0 250 127 0 0 0 0 0 0 0 0 0 0 0 0 0 0 0 0 0 0 0 0 0 0 0 0 0 0 0 0 0 0 0 0 0 0 0 0 0 0 0 0 0 0 0 0 0 0 0 0 0 0 0 0 0 0 0 0 0 0 0 0 0 0 0 0 0 0 data 9 0x10002 0x37f5 0x0 0x0 0x0 0x0 0x9 0x1 0x6 oops 0 methods 0
ciMethodData org/apache/spark/sql/execution/datasources/parquet/VectorizedRleValuesReader init (I)V 2 6512 orig 80 0 0 0 0 0 0 0 0 0 0 0 0 250 127 0 0 0 0 0 0 0 0 0 0 0 0 0 0 0 0 0 0 0 0 0 0 0 0 0 0 0 0 0 0 0 0 0 0 0 0 0 0 0 0 0 0 0 0 0 0 0 0 0 0 0 0 0 0 0 0 0 0 0 0 0 0 0 0 0 0 data 32 0x10007 0x0 0x58 0x186e 0x70007 0x0 0x38 0x186e 0xb0003 0x186e 0x18 0x150002 0x186e 0x1f0002 0x186c 0x2a0005 0x186c 0x0 0x0 0x0 0x0 0x0 0x0 0x0 0x0 0x0 0x0 0x0 0x9 0x2 0x4c 0x0 oops 0 methods 0
ciMethodData org/apache/parquet/column/values/bitpacking/Packer$2 newBytePacker (I)Lorg/apache/parquet/column/values/bitpacking/BytePacker; 2 6510 orig 80 0 0 0 0 0 0 0 0 0 0 0 0 250 127 0 0 0 0 0 0 0 0 0 0 0 0 0 0 0 0 0 0 0 0 0 0 0 0 0 0 0 0 0 0 0 0 0 0 0 0 0 0 0 0 0 0 0 0 0 0 0 0 0 0 0 0 0 0 0 0 0 0 0 0 0 0 0 0 0 0 data 17 0x40005 0x0 0x0 0x1f01dceceb0 0x186d 0x0 0x0 0x0 0x0 0x0 0x0 0x0 0x0 0x9 0x2 0x0 0x0 oops 1 3 org/apache/parquet/column/values/bitpacking/ByteBitPackingLE$1 methods 0
ciMethodData org/apache/parquet/bytes/SingleBufferInputStream sliceBuffers (J)Ljava/util/List; 2 7750 orig 80 0 0 0 0 0 0 0 0 0 0 0 0 250 127 0 0 0 0 0 0 0 0 0 0 0 0 0 0 0 0 0 0 0 0 0 0 0 0 0 0 0 0 0 0 0 0 0 0 0 0 0 0 0 0 0 0 0 0 0 0 0 0 0 0 0 0 0 0 0 0 0 0 0 0 0 0 0 0 0 0 data 39 0x30007 0x14a4 0x30 0x0 0x60002 0x0 0xf0005 0x14a5 0x0 0x0 0x0 0x0 0x0 0x140007 0x14a3 0x30 0x0 0x1b0002 0x0 0x220005 0x0 0x0 0x1f0123f9e50 0x14a3 0x0 0x0 0x250002 0x14a7 0x0 0x0 0x0 0x0 0x0 0x0 0x9 0x3 0x0 0x0 0x0 oops 1 22 org/apache/parquet/bytes/SingleBufferInputStream methods 0
ciMethodData org/apache/parquet/bytes/ByteBufferInputStream wrap (Ljava/util/List;)Lorg/apache/parquet/bytes/ByteBufferInputStream; 2 12734 orig 80 0 0 0 0 0 0 0 0 0 0 0 0 250 127 0 0 0 0 0 0 0 0 0 0 0 0 0 0 0 0 0 0 0 0 0 0 0 0 0 0 0 0 0 0 0 0 0 0 0 0 0 0 0 0 0 0 0 0 0 0 0 0 0 0 0 0 0 0 0 0 0 0 0 0 0 0 0 0 0 0 data 38 0x10005 0x0 0x0 0x1efff8ebba0 0x138d 0x1efe73bdc70 0x1627 0x70007 0x0 0xa0 0x29b7 0x100005 0x0 0x0 0x1efff8ebba0 0x1393 0x1efe73bdc70 0x1626 0x150004 0x0 0x0 0x1f01bb54090 0x29b5 0x0 0x0 0x180002 0x29b8 0x210002 0x0 0x0 0x0 0x0 0x0 0x0 0x0 0x9 0x1 0x0 oops 5 3 java/util/ArrayList 5 java/util/Collections$SingletonList 14 java/util/ArrayList 16 java/util/Collections$SingletonList 21 java/nio/HeapByteBuffer methods 0
ciMethodData org/apache/parquet/bytes/BytesInput toByteBuffer ()Ljava/nio/ByteBuffer; 2 9574 orig 80 0 0 0 0 0 0 0 0 0 0 0 0 250 127 0 0 0 0 0 0 0 0 0 0 0 0 0 0 0 0 0 0 0 0 0 0 0 0 0 0 0 0 0 0 0 0 0 0 0 0 0 0 0 0 0 0 0 0 0 0 0 0 0 0 0 0 0 0 0 0 0 0 0 0 0 0 0 0 0 0 data 18 0x10005 0x0 0x0 0x1f00663df50 0x1b5d 0x0 0x0 0x40002 0x1b61 0x0 0x0 0x0 0x0 0x0 0x0 0x9 0x1 0x0 oops 1 3 org/apache/parquet/bytes/BytesInput$StreamBytesInput methods 0
ciMethodData org/apache/parquet/bytes/BytesInput$StreamBytesInput toByteArray ()[B 2 10120 orig 80 0 0 0 0 0 0 0 0 0 0 0 0 250 127 0 0 0 0 0 0 0 0 0 0 0 0 0 0 0 0 0 0 0 0 0 0 0 0 0 0 0 0 0 0 0 0 0 0 0 0 0 0 0 0 0 0 0 0 0 0 0 0 0 0 0 0 0 0 0 0 0 0 0 0 0 0 0 0 0 0 data 27 0x90002 0x1d80 0xc0005 0x0 0x0 0x1f01bb563d0 0x1d82 0x0 0x0 0x200002 0x1d85 0x240005 0x1d85 0x0 0x0 0x0 0x0 0x0 0x0 0x0 0x0 0x0 0x0 0x0 0x9 0x1 0x0 oops 1 5 org/apache/logging/slf4j/Log4jLogger methods 0
ciMethod org/apache/spark/sql/execution/datasources/parquet/ParquetVectorUpdaterFactory$LongUpdater <init> ()V 46 0 342 0 -1
ciMethodData org/apache/parquet/bytes/BytesInput toInputStream ()Lorg/apache/parquet/bytes/ByteBufferInputStream; 2 6726 orig 80 0 0 0 0 0 0 0 0 0 0 0 0 250 127 0 0 0 0 0 0 0 0 0 0 0 0 0 0 0 0 0 0 0 0 0 0 0 0 0 0 0 0 0 0 0 0 0 0 0 0 0 0 0 0 0 0 0 0 0 0 0 0 0 0 0 0 0 0 0 0 0 0 0 0 0 0 0 0 0 0 data 25 0x70005 0x0 0x0 0x1f00663df50 0x11be 0x0 0x0 0xa0004 0x0 0x0 0x1f01bb54090 0x11be 0x0 0x0 0xb0002 0x11be 0x0 0x0 0x0 0x0 0x0 0x0 0x9 0x1 0x0 oops 2 3 org/apache/parquet/bytes/BytesInput$StreamBytesInput 10 java/nio/HeapByteBuffer methods 0
ciMethodData org/apache/spark/sql/execution/datasources/parquet/VectorizedRleValuesReader initFromPage (ILorg/apache/parquet/bytes/ByteBufferInputStream;)V 2 15732 orig 80 0 0 0 0 0 0 0 0 0 0 0 0 250 127 0 0 0 0 0 0 0 0 0 0 0 0 0 0 0 0 0 0 0 0 0 0 0 0 0 0 0 0 0 0 0 0 0 0 0 0 0 0 0 0 0 0 0 0 0 0 0 0 0 0 0 0 0 0 0 0 0 0 0 0 0 0 0 0 0 0 data 68 0x90007 0xff3 0xc8 0x2501 0x100007 0x1281 0x170 0x1281 0x140005 0x1281 0x0 0x0 0x0 0x0 0x0 0x1c0005 0x0 0x0 0x1f0123f9e50 0x1281 0x0 0x0 0x220003 0x1281 0xe0 0x260005 0x0 0x0 0x1f0123f9e50 0xff3 0x0 0x0 0x290007 0x0 0x90 0xff3 0x2e0005 0x0 0x0 0x1f0123f9e50 0xff3 0x0 0x0 0x310005 0xff3 0x0 0x0 0x0 0x0 0x0 0x380007 0x2274 0x38 0x1281 0x4c0003 0x1281 0x18 0x0 0x0 0x0 0x0 0x0 0x0 0x9 0x3 0x0 0x0 0x0 oops 3 18 org/apache/parquet/bytes/SingleBufferInputStream 28 org/apache/parquet/bytes/SingleBufferInputStream 39 org/apache/parquet/bytes/SingleBufferInputStream methods 0
ciMethodData org/apache/parquet/column/values/bitpacking/ByteBitPackingLE$1 newBytePacker (I)Lorg/apache/parquet/column/values/bitpacking/BytePacker; 1 3752 orig 80 0 0 0 0 0 0 0 0 0 0 0 0 250 127 0 0 0 0 0 0 0 0 0 0 0 0 0 0 0 0 0 0 0 0 0 0 0 0 0 0 0 0 0 0 0 0 0 0 0 0 0 0 0 0 0 0 0 0 0 0 0 0 0 0 0 0 0 0 0 0 0 0 0 0 0 0 0 0 0 0 data 7 0x0 0x0 0x0 0x9 0x2 0x0 0x0 oops 0 methods 0
ciMethodData org/apache/parquet/bytes/ByteBufferInputStream sliceStream (J)Lorg/apache/parquet/bytes/ByteBufferInputStream; 2 4913 orig 80 0 0 0 0 0 0 0 0 0 0 0 0 250 127 0 0 0 0 0 0 0 0 0 0 0 0 0 0 0 0 0 0 0 0 0 0 0 0 0 0 0 0 0 0 0 0 0 0 0 0 0 0 0 0 0 0 0 0 0 0 0 0 0 0 0 0 0 0 0 0 0 0 0 0 0 0 0 0 0 0 data 20 0x20005 0x0 0x0 0x1f0123f9e50 0x123d 0x0 0x0 0x50002 0x123e 0x0 0x0 0x0 0x0 0x0 0x0 0x9 0x3 0x0 0x0 0x0 oops 1 3 org/apache/parquet/bytes/SingleBufferInputStream methods 0
ciMethodData org/apache/parquet/column/page/DataPageV1 accept (Lorg/apache/parquet/column/page/DataPage$Visitor;)Ljava/lang/Object; 2 7152 orig 80 0 0 0 0 0 0 0 0 0 0 0 0 250 127 0 0 0 0 0 0 0 0 0 0 0 0 0 0 0 0 0 0 0 0 0 0 0 0 0 0 0 0 0 0 0 0 0 0 0 0 0 0 0 0 0 0 0 0 0 0 0 0 0 0 0 0 0 0 0 0 0 0 0 0 0 0 0 0 0 0 data 17 0x20005 0x0 0x0 0x1f0179f6040 0xc4a 0x1f0179f8ab0 0xbf2 0x0 0x0 0x0 0x0 0x0 0x0 0x9 0x2 0x0 0x0 oops 2 3 org/apache/spark/sql/execution/datasources/parquet/VectorizedColumnReader$1 5 org/apache/parquet/hadoop/ColumnChunkPageReadStore$ColumnChunkPageReader$1 methods 0
ciMethodData org/apache/parquet/bytes/BytesUtils getWidthFromMaxInt (I)I 2 7483 orig 80 0 0 0 0 0 0 0 0 0 0 0 0 250 127 0 0 0 0 0 0 0 0 0 0 0 0 0 0 0 0 0 0 0 0 0 0 0 0 0 0 0 0 0 0 0 0 0 0 0 0 0 0 0 0 0 0 0 0 0 0 0 0 0 0 0 0 0 0 0 0 0 0 0 0 0 0 0 0 0 0 data 11 0x30002 0x188f 0x0 0x0 0x0 0x0 0x0 0x0 0x9 0x1 0x0 oops 0 methods 0
ciMethodData org/apache/spark/sql/execution/datasources/parquet/VectorizedRleValuesReader <init> (I)V 2 10973 orig 80 0 0 0 0 0 0 0 0 0 0 0 0 250 127 0 0 0 0 0 0 0 0 0 0 0 0 0 0 0 0 0 0 0 0 0 0 0 0 0 0 0 0 0 0 0 0 0 0 0 0 0 0 0 0 0 0 0 0 0 0 0 0 0 0 0 0 0 0 0 0 0 0 0 0 0 0 0 0 0 0 data 26 0x10002 0x22c9 0x180007 0x1165 0x38 0x1165 0x1c0003 0x1165 0x18 0x250005 0x22c9 0x0 0x0 0x0 0x0 0x0 0x0 0x0 0x0 0x0 0x0 0x0 0x9 0x2 0xfe 0x0 oops 0 methods 0
ciMethodData org/apache/parquet/hadoop/ColumnChunkPageReadStore$ColumnChunkPageReader$1 <init> (Lorg/apache/parquet/hadoop/ColumnChunkPageReadStore$ColumnChunkPageReader;I)V 2 3682 orig 80 0 0 0 0 0 0 0 0 0 0 0 0 250 127 0 0 0 0 0 0 0 0 0 0 0 0 0 0 0 0 0 0 0 0 0 0 0 0 0 0 0 0 0 0 0 0 0 0 0 0 0 0 0 0 0 0 0 0 0 0 0 0 0 0 0 0 0 0 0 0 0 0 0 0 0 0 0 0 0 0 data 11 0xb0002 0xbe8 0x0 0x0 0x0 0x0 0x9 0x3 0x6 0x0 0x0 oops 0 methods 0
ciMethodData org/apache/parquet/hadoop/ColumnChunkPageReadStore$ColumnChunkPageReader readPage ()Lorg/apache/parquet/column/page/DataPage; 2 5486 orig 80 0 0 0 0 0 0 0 0 0 0 0 0 250 127 0 0 0 0 0 0 0 0 0 0 0 0 0 0 0 0 0 0 0 0 0 0 0 0 0 0 0 0 0 0 0 0 0 0 0 0 0 0 0 0 0 0 0 0 0 0 0 0 0 0 0 0 0 0 0 0 0 0 0 0 0 0 0 0 0 0 data 56 0x40005 0x0 0x0 0x1f012ed9160 0xd22 0x0 0x0 0x90004 0x0 0x0 0x1f0179f6a80 0xd24 0x0 0x0 0xe0007 0xd24 0x20 0x0 0x240007 0xd23 0x68 0x0 0x2d0005 0x0 0x0 0x0 0x0 0x0 0x0 0x300002 0x0 0x3a0002 0xd24 0x3d0005 0x0 0x0 0x1f0179f6a80 0xd24 0x0 0x0 0x400004 0x0 0x0 0x1f0179f6a80 0x13f 0x0 0x0 0x0 0x0 0x0 0x0 0x0 0x0 0x9 0x1 0x0 oops 4 3 java/util/ArrayDeque 10 org/apache/parquet/column/page/DataPageV1 36 org/apache/parquet/column/page/DataPageV1 43 org/apache/parquet/column/page/DataPageV1 methods 0
ciMethodData org/apache/parquet/column/page/DataPage getFirstRowIndex ()Ljava/util/Optional; 2 3471 orig 80 0 0 0 0 0 0 0 0 0 0 0 0 250 127 0 0 0 0 0 0 0 0 0 0 0 0 0 0 0 0 0 0 0 0 0 0 0 0 0 0 0 0 0 0 0 0 0 0 0 0 0 0 0 0 0 0 0 0 0 0 0 0 0 0 0 0 0 0 0 0 0 0 0 0 0 0 0 0 0 0 data 22 0x60007 0x0 0x48 0xc53 0x90002 0xc53 0xc0003 0xc53 0x38 0x130002 0x0 0x160002 0x0 0x0 0x0 0x0 0x0 0x0 0x0 0x9 0x1 0x0 oops 0 methods 0
ciMethodData org/apache/spark/sql/execution/datasources/parquet/VectorizedColumnReader$1 <init> (Lorg/apache/spark/sql/execution/datasources/parquet/VectorizedColumnReader;)V 2 3467 orig 80 0 0 0 0 0 0 0 0 0 0 0 0 250 127 0 0 0 0 0 0 0 0 0 0 0 0 0 0 0 0 0 0 0 0 0 0 0 0 0 0 0 0 0 0 0 0 0 0 0 0 0 0 0 0 0 0 0 0 0 0 0 0 0 0 0 0 0 0 0 0 0 0 0 0 0 0 0 0 0 0 data 10 0x60002 0xc4c 0x0 0x0 0x0 0x0 0x9 0x2 0x6 0x0 oops 0 methods 0
ciMethodData org/apache/spark/sql/execution/datasources/parquet/VectorizedColumnReader$1 visit (Lorg/apache/parquet/column/page/DataPageV1;)Ljava/lang/Object; 2 3471 orig 80 0 0 0 0 0 0 0 0 0 0 0 0 250 127 0 0 0 0 0 0 0 0 0 0 0 0 0 0 0 0 0 0 0 0 0 0 0 0 0 0 0 0 0 0 0 0 0 0 0 0 0 0 0 0 0 0 0 0 0 0 0 0 0 0 0 0 0 0 0 0 0 0 0 0 0 0 0 0 0 0 data 17 0x20005 0x0 0x0 0x1f0179f6040 0xc4b 0x0 0x0 0x0 0x0 0x0 0x0 0x0 0x0 0x9 0x2 0x0 0x0 oops 1 3 org/apache/spark/sql/execution/datasources/parquet/VectorizedColumnReader$1 methods 0
ciMethodData org/apache/spark/sql/execution/datasources/parquet/VectorizedColumnReader$1 visit (Lorg/apache/parquet/column/page/DataPageV1;)Ljava/lang/Integer; 2 3470 orig 80 0 0 0 0 0 0 0 0 0 0 0 0 250 127 0 0 0 0 0 0 0 0 0 0 0 0 0 0 0 0 0 0 0 0 0 0 0 0 0 0 0 0 0 0 0 0 0 0 0 0 0 0 0 0 0 0 0 0 0 0 0 0 0 0 0 0 0 0 0 0 0 0 0 0 0 0 0 0 0 0 data 21 0x50005 0xc4b 0x0 0x0 0x0 0x0 0x0 0x80002 0xc4b 0x120002 0x0 0x0 0x0 0x0 0x0 0x0 0x0 0x9 0x2 0x0 0x0 oops 0 methods 0
ciMethodData org/apache/spark/sql/execution/datasources/parquet/VectorizedColumnReader readPageV1 (Lorg/apache/parquet/column/page/DataPageV1;)I 2 5489 orig 80 0 0 0 0 0 0 0 0 0 0 0 0 250 127 0 0 0 0 0 0 0 0 0 0 0 0 0 0 0 0 0 0 0 0 0 0 0 0 0 0 0 0 0 0 0 0 0 0 0 0 0 0 0 0 0 0 0 0 0 0 0 0 0 0 0 0 0 0 0 0 0 0 0 0 0 0 0 0 0 0 data 137 0x10005 0x0 0x0 0x1f0179f6a80 0xd5b 0x0 0x0 0x70007 0xd5b 0x108 0x0 0xe0005 0x0 0x0 0x0 0x0 0x0 0x0 0x110007 0x0 0xb0 0x0 0x1f0005 0x0 0x0 0x0 0x0 0x0 0x0 0x220005 0x0 0x0 0x0 0x0 0x0 0x0 0x250002 0x0 0x280002 0x0 0x2d0005 0x0 0x0 0x1f0179f6a80 0xd5b 0x0 0x0 0x350005 0x0 0x0 0x1f014ddc9e0 0xd5b 0x0 0x0 0x380002 0xd5a 0x420002 0xd5a 0x4c0005 0x0 0x0 0x1f014ddc9e0 0xd5b 0x0 0x0 0x4f0002 0xd5b 0x5b0002 0xd5b 0x620005 0x0 0x0 0x1f0179f6a80 0xd5b 0x0 0x0 0x690005 0x0 0x0 0x1f00663df50 0xd5b 0x0 0x0 0x750005 0xd5b 0x0 0x0 0x0 0x0 0x0 0x7f0005 0xd5b 0x0 0x0 0x0 0x0 0x0 0x850005 0x0 0x0 0x1f0179f6a80 0xd5b 0x0 0x0 0x8a0005 0xd5b 0x0 0x0 0x0 0x0 0x0 0x960002 0x0 0x9d0002 0x0 0xa0000a 0x0 0x5 0x0 0x0 0x1 0x0 0x1efff8e8890 0xa70002 0x0 0x0 0x0 0x0 0x0 0x0 0x0 0x0 0x0 0x9 0x2 0x0 0x0 oops 8 3 org/apache/parquet/column/page/DataPageV1 43 org/apache/parquet/column/page/DataPageV1 50 org/apache/parquet/column/ColumnDescriptor 61 org/apache/parquet/column/ColumnDescriptor 72 org/apache/parquet/column/page/DataPageV1 79 org/apache/parquet/bytes/BytesInput$StreamBytesInput 100 org/apache/parquet/column/page/DataPageV1 122 java/lang/String methods 0
ciMethodData org/apache/parquet/hadoop/ColumnChunkPageReadStore$ColumnChunkPageReader$1 visit (Lorg/apache/parquet/column/page/DataPageV1;)Ljava/lang/Object; 2 3680 orig 80 0 0 0 0 0 0 0 0 0 0 0 0 250 127 0 0 0 0 0 0 0 0 0 0 0 0 0 0 0 0 0 0 0 0 0 0 0 0 0 0 0 0 0 0 0 0 0 0 0 0 0 0 0 0 0 0 0 0 0 0 0 0 0 0 0 0 0 0 0 0 0 0 0 0 0 0 0 0 0 0 data 17 0x20005 0x0 0x0 0x1f0179f8ab0 0xbec 0x0 0x0 0x0 0x0 0x0 0x0 0x0 0x0 0x9 0x2 0x0 0x0 oops 1 3 org/apache/parquet/hadoop/ColumnChunkPageReadStore$ColumnChunkPageReader$1 methods 0
ciMethodData org/apache/spark/sql/execution/datasources/parquet/VectorizedColumnReader initDataReader (ILorg/apache/parquet/column/Encoding;Lorg/apache/parquet/bytes/ByteBufferInputStream;)V 2 5489 orig 80 0 0 0 0 0 0 0 0 0 0 0 0 250 127 0 0 0 0 0 0 0 0 0 0 0 0 0 0 0 0 0 0 0 0 0 0 0 0 0 0 0 0 0 0 0 0 0 0 0 0 0 0 0 0 0 0 0 0 0 0 0 0 0 0 0 0 0 0 0 0 0 0 0 0 0 0 0 0 0 0 data 128 0x70005 0x0 0x0 0x1f01354c190 0xbab 0x1f01354c240 0x1c6 0xa0007 0x1c6 0x170 0xbab 0x160007 0xbab 0x90 0x0 0x210002 0x0 0x250002 0x0 0x28000a 0x0 0x5 0x0 0x0 0x1 0x0 0x1efff8e8890 0x2d0002 0x0 0x390007 0xbab 0x98 0x0 0x400007 0x0 0x78 0x0 0x4e0005 0x0 0x0 0x0 0x0 0x0 0x0 0x510002 0x0 0x540002 0x0 0x5d0002 0xbab 0x680003 0xbab 0x50 0x6e0005 0x1c6 0x0 0x0 0x0 0x0 0x0 0x7f0005 0x0 0x0 0x1f014ddca90 0xbab 0x1f014ddcca0 0x1c6 0x820003 0xd71 0x68 0x8f0002 0x0 0x92000a 0x0 0x3 0x0 0x0 0x1efff8e8890 0x990002 0x0 0xa20002 0xd71 0xa50007 0xd71 0xe8 0x0 0xaa0004 0x0 0x0 0x0 0x0 0x0 0x0 0xad0007 0x0 0x90 0x0 0xb40004 0x0 0x0 0x0 0x0 0x0 0x0 0xb90005 0x0 0x0 0x0 0x0 0x0 0x0 0x0 0x0 0x0 0x0 0x0 0x0 0x0 0x0 0x0 0x0 0x0 0x9 0x4 0x0 0x0 0x0 0x0 oops 6 3 org/apache/parquet/column/Encoding$5 5 org/apache/parquet/column/Encoding$1 26 java/lang/String 63 org/apache/spark/sql/execution/datasources/parquet/VectorizedRleValuesReader 65 org/apache/spark/sql/execution/datasources/parquet/VectorizedPlainValuesReader 77 java/lang/String methods 0
ciMethodData org/apache/parquet/hadoop/ColumnChunkPageReadStore$ColumnChunkPageReader$1 visit (Lorg/apache/parquet/column/page/DataPageV1;)Lorg/apache/parquet/column/page/DataPage; 2 5485 orig 80 0 0 0 0 0 0 0 0 0 0 0 0 250 127 0 0 0 0 0 0 0 0 0 0 0 0 0 0 0 0 0 0 0 0 0 0 0 0 0 0 0 0 0 0 0 0 0 0 0 0 0 0 0 0 0 0 0 0 0 0 0 0 0 0 0 0 0 0 0 0 0 0 0 0 0 0 0 0 0 0 data 363 0x10005 0x0 0x0 0x1f0179f6a80 0xcec 0x0 0x0 0xc0005 0x0 0x0 0x1f0135472a0 0xced 0x0 0x0 0xf0005 0x0 0x0 0x1f013547350 0xcec 0x0 0x0 0x140007 0xced 0x3d8 0x0 0x1e0005 0x0 0x0 0x0 0x0 0x0 0x0 0x210007 0x0 0x380 0x0 0x2c0005 0x0 0x0 0x0 0x0 0x0 0x0 0x330005 0x0 0x0 0x0 0x0 0x0 0x0 0x360007 0x0 0x30 0x0 0x3f0002 0x0 0x4a0007 0x0 0x58 0x0 0x5d0005 0x0 0x0 0x0 0x0 0x0 0x0 0x660005 0x0 0x0 0x0 0x0 0x0 0x0 0x730005 0x0 0x0 0x0 0x0 0x0 0x0 0x770005 0x0 0x0 0x0 0x0 0x0 0x0 0x7a0005 0x0 0x0 0x0 0x0 0x0 0x0 0x8a0005 0x0 0x0 0x0 0x0 0x0 0x0 0x8d0002 0x0 0xa10005 0x0 0x0 0x0 0x0 0x0 0x0 0xa40005 0x0 0x0 0x0 0x0 0x0 0x0 0xb00005 0x0 0x0 0x0 0x0 0x0 0x0 0xb50005 0x0 0x0 0x0 0x0 0x0 0x0 0xc10004 0x0 0x0 0x0 0x0 0x0 0x0 0xc20002 0x0 0xc60003 0x0 0x170 0xd10007 0xced 0xa0 0x0 0xdc0005 0x0 0x0 0x0 0x0 0x0 0x0 0xe60005 0x0 0x0 0x0 0x0 0x0 0x0 0xeb0002 0x0 0xef0002 0xced 0xfd0005 0x0 0x0 0x1f0179f6a80 0xced 0x0 0x0 0x1000005 0x0 0x0 0x1f013547400 0xced 0x0 0x0 0x10d0005 0xced 0x0 0x0 0x0 0x0 0x0 0x1170007 0x0 0x198 0xcec 0x1200005 0x0 0x0 0x1f0179f6a80 0xced 0x0 0x0 0x1240005 0x0 0x0 0x1f0179f6a80 0xced 0x0 0x0 0x1280005 0x0 0x0 0x1f0179f6a80 0xced 0x0 0x0 0x12c0005 0x0 0x0 0x1f0179f6a80 0xced 0x0 0x0 0x1300005 0x0 0x0 0x1f0179f6a80 0xced 0x0 0x0 0x1340005 0x0 0x0 0x1f0179f6a80 0xced 0x0 0x0 0x1370002 0xced 0x13c0003 0xced 0x1f8 0x14a0005 0x0 0x0 0x0 0x0 0x0 0x0 0x1570005 0x0 0x0 0x0 0x0 0x0 0x0 0x15b0005 0x0 0x0 0x0 0x0 0x0 0x0 0x1720005 0x0 0x0 0x0 0x0 0x0 0x0 0x17c0002 0x0 0x1800005 0x0 0x0 0x0 0x0 0x0 0x0 0x1840005 0x0 0x0 0x0 0x0 0x0 0x0 0x1880005 0x0 0x0 0x0 0x0 0x0 0x0 0x18c0005 0x0 0x0 0x0 0x0 0x0 0x0 0x18f0002 0x0 0x1950005 0x0 0x0 0x1f0179f6a80 0xced 0x0 0x0 0x1980005 0xced 0x0 0x0 0x0 0x0 0x0 0x19b0007 0xced 0xc8 0x0 0x1a10005 0x0 0x0 0x0 0x0 0x0 0x0 0x1a40005 0x0 0x0 0x0 0x0 0x0 0x0 0x1a70005 0x0 0x0 0x0 0x0 0x0 0x0 0x1b50002 0x0 0x0 0x0 0x0 0x0 0x0 0x0 0x0 0x0 0x0 0x0 0x0 0x0 0x0 0x0 0x0 0x0 0x0 0x0 0x0 0x0 0x9 0x2 0x0 0x0 oops 12 3 org/apache/parquet/column/page/DataPageV1 10 org/apache/parquet/HadoopReadOptions 17 org/apache/parquet/bytes/HeapByteBufferAllocator 169 org/apache/parquet/column/page/DataPageV1 176 org/apache/parquet/hadoop/CodecFactory$HeapBytesDecompressor 194 org/apache/parquet/column/page/DataPageV1 201 org/apache/parquet/column/page/DataPageV1 208 org/apache/parquet/column/page/DataPageV1 215 org/apache/parquet/column/page/DataPageV1 222 org/apache/parquet/column/page/DataPageV1 229 org/apache/parquet/column/page/DataPageV1 301 org/apache/parquet/column/page/DataPageV1 methods 0
ciMethod org/apache/spark/sql/execution/datasources/parquet/ParquetVectorUpdaterFactory$DoubleUpdater <init> ()V 644 0 4788 0 -1
ciMethod org/apache/parquet/format/BlockCipher$Decryptor decrypt ([B[B)[B 0 0 1 0 -1
ciMethod org/apache/parquet/format/BlockCipher$Decryptor decrypt (Ljava/nio/ByteBuffer;[B)Ljava/nio/ByteBuffer; 0 0 1 0 -1
compile org/apache/spark/sql/execution/datasources/parquet/VectorizedColumnReader readBatch (ILorg/apache/spark/sql/execution/vectorized/WritableColumnVector;Lorg/apache/spark/sql/execution/vectorized/WritableColumnVector;Lorg/apache/spark/sql/execution/vectorized/WritableColumnVector;)V -1 4 inline 274 0 -1 org/apache/spark/sql/execution/datasources/parquet/VectorizedColumnReader readBatch (ILorg/apache/spark/sql/execution/vectorized/WritableColumnVector;Lorg/apache/spark/sql/execution/vectorized/WritableColumnVector;Lorg/apache/spark/sql/execution/vectorized/WritableColumnVector;)V 1 12 org/apache/spark/sql/vectorized/ColumnVector dataType ()Lorg/apache/spark/sql/types/DataType; 1 29 org/apache/spark/sql/execution/vectorized/WritableColumnVector reserveDictionaryIds (I)Lorg/apache/spark/sql/execution/vectorized/WritableColumnVector; 2 13 org/apache/spark/sql/execution/vectorized/OnHeapColumnVector reserveNewColumn (ILorg/apache/spark/sql/types/DataType;)Lorg/apache/spark/sql/execution/vectorized/WritableColumnVector; 3 3 org/apache/spark/sql/execution/vectorized/OnHeapColumnVector reserveNewColumn (ILorg/apache/spark/sql/types/DataType;)Lorg/apache/spark/sql/execution/vectorized/OnHeapColumnVector; 4 6 org/apache/spark/sql/execution/vectorized/OnHeapColumnVector <init> (ILorg/apache/spark/sql/types/DataType;)V 5 12 org/apache/spark/sql/execution/vectorized/WritableColumnVector reset ()V 6 8 org/apache/spark/sql/execution/vectorized/WritableColumnVector isAllNull ()Z 6 44 org/apache/spark/sql/execution/vectorized/WritableColumnVector reset ()V 7 8 org/apache/spark/sql/execution/vectorized/WritableColumnVector isAllNull ()Z 2 26 org/apache/spark/sql/execution/vectorized/WritableColumnVector reset ()V 3 8 org/apache/spark/sql/execution/vectorized/WritableColumnVector isAllNull ()Z 3 44 org/apache/spark/sql/execution/vectorized/WritableColumnVector reset ()V 4 8 org/apache/spark/sql/execution/vectorized/WritableColumnVector isAllNull ()Z 2 34 org/apache/spark/sql/execution/vectorized/WritableColumnVector reserve (I)V 3 47 java/lang/Math min (JJ)J 1 39 org/apache/spark/sql/execution/datasources/parquet/ParquetReadState resetForNewBatch (I)V 1 73 org/apache/spark/sql/execution/datasources/parquet/VectorizedColumnReader readPage ()I 2 4 org/apache/parquet/hadoop/ColumnChunkPageReadStore$ColumnChunkPageReader readPage ()Lorg/apache/parquet/column/page/DataPage; 3 4 java/util/ArrayDeque poll ()Ljava/lang/Object; 4 1 java/util/ArrayDeque pollFirst ()Ljava/lang/Object; 5 12 java/util/ArrayDeque elementAt ([Ljava/lang/Object;I)Ljava/lang/Object; 5 28 java/util/ArrayDeque inc (II)I 3 58 org/apache/parquet/hadoop/ColumnChunkPageReadStore$ColumnChunkPageReader$1 <init> (Lorg/apache/parquet/hadoop/ColumnChunkPageReadStore$ColumnChunkPageReader;I)V 4 11 java/lang/Object <init> ()V 3 61 org/apache/parquet/column/page/DataPageV1 accept (Lorg/apache/parquet/column/page/DataPage$Visitor;)Ljava/lang/Object; 4 2 org/apache/parquet/hadoop/ColumnChunkPageReadStore$ColumnChunkPageReader$1 visit (Lorg/apache/parquet/column/page/DataPageV1;)Ljava/lang/Object; 2 18 org/apache/parquet/column/page/DataPage getFirstRowIndex ()Ljava/util/Optional; 3 9 java/util/Optional empty ()Ljava/util/Optional; 2 22 java/lang/Long valueOf (J)Ljava/lang/Long; 2 25 java/util/Optional orElse (Ljava/lang/Object;)Ljava/lang/Object; 2 31 java/lang/Long longValue ()J 2 43 org/apache/spark/sql/execution/datasources/parquet/VectorizedColumnReader$1 <init> (Lorg/apache/spark/sql/execution/datasources/parquet/VectorizedColumnReader;)V 3 6 java/lang/Object <init> ()V 2 46 org/apache/parquet/column/page/DataPageV1 accept (Lorg/apache/parquet/column/page/DataPage$Visitor;)Ljava/lang/Object; 3 2 org/apache/spark/sql/execution/datasources/parquet/VectorizedColumnReader$1 visit (Lorg/apache/parquet/column/page/DataPageV1;)Ljava/lang/Object; 4 2 org/apache/spark/sql/execution/datasources/parquet/VectorizedColumnReader$1 visit (Lorg/apache/parquet/column/page/DataPageV1;)Ljava/lang/Integer; 5 5 org/apache/spark/sql/execution/datasources/parquet/VectorizedColumnReader readPageV1 (Lorg/apache/parquet/column/page/DataPageV1;)I 6 1 org/apache/parquet/column/page/DataPageV1 getDlEncoding ()Lorg/apache/parquet/column/Encoding; 6 45 org/apache/parquet/column/page/DataPage getValueCount ()I 6 53 org/apache/parquet/column/ColumnDescriptor getMaxRepetitionLevel ()I 6 56 org/apache/parquet/bytes/BytesUtils getWidthFromMaxInt (I)I 6 66 org/apache/spark/sql/execution/datasources/parquet/VectorizedRleValuesReader <init> (I)V 7 1 org/apache/parquet/column/values/ValuesReader <init> ()V 8 1 java/lang/Object <init> ()V 7 37 org/apache/spark/sql/execution/datasources/parquet/VectorizedRleValuesReader init (I)V 8 21 org/apache/spark/network/util/JavaUtils checkArgument (ZLjava/lang/String;[Ljava/lang/Object;)V 8 31 org/apache/parquet/bytes/BytesUtils paddedByteCountFromBits (I)I 8 42 org/apache/parquet/column/values/bitpacking/Packer$2 newBytePacker (I)Lorg/apache/parquet/column/values/bitpacking/BytePacker; 9 4 org/apache/parquet/column/values/bitpacking/ByteBitPackingLE$1 newBytePacker (I)Lorg/apache/parquet/column/values/bitpacking/BytePacker; 6 76 org/apache/parquet/column/ColumnDescriptor getMaxDefinitionLevel ()I 6 79 org/apache/parquet/bytes/BytesUtils getWidthFromMaxInt (I)I 6 91 org/apache/spark/sql/execution/datasources/parquet/VectorizedRleValuesReader <init> (I)V 7 1 org/apache/parquet/column/values/ValuesReader <init> ()V 8 1 java/lang/Object <init> ()V 7 37 org/apache/spark/sql/execution/datasources/parquet/VectorizedRleValuesReader init (I)V 8 21 org/apache/spark/network/util/JavaUtils checkArgument (ZLjava/lang/String;[Ljava/lang/Object;)V 8 31 org/apache/parquet/bytes/BytesUtils paddedByteCountFromBits (I)I 8 42 org/apache/parquet/column/values/bitpacking/Packer$2 newBytePacker (I)Lorg/apache/parquet/column/values/bitpacking/BytePacker; 9 4 org/apache/parquet/column/values/bitpacking/ByteBitPackingLE$1 newBytePacker (I)Lorg/apache/parquet/column/values/bitpacking/BytePacker; 6 98 org/apache/parquet/column/page/DataPageV1 getBytes ()Lorg/apache/parquet/bytes/BytesInput; 6 105 org/apache/parquet/bytes/BytesInput toInputStream ()Lorg/apache/parquet/bytes/ByteBufferInputStream; 7 7 org/apache/parquet/bytes/BytesInput toByteBuffer ()Ljava/nio/ByteBuffer; 8 1 org/apache/parquet/bytes/BytesInput$StreamBytesInput toByteArray ()[B 9 9 java/lang/Integer valueOf (I)Ljava/lang/Integer; 10 28 java/lang/Integer <init> (I)V 11 1 java/lang/Number <init> ()V 12 1 java/lang/Object <init> ()V 9 12 org/apache/logging/slf4j/Log4jLogger debug (Ljava/lang/String;Ljava/lang/Object;)V 10 13 org/apache/logging/log4j/spi/AbstractLogger logIfEnabled (Ljava/lang/String;Lorg/apache/logging/log4j/Level;Lorg/apache/logging/log4j/Marker;Ljava/lang/String;Ljava/lang/Object;)V 11 7 org/apache/logging/log4j/core/Logger isEnabled (Lorg/apache/logging/log4j/Level;Lorg/apache/logging/log4j/Marker;Ljava/lang/String;Ljava/lang/Object;)Z 12 9 org/apache/logging/log4j/core/Logger$PrivateConfig filter (Lorg/apache/logging/log4j/Level;Lorg/apache/logging/log4j/Marker;Ljava/lang/String;Ljava/lang/Object;)Z 13 4 org/apache/logging/log4j/core/filter/AbstractFilterable getFilter ()Lorg/apache/logging/log4j/core/Filter; 13 65 org/apache/logging/log4j/Level intLevel ()I 9 32 java/io/DataInputStream <init> (Ljava/io/InputStream;)V 10 2 java/io/FilterInputStream <init> (Ljava/io/InputStream;)V 11 1 java/io/InputStream <init> ()V 12 1 java/lang/Object <init> ()V 9 36 java/io/DataInputStream readFully ([B)V 10 5 java/io/DataInputStream readFully ([BII)V 11 4 java/util/Objects checkFromIndexSize (III)I 12 4 jdk/internal/util/Preconditions checkFromIndexSize (IIILjava/util/function/BiFunction;)I 8 4 java/nio/ByteBuffer wrap ([B)Ljava/nio/ByteBuffer; 9 4 java/nio/ByteBuffer wrap ([BII)Ljava/nio/ByteBuffer; 10 8 java/nio/HeapByteBuffer <init> ([BIILjdk/internal/access/foreign/MemorySegmentProxy;)V 11 12 java/nio/ByteBuffer <init> (IIII[BILjdk/internal/access/foreign/MemorySegmentProxy;)V 12 8 java/nio/Buffer <init> (IIIILjdk/internal/access/foreign/MemorySegmentProxy;)V 13 1 java/lang/Object <init> ()V 13 39 java/nio/ByteBuffer limit (I)Ljava/nio/Buffer; 14 2 java/nio/ByteBuffer limit (I)Ljava/nio/ByteBuffer; 15 2 java/nio/Buffer limit (I)Ljava/nio/Buffer; 13 45 java/nio/ByteBuffer position (I)Ljava/nio/Buffer; 14 2 java/nio/ByteBuffer position (I)Ljava/nio/ByteBuffer; 15 2 java/nio/Buffer position (I)Ljava/nio/Buffer; 12 17 java/nio/ByteOrder nativeOrder ()Ljava/nio/ByteOrder; 7 11 org/apache/parquet/bytes/ByteBufferInputStream wrap ([Ljava/nio/ByteBuffer;)Lorg/apache/parquet/bytes/ByteBufferInputStream; 8 13 org/apache/parquet/bytes/SingleBufferInputStream <init> (Ljava/nio/ByteBuffer;)V 9 1 org/apache/parquet/bytes/ByteBufferInputStream <init> ()V 10 1 java/io/InputStream <init> ()V 11 1 java/lang/Object <init> ()V 9 11 java/nio/HeapByteBuffer duplicate ()Ljava/nio/ByteBuffer; 10 9 java/nio/Buffer markValue ()I 10 13 java/nio/Buffer position ()I 10 17 java/nio/Buffer limit ()I 10 21 java/nio/Buffer capacity ()I 10 32 java/nio/HeapByteBuffer <init> ([BIIIIILjdk/internal/access/foreign/MemorySegmentProxy;)V 11 12 java/nio/ByteBuffer <init> (IIII[BILjdk/internal/access/foreign/MemorySegmentProxy;)V 12 8 java/nio/Buffer <init> (IIIILjdk/internal/access/foreign/MemorySegmentProxy;)V 13 1 java/lang/Object <init> ()V 13 39 java/nio/ByteBuffer limit (I)Ljava/nio/Buffer; 14 2 java/nio/ByteBuffer limit (I)Ljava/nio/ByteBuffer; 15 2 java/nio/Buffer limit (I)Ljava/nio/Buffer; 13 45 java/nio/ByteBuffer position (I)Ljava/nio/Buffer; 14 2 java/nio/ByteBuffer position (I)Ljava/nio/ByteBuffer; 15 2 java/nio/Buffer position (I)Ljava/nio/Buffer; 12 17 java/nio/ByteOrder nativeOrder ()Ljava/nio/ByteOrder; 9 19 java/nio/Buffer position ()I 6 117 org/apache/spark/sql/execution/datasources/parquet/VectorizedRleValuesReader initFromPage (ILorg/apache/parquet/bytes/ByteBufferInputStream;)V 7 20 org/apache/spark/sql/execution/datasources/parquet/VectorizedRleValuesReader readIntLittleEndian ()I 7 28 org/apache/parquet/bytes/ByteBufferInputStream sliceStream (J)Lorg/apache/parquet/bytes/ByteBufferInputStream; 8 2 org/apache/parquet/bytes/SingleBufferInputStream sliceBuffers (J)Ljava/util/List; 9 15 java/nio/Buffer remaining ()I 9 34 org/apache/parquet/bytes/SingleBufferInputStream slice (I)Ljava/nio/ByteBuffer; 10 4 java/nio/Buffer remaining ()I 10 23 java/nio/HeapByteBuffer duplicate ()Ljava/nio/ByteBuffer; 11 9 java/nio/Buffer markValue ()I 11 13 java/nio/Buffer position ()I 11 17 java/nio/Buffer limit ()I 11 21 java/nio/Buffer capacity ()I 11 32 java/nio/HeapByteBuffer <init> ([BIIIIILjdk/internal/access/foreign/MemorySegmentProxy;)V 12 12 java/nio/ByteBuffer <init> (IIII[BILjdk/internal/access/foreign/MemorySegmentProxy;)V 13 8 java/nio/Buffer <init> (IIIILjdk/internal/access/foreign/MemorySegmentProxy;)V 14 1 java/lang/Object <init> ()V 14 39 java/nio/ByteBuffer limit (I)Ljava/nio/Buffer; 15 2 java/nio/ByteBuffer limit (I)Ljava/nio/ByteBuffer; 16 2 java/nio/Buffer limit (I)Ljava/nio/Buffer; 14 45 java/nio/ByteBuffer position (I)Ljava/nio/Buffer; 15 2 java/nio/ByteBuffer position (I)Ljava/nio/ByteBuffer; 16 2 java/nio/Buffer position (I)Ljava/nio/Buffer; 13 17 java/nio/ByteOrder nativeOrder ()Ljava/nio/ByteOrder; 10 29 java/nio/Buffer position ()I 10 34 java/nio/ByteBuffer limit (I)Ljava/nio/ByteBuffer; 11 2 java/nio/Buffer limit (I)Ljava/nio/Buffer; 10 46 java/nio/Buffer position ()I 10 51 java/nio/ByteBuffer position (I)Ljava/nio/ByteBuffer; 11 2 java/nio/Buffer position (I)Ljava/nio/Buffer; 9 37 java/util/Collections singletonList (Ljava/lang/Object;)Ljava/util/List; 10 5 java/util/Collections$SingletonList <init> (Ljava/lang/Object;)V 11 1 java/util/AbstractList <init> ()V 12 1 java/util/AbstractCollection <init> ()V 13 1 java/lang/Object <init> ()V 8 5 org/apache/parquet/bytes/ByteBufferInputStream wrap (Ljava/util/List;)Lorg/apache/parquet/bytes/ByteBufferInputStream; 9 1 java/util/Collections$SingletonList size ()I 9 1 java/util/ArrayList size ()I 9 16 java/util/Collections$SingletonList get (I)Ljava/lang/Object; 9 16 java/util/ArrayList get (I)Ljava/lang/Object; 10 5 java/util/Objects checkIndex (II)I 10 11 java/util/ArrayList elementData (I)Ljava/lang/Object; 9 24 org/apache/parquet/bytes/SingleBufferInputStream <init> (Ljava/nio/ByteBuffer;)V 10 1 org/apache/parquet/bytes/ByteBufferInputStream <init> ()V 11 1 java/io/InputStream <init> ()V 12 1 java/lang/Object <init> ()V 10 11 java/nio/HeapByteBuffer duplicate ()Ljava/nio/ByteBuffer; 11 9 java/nio/Buffer markValue ()I 11 13 java/nio/Buffer position ()I 11 17 java/nio/Buffer limit ()I 11 21 java/nio/Buffer capacity ()I 11 32 java/nio/HeapByteBuffer <init> ([BIIIIILjdk/internal/access/foreign/MemorySegmentProxy;)V 12 12 java/nio/ByteBuffer <init> (IIII[BILjdk/internal/access/foreign/MemorySegmentProxy;)V 13 8 java/nio/Buffer <init> (IIIILjdk/internal/access/foreign/MemorySegmentProxy;)V 14 1 java/lang/Object <init> ()V 14 39 java/nio/ByteBuffer limit (I)Ljava/nio/Buffer; 15 2 java/nio/ByteBuffer limit (I)Ljava/nio/ByteBuffer; 16 2 java/nio/Buffer limit (I)Ljava/nio/Buffer; 14 45 java/nio/ByteBuffer position (I)Ljava/nio/Buffer; 15 2 java/nio/ByteBuffer position (I)Ljava/nio/ByteBuffer; 16 2 java/nio/Buffer position (I)Ljava/nio/Buffer; 13 17 java/nio/ByteOrder nativeOrder ()Ljava/nio/ByteOrder; 10 19 java/nio/Buffer position ()I 7 38 org/apache/parquet/bytes/SingleBufferInputStream available ()I 8 4 java/nio/Buffer remaining ()I 7 46 org/apache/parquet/bytes/SingleBufferInputStream read ()I 8 4 java/nio/Buffer hasRemaining ()Z 8 22 java/nio/HeapByteBuffer get ()B 9 6 java/nio/Buffer nextGetIndex ()I 9 9 java/nio/HeapByteBuffer ix (I)I 7 49 org/apache/spark/sql/execution/datasources/parquet/VectorizedRleValuesReader init (I)V 8 21 org/apache/spark/network/util/JavaUtils checkArgument (ZLjava/lang/String;[Ljava/lang/Object;)V 8 31 org/apache/parquet/bytes/BytesUtils paddedByteCountFromBits (I)I 8 42 org/apache/parquet/column/values/bitpacking/Packer$2 newBytePacker (I)Lorg/apache/parquet/column/values/bitpacking/BytePacker; 9 4 org/apache/parquet/column/values/bitpacking/ByteBitPackingLE$1 newBytePacker (I)Lorg/apache/parquet/column/values/bitpacking/BytePacker; 6 127 org/apache/spark/sql/execution/datasources/parquet/VectorizedRleValuesReader initFromPage (ILorg/apache/parquet/bytes/ByteBufferInputStream;)V 7 20 org/apache/spark/sql/execution/datasources/parquet/VectorizedRleValuesReader readIntLittleEndian ()I 7 28 org/apache/parquet/bytes/ByteBufferInputStream sliceStream (J)Lorg/apache/parquet/bytes/ByteBufferInputStream; 8 2 org/apache/parquet/bytes/SingleBufferInputStream sliceBuffers (J)Ljava/util/List; 9 15 java/nio/Buffer remaining ()I 9 34 org/apache/parquet/bytes/SingleBufferInputStream slice (I)Ljava/nio/ByteBuffer; 10 4 java/nio/Buffer remaining ()I 10 23 java/nio/HeapByteBuffer duplicate ()Ljava/nio/ByteBuffer; 11 9 java/nio/Buffer markValue ()I 11 13 java/nio/Buffer position ()I 11 17 java/nio/Buffer limit ()I 11 21 java/nio/Buffer capacity ()I 11 32 java/nio/HeapByteBuffer <init> ([BIIIIILjdk/internal/access/foreign/MemorySegmentProxy;)V 12 12 java/nio/ByteBuffer <init> (IIII[BILjdk/internal/access/foreign/MemorySegmentProxy;)V 13 8 java/nio/Buffer <init> (IIIILjdk/internal/access/foreign/MemorySegmentProxy;)V 14 1 java/lang/Object <init> ()V 14 39 java/nio/ByteBuffer limit (I)Ljava/nio/Buffer; 15 2 java/nio/ByteBuffer limit (I)Ljava/nio/ByteBuffer; 16 2 java/nio/Buffer limit (I)Ljava/nio/Buffer; 14 45 java/nio/ByteBuffer position (I)Ljava/nio/Buffer; 15 2 java/nio/ByteBuffer position (I)Ljava/nio/ByteBuffer; 16 2 java/nio/Buffer position (I)Ljava/nio/Buffer; 13 17 java/nio/ByteOrder nativeOrder ()Ljava/nio/ByteOrder; 10 29 java/nio/Buffer position ()I 10 34 java/nio/ByteBuffer limit (I)Ljava/nio/ByteBuffer; 11 2 java/nio/Buffer limit (I)Ljava/nio/Buffer; 10 46 java/nio/Buffer position ()I 10 51 java/nio/ByteBuffer position (I)Ljava/nio/ByteBuffer; 11 2 java/nio/Buffer position (I)Ljava/nio/Buffer; 9 37 java/util/Collections singletonList (Ljava/lang/Object;)Ljava/util/List; 10 5 java/util/Collections$SingletonList <init> (Ljava/lang/Object;)V 11 1 java/util/AbstractList <init> ()V 12 1 java/util/AbstractCollection <init> ()V 13 1 java/lang/Object <init> ()V 8 5 org/apache/parquet/bytes/ByteBufferInputStream wrap (Ljava/util/List;)Lorg/apache/parquet/bytes/ByteBufferInputStream; 9 1 java/util/Collections$SingletonList size ()I 9 1 java/util/ArrayList size ()I 9 16 java/util/Collections$SingletonList get (I)Ljava/lang/Object; 9 16 java/util/ArrayList get (I)Ljava/lang/Object; 10 5 java/util/Objects checkIndex (II)I 10 11 java/util/ArrayList elementData (I)Ljava/lang/Object; 9 24 org/apache/parquet/bytes/SingleBufferInputStream <init> (Ljava/nio/ByteBuffer;)V 10 1 org/apache/parquet/bytes/ByteBufferInputStream <init> ()V 11 1 java/io/InputStream <init> ()V 12 1 java/lang/Object <init> ()V 10 11 java/nio/HeapByteBuffer duplicate ()Ljava/nio/ByteBuffer; 11 9 java/nio/Buffer markValue ()I 11 13 java/nio/Buffer position ()I 11 17 java/nio/Buffer limit ()I 11 21 java/nio/Buffer capacity ()I 11 32 java/nio/HeapByteBuffer <init> ([BIIIIILjdk/internal/access/foreign/MemorySegmentProxy;)V 12 12 java/nio/ByteBuffer <init> (IIII[BILjdk/internal/access/foreign/MemorySegmentProxy;)V 13 8 java/nio/Buffer <init> (IIIILjdk/internal/access/foreign/MemorySegmentProxy;)V 14 1 java/lang/Object <init> ()V 14 39 java/nio/ByteBuffer limit (I)Ljava/nio/Buffer; 15 2 java/nio/ByteBuffer limit (I)Ljava/nio/ByteBuffer; 16 2 java/nio/Buffer limit (I)Ljava/nio/Buffer; 14 45 java/nio/ByteBuffer position (I)Ljava/nio/Buffer; 15 2 java/nio/ByteBuffer position (I)Ljava/nio/ByteBuffer; 16 2 java/nio/Buffer position (I)Ljava/nio/Buffer; 13 17 java/nio/ByteOrder nativeOrder ()Ljava/nio/ByteOrder; 10 19 java/nio/Buffer position ()I 7 38 org/apache/parquet/bytes/SingleBufferInputStream available ()I 8 4 java/nio/Buffer remaining ()I 7 46 org/apache/parquet/bytes/SingleBufferInputStream read ()I 8 4 java/nio/Buffer hasRemaining ()Z 8 22 java/nio/HeapByteBuffer get ()B 9 6 java/nio/Buffer nextGetIndex ()I 9 9 java/nio/HeapByteBuffer ix (I)I 7 49 org/apache/spark/sql/execution/datasources/parquet/VectorizedRleValuesReader init (I)V 8 21 org/apache/spark/network/util/JavaUtils checkArgument (ZLjava/lang/String;[Ljava/lang/Object;)V 8 31 org/apache/parquet/bytes/BytesUtils paddedByteCountFromBits (I)I 8 42 org/apache/parquet/column/values/bitpacking/Packer$2 newBytePacker (I)Lorg/apache/parquet/column/values/bitpacking/BytePacker; 9 4 org/apache/parquet/column/values/bitpacking/ByteBitPackingLE$1 newBytePacker (I)Lorg/apache/parquet/column/values/bitpacking/BytePacker; 6 133 org/apache/parquet/column/page/DataPageV1 getValueEncoding ()Lorg/apache/parquet/column/Encoding; 2 52 java/lang/Integer intValue ()I 1 103 org/apache/parquet/column/ColumnDescriptor getPrimitiveType ()Lorg/apache/parquet/schema/PrimitiveType; 1 106 org/apache/parquet/schema/PrimitiveType getPrimitiveTypeName ()Lorg/apache/parquet/schema/PrimitiveType$PrimitiveTypeName; 1 221 org/apache/spark/sql/vectorized/ColumnVector dataType ()Lorg/apache/spark/sql/types/DataType; 1 234 org/apache/parquet/column/ColumnDescriptor getPrimitiveType ()Lorg/apache/parquet/schema/PrimitiveType; 1 241 org/apache/parquet/schema/Type getLogicalTypeAnnotation ()Lorg/apache/parquet/schema/LogicalTypeAnnotation; 1 348 org/apache/spark/sql/execution/vectorized/WritableColumnVector setDictionary (Lorg/apache/spark/sql/execution/vectorized/Dictionary;)V 1 424 org/apache/spark/sql/execution/vectorized/WritableColumnVector setDictionary (Lorg/apache/spark/sql/execution/vectorized/Dictionary;)V
